Name,Release Date,Rating,Genre(s),Platform(s),Theme(s),Keyword(s),Developer(s),Player Perspective,Game Mode(s)
Burdenfall,2027-12-31,,"Strategy, Indie, Card & Board Game",PC (Microsoft Windows),Fantasy,"roguelike, deck-building, roguelike deckbuilder",Leftovers Games,Side view,Single player
Eternity,2027-12-31,,"Real Time Strategy (RTS), Simulator, Strategy, Indie",PC (Microsoft Windows),"Science fiction, Survival, 4X (explore, expand, exploit, and exterminate)","space simulation, exploration, space mining, dark, roguelike, procedural generation, resource management, space exploration, base building, economy, city builder, resource gathering, macromanagement, automation, survival management, colony simulator, political simulation, moddable",Ground Control Studios,Bird view / Isometric,Single player
Neko's Rage,2027-12-31,,"Platform, Indie",PC (Microsoft Windows),Action,"2d platformer, roguelite",,Side view,Single player
Heroes of Anirea,2027-06-30,,"Role-playing (RPG), Strategy, Turn-based strategy (TBS), Tactical, Indie",PC (Microsoft Windows),Fantasy,"tactical turn-based combat, roguelite, turn-based rpg, roguelike deckbuilder",Crossbros Games,Bird view / Isometric,Single player
Zeroth,2027-03-31,,"Platform, Role-playing (RPG), Adventure, Indie",PC (Microsoft Windows),"Action, Comedy, Sandbox","roguelike, traditional roguelike, roguelike platform, action roguelike",Contrary Games,Side view,"Single player, Split screen"
Ophelia´s Paradise,2026-12-31,,"Hack and slash/Beat 'em up, Indie","Linux, Android, PC (Microsoft Windows), Mac","Action, Fantasy, Survival","bullet hell, arena shooter, roguelite, bullet heaven, action roguelike",,Bird view / Isometric,Single player
Panema,2026-12-31,,"Strategy, Indie",PC (Microsoft Windows),,"casual, roguelike, roguelite",RelampaguM,Bird view / Isometric,Single player
Ritterschlag,2026-12-31,,"Fighting, Role-playing (RPG), Strategy, Indie",PC (Microsoft Windows),"Historical, Warfare","medieval, roguelite, combat simulator, autobattler",Three River Games,"Third person, Bird view / Isometric, Side view",Single player
Banneret,2026-12-31,,"Role-playing (RPG), Strategy, Indie",PC (Microsoft Windows),Fantasy,"roguelike, deck-building, auto battler",Rymdfall,Bird view / Isometric,Single player
Infinitory,2026-12-31,,"Simulator, Strategy, Indie","Linux, PC (Microsoft Windows)",Survival,"tower defense, automation, roguelite, factory",,Bird view / Isometric,Single player
Atrum,2026-12-31,,"Role-playing (RPG), Indie",PC (Microsoft Windows),"Action, Fantasy","roguelike, spellcaster",Duskwake Games,Third person,Single player
CrackSword,2026-12-31,,"Fighting, Adventure, Indie",PC (Microsoft Windows),"Action, Fantasy","swordplay, surreal, hand-drawn, duel, roguelite, sword fight",SalmonellaSalami,Side view,"Single player, Multiplayer, Split screen"
Alchemia Rogue: Mia and the Mystery Labyrinth,2026-12-31,,"Role-playing (RPG), Indie",PC (Microsoft Windows),Fantasy,"roguelike, female protagonist, alchemy",Limeleaf Games,Bird view / Isometric,Single player
Castle Away,2026-12-31,,"Role-playing (RPG), Strategy, Indie",PC (Microsoft Windows),Fantasy,"medieval, 2d, crafting, demons, indiegogo, pve, base building, hand-drawn, colorful, roguelite, deckbuilder, autobattler, loot",,"Bird view / Isometric, Side view",Single player
The Internal,2026-12-31,,"Role-playing (RPG), Indie",PC (Microsoft Windows),Action,roguelike,StudioPlayer3,Third person,Single player
Tokens,2026-12-31,,"Puzzle, Strategy, Tactical, Indie, Card & Board Game",PC (Microsoft Windows),"Fantasy, Non-fiction, Mystery","collecting, card based combat, card collection, roguelite, roguelike deckbuilder, deckbuilder, deck building",Atelier QDB,Bird view / Isometric,Single player
Grim Path,2026-12-31,,"Role-playing (RPG), Strategy, Indie, Card & Board Game",PC (Microsoft Windows),Fantasy,roguelike,Zabbo Games,,Single player
Soul Card Duel,2026-12-31,,"Strategy, Tactical, Indie, Card & Board Game","PC (Microsoft Windows), Mac",Fantasy,"roguelite, nextfest february 2026, deck building",Andoryu Learu,Bird view / Isometric,Single player
Tileweaver,2026-12-31,,"Puzzle, Strategy, Adventure, Indie",PC (Microsoft Windows),Fantasy,"roguelike, nextfest february 2026",,,Single player
Gunclone Arena,2026-12-31,,"Shooter, Indie","Linux, PC (Microsoft Windows), Mac","Action, Science fiction, Survival","roguelite, looter shooter, ai-generated artwork, weapons, action roguelike, loot, horde survival",Off North Games,Bird view / Isometric,Single player
Land of the Dead Trees,2026-12-31,,"Role-playing (RPG), Indie",PC (Microsoft Windows),"Action, Fantasy",roguelike,Red Core Interactive,Third person,Single player
The Whispering Bones,2026-12-31,,"Simulator, Strategy, Indie",PC (Microsoft Windows),Horror,"psychological horror, roguelike, dice",,,Single player
Plinkomancy,2026-12-31,,"Strategy, Indie, Arcade",PC (Microsoft Windows),,"roguelike, gambling, roguelite, roguelike deckbuilder, deckbuilder, gambling simulation",Fazerdoo's studio,First person,Single player
Isekai HKV,2026-12-31,,"Simulator, Strategy, Adventure, Indie",PC (Microsoft Windows),Action,"anime, 2d, roguelike, survival mode, gacha system, roguelite, vtuber, survival shooter, top-down",Deep Frame Studio,Bird view / Isometric,Single player
Shadowstone,2026-12-31,,Strategy,PC (Microsoft Windows),,roguelite,"Secret Door, Dreamhaven",Bird view / Isometric,"Single player, Multiplayer, Co-operative"
Cardoom,2026-12-31,,"Strategy, Card & Board Game",PC (Microsoft Windows),,"roguelike, turn-based tactics, deck-building",,Bird view / Isometric,Single player
CaraVanguard,2026-12-31,,Role-playing (RPG),PC (Microsoft Windows),"Action, Fantasy",roguelite,Backpack Studios,Bird view / Isometric,"Single player, Multiplayer, Co-operative"
The Curator,2026-12-31,,Indie,PC (Microsoft Windows),Business,"management, roguelite",dogandemir,,Single player
Waterpunk: Through the Rust,2026-12-31,,"Shooter, Adventure, Indie",PC (Microsoft Windows),Action,"post-apocalyptic, roguelike, pixel art, pixel graphics, roguelite, nextfest february 2026",R_Games,Bird view / Isometric,Single player
Wish Of Hers,2026-12-31,,"Adventure, Indie","Linux, PC (Microsoft Windows), Mac","Action, Fantasy","roguelike, dream world, danmaku, 25d",Crystalcrown Studios,Bird view / Isometric,Single player
I'm No Demonlord,2026-12-31,,"Role-playing (RPG), Adventure, Indie","Linux, PC (Microsoft Windows), Mac","Action, Fantasy","roguelike, bullet hell, bullet heaven, nextfest february 2026","Edigger, NiaoWu Studio",Bird view / Isometric,"Single player, Multiplayer, Co-operative, Split screen"
Remnants of Sin: Deck & Puzzle,2026-12-31,,Indie,PC (Microsoft Windows),Fantasy,"roguelike, deck-building",,,Single player
Tactris,2026-12-31,,"Strategy, Indie",PC (Microsoft Windows),Fantasy,"roguelike, breakout, tetris, puyo puyo, nextfest february 2026",No Fowl,Bird view / Isometric,Single player
The Other Order,2026-12-31,,Indie,"PC (Microsoft Windows), Mac",,"roguelike, surreal",,,Single player
Skyward Bastion,2026-12-31,,"Strategy, Tactical, Indie",PC (Microsoft Windows),Fantasy,"tower defense, procedural generation, day/night cycle, roguelite",Shenkrad,Bird view / Isometric,Single player
Biovoid,2026-12-31,,"Simulator, Strategy",PC (Microsoft Windows),,roguelike,Dzedou,Bird view / Isometric,Single player
Some of You May Die,2026-12-31,,Strategy,PC (Microsoft Windows),Fantasy,"roguelike, pixel art, pixel graphics, auto battler, nextfest february 2026",Octavia Blue,Bird view / Isometric,"Single player, Multiplayer"
Pass the Fear,2026-12-31,,"Shooter, Role-playing (RPG), Strategy, Adventure, Indie",PC (Microsoft Windows),Action,"bullet hell, roguelite, nextfest february 2026","PlayMud Studio, Paras Games",Bird view / Isometric,"Single player, Multiplayer, Co-operative"
Orium,2026-12-31,,"Strategy, Indie",PC (Microsoft Windows),"Action, Science fiction, 4X (explore, expand, exploit, and exterminate)","exploration, roguelike, procedural generation, space, capitalism, roguelite, autobattler",oStairs,Bird view / Isometric,Single player
Cardaver,2026-12-31,,"Strategy, Adventure, Card & Board Game",PC (Microsoft Windows),"Action, Fantasy","tower defense, roguelike, roguelike deckbuilder, deckbuilder","2 Left Thumbs, Stepford, BlightedHelix",,Single player
Paccarat,2026-12-31,,"Strategy, Turn-based strategy (TBS), Indie",PC (Microsoft Windows),,"roguelike, roguelike deckbuilder, deckbuilder",,Bird view / Isometric,Single player
Strigoi Town,2026-12-31,,"Strategy, Indie, Card & Board Game",PC (Microsoft Windows),,"roguelike, steam achievements, steam cloud, roguelike deckbuilder, deckbuilder, card battler, playable without timed input, mouse only option, custom volume controls",Seto Itchy,,Single player
Verdge,2026-12-31,,"Platform, Indie",PC (Microsoft Windows),Action,"parkour, roguelike, 3d platformer, speedrun, first-person platforming, nextfest february 2026, megastructure","Please, Let Me Cook!",First person,Single player
Bingo Betty,2026-12-31,,"Puzzle, Strategy, Indie","PC (Microsoft Windows), Mac",Comedy,"gambling, roguelite, roguelike deckbuilder, bingo",Elias Austin Games,,"Single player, Multiplayer"
Eternity Breaker,2026-12-31,,"Role-playing (RPG), Simulator, Strategy, Indie",PC (Microsoft Windows),Fantasy,"roguelike, 2.5d, pixel art, pixel graphics, tactical rpg ( trpg ), controller support","SECRET CHARACTER, Linias",,Single player
Warhammer Survivors,2026-12-31,,"Role-playing (RPG), Indie","Xbox Series X|S, Nintendo Switch 2, PC (Microsoft Windows), PlayStation 5, Nintendo Switch",Action,"roguelike, bullet hell, roguelite, action roguelike",Auroch Digital,Bird view / Isometric,Single player
Pro Jank Footy,2026-12-31,,"Sport, Arcade","Xbox Series X|S, Nintendo Switch 2, PC (Microsoft Windows), PlayStation 5","Action, Comedy","retro, deliberately retro, roguelite, australian football, nextfest february 2026","Powerbomb Games, Tinker Town, Umbrella Gaming",Bird view / Isometric,"Single player, Multiplayer, Split screen"
Through Hell and Back,2026-12-31,,"Role-playing (RPG), Strategy, Card & Board Game",PC (Microsoft Windows),Fantasy,"roguelike, roguelike deckbuilder, deckbuilder",Ustu Games,,Single player
Odds Chronicles,2026-12-31,,"Role-playing (RPG), Strategy, Tactical, Adventure, Indie",PC (Microsoft Windows),Fantasy,"turn-based, tabletop, dice, steam achievements, steam cloud, roguelite","Team Mojo Games, eSolu Games",Bird view / Isometric,Single player
Hardkill System,2026-12-31,,"Shooter, Tactical, Indie",PC (Microsoft Windows),"Action, Science fiction, Warfare","post-apocalyptic, futuristic warfare, mech, dark, 3d, physics, military, procedural generation, futuristic, mission based, real-time, apocalypse, artificial intelligence, upgrade, atmospheric, combat, procedurally generated, scavenging, customization, gun, vehicle customization, resistance, real-time combat, laser, missile launcher, apocalyptic, roguelite, action combat, realtime 3d, customize, extraction, bombs, weapons, cannon, extraction shooter, top-down, upgrades, physics-based, shotgun, flame thrower, rocket",Yevhen Bodrenko,Bird view / Isometric,Single player
Lootbane,2026-12-31,,"Role-playing (RPG), Adventure, Indie","Linux, PC (Microsoft Windows)","Action, Fantasy","pixel art, pixel graphics, roguelite, auto battler, nextfest february 2026",Milo Panta,Bird view / Isometric,Single player
Unshine Arcade,2026-12-31,,"Shooter, Adventure, Indie, Arcade",PC (Microsoft Windows),"Action, Horror, Stealth","dark, roguelike, pixel graphics, dungeon crawler, story rich, action roguelike",Mardt,"First person, Bird view / Isometric",Single player
Space Cat Solitaire,2026-12-31,,"Puzzle, Indie, Card & Board Game","PC (Microsoft Windows), Mac",Science fiction,"roguelike, solitaire, cat",,Bird view / Isometric,Single player
Crimson Rest,2026-12-31,,"Role-playing (RPG), Adventure, Indie","Linux, PC (Microsoft Windows), Mac","Action, Fantasy","retro, vampire, dark fantasy, dracula, dungeon crawler, xbox controller support for pc, deliberately retro, roguelite, dracula's castle",Red Llama Games,First person,Single player
No Tithe for Olaf,2026-12-31,,"Strategy, Indie",PC (Microsoft Windows),"Historical, Comedy","tower defense, roguelite",Ancient Well Entertainment,Third person,Single player
Cards of the Abyss,2026-12-31,,"Strategy, Turn-based strategy (TBS), Tactical, Indie, Card & Board Game","Linux, PC (Microsoft Windows), Mac",Fantasy,"assassin, medieval, turn-based, roguelike, tactical turn-based combat, card collection, roguelite, indie developer, roguelike deckbuilder, deckbuilder, cards, french",Cube Overflow,Bird view / Isometric,Single player
Rotten Survivor,2026-12-31,,"Shooter, Indie",PC (Microsoft Windows),"Action, Survival","zombies, roguelike, horde survival",,Bird view / Isometric,Single player
Project Kepler: Delivery Included!,2026-12-31,,"Real Time Strategy (RTS), Strategy, Tactical",PC (Microsoft Windows),"Action, Science fiction, Survival","tower defense, 2d, roguelike, procedural generation, resource management, bullet hell, futuristic, simulation, pve, base management, pixel graphics, base building, single-player only, automation, robot, survival shooter, top-down",,Bird view / Isometric,Single player
Clerks & Quirks,2026-12-31,,"Simulator, Strategy, Indie",PC (Microsoft Windows),"Action, Business, Party","3d, roguelike, cooking, management, business simulation, store management, shared screen, controller recommendation, 4 player co-op, automation, controller support, teamwork, roguelite, play with friends, playable without timed input, keyboard only option",Altkey Games,Bird view / Isometric,"Single player, Multiplayer, Co-operative, Split screen"
"Your Judgment, Inquisitor",2026-12-31,,"Role-playing (RPG), Simulator, Indie",PC (Microsoft Windows),,"medieval, demons, multiple endings, pixel graphics, choices matter, steam cloud, exorcism, roguelite, spain, adjustable text size, playable without timed input",,,Single player
DDoD,2026-12-31,,"Shooter, Adventure",PC (Microsoft Windows),Action,"roguelike, action roguelike",The Future Entertainment Company,Bird view / Isometric,"Single player, Multiplayer, Co-operative"
Wilderlocke,2026-12-31,,"Strategy, Indie",PC (Microsoft Windows),,"pixel graphics, turn-based combat, roguelite, creature collector",David Litt,,Single player
Cat-a-strophic,2026-12-31,,Arcade,PC (Microsoft Windows),"Action, Science fiction","casual, destruction, 3d, roguelike, cats, pve, cute, funny, combat, relaxing, colorful, cartoony, linear, action roguelike",,Third person,Single player
Where the Chips Fall,2026-12-31,,"Strategy, Indie, Card & Board Game",PC (Microsoft Windows),,"blackjack, cartoony, roguelite",Coquito Games,,Single player
Voyage Router,2026-12-31,,"Role-playing (RPG), Strategy, Indie",PC (Microsoft Windows),,"roguelike, turn-based tactics, hexagon, controller support, hex grid",softoko,Bird view / Isometric,Single player
I Am Night,2026-12-31,,"Role-playing (RPG), Strategy, Card & Board Game",PC (Microsoft Windows),Fantasy,"roguelike, hand-drawn, controller support, deck-building, roguelike deckbuilder, paper aesthetic",Happy Slaying,,Single player
Shardbreakers,2026-12-31,,"Role-playing (RPG), Indie",PC (Microsoft Windows),"Action, Fantasy","roguelike, bullet hell",Embercore,Bird view / Isometric,Single player
Dungeon Raid,2026-12-31,,"Role-playing (RPG), Strategy, Adventure, Indie, Card & Board Game","Web browser, Linux, Android, PC (Microsoft Windows), Mac",Fantasy,"roguelike, pixel art, pixel graphics, controller support, deck-building, roguelike deckbuilder",4Cats,,Single player
Tuoni,2026-12-31,,"Role-playing (RPG), Adventure",PC (Microsoft Windows),"Fantasy, Open world","roguelike, procedural generation, old school, tactical rpg ( trpg ), turn-based rpg, crt filter",Old Dog,Bird view / Isometric,Single player
HellPunk: Purgatorium,2026-12-31,,"Platform, Indie",PC (Microsoft Windows),Action,"hell, steampunk, gore, pixel graphics, controller support, roguelite, action roguelite",Urban Oasis,Side view,Single player
Shuffle Farm,2026-12-31,,"Simulator, Strategy, Turn-based strategy (TBS), Indie, Card & Board Game",PC (Microsoft Windows),Fantasy,"farming, pixel art, pixel graphics, city builder, roguelite, deck-building, roguelike deckbuilder, nextfest june 2025",Computerhead,Bird view / Isometric,Single player
Bloodstone Rising,2026-12-31,,"Shooter, Role-playing (RPG), Adventure, Indie","Linux, PC (Microsoft Windows)",Action,"roguelike, zombie shooter, multiplayer fps, online coop, action roguelike",Shadow Forged Studio,First person,"Single player, Multiplayer, Co-operative"
Kaz,2026-12-31,,"Indie, Arcade",PC (Microsoft Windows),"Action, Survival","training, roguelike, action roguelike, horde survival",Kalinarm,Bird view / Isometric,Single player
Demon Bluff,2026-12-31,,"Puzzle, Strategy, Indie, Card & Board Game",PC (Microsoft Windows),,"roguelike, social deduction, puzzles, deck building, tabletop card game","UmiArt, offbrand games",Bird view / Isometric,Single player
Tokyo Valkyries,2026-12-31,,Card & Board Game,"PC (Microsoft Windows), Nintendo Switch",Action,"roguelike, deck-building",qureate,,
Appulse,2026-12-31,,"Shooter, Pinball, Indie",PC (Microsoft Windows),"Action, Science fiction",roguelite,,Bird view / Isometric,Single player
Polytropos: A Tactical Odyssey,2026-12-31,,"Role-playing (RPG), Strategy, Turn-based strategy (TBS), Tactical, Indie",PC (Microsoft Windows),"Fantasy, Historical","roguelike, turn-based tactics",Sea Panda Creative,"Bird view / Isometric, Side view",Single player
Top Check,2026-12-31,,"Strategy, Card & Board Game",PC (Microsoft Windows),,"chess, roguelike, collectible card game, turn-based tactics",Gliding Knight Games,Bird view / Isometric,"Single player, Multiplayer"
Baba Yaga,2026-12-31,,"Role-playing (RPG), Strategy, Turn-based strategy (TBS), Indie",PC (Microsoft Windows),Fantasy,"turn-based, roguelike",,Side view,Single player
Aksun,2026-12-31,,"Role-playing (RPG), Hack and slash/Beat 'em up, Indie",PC (Microsoft Windows),Action,"mythology, roguelite, action roguelike",,Bird view / Isometric,Single player
CitaDrill,2026-12-31,,"Strategy, Adventure, Indie",PC (Microsoft Windows),"Action, Science fiction","cats, procedural generation, resource management, pixel graphics, cat, roguelite, 1bit, drill","Studio Moka, CobraTekku Games",Side view,Single player
Work In Progress,2026-12-31,,"Shooter, Indie",PC (Microsoft Windows),"Action, Mystery","exploration, 2d, roguelike, violent, die and retry",Maxence Jacquot,Side view,Single player
Don't Wake the Beast,2026-12-31,,"Adventure, Indie",PC (Microsoft Windows),"Action, Fantasy, Stealth","steam achievements, roguelite",Artificial Disasters,Bird view / Isometric,Single player
Manipulus,2026-12-31,,"Turn-based strategy (TBS), Tactical, Adventure, Indie, Card & Board Game",PC (Microsoft Windows),"Horror, Thriller","psychological horror, psychological thriller, roguelike, turn-based tactics, card based combat, roguelite, collecting card game - ccg, deck-building, card battler",Chazzy Games,,Single player
Umblight,2026-12-31,,"Role-playing (RPG), Strategy, Adventure, Indie, Card & Board Game","Linux, PC (Microsoft Windows), Mac",Fantasy,"roguelike, roguelite",Kristoff Red,First person,Single player
Heart Dungeon,2026-12-31,,"Role-playing (RPG), Adventure, Indie, Visual Novel",PC (Microsoft Windows),Action,"roguelike, nextfest october 2025",Sanplus Games,"Bird view / Isometric, Side view","Single player, Co-operative"
Bleakwood,2026-12-31,,"Strategy, Adventure, Indie, Card & Board Game",PC (Microsoft Windows),,"chess, roguelike, deckbuilder, chess puzzle","Hyper Dive Studio, Null Games",Bird view / Isometric,Single player
Serial World,2026-12-31,,"Role-playing (RPG), Adventure, Indie","PC (Microsoft Windows), Mac",Comedy,"roguelike, jrpg, deck-building",,Third person,Single player
Moonwakers,2026-12-31,,"Adventure, Indie",PC (Microsoft Windows),Science fiction,"exploration, roguelite",,Bird view / Isometric,Single player
Hellfire Poncho,2026-12-31,,"Shooter, Indie, Arcade","Web browser, PC (Microsoft Windows)",Action,"western, roguelike, bullet hell, pixel art, surreal, single-player only, twin stick control, never-ending, roguelite, deckbuilder",Juegos Asados,Bird view / Isometric,Single player
Mayhem Brawler II: Best of Both Worlds,2026-12-31,,"Hack and slash/Beat 'em up, Indie","Xbox Series X|S, PlayStation 4, PC (Microsoft Windows), PlayStation 5, Nintendo Switch",Action,"side-scrolling, story rich, controller recommendation, non-linear storytelling, roguelite, lore rich",Hero Concept,Side view,"Single player, Multiplayer, Co-operative"
Dataminers,2026-12-31,,"Strategy, Indie","Linux, PC (Microsoft Windows), Mac",Action,"turn-based, roguelike",,,Single player
Space Scavenger 2,2026-12-31,,"Adventure, Indie",PC (Microsoft Windows),Action,"roguelite, action roguelike",Red Cabin Games,Bird view / Isometric,"Single player, Multiplayer, Co-operative, Split screen"
Kaiju Catastrophe,2026-12-31,,"Shooter, Indie, Arcade","Linux, PC (Microsoft Windows)",Action,"bullet hell, roguelite",GIGATANK 3000,Bird view / Isometric,Single player
Furcifer's Fungeon,2026-12-31,,"Role-playing (RPG), Indie","Web browser, Linux, PC (Microsoft Windows), Mac","Action, Fantasy","bullet hell, dungeon crawler, skill tree, roguelite","IndieArk, PlayWithFurcifer",Bird view / Isometric,"Single player, Multiplayer, Co-operative"
Hero Chest,2026-12-31,,"Role-playing (RPG), Adventure, Indie, Card & Board Game",PC (Microsoft Windows),Action,"roguelike, dungeon crawler",YAW Studios,Bird view / Isometric,Single player
Recursor,2026-12-31,,"Fighting, Platform, Hack and slash/Beat 'em up, Indie, Arcade",PC (Microsoft Windows),"Action, Science fiction","crowdfunding - kickstarter, speedrun, platform fighting, roguelite, precision platforming",Wills Blackett,Side view,Single player
The Carcass,2026-11-20,,"Role-playing (RPG), Strategy, Indie",PC (Microsoft Windows),,"roguelike, procedurally generated, branching narrative",Ahmet Babagil,,Single player
Infinity Ship,2026-11-01,,"Indie, Arcade",PC (Microsoft Windows),Action,"space shooter, roguelite, roguelike deckbuilder, action roguelike, survivors like",,Bird view / Isometric,Single player
Everfront,2026-11-01,,"Strategy, Indie","Linux, PC (Microsoft Windows), Mac","Action, Warfare",roguelike,Wilhelm Tranheden,Bird view / Isometric,Single player
Broadside Bets,2026-09-30,,"Strategy, Turn-based strategy (TBS), Adventure, Indie, Card & Board Game",PC (Microsoft Windows),Fantasy,"roguelike, pixel art, deckbuilder, pirate",,Side view,Single player
Furyball: Rogue Revenge,2026-09-30,,"Sport, Indie",PC (Microsoft Windows),Action,roguelite,Rebound CG.,Bird view / Isometric,Single player
Sadko,2026-09-30,,"Adventure, Indie","PC (Microsoft Windows), Mac","Action, Survival","roguelike, bullet heaven",Glitch Fight Games,Bird view / Isometric,Single player
King's Well,2026-09-30,,"Strategy, Card & Board Game","PC (Microsoft Windows), Mac","Science fiction, Horror","poker, steampunk, turn-based combat, roguelite, roguelike deckbuilder, deckbuilder, card battler",Fire Brick Games,Side view,Single player
Author Sim,2026-09-30,,"Point-and-click, Simulator, Strategy, Indie",PC (Microsoft Windows),,"life simulation, casual, 2d, roguelike, management, cute, demo, relaxing, time management, choices matter, roguelite, cozy, collectathon, typing, replay value, job simulator",EssyTheSlug,,Single player
Fortunato,2026-09-30,,"Strategy, Card & Board Game",PC (Microsoft Windows),,"poker, roguelike, pixel art, pixel graphics, deck-building, roguelike deckbuilder",Normalice,,Single player
100Friends,2026-09-30,,"Role-playing (RPG), Strategy, Indie","PC (Microsoft Windows), Mac",Action,"brick breaker, roguelite",,Bird view / Isometric,Single player
IPS 13: All Signals Lost,2026-09-30,,"Simulator, Strategy",PC (Microsoft Windows),Science fiction,roguelike,Subb13 Games,Side view,Single player
Sketchy Driver,2026-09-30,,"Racing, Indie, Arcade",PC (Microsoft Windows),Action,"driving, stylized, score attack, cartoony, steam leaderboards, controller recommendation, controller support, roguelite, stunts",Gamalytix,Third person,Single player
Terrible Life Expectancy,2026-09-30,,"Shooter, Indie",PC (Microsoft Windows),"Action, Horror","roguelike, pixel art, pixel graphics, controller support, roguelite",Super Mega Team,Bird view / Isometric,Single player
Archon Soul,2026-09-30,,Strategy,PC (Microsoft Windows),Fantasy,"roguelike, dice","PolyGryph, Goblinz Publishing",Side view,Single player
Ember & Blade,2026-09-30,,"Role-playing (RPG), Hack and slash/Beat 'em up, Adventure","Linux, PC (Microsoft Windows), Mac","Action, Survival, Drama, Mystery","dark fantasy, boss fight, single-player only, roguelite, soulslike, action roguelike, loops, custom attacks",Line Games,Bird view / Isometric,Single player
Lootbound,2026-09-30,,"Role-playing (RPG), Strategy, Adventure","Xbox Series X|S, PC (Microsoft Windows), Mac, Nintendo Switch",Fantasy,"dark fantasy, turn-based tactics, pixel art, pixel graphics, dice, dungeon crawler, party-based, crowdfunding - kickstarter, inventory management, roguelite, kickstarter unsuccessful, nextfest february 2026",ArtDock,Bird view / Isometric,Single player
Forsworn,2026-09-30,,"Role-playing (RPG), Tactical, Adventure, Indie",PC (Microsoft Windows),"Action, Fantasy","roguelike, turn-based tactics",Resummon Studios LLC,Bird view / Isometric,"Single player, Multiplayer, Co-operative"
Hats and Guns,2026-09-30,,"Strategy, Turn-based strategy (TBS), Tactical, Indie, Card & Board Game",PC (Microsoft Windows),,"western, turn-based combat, card based combat, roguelite, deck building",,Bird view / Isometric,Single player
Reality Drift,2026-09-30,,"Racing, Indie, Arcade",PC (Microsoft Windows),"Action, Comedy","roguelike, choices matter",Arganoid Industries,Third person,Single player
Tower Lab,2026-09-30,,"Simulator, Strategy","PC (Microsoft Windows), Mac",,"tower defense, physics, roguelike, physics puzzles, roguelite, deckbuilder",Play Tug Studio,Bird view / Isometric,Single player
Defeat the Goblin King,2026-08-14,,"Role-playing (RPG), Strategy, Indie",PC (Microsoft Windows),Fantasy,"roguelike, nextfest february 2026",Gagurum,,Single player
Lucky Shot,2026-08-01,,Indie,"Linux, PC (Microsoft Windows)",Action,"roguelike, aim trainer",,First person,Single player
Pilgrim Alliance,2026-08-01,,"Role-playing (RPG), Strategy, Adventure, Indie",PC (Microsoft Windows),"Action, Fantasy","roguelite, journey to the west, vampire survivors, survivors like",Whirlwind,Bird view / Isometric,Single player
Pieces of the Kingdom,2026-08-01,,"Strategy, Tactical, Indie","PC (Microsoft Windows), Mac",Fantasy,"chess, roguelite",Birdworks,Bird view / Isometric,"Single player, Multiplayer"
Cult of Pin,2026-08-01,,"Strategy, Pinball, Indie, Arcade","Linux, PC (Microsoft Windows), Mac",Action,"casual, roguelike, pinball, lovecraftian, controller support, nextfest february 2025",KennyMakesGames,,Single player
Tower Command,2026-07-15,,"Strategy, Indie",PC (Microsoft Windows),"Action, Fantasy","tower defense, roguelike, pixel art, pixel graphics, steam achievements, nextfest october 2025",RILE Games,Bird view / Isometric,Single player
Ascend to Zero,2026-07-13,,"Role-playing (RPG), Strategy, Hack and slash/Beat 'em up","Xbox Series X|S, PC (Microsoft Windows)",Action,roguelike,"Flyway Games, Krafton",Bird view / Isometric,Single player
The Glory Dungeon Raider,2026-07-03,,"Shooter, Adventure, Indie",PC (Microsoft Windows),Action,"retro, 2d, roguelike, pixel art, action combat, action roguelike, top down shooter, top down view",,Bird view / Isometric,Single player
Just Dying,2026-07-01,,Indie,PC (Microsoft Windows),"Action, Fantasy",roguelike,Toloko Games,Bird view / Isometric,Single player
Mind Vessel,2026-07-01,,"Role-playing (RPG), Strategy, Indie",PC (Microsoft Windows),Horror,"roguelike, pixel art, roguelite, autobattler",,Side view,Single player
Hoosegow: Prison Survival,2026-06-30,,"Role-playing (RPG), Simulator, Adventure, Indie",PC (Microsoft Windows),"Survival, Comedy","procedural generation, dark humor, narrative, roguelite, dialogue choice, prison, single player adventure, survival rpg",D.Dream Games,Text,Single player
Puzzlor,2026-06-30,,"Puzzle, Strategy, Indie",PC (Microsoft Windows),Fantasy,"block puzzle, roguelite, roguelike deckbuilder",Vaguely Awesome,Third person,Single player
Hecatomb,2026-06-30,,"Strategy, Indie, Card & Board Game",PC (Microsoft Windows),,"roguelike, roguelike deckbuilder",Simulacrumb,,
Pokor,2026-06-30,,"Role-playing (RPG), Simulator, Strategy, Indie, Card & Board Game",PC (Microsoft Windows),,roguelike,,Bird view / Isometric,Single player
Dive or Die: Children of Rain,2026-06-30,,"Adventure, Indie",PC (Microsoft Windows),Action,"2d, lovecraftian, roguelite","Drop Rate Studio, Dear Villagers",Side view,Single player
NebulArena,2026-06-30,,Strategy,PC (Microsoft Windows),Science fiction,"pixel graphics, roguelite, competitve, autobattler",TwoKats SNC,Bird view / Isometric,Single player
Alonitaire,2026-06-30,,"Role-playing (RPG), Strategy, Turn-based strategy (TBS), Adventure, Indie, Card & Board Game",PC (Microsoft Windows),"Horror, Thriller, Mystery","retro, psychological horror, dark, 2d, procedural generation, permadeath, solitaire, atmospheric, pixel art, surreal, story rich, breaking the fourth wall, narrative, roguelite, klondike, roguelike deckbuilder, deckbuilder, card battler",,First person,Single player
Kaiju Inc.,2026-06-30,,"Simulator, Strategy, Indie",PC (Microsoft Windows),,"roguelike, kaiju",,Bird view / Isometric,Single player
Taking Today Off,2026-06-30,,"Strategy, Indie, Card & Board Game",PC (Microsoft Windows),,"roguelike, deck-building, deckbuilder",Orange Ink Studio,,Single player
Func Key,2026-06-30,,Strategy,PC (Microsoft Windows),,"roguelike, word game",One Bit Bean,,Single player
Shield of Breaker,2026-06-30,,"Role-playing (RPG), Indie, Arcade",PC (Microsoft Windows),Action,"bullet hell, roguelite, action roguelike, action-rpg",,Bird view / Isometric,Single player
Karate Rogue,2026-06-30,,"Role-playing (RPG), Indie",PC (Microsoft Windows),,"martial arts, roguelike, karate",Terry-do Games,Bird view / Isometric,Single player
Cheat Death,2026-06-30,,"Simulator, Indie, Card & Board Game",PC (Microsoft Windows),Horror,"dice, roguelite",GG Studio,First person,Single player
Blast Head,2026-06-30,,"Role-playing (RPG), Indie",PC (Microsoft Windows),Action,"steam achievements, controller support, increasing difficulty, roguelite, bullet heaven, nextfest october 2025","Basement Rift, Vixa Games",Bird view / Isometric,Single player
Grim Trials,2026-06-30,,"Role-playing (RPG), Hack and slash/Beat 'em up",PC (Microsoft Windows),Action,"dungeon crawler, roguelite, action roguelite","Neon Doctrine, Soft Source, Glory Jam",Bird view / Isometric,Single player
The Devil's Due,2026-06-30,,"Strategy, Indie, Card & Board Game",PC (Microsoft Windows),,"hell, poker, demons, devil, steam achievements, steam cloud, controller support, roguelite, card battler",Games People Play,First person,Single player
Abyss Ring,2026-06-30,,"Role-playing (RPG), Indie",PC (Microsoft Windows),Action,"roguelike, action roguelike, ai-generated translations, ai-generated interface",,First person,Single player
Eldritch Escape,2026-06-30,,"Role-playing (RPG), Strategy, Adventure, Indie, Arcade",PC (Microsoft Windows),"Action, Fantasy, Science fiction, Horror, Survival","roguelike, metroidvania, roguelite, free demo, bullet heaven, horde survival",,Bird view / Isometric,Single player
Just A Shadow Game,2026-06-30,,"Strategy, Indie, Card & Board Game",PC (Microsoft Windows),"Action, Horror","psychological horror, roguelite, deckbuilder","TripleBricksGames, Vietnam Indie Devs",Bird view / Isometric,"Single player, Multiplayer"
Ogora,2026-06-30,,"Strategy, Turn-based strategy (TBS), Tactical, Indie, Card & Board Game",PC (Microsoft Windows),Fantasy,"casual, magic, 2d, roguelike, procedural generation, nature, pve, dungeon crawling, pixel art, pixel graphics, relaxing, dungeon crawler, turn-based combat, choices matter, single-player only, roguelite, deck-building, pixelart, card battler",Oolcay Hitsay,"Third person, Side view",Single player
Emblems: Sunless Vow,2026-06-30,,"Role-playing (RPG), Indie, Visual Novel","PC (Microsoft Windows), Mac","Fantasy, Mystery, Romance","turn-based, supernatural, funny, roguelite, lgbtq+, queer, lgbtq",oldflowerGames,,Single player
Rogue Mansion,2026-06-30,,"Adventure, Indie","Xbox Series X|S, PlayStation 4, PC (Microsoft Windows), PlayStation 5, Xbox One, Nintendo Switch","Action, Horror, Survival",roguelike,"Almenara Games, Top Hat Studios","First person, Third person",Single player
Airport Contraband,2026-06-30,,"Simulator, Indie",PC (Microsoft Windows),Action,"roguelike, airport management, job simulator",Drago Entertainment,First person,Single player
Wind Runners,2026-06-30,,"Adventure, Indie","PC (Microsoft Windows), Mac",Action,"roguelike, steam achievements, steam cloud",Ludic Studios,Side view,Single player
SlotCrawler,2026-06-26,,"Role-playing (RPG), Strategy, Indie, Arcade",PC (Microsoft Windows),Fantasy,"slot machine, dungeon crawling, roguelite, deck-building",Red Squirrel Games,First person,Single player
Dark Scrolls,2026-06-22,,"Platform, Adventure, Indie","PC (Microsoft Windows), Nintendo Switch",Action,"roguelike, oldschool","Devolver Digital, doinksoft",,
Into The Depths,2026-06-10,,"Simulator, Strategy, Turn-based strategy (TBS), Indie, Card & Board Game",PC (Microsoft Windows),Fantasy,"roguelike, underworld, hexagon, city builder, roguelite, hexagon tiles, deck-building, roguelike deckbuilder, hex grid, ludum dare 57, nextfest october 2025",SmelJey,Bird view / Isometric,Single player
River City Saga: Journey to the West,2026-06-04,,Hack and slash/Beat 'em up,"PC (Microsoft Windows), PlayStation 5, Nintendo Switch","Action, Comedy","roguelike, journey to the west",Arc System Works,,
Rogue 'n' Roll: Dice of Fate,2026-06-02,,"Role-playing (RPG), Strategy, Turn-based strategy (TBS), Indie",PC (Microsoft Windows),"Action, Fantasy",roguelike,JokkelGames,Side view,Single player
Postponed,2026-06-01,,"Strategy, Indie, Arcade","PC (Microsoft Windows), Mac",Business,"roguelite, office, monster, game dev simulator, game dev",,Side view,Single player
Orbital,2026-06-01,,"Music, Strategy, Tactical, Indie, Arcade",PC (Microsoft Windows),"Survival, Warfare","destruction, space, pve, nanotechnology, leaderboard, united federation of planets, roguelite, technology, mars, jupiter, endless, competition",Classy Games,Bird view / Isometric,Single player
Just One More Link,2026-05-29,,"Strategy, Arcade",PC (Microsoft Windows),,"roguelite, incremental",Blagine,,Single player
Soulblaze,2026-05-28,,"Role-playing (RPG), Strategy, Turn-based strategy (TBS), Tactical, Indie","Linux, PC (Microsoft Windows), Mac",Fantasy,"roguelike, roguelite, creature collector",Sword & Quill,Side view,Single player
868-Back,2026-05-28,,"Role-playing (RPG), Strategy, Indie","Linux, Android, PC (Microsoft Windows), iOS, Mac",,"roguelike, hacking, dungeon crawler",Michael Brough,,Single player
Castella,2026-05-25,,Strategy,PC (Microsoft Windows),"Action, Fantasy","tower defense, procedural generation, castle, roguelite",Slime Potion Games,Bird view / Isometric,Single player
Dice Have No Eyes,2026-05-20,,"Strategy, Indie",PC (Microsoft Windows),,"roguelike, surreal, dice","Franek, Max Cahill",,Single player
Deep Rock Galactic: Rogue Core,2026-05-20,,Shooter,PC (Microsoft Windows),Action,roguelike,Ghost Ship Games,First person,"Single player, Multiplayer, Co-operative"
Add Flyers To Dreams,2026-05-18,,"Indie, Arcade",PC (Microsoft Windows),"Action, Business","roguelike, flappy bird clone",,Side view,Single player
Endless Snake,2026-05-15,,"Adventure, Indie, Arcade",PC (Microsoft Windows),Action,"casual, 2d, snake, score attack, family friendly, time attack, roguelite, boss rush, snake clone, replay value, endless",Pinch Games,Bird view / Isometric,Single player
Skigill,2026-05-15,,Indie,"Linux, PC (Microsoft Windows), Mac","Action, Survival","roguelike, pixel art, pixel graphics, steam achievements, steam cloud, controller support, action roguelike, nextfest october 2025",Achromi,Bird view / Isometric,Single player
Down with the Ship,2026-05-15,,"Strategy, Indie","PC (Microsoft Windows), Mac",Science fiction,"space strategy, roguelike, space battle, inventory management, roguelite, autobattler","Iron Anchor Games, Proxy Studios",,"Single player, Multiplayer"
Neophyte,2026-05-15,,"Indie, Arcade",PC (Microsoft Windows),Action,"roguelike, roguelite",,Bird view / Isometric,Single player
Bug Alliance,2026-05-14,,"Shooter, Role-playing (RPG), Indie","Android, PC (Microsoft Windows), iOS",Action,"alliance, roguelite, indie developer, bug, pixelart",Ent-Re Games,Bird view / Isometric,"Single player, Co-operative"
Rogue Command,2026-05-14,,"Real Time Strategy (RTS), Strategy",PC (Microsoft Windows),"Action, Science fiction, Warfare","roguelike, permadeath, low-poly, steam achievements, steam cloud, deck-building, steam families",feneq,Bird view / Isometric,Single player
Black Jacket,2026-05-12,,"Simulator, Strategy, Turn-based strategy (TBS), Adventure, Indie, Card & Board Game","Xbox Series X|S, PC (Microsoft Windows), PlayStation 5, Nintendo Switch","Horror, Survival","blackjack, roguelite, deckbuilder","Skystone Games, Mi'pu'mi Games",First person,Single player
Kill -9,2026-05-11,,"Strategy, Indie",PC (Microsoft Windows),Science fiction,"roguelike, deck building",,"Side view, Text",Single player
Battlestar Galactica: Scattered Hopes,2026-05-11,,"Real Time Strategy (RTS), Strategy, Tactical, Indie",PC (Microsoft Windows),"Action, Science fiction","space simulation, story rich, roguelite","Alt Shift, DotEmu",Bird view / Isometric,Single player
Stu the Fisherman,2026-05-11,,"Role-playing (RPG), Adventure, Indie","Linux, PC (Microsoft Windows)",,"fishing, controller support, roguelite, nextfest june 2025",,,Single player
Everything Is Crab,2026-05-08,,"Role-playing (RPG), Simulator, Strategy, Indie",PC (Microsoft Windows),Action,"roguelike, roguelite, action roguelike, action roguelite","Odd Dreams Digital, Secret Mode",Bird view / Isometric,Single player
Hellbreak,2026-05-08,,"Shooter, Indie",PC (Microsoft Windows),"Action, Fantasy, Horror, Warfare","roguelike, fast paced, arena shooter, survival shooter",Double Barrel Games,First person,Single player
Timber Fever,2026-05-07,,"Indie, Arcade",PC (Microsoft Windows),"Action, Comedy","animals, roguelike, bullet hell, deer, animal protagonist, bird, cute, season winter, pixel art, snow, pixel graphics, elephant, relaxing, day/night cycle, snowman, timer, animal protagonists, balloon, countdown timer, character select screen, seasons, fruits, adjustable difficulty, food, hot dog, action roguelike, winter, fish, money, incremental, time, upgrades",VIRTUAL DUCKY GAMES,Side view,Single player
Infinity Sweeper,2026-05-07,,"Strategy, Indie","PC (Microsoft Windows), Mac",,"roguelite, power-ups","Longshot Studios LLC, Yogscast Games",Bird view / Isometric,Single player
Adventurer's Gambit: Dungeons of Fortune,2026-05-07,,Adventure,PC (Microsoft Windows),Action,"online co-op, dungeon crawler, roguelite",,Third person,"Single player, Multiplayer, Co-operative"
Vehicle No. 4,2026-05-05,,"Strategy, Tactical, Indie",PC (Microsoft Windows),Action,"vehicular combat, steampunk, steam cloud, upgradeable vehicles, roguelite, action roguelike, horde survival",Indiejoh,Bird view / Isometric,Single player
Islantiles,2026-05-04,,"Strategy, Indie",PC (Microsoft Windows),,"turn-based, roguelike, city builder, roguelite, cozy, deck-building, roguelike deckbuilder, deckbuilder",Thunderrock Innovations,,Single player
Sticker/Ball,2026-05-04,,"Simulator, Strategy, Indie, Arcade, Card & Board Game","Web browser, PC (Microsoft Windows)",Comedy,"roguelike, deckbuilder","Bilge Kaan, Future Friends Games",,Single player
ASCII Survivors,2026-05-01,,Indie,"Linux, PC (Microsoft Windows)",Action,roguelite,IndigoVortex,,Single player
Protocol: Zero-Day,2026-05-01,,"Role-playing (RPG), Hack and slash/Beat 'em up, Indie",PC (Microsoft Windows),"Action, Science fiction, Survival","cyberpunk, fast paced, roguelite, neon, horde survival",CRYPTOS Interactive,Bird view / Isometric,Single player
Gambonanza,2026-05-01,,"Simulator, Strategy, Indie","Linux, PC (Microsoft Windows), Mac",,"retro, chess, roguelike","Blukulélé Studio, Stray Fawn Publishing",Bird view / Isometric,Single player
Rogue Voltage,2026-05-01,,"Role-playing (RPG), Simulator, Strategy, Turn-based strategy (TBS), Tactical, Indie","Linux, PC (Microsoft Windows)",,"roguelike, demo, automation, roguelite, free demo, deck-building, roguelike deckbuilder, engineering","Horizont Computergrafik, IndieArk",Side view,Single player
Die in the Dungeon,2026-05-01,,"Role-playing (RPG), Strategy, Indie, Card & Board Game","Linux, PC (Microsoft Windows), Mac","Action, Fantasy","roguelike, frog, cute, pixel art, dice, turn-based combat, deck-building, turn-based rpg","ATICO, HypeTrain Digital",Side view,Single player
Saros,2026-04-30,80.0,Shooter,PlayStation 5,"Action, Science fiction, Horror","memory loss, bullet hell, energy force shield, roguelite, action roguelite","Housemarque, Sony Interactive Entertainment",Third person,Single player
Dungeon Clawler,2026-04-30,,"Role-playing (RPG), Simulator, Strategy, Turn-based strategy (TBS), Indie, Arcade","Xbox Series X|S, Linux, Android, PC (Microsoft Windows), iOS, PlayStation 5, Mac, Nintendo Switch","Action, Fantasy, Survival","roguelike, steam achievements, steam cloud, roguelite, roguelike deckbuilder, deckbuilder, steam families",Stray Fawn Studio,"Bird view / Isometric, Side view",Single player
Porta-Tower,2026-04-30,,"Strategy, Indie",PC (Microsoft Windows),Action,"tower defense, roguelite",Novadisc Games,Bird view / Isometric,Single player
Survivor Mercs,2026-04-30,,"Shooter, Indie, Arcade","Xbox Series X|S, PC (Microsoft Windows), PlayStation 5","Action, Science fiction, Survival, Warfare","shoot 'em up, roguelike, mercenaries, battlefield, squad based, procedural generation, run and gun, difficult, bullet hell, leveling, building, pixel art, random level generation, upgradable equipment, heroes, boss fight, timer, upgradeable weapons, twin stick control, multiple enemy boss fights, heal over time, random character selection, damage over time, controller support, roguelite, looter shooter, steam deck, extraction, synergies, robot, robot combat","Wolpertinger Games, Wandering Wizard, Snail Games",Bird view / Isometric,"Single player, Multiplayer, Co-operative"
Demon Lord: Just a Block,2026-04-29,,Indie,PC (Microsoft Windows),Action,"roguelike, turn-based rpg, maze crawler, action roguelike, nextfest october 2025",YuWave,Third person,Single player
Samukid,2026-04-29,,"Strategy, Indie",PC (Microsoft Windows),Action,"samurai, pixel graphics, roguelite",,Bird view / Isometric,Single player
The Spell Brigade,2026-04-29,,Indie,"PC (Microsoft Windows), PlayStation 5","Action, Fantasy","wizards, magic, roguelike, dark fantasy, bullet hell, online co-op, online multiplayer, 4 player co-op, roguelite, bullet heaven, action roguelike, spells, action roguelite",Bolt Blaster Games,Bird view / Isometric,"Single player, Multiplayer, Co-operative"
Saros: Digital Deluxe Edition,2026-04-28,,Shooter,PlayStation 5,"Action, Science fiction, Horror","memory loss, bullet hell, energy force shield, roguelite, action roguelite","Housemarque, Sony Interactive Entertainment",Third person,Single player
Cropdeck,2026-04-28,,"Strategy, Turn-based strategy (TBS), Indie, Card & Board Game","Linux, PC (Microsoft Windows), Mac",,"roguelike, farming, roguelite, wholesome, cozy, roguelike deckbuilder, deckbuilder",Mad Head Bump,Bird view / Isometric,Single player
Deified,2026-04-27,,"Strategy, Tactical",PC (Microsoft Windows),Fantasy,"turn-based tactics, steam achievements, roguelite, nextfest february 2026",Unexpected,Bird view / Isometric,Single player
Wild City,2026-04-27,,Strategy,"PC (Microsoft Windows), Mac",,"animals, management, roguelite, roguelike deckbuilder, hex grid, deckbuilder","Catoptric Games, Monka Studios",,Single player
Castle Idler,2026-04-24,,Strategy,"PC (Microsoft Windows), Mac",,"tower defense, pixel art, pixel graphics, idle game, roguelite, incremental game, idler, minimalist, idle, incremental",Soy Boy Games,Bird view / Isometric,Single player
Spinera,2026-04-24,,"Strategy, Indie",PC (Microsoft Windows),,"roguelike, slot machine, civilizations, roguelike deckbuilder, deckbuilder",Arvis Games,Side view,Single player
Boomerang Jack,2026-04-24,,"Fighting, Role-playing (RPG), Hack and slash/Beat 'em up, Adventure, Indie",PC (Microsoft Windows),Action,"pirates, 2d, roguelike, fast paced, bullet hell, action-adventure, pixel graphics, melee combat, story rich, arena combat, swinging platforms, roguelite, narrative adventure, action combat, spectacle fighter, bossfight, bullet heaven, stylish action, boss rush, character action, linear, action roguelike, boomerang, epic adventure",Recall Interactive,Bird view / Isometric,Single player
Monster Rush Survivors,2026-04-23,,"Shooter, Role-playing (RPG), Strategy, Tactical, Adventure, Indie","Xbox Series X|S, PC (Microsoft Windows), PlayStation 5, Xbox One, Nintendo Switch","Action, Fantasy, Survival","monsters, roguelike, survival mode, zombie survival, roguelite, action roguelike, monster, survival shooter, controller required, horde survival, survival rpg",Cube Games,Bird view / Isometric,Single player
Boardlike,2026-04-23,,"Strategy, Adventure, Indie, Card & Board Game",PC (Microsoft Windows),Fantasy,"tabletop, roguelite, nextfest february 2026",Bozz,,Single player
Well Keeper,2026-04-23,,Indie,PC (Microsoft Windows),Action,"bullet hell, roguelite, shoot'em up",Corporate Potato,Side view,Single player
Echoes of Meda,2026-04-22,,"Role-playing (RPG), Adventure, Indie, Arcade",PC (Microsoft Windows),"Action, Fantasy, Survival","roguelike, pixel art, increasing difficulty, roguelite, action roguelike, horde survival",Broadleaf Digital,Bird view / Isometric,Single player
SoulSwap,2026-04-21,,"Adventure, Indie",PC (Microsoft Windows),,roguelite,,Side view,Single player
Ricochet Raven,2026-04-21,,"Platform, Indie",PC (Microsoft Windows),Action,"roguelike, fast paced, steam achievements, parrying, sidescroller, nextfest february 2026",Kaosrio,Side view,Single player
Dragon Quest Smash/Grow,2026-04-21,,Role-playing (RPG),"Android, iOS",Fantasy,roguelite,"Square Enix, KLab",Bird view / Isometric,Single player
Slot Theory,2026-04-20,,"Strategy, Indie",PC (Microsoft Windows),Science fiction,"tower defense, roguelike",,,Single player
Runehaven,2026-04-20,,"Role-playing (RPG), Adventure, Indie",PC (Microsoft Windows),Action,"destruction, magic, roguelike, dark fantasy, voxel, dungeon crawler, dungeon, immersive sim",,First person,Single player
Gloomvex,2026-04-17,,"Shooter, Indie",PC (Microsoft Windows),"Action, Science fiction","roguelike, bullet hell, roguelite, danmaku, action roguelike, ai-generated marketing, ai-generated concepts",Bitareon Studio,Bird view / Isometric,Single player
Repeat After Death,2026-04-17,,"Platform, Role-playing (RPG), Adventure, Indie",PC (Microsoft Windows),Action,"roguelike, nextfest june 2025",Exploding Soes,Bird view / Isometric,Single player
Lucky Tower Ultimate,2026-04-16,,"Platform, Adventure, Indie","PC (Microsoft Windows), Nintendo Switch","Action, Fantasy, Comedy","medieval, 2d, parody, roguelike, dark humor","Studio Seufz, AMC Games",Side view,Single player
Void Roots,2026-04-15,,"Strategy, Indie",PC (Microsoft Windows),Fantasy,"pixel art, pixel graphics, steam achievements, roguelite, auto battler",Peon's Lair,Bird view / Isometric,Single player
Don't Lose Aggro,2026-04-15,,Role-playing (RPG),PC (Microsoft Windows),"Action, Party","party-based, roguelite, action roguelike, action roguelite",Oren Koren,Third person,Single player
Luckrot,2026-04-15,,"Shooter, Indie",PC (Microsoft Windows),Action,"roguelike, dystopian, surreal, steam achievements, streamers, nextfest february 2026",OptiCube,First person,Single player
Fire Emblem Proto-Rogue,2026-04-14,,"Role-playing (RPG), Strategy, Turn-based strategy (TBS), Tactical, Card & Board Game","Web browser, PC (Microsoft Windows)","Action, Fantasy, Survival, Warfare","roguelike, roguelite, fangame, fire emblem fangame",,"Bird view / Isometric, Side view",Single player
Cascadou,2026-04-14,,"Strategy, Indie",PC (Microsoft Windows),,"procedural generation, steam cloud, daily challenge, controller support, roguelite, adjustable difficulty, deck-building, playable without timed input",Mattis Folkestad,,Single player
Voidloop,2026-04-13,,"Adventure, Indie","PC (Microsoft Windows), Mac","Action, Kids","mining, roguelite, dungeon",IndieGameStudio,"Third person, Bird view / Isometric",Single player
Relic Abyss,2026-04-13,,"Role-playing (RPG), Indie","Xbox Series X|S, PlayStation 4, Linux, PC (Microsoft Windows), PlayStation 5, Xbox One, Nintendo Switch","Action, Survival","roguelike, bullet hell, roguelite, bullet heaven, action roguelike","Reverse Loop, Mameshiba Games",Bird view / Isometric,Single player
Never Ending Beyond,2026-04-13,,"Adventure, Indie",PC (Microsoft Windows),Action,"exploration, demo, roguelite, free demo",One More Dream Studios,Bird view / Isometric,Single player
Tactilite,2026-04-11,,"Role-playing (RPG), Sport, Strategy, Tactical, Indie","PC (Microsoft Windows), Mac",Business,"football manager, roguelite, soccer manager, ai-generated artwork, ai-generated coding, ai-generated marketing",Eloori Interactive,Text,Single player
Card Trainer,2026-04-10,,"Strategy, Indie, Card & Board Game",PC (Microsoft Windows),,roguelite,,"Side view, Text",Single player
Pick Three!!!,2026-04-10,,"Indie, Arcade","Linux, PC (Microsoft Windows)",Comedy,"roguelike, satire",Eelpunk Studios,Bird view / Isometric,Single player
Seth,2026-04-10,,"Shooter, Indie",PC (Microsoft Windows),Action,"violence, fast paced, arena shooter, roguelite, egyptian mythology, action roguelike, science-fantasy",Chaotic Games,First person,Single player
Beyond Words,2026-04-09,,"Puzzle, Indie, Card & Board Game","Xbox Series X|S, Linux, PC (Microsoft Windows), PlayStation 5, Nintendo Switch",Non-fiction,"roguelike, word game","PQube, MindFuel Games",Text,Single player
Nautical Survival,2026-04-09,,"Shooter, Racing, Role-playing (RPG), Sport, Adventure, Indie, Arcade",PC (Microsoft Windows),"Action, Fantasy, Survival, Sandbox, Open world","fishing, sailing, roguelite, action roguelike",Idan Rooze,Bird view / Isometric,Single player
Triste,2026-04-08,,"Tactical, Indie, Card & Board Game","Linux, PC (Microsoft Windows)",,"roguelike, pixel art, pixel graphics",Sp00ka7x,,Single player
Morbid Metal,2026-04-08,,"Role-playing (RPG), Hack and slash/Beat 'em up, Indie",PC (Microsoft Windows),"Action, Science fiction","fast paced, roguelite, free demo, rougelite, action roguelike, fastpace, nextfest june 2025, rougelike","Screen Juice, Ubisoft Entertainment",Third person,Single player
Fortune Seller,2026-04-06,,"Strategy, Indie",PC (Microsoft Windows),Horror,"artifacts, gothic, lovecraftian, inventory management, choices matter, steam cloud, controller support, roguelite, tarot, save anytime",Kiwick Studios,,Single player
Nullpoint Protocol,2026-04-06,,"Role-playing (RPG), Hack and slash/Beat 'em up, Indie",PC (Microsoft Windows),"Action, Fantasy, Science fiction, Party","roguelike, online co-op, couch co-op, 4 player co-op, roguelite, action roguelike",Everbloom Games,Bird view / Isometric,"Single player, Multiplayer, Co-operative, Split screen"
It Has My Face,2026-04-03,,Indie,"Linux, PC (Microsoft Windows), Mac","Action, Horror","psychological horror, roguelike, pixel graphics, social deduction, roguelike horror","NightByte Games, Behaviour Interactive",First person,"Single player, Multiplayer"
Rogue Night,2026-04-03,,"Role-playing (RPG), Hack and slash/Beat 'em up, Adventure, Indie",PC (Microsoft Windows),"Action, Fantasy, Survival, Sandbox, Open world","zombies, crafting, permadeath, undead, building, controller support, roguelite",Grey November Games,"Third person, Bird view / Isometric",Single player
Cursed Words,2026-04-02,,"Puzzle, Strategy, Indie",PC (Microsoft Windows),,"roguelike, word game","Forklift Interactive, Buried Things",Text,Single player
Rogolf,2026-04-02,,"Indie, Arcade","Linux, PC (Microsoft Windows), Mac, Nintendo Switch",Action,"mini golf, roguelite, minigolf",Seabird Interactive,,"Single player, Multiplayer, Split screen"
Genkai: Primal Awakening,2026-04-02,,"Strategy, Indie, Card & Board Game",PC (Microsoft Windows),Fantasy,"roguelike, deck-building, cards",,Bird view / Isometric,Single player
Symbolika,2026-04-01,,Strategy,PC (Microsoft Windows),Fantasy,"roguelike, roguelite, strategy card",,,Single player
Last Gasp,2026-03-31,,"Role-playing (RPG), Turn-based strategy (TBS)",PC (Microsoft Windows),Fantasy,"roguelike, roguelite, turn-based rpg",,"First person, Bird view / Isometric",Single player
Witchling Grove,2026-03-31,,"Shooter, Role-playing (RPG), Indie",PC (Microsoft Windows),"Action, Fantasy","roguelike, arena shooter, action-rpg",,Bird view / Isometric,"Single player, Multiplayer, Co-operative"
Torch of Shadows,2026-03-31,,"Shooter, Role-playing (RPG), Hack and slash/Beat 'em up, Indie",PC (Microsoft Windows),"Action, Fantasy, Survival","dark fantasy, bullet hell, arena shooter, pixel graphics, roguelite, action roguelike, top-down",Acthera Studios,Bird view / Isometric,Single player
Seek & Sail,2026-03-31,,"Strategy, Turn-based strategy (TBS), Adventure, Indie, Card & Board Game",PC (Microsoft Windows),Fantasy,"pirates, roguelike, roguelike deckbuilder, deckbuilder",LamaGlamaGames,,Single player
The Bestest Alchemist,2026-03-31,,"Puzzle, Strategy, Indie, Arcade","PC (Microsoft Windows), Mac",Fantasy,"roguelike, match 3",Tabi Entertainment,,Single player
Soul Essence,2026-03-31,,Indie,PC (Microsoft Windows),"Action, Horror","metroidvania, survival horror, inventory management, time management, roguelite","Remmer, Goffin Games",First person,Single player
Cloudspan,2026-03-31,,"Simulator, Indie",PC (Microsoft Windows),Sandbox,"city builder, roguelite, save anytime, color alternatives, playable without timed input",Cosmo Gatto,Bird view / Isometric,Single player
Defense Collapse,2026-03-31,,"Simulator, Strategy, Indie",PC (Microsoft Windows),"Action, Fantasy","tower defense, medieval, procedural generation, forest, city builder, roguelite, playable without timed input",Klart,Bird view / Isometric,Single player
Raccoin: Coin Pusher Roguelike,2026-03-31,69.7,"Simulator, Strategy, Indie, Arcade",PC (Microsoft Windows),Action,"physics, 2d, gambling, ufo, chicken, rabbit, bird, achievements, upgrade, pixel graphics, fox, high score, low-poly, upgradable equipment, giraffe, explosion, steam achievements, xbox controller support for pc, dualshock 4 support for pc, explosives, laser, controller support, roguelite, bunny, highscore, deckbuilder, coins, rabbits, black hole, buy and sell, crt filter, raccoon, alien, steam families, money, dualsense support for pc, upgrades, explosive, nextfest february 2026","Doraccoon, Playstack",Bird view / Isometric,Single player
A Recipe for Survival,2026-03-31,,"Strategy, Turn-based strategy (TBS), Adventure, Indie, Card & Board Game",PC (Microsoft Windows),"Fantasy, Survival","roguelike, cats, cooking, restaurant, cat, roguelite, roguelike deckbuilder, deckbuilder, cards",,"First person, Side view",Single player
Stabjack,2026-03-31,,"Role-playing (RPG), Turn-based strategy (TBS), Indie, Card & Board Game",PC (Microsoft Windows),"Action, Mystery","roguelike, blackjack, murder mystery, turn-based combat, card based combat, playing cards, roguelike deckbuilder, cards",Cosmic Cog,"First person, Text",Single player
Bleu Bayou,2026-03-31,,"Shooter, Indie, Arcade","Web browser, PC (Microsoft Windows)",Action,roguelike,Bokoyoss Games,,Single player
Swarm Hunter,2026-03-31,,"Shooter, Platform, Adventure, Indie, Arcade",PC (Microsoft Windows),"Action, Science fiction","roguelike, run and gun, roguelite, retro arcade shooter, action platformer",Flyswatter Studios,Side view,Single player
King's Guard,2026-03-31,,"Strategy, Turn-based strategy (TBS), Indie",PC (Microsoft Windows),"Fantasy, Comedy","turn-based, traps, pixel graphics, king, roguelite",,Bird view / Isometric,Single player
Bushcraft Survival,2026-03-31,,"Simulator, Indie",PC (Microsoft Windows),"Survival, Open world","fishing, forest, procedurally generated, resource gathering, skill tree, roguelite, solo developer, canada",,First person,"Single player, Multiplayer, Co-operative"
Chained Beasts,2026-03-31,,"Hack and slash/Beat 'em up, Indie",PC (Microsoft Windows),"Action, Party","arena, medieval, animals, sword, 3d, ancient rome, roguelike, permadeath, difficult, leveling, stylized, pve, traps, couch co-op, local co-op, combat, melee combat, gladiators, potions, boss fight, co-op campaign, explosion, xbox controller support for pc, throwing weapons, rhinoceros, dualshock 4 support for pc, leveling up, controller recommendation, shopping, explosives, 4 player co-op, arena combat, melee, friendly fire, shielded enemies, games with gold, unlockable difficulty level, multiple enemy boss fights, status effects, remote play, rhino, controller support, roguelite, soulslike, battle arena, adjustable difficulty, bossfight, online coop, bombs, coins, shield, rome, health, steam families, money, arena fighter, dualsense support for pc, gold, spear, explosive, steam remote play",Featherweight Games,Bird view / Isometric,"Single player, Multiplayer, Co-operative"
Ludaro,2026-03-31,,"Strategy, Indie, Card & Board Game","Linux, PC (Microsoft Windows)",Fantasy,"roguelike, dice, deck-building, roguelike deckbuilder, cards, nextfest june 2025",EvolX,Bird view / Isometric,"Single player, Multiplayer"
Dwarf Legacy,2026-03-31,,"Platform, Indie, Arcade","Linux, PC (Microsoft Windows), Mac",Action,"level editor, 2d, difficult, bullet hell, pixelated, pixel art, vertical platforming, 2d platformer, controller recommendation, upgradeable weapons, puzzle platformer, unlockables, level select map, roguelite, precision platforming, action roguelike, dwarf, upgrades",Wulo Games,Side view,Single player
Grex,2026-03-31,,"Indie, Arcade",PC (Microsoft Windows),Action,"roguelike, top-down, top down shooter, auto weapons",,Bird view / Isometric,Single player
Once Upon a Dungeon: Infinity,2026-03-31,,"Role-playing (RPG), Indie",PC (Microsoft Windows),"Action, Fantasy","roguelike, dungeon crawling, turn-based combat",,,Single player
Gobocore: Goblin Rescue Squad,2026-03-31,,Role-playing (RPG),PC (Microsoft Windows),"Action, Fantasy","turn-based tactics, goblins, roguelite, autobattler, nextfest june 2025",Bunkovsky,Bird view / Isometric,Single player
Endless Tactics,2026-03-31,,"Role-playing (RPG), Strategy, Tactical, Indie","PC (Microsoft Windows), Mac","Action, Science fiction, Warfare","mining, roguelite, wargame, mechs",Dead Battery Games,Bird view / Isometric,Single player
Ammossum,2026-03-31,,"Shooter, Indie",PC (Microsoft Windows),Action,"western, roguelike, procedural generation, bullet hell, arena shooter, funny, inventory management, guns and bullets, roguelite, action roguelike","West Glade, Yahaha Games",Bird view / Isometric,Single player
Roll The Bones,2026-03-31,,Indie,PC (Microsoft Windows),"Action, Fantasy","magic, roguelike, dungeon crawling, dice, challenges, pixelart, spells",Shrimp Industries,Bird view / Isometric,Single player
Dicey Hacker 1999,2026-03-30,,"Strategy, Adventure, Indie",PC (Microsoft Windows),Science fiction,"cyberpunk, hacking, pixel art, pixel graphics, dice, hacker, steam achievements, roguelite, nextfest february 2026",HuanMos Game,,Single player
Rumbly,2026-03-30,,"Real Time Strategy (RTS), Strategy, Turn-based strategy (TBS), Indie",PC (Microsoft Windows),Action,"turn-based, roguelike, roguelite, action roguelike",Seed Game Studio,Side view,Single player
Bloodletter,2026-03-30,,"Simulator, Strategy, Indie, Card & Board Game","Web browser, PC (Microsoft Windows)",Fantasy,"medieval, lovecraftian, hand-drawn, roguelite, deck-building, deckbuilder, nextfest february 2026",Aldamami Games,,Single player
Harsh Reigns,2026-03-27,,Role-playing (RPG),PC (Microsoft Windows),Fantasy,roguelike,,Side view,Single player
Fourvive,2026-03-27,,"Adventure, Indie, Arcade",PC (Microsoft Windows),Action,"roguelike, pixel art, pixel graphics, increasing difficulty, action roguelike",JerkyCandy,Bird view / Isometric,"Single player, Multiplayer, Co-operative"
Shuwa Shuwa Guin!,2026-03-27,,Arcade,PC (Microsoft Windows),Action,"3d, roguelike, cute, time management",,Bird view / Isometric,Single player
Theralite,2026-03-27,,"Role-playing (RPG), Indie",PC (Microsoft Windows),Science fiction,"turn-based, roguelike, procedural generation, pixel art, pixel graphics, traditional roguelike, nextfest october 2025",DualBitz,Bird view / Isometric,Single player
GVD,2026-03-26,,"Simulator, Strategy","Linux, PC (Microsoft Windows), Mac",,"roguelike, autobattler",RAJACORP,Side view,Single player
Unbounded,2026-03-26,,"Shooter, Role-playing (RPG)",PC (Microsoft Windows),"Action, Fantasy","roguelike, bullet hell",,,Single player
Codex Mortis,2026-03-26,,Indie,"Linux, PC (Microsoft Windows)","Action, Survival","roguelike, bullet hell, ai-generated artwork, action roguelike, ai-generated coding, ai-generated music, ai-generated text, ai-generated sound effects, ai-generated marketing, nextfest february 2026",,Bird view / Isometric,"Single player, Multiplayer, Co-operative"
Wardens of Wen,2026-03-25,,"Role-playing (RPG), Hack and slash/Beat 'em up, Adventure, Indie","Linux, PC (Microsoft Windows), Mac","Action, Fantasy","roguelike, bullet hell, rpg elements, arpg, action roguelike",,Bird view / Isometric,Single player
Don't Die,2026-03-24,,"Strategy, Indie",Web browser,Fantasy,"casual, roguelike, browser-based, custom soundtrack, high score, free-to-play, time rewind, daily login rewards, leaderboard, multiple enemy boss fights, seasons, competitve, many choices, meaningful choices, crypto, nft, auto battler, multiple routes, tournaments, power-ups, replay value, dice game, browser, single player adventure, strategy card",Anomaly Games,,Single player
Tower of Baby,2026-03-23,,Simulator,PC (Microsoft Windows),"Horror, Comedy","retro, surrealism, 3d, surreal, roguelite",hebedebe,,
Hell Dice Gambit,2026-03-20,,Strategy,PC (Microsoft Windows),,"roguelike, dice, nextfest february 2026",Bheismarque,First person,Single player
OneShot Challenge,2026-03-19,,"Shooter, Adventure, Indie",PC (Microsoft Windows),"4X (explore, expand, exploit, and exterminate)","roguelike, procedural generation, bullet hell, roguelite, precision platforming, replayability, retro arcade shooter, dungeon, action roguelike, skill based game",Artron Studio,Bird view / Isometric,Single player
Card Colony,2026-03-19,,"Simulator, Strategy, Indie, Card & Board Game",PC (Microsoft Windows),Action,"roguelike, pixel art, pixel graphics, deck-building, roguelike deckbuilder, nextfest february 2026",iKiNG,Bird view / Isometric,Single player
Heroes of Magic & Cards,2026-03-19,,"Strategy, Indie, Card & Board Game",PC (Microsoft Windows),Fantasy,"poker, roguelike, pixel art, pixel graphics, deck-building, roguelike deckbuilder, nextfest february 2026",First Day Entertainment,,Single player
Valor of Man,2026-03-19,,"Role-playing (RPG), Strategy, Turn-based strategy (TBS), Tactical, Adventure, Indie",PC (Microsoft Windows),"Fantasy, Historical","medieval, roguelike, dark fantasy, turn-based tactics, tactical turn-based combat, roguelite, turn-based rpg, party-based rpg, nextfest february 2026",Legacy Forge,"Third person, Bird view / Isometric",Single player
SOG: Vietnam,2026-03-18,,"Turn-based strategy (TBS), Tactical, Indie",PC (Microsoft Windows),"Historical, Warfare","2d, roguelike, soldier, permadeath, vietnam war, old school, war, gore, turn-based tactics, pixel art, vietnam, roguelite, traditional roguelike, replay value",PigeonMakesGames,"Bird view / Isometric, Side view",Single player
World's Goodest Pup,2026-03-18,,"Strategy, Card & Board Game","PC (Microsoft Windows), Mac",,"roguelike, dog, dogs, cozy, roguelike deckbuilder, deckbuilder",Pandamander,,Single player
BoobyRogue: Tumor Takedown,2026-03-17,,"Fighting, Shooter, Indie, Arcade","Linux, PC (Microsoft Windows)","Action, Survival","2d, bullet hell, cute, arena shooter, roguelite, solo mode, action roguelike, survival shooter, ai-generated music, loot, lgbtq",K-Nette,Bird view / Isometric,Single player
Capper,2026-03-16,,"Simulator, Indie",PC (Microsoft Windows),,"clicker, roguelite, incremental game",,First person,Single player
Age of Enchantment,2026-03-16,,"Strategy, Indie",PC (Microsoft Windows),Fantasy,"tower defense, pixel art, roguelite, deck-building, nextfest february 2026",Psychic Monkey Studio,Bird view / Isometric,Single player
Royal Revolt Survivors,2026-03-16,,"Role-playing (RPG), Adventure, Indie, Arcade","Linux, Nintendo Switch 2, PC (Microsoft Windows), PlayStation 5",Action,"shared screen, roguelite, action roguelike","Team Warriors, Headup Games",Bird view / Isometric,"Single player, Multiplayer, Co-operative, Split screen"
Giant’s Heart,2026-03-15,,"Role-playing (RPG), Indie",PC (Microsoft Windows),"Action, Fantasy, Horror","roguelike, gardening, low-poly, dungeon crawler, nextfest february 2026",sqqqwer,First person,Single player
Channel 64,2026-03-13,,"Simulator, Indie",PC (Microsoft Windows),Horror,"psychological horror, roguelike",,First person,Single player
Völund,2026-03-13,,"Strategy, Indie",PC (Microsoft Windows),,"roguelike, roguelite",VÖLUND_DEV,Bird view / Isometric,Single player
Teko,2026-03-13,,"Strategy, Indie, Card & Board Game",PC (Microsoft Windows),"Fantasy, Science fiction, Comedy","roguelike, achievements, unlockables, roguelite, incremental game, roguelike deckbuilder, deckbuilder, cards, nextfest february 2026",Talio Games,First person,Single player
Rustil: Eternal Labyrinth Castle,2026-03-13,,"Hack and slash/Beat 'em up, Indie",PC (Microsoft Windows),Action,"medieval, roguelike, swordplay, female protagonist, pve, black magic, steam families",,Bird view / Isometric,"Single player, Multiplayer"
Bloodball,2026-03-12,,"Shooter, Arcade",Web browser,"Action, Survival","roguelike, dystopian, bullet hell, pixel art",,,
Wandfall,2026-03-12,,"Strategy, Tactical, Indie, Arcade",PC (Microsoft Windows),"Action, Fantasy, Survival","roguelike, bullet hell, roguelite, pixelart, action roguelike, nextfest february 2026",Megaglope Studios,,Single player
Net.Attack(): Code or Die!,2026-03-12,,Indie,PC (Microsoft Windows),"Action, Science fiction","bullet hell, programming, roguelite, coding, bullet heaven, nextfest june 2025",ByteRockers' Games,Bird view / Isometric,Single player
Bloodgrounds,2026-03-12,,"Role-playing (RPG), Strategy, Turn-based strategy (TBS), Tactical, Indie","PC (Microsoft Windows), Mac",Fantasy,"magic, permadeath, management, pixel graphics, base building, tactical rpg ( trpg ), roguelite, turn-based rpg, rome","Exordium Games, Daedalic Entertainment","Bird view / Isometric, Side view",Single player
Bootstrap Island,2026-03-12,,"Simulator, Tactical, Adventure, Indie",SteamVR,"Action, Fantasy, Survival, Historical","roguelike, tropical, survival mode, virtual reality experience, survival management, open world survival craft, vr only, islands",MaruVR,"First person, Auditory, Virtual Reality",Single player
Pirates of Gravitae,2026-03-12,,"Shooter, Simulator, Indie, Arcade",PC (Microsoft Windows),Action,"pirates, steampunk, roguelite",Innerverse Games,Side view,Single player
BitHero Survivors,2026-03-11,,"Role-playing (RPG), Adventure, Indie",PC (Microsoft Windows),"Action, Fantasy, Survival","pixel art, pixel graphics, steam achievements, roguelite, bullet heaven, nextfest october 2025",Nekoza,Bird view / Isometric,Single player
Sancticide,2026-03-11,,"Shooter, Role-playing (RPG), Adventure, Indie",PC (Microsoft Windows),"Action, Historical","roguelite, slasher, poland","Red Square Games S.A., Sylen Studio S.A.",Third person,Single player
Nightmarena,2026-03-10,,Fighting,PC (Microsoft Windows),,"2d, turn-based combat, roguelite","Colo Coko, Psychronic Games",Side view,Single player
Galactic Vault,2026-03-10,,"Shooter, Indie",PC (Microsoft Windows),"Action, Science fiction","roguelike, roguelite, action roguelike, nextfest february 2026",MeepMeep Games,First person,Single player
Runeborn,2026-03-10,,"Strategy, Indie",PC (Microsoft Windows),Fantasy,"2d, roguelike, slot machine, roguelite, action roguelike",iDream Interactive,First person,Single player
Kritter: Defend Together,2026-03-10,,"Hack and slash/Beat 'em up, Indie","Linux, PC (Microsoft Windows)","Action, Science fiction, Comedy","exploration, base building, base defense, shared screen, wave attack, roguelite",LJF Games,Bird view / Isometric,"Single player, Multiplayer, Co-operative, Split screen"
Wireworks,2026-03-09,,"Simulator, Strategy, Indie","Linux, PC (Microsoft Windows)","Fantasy, Science fiction","tower defense, roguelike, roguelite, roguelike deckbuilder, auto battler, deckbuilder, autobattler",John Jilsen,,Single player
Labyrinth Trailblazer,2026-03-09,,"Role-playing (RPG), Strategy, Adventure, Indie",PC (Microsoft Windows),"Action, Fantasy","roguelike, procedural generation, pixel art, pixel graphics, dungeon crawler, steam achievements, steam cloud, drpg, party-based rpg, blobber, nextfest february 2026",,First person,Single player
Barda,2026-03-09,,"Role-playing (RPG), Strategy, Indie","PC (Microsoft Windows), Mac",Fantasy,"roguelike, inventory management, roguelite",,,Single player
Hive Blight,2026-03-09,,"Role-playing (RPG), Strategy, Tactical",PC (Microsoft Windows),Fantasy,"roguelike, insects, nature, turn-based tactics, roguelite, battlegrounds, autobattler, autochess",OptizOnion,Bird view / Isometric,Single player
Pluto,2026-03-09,,"Strategy, Card & Board Game","Linux, PC (Microsoft Windows), Mac",Fantasy,"roguelike, dark fantasy, hand-drawn, steam achievements, steam cloud, card based combat, spellcaster, deck-building, roguelike deckbuilder, nextfest february 2026","Siege Wizard Interactive, indie.io",First person,Single player
Thysiastery,2026-03-09,,"Role-playing (RPG), Turn-based strategy (TBS), Indie","Linux, PC (Microsoft Windows)",Mystery,"retro, turn-based, roguelike, crpg, jrpg, dungeon crawling, atmospheric, pixel graphics, grid-based movement, procedurally generated, dungeon crawler, nostalgia, indie developer, adjustable difficulty, traditional roguelike, party-based rpg, nextfest june 2025",DIRGA,First person,Single player
Slime Attack: Survivor,2026-03-09,,"Fighting, Role-playing (RPG), Adventure, Indie, Arcade",PC (Microsoft Windows),"Action, Fantasy","2d, roguelike, bullet hell, arena shooter, 2d fighter, indiedb, roguelite, 2d art, bullet heaven, action roguelike, 2d rpg, action-rpg, top-down",,Bird view / Isometric,Single player
Tangy TD,2026-03-09,,"Strategy, Indie",PC (Microsoft Windows),Action,"tower defense, roguelike, single-player only, skeletons, strategic gameplay, chibi artstyle",Cakez,,Single player
Rogue Monster Rush,2026-03-07,,"Strategy, Indie",PC (Microsoft Windows),,"tower defense, robots, roguelite",,Bird view / Isometric,Single player
Grimslair,2026-03-06,,"Strategy, Indie, Card & Board Game","Linux, PC (Microsoft Windows), Mac",,"roguelike, dog, roguelite, roguelike deckbuilder, slay the spire, deckbuilder",ThunderRam Studios,,Single player
Buster Breaks Out,2026-03-06,,"Indie, Arcade","Linux, PC (Microsoft Windows)",Action,"roguelike, pixel graphics, brick breaker, single-player only",Nose Corporation,Side view,Single player
Solitaire Battle,2026-03-05,,"Role-playing (RPG), Strategy, Indie, Arcade, Card & Board Game",PC (Microsoft Windows),Fantasy,"casual, roguelike, solitaire, pixel art, pixel graphics, steam cloud, deck-building, roguelike deckbuilder, auto battler, crt filter, steam families, nextfest february 2026",diabolodev,Side view,Single player
Cupiclaw,2026-03-05,,"Simulator, Strategy, Indie, Arcade",PC (Microsoft Windows),"Comedy, Kids, Romance","physics, 2d, roguelike, resource management, gambling, simulation, cute, pixel art, pixel graphics, roguelite, roguelike deckbuilder, deckbuilder, claw machine, nextfest february 2026",Typin,Side view,Single player
Slay the Spire II,2026-03-05,85.4,"Strategy, Indie, Card & Board Game","Linux, PC (Microsoft Windows), Mac",Fantasy,"roguelike, deck-building",Mega Crit Games,Side view,"Single player, Multiplayer, Co-operative"
Never Grave: The Witch and the Curse,2026-03-05,,"Platform, Puzzle, Hack and slash/Beat 'em up, Adventure, Indie","Xbox Series X|S, PlayStation 4, PC (Microsoft Windows), PlayStation 5, Nintendo Switch","Action, Fantasy","roguelike, metroidvania, online co-op","PocketPair, Frontside 180",Side view,"Single player, Multiplayer, Co-operative"
Hell Forge,2026-03-04,,"Role-playing (RPG), Indie",PC (Microsoft Windows),"Action, Fantasy","deliberately retro, roguelite","LiberateGames, Gabhyun Kim",Bird view / Isometric,Single player
Zeroad,2026-03-04,,"Shooter, Indie",PC (Microsoft Windows),"Action, Warfare","roguelike, online co-op, local co-op, roguelite, zombie shooter, action roguelike, loot",DrillMindGames,Side view,"Single player, Multiplayer, Co-operative"
Pirates: Rogue's Fortune,2026-03-04,,"Adventure, Indie","Linux, PC (Microsoft Windows)",Action,"pirates, exploration, underwater, procedural generation, hand-drawn, roguelite, naval combat, ai-generated voices, action roguelike, pirate, nextfest february 2026",Ninpô Game Studio,Bird view / Isometric,Single player
Pirate Ships,2026-03-03,,,"PC (Microsoft Windows), Mac",,"roguelike, pvp, autobattler",HeroCraft PC,,
Echoes of Red,2026-03-03,,"Shooter, Adventure, Indie",PC (Microsoft Windows),Action,"fast paced, roguelite, nextfest february 2026",TERMAX Studios,,Single player
There Is More,2026-03-03,,"Adventure, Indie","Linux, PC (Microsoft Windows)","Action, Fantasy, Survival","roguelike, procedurally generated, mining, base defense, single-player only, defense, rougelite, action roguelike, nextfest february 2026",ByteBeyond,Side view,Single player
Bobo's Big Tower,2026-03-03,,"Strategy, Adventure",PC (Microsoft Windows),"Action, Comedy","retro, roguelike, dungeon crawler, crowdfunding - kickstarter, nextfest october 2025","SillyKitty, DarkBear Studios",Bird view / Isometric,Single player
Nauts,2026-03-03,,"Adventure, Indie",PC (Microsoft Windows),"Action, Science fiction","resource management, bullet hell, space, roguelite, action roguelike, nextfest february 2026",OTCGames,Bird view / Isometric,Single player
Rotwood,2026-03-03,,"Role-playing (RPG), Hack and slash/Beat 'em up, Adventure","Nintendo Switch 2, PC (Microsoft Windows)",Action,"2d, roguelike, dungeon crawler, netflix games",Klei Entertainment,"Third person, Side view","Single player, Multiplayer, Co-operative"
Roguesweeper,2026-03-02,,"Strategy, Indie",PC (Microsoft Windows),,"roguelike, 1990s, minesweeper",Oiiman,Bird view / Isometric,Single player
Fruitbearer,2026-03-01,,"Puzzle, Strategy, Indie",PC (Microsoft Windows),Horror,"casual, 2d, roguelike, gothic, dark fantasy, simulation, stylized, atmospheric, pixel graphics, roguelite, accessibility options, trading card game, collecting card game - ccg, collectathon, roguelike deckbuilder, roguelike horror, idler, deckbuilder, suika, action roguelike, card battler, playable without timed input, nextfest february 2026, turn based strategy",Mangobits Studios,,Single player
Die Fighter,2026-03-01,,"Strategy, Indie",PC (Microsoft Windows),Science fiction,"procedural generation, pixel graphics, dice, turn-based combat, roguelite, nextfest june 2025",,,Single player
Axom: Conquest,2026-03-01,,Strategy,PC (Microsoft Windows),"Action, Science fiction","tower defense, base building, roguelite, ai generated",,Bird view / Isometric,Single player
Dice A Million,2026-02-25,,"Strategy, Indie",PC (Microsoft Windows),,"roguelike, dice, roguelike deckbuilder, deckbuilder, dice game, nextfest october 2025","2 Left Thumbs, Countlessnights",First person,Single player
Minus Nine,2026-02-24,,"Shooter, Adventure, Indie",PC (Microsoft Windows),"Action, Horror","zombies, roguelike",,Bird view / Isometric,Single player
Masks of the Void: Origins,2026-02-23,,"Role-playing (RPG), Hack and slash/Beat 'em up, Indie","Xbox Series X|S, PC (Microsoft Windows), PlayStation 5, Nintendo Switch","Action, Science fiction","magic, 3d, skill-based, roguelike, fast paced, upgrade, atmospheric, combat, character growth, real-time combat, interactive environments, telekinesis, narrative, roguelite, action combat, creativity friendly, magician, bullet heaven, void, chaos, grow, ranged combat, action roguelike, isometric, time, upgrades","ROLLDBOX GAMES, Forthright Entertainment",Bird view / Isometric,Single player
Konfronto,2026-02-23,,"Strategy, Indie",PC (Microsoft Windows),"Science fiction, Comedy","2d, parody, space, inventory management, roguelite, auto battler, puns, cartoon",Flaming Fowl Studios,Side view,"Single player, Multiplayer"
Lethal Dungeon,2026-02-20,,"Role-playing (RPG), Strategy, Indie",PC (Microsoft Windows),Fantasy,"roguelike, roguelite, roguelike deckbuilder, deckbuilder",Nihohe Soft,Side view,Single player
Menherarium,2026-02-18,,"Simulator, Strategy, Turn-based strategy (TBS), Tactical, Hack and slash/Beat 'em up, Indie, Visual Novel",PC (Microsoft Windows),"Horror, Romance","anime, casual, bloody, psychological horror, vampire, 2d, roguelike, gambling, cute, tabletop, dark humor, psychological, based on - board game, roguelite, nextfest october 2025","Phoenixx Inc., Tezcatlipoca",Side view,Single player
Fur Squadron Phoenix,2026-02-18,,"Shooter, Arcade","Nintendo Switch 2, PC (Microsoft Windows), Nintendo Switch",Action,"shmup, on-rails, roguelite, space battles, stg, spaceships",Raptor Claw,Third person,Single player
An Action Roguelite For When You Have 20 Minutes to Spare,2026-02-17,,Indie,PC (Microsoft Windows),Action,"roguelite, action roguelike",Cinnamon Pupper,,Single player
Wish Me Well,2026-02-16,,"Fighting, Indie",PC (Microsoft Windows),"Action, Fantasy","wizards, character customization, magic, 2d, roguelike, procedural generation, pve, combat, procedurally generated, single-player only, customization, roguelite, indie developer, looter shooter, action roguelike, top-down",Starrow Castles,Bird view / Isometric,Single player
Dobbel Dungeon,2026-02-16,,"Role-playing (RPG), Strategy, Tactical, Indie",PC (Microsoft Windows),Fantasy,"claymation, cute, tactical rpg ( trpg ), roguelite, party-based rpg",Gamepie,Bird view / Isometric,Single player
Flag-O-Tron,2026-02-15,,"Strategy, Turn-based strategy (TBS), Indie, Card & Board Game",PC (Microsoft Windows),,"roguelike, deckbuilder",Ruby Rooster,,Single player
Resultare,2026-02-13,,"Simulator, Strategy, Pinball, Indie, Arcade","PC (Microsoft Windows), Mac",Action,"physics, roguelike, pinball, simulation, relaxing, physics puzzles, single-player only, arcade cabinet, roguelite, deck-building, deckbuilder",Good Day Games,Side view,Single player
Bashers,2026-02-13,,Indie,PC (Microsoft Windows),"Action, Fantasy, Survival",roguelike,,Third person,Single player
Devinica: Clip,2026-02-13,,Shooter,PC (Microsoft Windows),Action,"roguelike, free-to-play",NewOrderFantasySimulations,First person,Single player
Hellscreen,2026-02-13,,"Shooter, Adventure, Indie",PC (Microsoft Windows),Action,"fast paced, crowdfunding - kickstarter, deliberately retro, roguelite",Uk_resistant,First person,Single player
BlazBlue: Entropy Effect X,2026-02-12,,"Hack and slash/Beat 'em up, Indie","Xbox Series X|S, PlayStation 5, Nintendo Switch","Action, Science fiction","roguelike, metroidvania, action roguelike","Astrolabe Games, Arc System Works, 91Act",Side view,"Single player, Multiplayer, Co-operative"
The Seven,2026-02-12,,"Simulator, Strategy, Adventure, Indie",PC (Microsoft Windows),"Action, Fantasy","roguelike, auto battler",Creyd,,Single player
Dachs Hunter,2026-02-12,,"Role-playing (RPG), Strategy, Adventure, Indie","Linux, PC (Microsoft Windows)","Action, Fantasy, Survival","roguelite, action roguelike, dachshund",HFBros,Bird view / Isometric,Single player
Cinicross,2026-02-11,,"Puzzle, Strategy, Indie","Linux, PC (Microsoft Windows)",,"roguelike, nonogram, picross",Hydrobates,,Single player
Everwayne,2026-02-11,,"Role-playing (RPG), Strategy, Indie, Card & Board Game",PC (Microsoft Windows),"Action, Fantasy","roguelike, deck-building",4tale production,"Side view, Text",Single player
Ragtag Heroes,2026-02-11,,"Role-playing (RPG), Strategy, Adventure",PC (Microsoft Windows),,"turn-based, roguelike, tabletop, deck-building",fad,,"Single player, Multiplayer, Co-operative"
Goblin Sushi,2026-02-09,,"Simulator, Strategy, Indie","Linux, Android, PC (Microsoft Windows), iOS, Mac","Action, Fantasy","retro, 2d, roguelike, crafting, dark fantasy, resource management, cooking, goblin, dark humor, score attack, dungeon crawler, time management, roguelike deckbuilder, deckbuilder, cartoon, action roguelike, sushi, replay value, job simulator","Old Cake Factory, Metaroot",,Single player
Monday Syndrome,2026-02-09,,"Role-playing (RPG), Hack and slash/Beat 'em up","Linux, PC (Microsoft Windows)",Action,roguelite,"Blackburne Games Yazılım A.Ş., hyesmo, Brightika",Bird view / Isometric,Single player
Underboard,2026-02-06,,"Role-playing (RPG), Strategy, Indie",PC (Microsoft Windows),Action,"turn-based tactics, dungeon crawler, party-based, tactical turn-based combat, roguelite, auto battler, replay value, loot","2 Left Thumbs, Headless",Bird view / Isometric,Single player
Final Forge,2026-02-06,,Adventure,PC (Microsoft Windows),"Action, Survival","exploration, tower defense, roguelike",Ops Game Studio,Bird view / Isometric,Single player
Cartapli: Fold Quest,2026-02-05,,"Puzzle, Role-playing (RPG), Strategy, Indie, Card & Board Game",PC (Microsoft Windows),Fantasy,"roguelike, roguelite, paper aesthetic",,Bird view / Isometric,Single player
Leavers Rift,2026-02-05,,"Strategy, Adventure, Indie, Card & Board Game",PC (Microsoft Windows),Fantasy,"roguelike, dark fantasy, surreal, steam achievements, steam cloud, deck-building, roguelike deckbuilder",Wolfhain,"Bird view / Isometric, Side view",Single player
Master of Piece,2026-02-04,,Strategy,"PC (Microsoft Windows), Mac, Nintendo Switch",Fantasy,"medieval, mercenaries, tabletop, turn-based combat, roguelite, chessboard gameplay, roguelike deckbuilder, autobattler",I M GAME,Bird view / Isometric,Single player
Anthem#9,2026-02-04,,"Puzzle, Turn-based strategy (TBS), Tactical, Indie",PC (Microsoft Windows),,"match 3, roguelite, match 3 game, deckbuilder","koeda, Shueisha Games","Side view, Text",Single player
Nonentity Galaxy,2026-02-03,,"Strategy, Adventure, Indie",PC (Microsoft Windows),Science fiction,"space, spaceship customization, roguelite, ai-generated artwork",,,Single player
Queen Slayer,2026-02-02,,"Role-playing (RPG), Turn-based strategy (TBS), Indie","Linux, PC (Microsoft Windows), Mac",Fantasy,"dark, roguelike, gothic, mercenaries, squad based, dark fantasy, procedural generation, permadeath, stylized, party-based combat, short, atmospheric, combat, procedurally generated, team-based, turn-based combat, challenging gameplay, unique art style, darkness, boss fight, choices matter, tactical turn-based combat, development hell, corruption, challenging, choice matters, short game, comicbook style, replayability, 2d art, underground, bosses, replay value, 2d rpg, style",Mantaray161,Third person,Single player
Touhou Mistystory,2026-01-31,,"Role-playing (RPG), Adventure, Indie",PC (Microsoft Windows),Action,"bullet hell, student project, free game, roguelite, touhou fangame",,,Single player
Nocan's Quest: Sex Gold Glory,2026-01-30,,"Role-playing (RPG), Strategy, Adventure, Indie",PC (Microsoft Windows),"Fantasy, Erotic","exploration, anime, orcs, monsters, roguelike, quick-time events, elves, old school, mature, turn-based tactics, nudity, dungeon crawler, turn-based combat, nsfw, tactical rpg ( trpg ), sexual content, furry",Kinky Business Group,Text,Single player
Chumini: Tiny Army,2026-01-30,,Indie,"Linux, PC (Microsoft Windows), Mac","Action, Survival",roguelike,,Bird view / Isometric,Single player
Atrium Mortis,2026-01-29,,"Puzzle, Adventure, Indie",PC (Microsoft Windows),"Fantasy, Horror, Mystery","psychological horror, ancient egypt, hidden object, roman empire, roguelite, anomaly",Hectic,First person,Single player
Chrono Ark: Deluxe Edition,2026-01-29,,"Role-playing (RPG), Card & Board Game",Nintendo Switch,,"turn-based, female protagonist, party-based, turn-based combat, roguelite, turn-based rpg, party-based rpg, deckbuilder","Al Fine, PLAYISM",,Single player
Null.Process,2026-01-28,,,PC (Microsoft Windows),Science fiction,"roguelike, atmospheric, procedurally generated, scavenging, resource gathering, factory",Morlex Studio,First person,Single player
Journey to the Void,2026-01-28,,"Puzzle, Role-playing (RPG), Strategy, Adventure, Indie, Card & Board Game","PC (Microsoft Windows), Mac, Nintendo Switch",Fantasy,"roguelike, steam achievements, steam cloud, steam leaderboards, controller support, roguelite, deck-building, roguelike deckbuilder, steam deck, nextfest october 2025",RuneHeads,Bird view / Isometric,Single player
Twofishtysix,2026-01-27,,"Strategy, Arcade",PC (Microsoft Windows),,"retro, 2d, roguelike, maze, difficult, short, fish, top-down",Boiaaang!,,
"Rightfully, Beary Arms",2026-01-27,,"Shooter, Adventure, Indie","Xbox Series X|S, PC (Microsoft Windows), Xbox One","Action, Science fiction","pve, cute, pixel graphics, roguelite",Daylight Basement Studio,Bird view / Isometric,Single player
Encounter: The Lost Cards,2026-01-26,,"Role-playing (RPG), Strategy, Adventure, Indie","Linux, PC (Microsoft Windows)",Fantasy,"medieval, turn-based, permadeath, resource management, multiple endings, pixel graphics, inventory management, steam cloud, controller support, roguelite, deck-building, tarot",Encounter GG,Side view,Single player
Arcadium: Space Odyssey,2026-01-26,,"Role-playing (RPG), Indie","PC (Microsoft Windows), Mac",Action,"roguelike, bullet hell, roguelite",Luciano Bercini,Bird view / Isometric,Single player
Winnie's Hole,2026-01-26,,"Strategy, Indie",PC (Microsoft Windows),Horror,"roguelike, single-player only, tactical turn-based combat, roguelite, dark comedy, roguelike deckbuilder, surreal comedy, winnie the pooh",Twice Different,,Single player
Crazy Cats Survivors,2026-01-25,,Shooter,"PlayStation 4, PlayStation 5","Action, Fantasy","bullet hell, roguelite",Xeneder Team,"Bird view / Isometric, Side view",Single player
Serpent Squad,2026-01-23,,"Strategy, Indie",PC (Microsoft Windows),Action,"roguelike, bullet hell",UncleChen Games,,Single player
The Fortress,2026-01-23,,"Role-playing (RPG), Adventure, Indie",PC (Microsoft Windows),Fantasy,"medieval, vampire, roguelike, gothic, dark fantasy, demons, dungeon crawler, turn-based combat, inventory management, imprisoned, nextfest june 2025",Stratos Gaming,"First person, Text",Single player
The Hero Of Pixel Spire,2026-01-21,,"Role-playing (RPG), Indie",PC (Microsoft Windows),"Action, Fantasy","pixel art, pixel graphics, steam achievements, spellcaster, controller support, roguelite, spells, nextfest october 2025",Pixel Spire Games,Bird view / Isometric,Single player
Bug Bane Survivors,2026-01-21,,"Role-playing (RPG), Adventure, Indie",PC (Microsoft Windows),"Action, Survival","roguelike, pixel art, pixel graphics, nextfest october 2025","The Cipher Ink., Vsaire Games",Bird view / Isometric,Single player
Lort,2026-01-21,,Indie,PC (Microsoft Windows),Action,"online co-op, roguelite, action roguelite",Big Distraction,Third person,"Single player, Multiplayer, Co-operative"
Sphere TD,2026-01-20,,"Role-playing (RPG), Simulator, Strategy, Indie","Android, PC (Microsoft Windows), iOS",Action,"tower defense, 2d, building, roguelite, 2d rpg",Standard Issue Games,Bird view / Isometric,Single player
Crucible of the Forgotten,2026-01-20,,"Role-playing (RPG), Tactical, Indie, Arcade",PC (Microsoft Windows),"Action, Fantasy","2d, online co-op, 4 player co-op, roguelite, bullet heaven, ai-generated artwork, top-down",,Bird view / Isometric,"Single player, Multiplayer, Co-operative"
Blightstone,2026-01-20,,"Role-playing (RPG), Strategy, Adventure, Indie",PC (Microsoft Windows),Fantasy,"roguelike, dark fantasy, steam achievements",Unfinished Pixel,Bird view / Isometric,Single player
Hungry Horrors,2026-01-19,,"Strategy, Turn-based strategy (TBS), Adventure, Indie, Card & Board Game","Linux, PC (Microsoft Windows), Mac","Action, Fantasy","medieval, 2d, turn-based, cooking, mythology, celtic mythology, turn-based combat, creature compendium, roguelite, deck-building, roguelike deckbuilder, irish mythology, deckbuilder, high fantasy",Clumsy Bear Studio,Side view,Single player
Gah!,2026-01-19,,Role-playing (RPG),PC (Microsoft Windows),Action,"diablo-like, roguelite, ai-generated voices",Jasio Games,Bird view / Isometric,Single player
Umbra Lumen,2026-01-16,,"Role-playing (RPG), Strategy, Indie","Web browser, PC (Microsoft Windows)",,"dark fantasy, procedural generation, atmospheric, pixel graphics, turn-based combat, roguelite, roguelike deckbuilder, tarot, nextfest february 2026",,Side view,Single player
Geometry Arena 2,2026-01-16,,"Shooter, Indie",PC (Microsoft Windows),Action,"arena shooter, roguelite",011 Games,Bird view / Isometric,Single player
Tabulo,2026-01-15,,"Strategy, Turn-based strategy (TBS), Indie, Card & Board Game","Linux, PC (Microsoft Windows), Mac",,"chess, roguelike, roguelike deckbuilder, nextfest october 2025",Noah Games,,Single player
Waves of Chess,2026-01-13,,"Strategy, Indie, Arcade, Card & Board Game",PC (Microsoft Windows),Science fiction,"2d, chess, roguelike, isometric",Amusing Noodle Games,,Single player
Letifer,2026-01-13,,"Shooter, Adventure, Indie",PC (Microsoft Windows),Action,"zombies, fast paced, dark fantasy, difficult, bullet hell, female protagonist, arena shooter, roguelite, twin stick, bosses, hard, action roguelite",Third Spirit Games,,Single player
Void Miner,2026-01-09,,"Simulator, Indie",PC (Microsoft Windows),Science fiction,"roguelite, idle",Gearfall Studios,,Single player
Death Machine,2026-01-06,,"Platform, Adventure, Indie",PC (Microsoft Windows),"Action, Horror","metroidvania, robots, pixel art, creepy, roguelite",Philip Froelich,Side view,Single player
Asteroid Odyssey,2026-01-05,,"Shooter, Simulator, Strategy, Adventure, Indie","Linux, PC (Microsoft Windows)","Action, Science fiction","space strategy, roguelike, asteroids, idle, incremental",LampDog Studio,Bird view / Isometric,Single player
Colony Alpha,2026-01-04,,"Shooter, Indie, Arcade",Web browser,"Action, Survival","arena shooter, asteroids, online multiplayer, roguelite",Tristan Bytes,Bird view / Isometric,"Multiplayer, Massively Multiplayer Online (MMO)"
Space Trench,2026-01-02,,"Shooter, Indie",PC (Microsoft Windows),"Action, Horror","roguelike, steam achievements, steam cloud, roguelite",,First person,Single player
Chaturanga,2026-01-01,,"Strategy, Indie, Card & Board Game","PC (Microsoft Windows), Mac",,"chess, roguelike, roguelite, chessboard gameplay, chess puzzle",Bored Games,Bird view / Isometric,Single player
Spinny Dungeon,2026-01-01,,"Role-playing (RPG), Strategy, Turn-based strategy (TBS), Indie, Card & Board Game","Web browser, Linux, PC (Microsoft Windows)",Fantasy,"roguelike, slot machine, deck-building, roguelike deckbuilder, nextfest june 2025, slots",Typing Monkey,Side view,Single player
Yaku Slap,2025-12-31,,"Strategy, Indie, Card & Board Game",PC (Microsoft Windows),Comedy,"roguelike, hanafuda card games, card battler",,First person,Single player
Tittivillus Teaches Typning,2025-12-25,,Indie,"Web browser, Android, PC (Microsoft Windows)","Historical, Comedy, Educational","medieval, demon, roguelike, funny, cat, typing, endless mode, computer",Chromokun,Side view,Single player
13 Bones,2025-12-24,,"Strategy, Indie, Card & Board Game",Web browser,Fantasy,"casual, roguelike, dark fantasy, dungeon crawler, deck building","Sol, A Critter Collective",,Single player
Incursion,2025-12-22,,Shooter,PC (Microsoft Windows),"Action, Science fiction, Survival",roguelite,Rudel Studios,Bird view / Isometric,Single player
ReSoul: Jack,2025-12-16,,"Strategy, Adventure, Indie",PC (Microsoft Windows),Horror,"roguelike, blackjack, tabletop, ai-generated artwork",Ludica Inc,First person,Single player
Varthos: Heir to the Throne,2025-12-16,,"Role-playing (RPG), Adventure, Indie",PC (Microsoft Windows),"Action, Fantasy","steam cloud, roguelite, arpg, nextfest october 2025","Nightshift Game Development, Three River Games",Bird view / Isometric,"Single player, Multiplayer, Co-operative"
Out of Time,2025-12-16,,"Hack and slash/Beat 'em up, Adventure, Indie",PC (Microsoft Windows),"Action, Fantasy, Science fiction, Survival, Historical","online multiplayer, roguelite, online coop, horde survival",Manticore Games,Third person,"Single player, Multiplayer, Co-operative"
Dicey Bizniz,2025-12-14,,,"Linux, PC (Microsoft Windows)",,"roguelike, dice, dice game, ai-generated translations, ai-generated sound effects",Surrogate of Sorrow,,Single player
Inside the Flesh Engine,2025-12-14,,"Adventure, Indie",PC (Microsoft Windows),,"roguelike, walking simulator",1ncors,Side view,Single player
Sengodai,2025-12-12,,"Role-playing (RPG), Strategy, Indie, Card & Board Game","Linux, Android, PC (Microsoft Windows)",Fantasy,"roguelike, deck-building, roguelike deckbuilder, creature collector",Tsunoa Games,,Single player
Catharage,2025-12-12,,"Strategy, Indie",PC (Microsoft Windows),Science fiction,"spaceship customization, roguelite, solo developer, spaceships",,,Single player
There's Nothing Underground,2025-12-12,,"Puzzle, Simulator, Adventure, Indie",PC (Microsoft Windows),"Action, Science fiction",roguelike,Palomar Games,Side view,Single player
A la Card,2025-12-11,,"Strategy, Indie",PC (Microsoft Windows),,"roguelike, cooking, card based combat, roguelike deckbuilder, deckbuilder, food, cards, card battler, food truck",,,Single player
Unto Deepest Depths,2025-12-11,,"Role-playing (RPG), Strategy, Adventure, Indie","Linux, PC (Microsoft Windows), Nintendo Switch","Action, Fantasy","turn-based tactics, roguelite","Flynn's Arcade, The Shaggy Dev",Bird view / Isometric,Single player
Dunjungle,2025-12-11,,"Platform, Adventure, Indie","Xbox Series X|S, PlayStation 4, PC (Microsoft Windows), PlayStation 5, Mac, Nintendo Switch","Action, Fantasy, Comedy","roguelike, procedural generation, permadeath, dungeon crawling, pixel art, controller recommendation, roguelite, roguelike platform, hard","Bruno Bombardi, Astrolabe Games","Third person, Side view",Single player
1010Tro,2025-12-06,,"Puzzle, Strategy, Indie, Card & Board Game","Web browser, iOS",Action,"poker, roguelike, block puzzle",,Bird view / Isometric,
The End Grows,2025-12-06,,"Role-playing (RPG), Strategy, Adventure",PC (Microsoft Windows),"Fantasy, Mystery","metroidvania, roguelite, soulslike",Atopia.studio,Side view,Single player
Elden Ring Nightreign - The Forsaken Hollows,2025-12-04,,Role-playing (RPG),"Xbox Series X|S, PlayStation 4, PC (Microsoft Windows), PlayStation 5, Xbox One","Action, Fantasy, Survival, Open world","roguelike, online co-op, soulslike","FromSoftware, Bandai Namco Entertainment",Third person,"Single player, Multiplayer, Co-operative"
Toy Smash Kaboom!,2025-12-04,,"Strategy, Indie","PC (Microsoft Windows), Mac",,"helicopter, dinosaurs, casual, knights, animals, magic, 2d, roguelike, insects, pvp, soldier, military, robots, resource management, chicken, pets, goblin, hamster, management, stylized, time limit, cute, mecha, tabletop, snow, tank, bugs, melee combat, bear, inventory management, folklore, colorful, snowman, cartoony, king, explosion, steam cloud, anthropomorphism, spider, pig, character select screen, shopping, explosives, pop culture reference, goblins, scroll, gun, melee, shielded enemies, magic staff, item combination, trophies, summoners, splash damage, burning, heal over time, status effects, toy soldier, kangaroo, rhino, queens, bug, roguelike deckbuilder, plant, deckbuilder, food, flowers, marbles, autobattler, bombs, coins, armed bugs, cards, ranged combat, robot, office equipment, ice cream, shield, buy and sell, card battler, thunderstorm, autochess, mole, drums, gecko, cannon, health, literary reference, robot combat, spiders, steam families, money, shop keeper, time, cloud saves, plants, explosive, nextfest june 2025, pumpkins, custom volume controls, coin",,Side view,"Single player, Multiplayer"
Routine,2025-12-04,77.2,"Adventure, Indie","Xbox Series X|S, PC (Microsoft Windows), Xbox One","Action, Science fiction, Horror, Survival","exploration, roguelike, robots, permadeath, steam, steam greenlight, digital distribution, color separation, retro future, vending machine interaction","Lunar Software, Raw Fury",First person,Single player
Fate Machine,2025-12-03,,"Simulator, Strategy","Linux, PC (Microsoft Windows)",,"slot machine, roguelite",Gin Drinkers Studio,,Single player
Night Shift at the Museum,2025-12-03,,"Puzzle, Simulator",PC (Microsoft Windows),"Action, Horror, Survival, Mystery","psychological horror, psychological thriller, dark, 3d, roguelike, permadeath, hidden object, simulation, multiple endings, atmospheric, realistic, time management, choices matter, single-player only, ai-generated artwork, ai-generated music, first person horror, nextfest june 2025",Infinity Pixel Games,First person,Single player
Pirates Outlaws 2: Heritage,2025-12-03,,"Strategy, Turn-based strategy (TBS), Tactical, Adventure, Indie, Card & Board Game","Android, PC (Microsoft Windows), iOS",Fantasy,"pirates, roguelike, card based combat, roguelike deckbuilder, deckbuilder, pirate",Fabled Game,Side view,Single player
Touhou Witch's Night Market,2025-12-02,,"Strategy, Card & Board Game",PC (Microsoft Windows),Fantasy,"roguelike, touhou project, faith, autobattler",Meboxen Studio,,Single player
Manipulation,2025-12-01,,"Puzzle, Role-playing (RPG), Strategy, Adventure, Indie","Linux, PC (Microsoft Windows), Mac","Science fiction, Mystery","dialogue trees, mind control, environmental puzzles, puzzle games with stories, memory game, roguelite, short game, escape room, escape game",,Bird view / Isometric,Single player
Runewood: Hundred Nights,2025-12-01,,"Strategy, Indie, Card & Board Game","Linux, PC (Microsoft Windows), Mac",Survival,roguelike,Jestercraft,,Single player
Seven Sinners,2025-12-01,,"Role-playing (RPG), Adventure, Indie",PC (Microsoft Windows),,"western, roguelike, quick time event, nextfest june 2025",,,"Single player, Multiplayer"
Heart of Artemisa,2025-12-01,,"Adventure, Indie",PC (Microsoft Windows),Action,"pixel graphics, roguelite, rhythm",,Bird view / Isometric,Single player
Road Warriors,2025-12-01,,"Shooter, Indie",PC (Microsoft Windows),Action,"roguelike, roguelite",Heavy Sheep,Bird view / Isometric,Single player
Yvy,2025-11-30,,"Strategy, Adventure, Indie, Card & Board Game",PC (Microsoft Windows),"Action, Fantasy, Historical","brazil, roguelite, brazilian folklore, autobattler, indigenous, dice game","Plural Filmes, EliGD, Firesquid",Side view,Single player
Odyssey: Starship Pinball,2025-11-28,,"Platform, Simulator, Pinball, Adventure, Indie, Arcade","Linux, PC (Microsoft Windows)","Comedy, Sandbox","pinball, physics-based platformer, roguelite, save anytime, custom volume controls, keyboard only option, camera comfort",Clip Through Interactive,Bird view / Isometric,Single player
Super Cabbage Kabumi,2025-11-28,,"Strategy, Indie",PC (Microsoft Windows),,"roguelike, pachinko",Vividesca Games,Side view,Single player
Noobs Are Coming,2025-11-27,,"Role-playing (RPG), Indie","Linux, PC (Microsoft Windows)",Action,"parody, roguelike, bullet hell, arena shooter, boss fight, roguelite, bullet heaven, action roguelike, replay value, action roguelite, horde survival",OVERBOY,Bird view / Isometric,"Single player, Multiplayer, Co-operative, Split screen"
Dreadstone Keep,2025-11-27,,"Role-playing (RPG), Strategy, Turn-based strategy (TBS), Tactical, Adventure, Indie",PC (Microsoft Windows),Fantasy,"roguelike, pixel art, roguelite",Tavern Tale Studio,Bird view / Isometric,Single player
Skirmish Mayhem,2025-11-27,,"Strategy, Indie",PC (Microsoft Windows),"Action, Science fiction","roguelike, action roguelike",,,Single player
Aluna Rift,2025-11-27,,"Shooter, Indie, Arcade","PC (Microsoft Windows), Nintendo Switch","Action, Science fiction, Survival","retro, fast paced, difficult, achievements, custom soundtrack, asteroids, couch co-op, local multiplayer, high score, arcade shooter, colorful, boss fight, steam leaderboards, original soundtrack release, leaderboard, multiple enemy boss fights, wave attack, increasing difficulty, roguelite, challenging, level up, bullet heaven, steam deck, retro arcade shooter, endless mode, bosses, hard, endless, action roguelite",Digiggle Games,Bird view / Isometric,"Single player, Multiplayer, Co-operative, Split screen"
Wzrds,2025-11-26,,Adventure,PC (Microsoft Windows),Action,"bullet hell, roguelite",Elmok,Bird view / Isometric,Single player
Bubble Bobble: Sugar Dungeons,2025-11-26,,"Platform, Arcade","PC (Microsoft Windows), PlayStation 5, Nintendo Switch",Action,"roguelike, procedurally generated, roguelite, action roguelike, action roguelite","Taito, Arc System Works",Side view,Single player
Wonder of Blue,2025-11-26,,"Adventure, Indie",PC (Microsoft Windows),Action,"anime, roguelike, procedural generation, female protagonist, cute, pixel graphics, controller support",,Bird view / Isometric,Single player
Holder of Place,2025-11-26,,"Strategy, Indie, Card & Board Game","Web browser, PC (Microsoft Windows)","Fantasy, Science fiction","roguelike, roguelite, autobattler, card battler",Alibi Games,,Single player
Red Rogue Sea,2025-11-25,,"Strategy, Turn-based strategy (TBS), Adventure, Card & Board Game","Linux, PC (Microsoft Windows)",Fantasy,"pirates, roguelike, turn-based tactics, sailing, pixel art, pixel graphics, steam achievements, steam cloud, deck-building, cards, steam families, nextfest june 2025",Firemage Studios,Bird view / Isometric,Single player
Creator's Fall,2025-11-24,,"Hack and slash/Beat 'em up, Indie","Linux, PC (Microsoft Windows)",Action,"roguelike, action roguelike, ai-generated coding, ai-generated translations, ai-generated concepts, nextfest october 2025",BaroxxTech,Bird view / Isometric,"Single player, Multiplayer, Co-operative"
Rustic Defense,2025-11-24,,Strategy,"PC (Microsoft Windows), Mac",Fantasy,roguelike,,Bird view / Isometric,Single player
Identifile,2025-11-24,,"Adventure, Indie",PC (Microsoft Windows),Action,"roguelike, action roguelike, computer",Gearbyte Games,Side view,Single player
Slyders,2025-11-24,,Shooter,PC (Microsoft Windows),"Action, Survival","roguelike, demons, elephant, survival mode, zombie survival, nextfest june 2025",Kato Games,First person,Single player
Primal Fray,2025-11-24,,"Puzzle, Role-playing (RPG), Strategy, Turn-based strategy (TBS), Tactical, Adventure, Indie, Card & Board Game","Xbox Series X|S, PC (Microsoft Windows), Nintendo Switch","Action, Fantasy","monsters, roguelike, procedural generation, primals",Indie Games Starter,Bird view / Isometric,"Single player, Multiplayer"
Dead World Tales,2025-11-21,,"Puzzle, Role-playing (RPG), Strategy, Indie, Card & Board Game",PC (Microsoft Windows),,"steam achievements, steam cloud, roguelite, steam families",DemiurGames,,Single player
Frenetika,2025-11-21,,Indie,PC (Microsoft Windows),"Action, Fantasy","roguelike, dark fantasy, steam achievements, steam cloud, spellcaster, action roguelike, spells, steam families, nextfest october 2025",Team Lime Interactive,First person,Single player
Negative Space,2025-11-21,,"Strategy, Indie, Card & Board Game",PC (Microsoft Windows),Science fiction,"roguelike, roguelite, deck-building, roguelike deckbuilder, deckbuilder, card battler, nextfest october 2025",Tier 87 Games,,Single player
Adventure To Fate: Dungeons,2025-11-20,,Role-playing (RPG),"iOS, Mac",Fantasy,"roguelike, dungeon crawling, dungeon crawler, roguelite, indie developer, turn-based rpg, strategy rpg, blind-friendly, ios game",TouchMint,,Single player
Monsters are Coming!,2025-11-20,,"Strategy, Indie",PC (Microsoft Windows),"Action, Fantasy, Survival","tower defense, roguelite","Raw Fury, Ludogram",Bird view / Isometric,Single player
Vampire Cat,2025-11-20,,"Role-playing (RPG), Strategy, Indie",PC (Microsoft Windows),"Action, Fantasy","vampire, vampires, cat, idle game, roguelite, traditional roguelike",Hunt Games,Third person,Single player
Dominova,2025-11-19,,"Puzzle, Strategy, Turn-based strategy (TBS), Tactical, Indie, Card & Board Game","Linux, PC (Microsoft Windows), Mac",Science fiction,"space strategy, roguelite, roguelike deckbuilder",Kjoeb,Bird view / Isometric,Single player
The Core,2025-11-18,,"Shooter, Indie",PC (Microsoft Windows),Action,"roguelike, bullet hell, action roguelike",Lunix,Bird view / Isometric,Single player
Tic Tac Rogue,2025-11-18,,"Role-playing (RPG), Strategy, Tactical, Indie",PC (Microsoft Windows),Fantasy,"pixel art, roguelite",Pixel Flight Games,Side view,"Single player, Multiplayer"
Morsels,2025-11-18,,"Shooter, Role-playing (RPG), Adventure, Indie","Xbox Series X|S, PC (Microsoft Windows), PlayStation 5, Nintendo Switch",Action,roguelite,"Annapurna Interactive, Furcula",Bird view / Isometric,Single player
Gran Theft Lure,2025-11-17,,"Fighting, Shooter, Role-playing (RPG), Indie, Arcade",PC (Microsoft Windows),Action,"roguelike, female protagonist, arena shooter, action roguelike, top-down",Alexandre 'Rokh' Mailliu Games,Bird view / Isometric,Single player
Void Miner,2025-11-17,,"Simulator, Strategy, Adventure, Indie","Linux, PC (Microsoft Windows)","Action, Science fiction","space, asteroids, controller support, roguelite, incremental game",,,Single player
Survive the Rift,2025-11-17,,"Shooter, Indie",PC (Microsoft Windows),"Action, Science fiction","roguelike, shmup",Monster Helix Games,Side view,Single player
Super Psycho Baseball,2025-11-16,,Sport,PC (Microsoft Windows),"Action, Comedy","baseball, roguelike","internetcharles, Giant Scam Industries",First person,Single player
Caemdale,2025-11-14,,"Strategy, Turn-based strategy (TBS), Indie, Card & Board Game","Linux, PC (Microsoft Windows)",Historical,"roguelike, ai-generated artwork, deckbuilder, cards",,First person,Single player
Abyss Chaser,2025-11-14,,Indie,PC (Microsoft Windows),Action,"roguelike, dungeon crawler, steam achievements, steam cloud, steam families",,Bird view / Isometric,Single player
Schrott,2025-11-14,,"Racing, Indie, Arcade",PC (Microsoft Windows),Action,"arcade racers, driving, funny, endless runner, single-player only, roguelite",Ivy Juice Games,Third person,Single player
Lia: Hacking Destiny,2025-11-13,,"Shooter, Platform, Role-playing (RPG), Indie, Arcade","Xbox Series X|S, PlayStation 4, Nintendo Switch 2, Android, PC (Microsoft Windows), iOS, PlayStation 5, PlayStation, Xbox One, Nintendo Switch",Action,"post-apocalyptic, cyberpunk, roguelike, robots, cat, roguelite, roguelike platform, action roguelike, nextfest june 2025","GoGo Games Interactive, Orube Game Studio",Side view,Single player
Faith in Despair,2025-11-12,,"Strategy, Indie","Linux, PC (Microsoft Windows), Mac",,"roguelike, demons, procedurally generated, roguelike deckbuilder, deckbuilder",,Bird view / Isometric,Single player
Million Depth,2025-11-12,,"Strategy, Indie","PC (Microsoft Windows), Nintendo Switch","Action, Drama","roguelike, crafting, permadeath, atmospheric, underground, action roguelike","PLAYISM, Cyber Space Biotope",Bird view / Isometric,Single player
Sanity Break,2025-11-11,,"Role-playing (RPG), Indie",PC (Microsoft Windows),"Action, Horror, Survival","roguelike, class-based, survival horror, accessibility options, steam families, stereo sound, custom volume controls",Piemaster37,First person,Single player
Wall World 2,2025-11-11,,"Simulator, Strategy, Adventure, Indie",PC (Microsoft Windows),Action,"tower defense, roguelike, mining, roguelite, available on - blacknut",Alawar,Side view,Single player
Wartorn,2025-11-11,,"Strategy, Tactical, Adventure, Indie",PC (Microsoft Windows),"Action, Fantasy","real time tactics, roguelite",Stray Kite Studios,Bird view / Isometric,Single player
"Yes, My Queen",2025-11-10,,"Strategy, Turn-based strategy (TBS), Indie, Card & Board Game","PC (Microsoft Windows), Mac",Fantasy,"chess, roguelike, pixel art, pixel graphics, steam achievements, steam cloud, roguelite, ai-generated artwork, steam families, nextfest october 2025","Wall Spaghetti, Nexting",Bird view / Isometric,Single player
Into the Grid,2025-11-10,,"Role-playing (RPG), Strategy, Indie","Linux, PC (Microsoft Windows), Mac",Science fiction,"exploration, cyberpunk, roguelike, dystopian, hacking, dungeon crawling, tabletop, dungeon crawler, hacker, indie developer, free demo, roguelike deckbuilder, deckbuilder, card battler",Flatline Studios,First person,Single player
School of Magic,2025-11-10,,"Role-playing (RPG), Hack and slash/Beat 'em up, Card & Board Game",PC (Microsoft Windows),"Action, Fantasy","magic, dungeon crawler, choices matter, roguelite",PartTimeIndie,Bird view / Isometric,Single player
Demon Itself,2025-11-08,,"Shooter, Indie",PC (Microsoft Windows),Action,"hell, roguelike, fast paced, demons, boss rush",Vincent Dgoat,First person,Single player
Retroid: Cartridge Protocol,2025-11-07,,"Shooter, Indie",PC (Microsoft Windows),Action,"roguelite, action roguelike",Zero1Play,Bird view / Isometric,Single player
Rogue Descent,2025-11-06,,"Role-playing (RPG), Adventure, Indie",PC (Microsoft Windows),Fantasy,"pixel art, pixel graphics, dungeon crawler, steam achievements, roguelite, auto battler, dungeon, steam families",Kudos Games,Bird view / Isometric,Single player
Dwarf Sweeper,2025-11-06,,"Puzzle, Role-playing (RPG), Strategy, Indie",Web browser,Fantasy,"roguelike, minesweeper",Stray Fawn Studio,Bird view / Isometric,Single player
Dragon Front: Adventures,2025-11-06,,"Strategy, Adventure",PC (Microsoft Windows),Fantasy,"roguelike, deck-building",High Voltage Software,,Single player
Rise Again,2025-11-06,,"Role-playing (RPG), Adventure, Indie",PC (Microsoft Windows),"Action, Fantasy","atmospheric, dungeon crawler, roguelite, action roguelike, hack'n'slash",,Bird view / Isometric,Single player
Brew,2025-11-06,,Indie,PC (Microsoft Windows),"Action, Fantasy","animal protagonist, cute, potions, alchemy, colorful, controller support, roguelite",,Third person,Single player
The Bar Souls,2025-11-05,,"Hack and slash/Beat 'em up, Adventure, Indie","PC (Microsoft Windows), Mac",Action,"roguelike, pixelated, soulslike",Falling From Mountain,Bird view / Isometric,Single player
Dice Dice Baby,2025-11-05,,"Strategy, Turn-based strategy (TBS), Indie, Card & Board Game",PC (Microsoft Windows),,"roguelike, dice, score attack, single-player only, dice game",Nugget Games Studio,Bird view / Isometric,Single player
The Fable: Manga Build Roguelike,2025-11-05,,"Puzzle, Strategy, Indie","PC (Microsoft Windows), Nintendo Switch",,"manga, roguelike, deckbuilder","KODANSHA, MONO ENTERTAINMENT",Side view,Single player
Onychomp: Lush Journey,2025-11-05,,"Adventure, Indie",PC (Microsoft Windows),Action,"roguelite, mystery dungeon",,Bird view / Isometric,Single player
Beyond the Grove,2025-11-04,,"Real Time Strategy (RTS), Strategy, Indie",PC (Microsoft Windows),,"nature, roguelite, mushroom",,Bird view / Isometric,Single player
Pattern Survivors: Bullet Hell,2025-10-31,,"Real Time Strategy (RTS), Role-playing (RPG), Simulator, Strategy, Indie","Linux, PC (Microsoft Windows), Mac","Action, Science fiction, Sandbox","tower defense, roguelike, bullet hell, pixel art, steam achievements, steam leaderboards, survival mode, pixel art game, auto battler",Airem,Side view,Single player
Animal Cafe,2025-10-29,,"Indie, Card & Board Game",PC (Microsoft Windows),,"casual, roguelike, cute, deck-building, deckbuilder, card battler",LayDown Games,,Single player
Zombie God,2025-10-27,,"Real Time Strategy (RTS), Simulator, Strategy",PC (Microsoft Windows),,"zombies, god game, 2d, difficult, simulation, pixel art, pixel graphics, roguelite, outbreak sim",Codematik,Bird view / Isometric,Single player
Tidebreaker,2025-10-27,,"Role-playing (RPG), Arcade","PlayStation 4, PlayStation 5",Action,roguelite,"Hyperreality Entertainment, y-zo studio",Side view,Single player
Choo Choo Survivor 2,2025-10-27,,Indie,"PC (Microsoft Windows), Mac",Action,"post-apocalyptic, trains, steam achievements, steam cloud, roguelite, zombie apocalypse, nextfest october 2025",Gamer To Game Developer,Bird view / Isometric,Single player
Cyber Rats,2025-10-27,,Indie,PC (Microsoft Windows),"Action, Horror",roguelite,Outpost Games,Third person,Single player
Aris Arcanum,2025-10-27,,Hack and slash/Beat 'em up,PC (Microsoft Windows),"Action, Fantasy, Historical","magic, roguelike, dark fantasy, soulslike, victorian age, action roguelike","indie.io, Broken Cane",Bird view / Isometric,Single player
Nanny's Journey,2025-10-27,,"Platform, Indie","PC (Microsoft Windows), Mac",Action,"roguelike, difficult, speedrun, precision platforming, cartoon",Pixsails,Side view,Single player
Crimson Night,2025-10-26,,Arcade,"Web browser, Linux, PC (Microsoft Windows), Mac","Action, Survival",roguelike,,Bird view / Isometric,Single player
Slots & Daggers,2025-10-24,,"Role-playing (RPG), Simulator, Strategy, Adventure, Indie, Arcade","Xbox Series X|S, PC (Microsoft Windows), PlayStation 5, Mac, Nintendo Switch",Action,"retro, roguelike, gothic, dark fantasy, pixel graphics, single-player only, roguelite","Friedemann, Future Friends Games",Bird view / Isometric,Single player
Unbound Eternity,2025-10-24,,"Strategy, Adventure, Indie, Card & Board Game","PC (Microsoft Windows), Mac",Fantasy,"turn-based, multiple gameplay perspectives, playable boss, roguelite, roguelike deckbuilder, card battler",Yunicorn Studio,Side view,Single player
Olapu,2025-10-24,,Indie,"Linux, PC (Microsoft Windows)","Action, Fantasy, Survival","steam achievements, steam cloud, roguelite, bullet heaven",,Bird view / Isometric,"Single player, Multiplayer, Co-operative"
Undead Kingdom Survivors,2025-10-24,,"Role-playing (RPG), Indie",PC (Microsoft Windows),Action,"3d, roguelite, dark ambient, action roguelike",,,"Single player, Multiplayer, Co-operative"
Eldritch Climb: A Cursed Ascent,2025-10-24,,"Platform, Indie",PC (Microsoft Windows),"Action, Science fiction, Horror","roguelike, lovecraftian, cosmic horror, indie developer, eldritch horror, roguelike platform, dungeon, nextfest june 2025",Covert Wonders,Side view,Single player
Super Fantasy Kingdom,2025-10-24,,"Simulator, Strategy",PC (Microsoft Windows),"Fantasy, Sandbox","resource management, heroes, city builder, horde, roguelite, free demo","Hooded Horse, Super Fantasy Games",Bird view / Isometric,Single player
Successor,2025-10-24,,"Role-playing (RPG), Strategy, Tactical, Indie, Card & Board Game",PC (Microsoft Windows),"Action, Fantasy","procedural generation, dungeon crawler, roguelite, steam families",Playwood Project,Bird view / Isometric,Single player
Blunderworld,2025-10-23,,"Strategy, Indie, Arcade",PC (Microsoft Windows),,"hell, roguelike, steam achievements, steam leaderboards, nextfest october 2025",Hidden Roll,,Single player
Misery,2025-10-23,79.7,"Shooter, Simulator, Adventure, Indie",PC (Microsoft Windows),"Action, Survival","post-apocalyptic, crafting, 1990s, procedural generation, atmospheric, low-poly, radiation, nuclear bomb, nuclear fallout, stalker, immersive, roguelite, steam deck, smoking, nextfest october 2025","Platypus Entertainment, Ytopia",First person,"Single player, Multiplayer, Co-operative"
Malys,2025-10-23,,"Strategy, Indie, Card & Board Game",PC (Microsoft Windows),"Fantasy, Horror","occult, demons, supernatural, atmospheric, crowdfunding - kickstarter, story rich, possession, steam achievements, demon hunter, exorcism, roguelite, kickstarter unsuccessful, conversation, deck-building, roguelike deckbuilder, steam deck, steam families",Summerfall Studios,,Single player
Deck vs. Doom,2025-10-22,,"Strategy, Tactical, Card & Board Game",PC (Microsoft Windows),Fantasy,"tower defense, roguelite, roguelike deckbuilder, deckbuilder, ai-generated voices, ai-generated interface",Rashidi Interactive,Bird view / Isometric,Single player
Chaos Zero Nightmare,2025-10-22,88.2,"Fighting, Role-playing (RPG), Strategy, Turn-based strategy (TBS), Adventure","Android, PC (Microsoft Windows), iOS","Action, Fantasy, Science fiction, Horror, Mystery","2d, dark fantasy, time loop, roguelite","Smilegate, Super Creative","Side view, Text",
Swapmeat,2025-10-21,,"Shooter, Indie","PC (Microsoft Windows), Mac","Action, Science fiction, Comedy","roguelike, space, funny, dark humor, online multiplayer, 4 player co-op, roguelite, looter, looter shooter, surreal comedy, action roguelike",One More Game,Third person,"Single player, Multiplayer, Co-operative"
Decks of the Damned,2025-10-21,,"Role-playing (RPG), Simulator, Strategy, Indie, Card & Board Game",PC (Microsoft Windows),"Fantasy, Horror, Survival","roguelike, crafting, simulation, building, roguelite, autobattler",Thorian Games,Bird view / Isometric,Single player
Inkwell,2025-10-20,,"Puzzle, Role-playing (RPG), Turn-based strategy (TBS)",Game Boy Advance,Fantasy,"pokemon, roguelike, unofficial, rom hack",,Bird view / Isometric,Single player
Axe or Bone,2025-10-20,,"Role-playing (RPG), Strategy, Hack and slash/Beat 'em up, Indie",PC (Microsoft Windows),Action,"xbox controller support for pc, roguelite, ai-generated music, nextfest october 2025",TuTu,Bird view / Isometric,Single player
Slingbot Survivors,2025-10-20,,"Platform, Indie",PC (Microsoft Windows),"Action, Science fiction","roguelike, 2d platformer, roguelite, suvivorslike, action roguelike, survival shooter, action platformer, horde survival",indie.io,Side view,Single player
Adrenaline Rampage,2025-10-18,,"Shooter, Platform, Role-playing (RPG), Indie","PlayStation 4, PC (Microsoft Windows), PlayStation 5, Nintendo Switch","Action, Science fiction",roguelike,Midhard Games,Side view,Single player
Ball x Pit,2025-10-15,74.7,"Shooter, Indie, Arcade","Xbox Series X|S, Nintendo Switch 2, Android, PC (Microsoft Windows), iOS, PlayStation 5, Mac, Nintendo Switch","Action, Survival","monsters, knights, shoot 'em up, magic, 3d, crafting, bullet hell, management, dragon, skeleton, farming, leveling, stylized, achievements, building, upgrade, snake, pixel graphics, bugs, combat, base building, level selection, low-poly, upgradable equipment, potions, brick breaker, boss fight, steam achievements, xbox controller support for pc, steam cloud, steam leaderboards, dualshock 4 support for pc, leveling up, character select screen, mouse, upgradeable weapons, skeletons, rat, potion, fusion, laser, item combination, poisoning, status effects, controller support, increasing difficulty, roguelite, bug, adjustable difficulty, bossfight, mushroom, puns, bosses, crt filter, farm, lava, health, merge, monster, survival shooter, desert, steam families, money, horde survival, cloud saves, dualsense support for pc, upgrades, gold, nextfest june 2025","Devolver Digital, Kenny Sun",Bird view / Isometric,Single player
Stackmancy,2025-10-13,,"Strategy, Indie, Card & Board Game",PC (Microsoft Windows),Fantasy,"fast paced, steam achievements, steam cloud, elementals, roguelite, nextfest june 2025",Quirky Duck Studios,,Single player
Qubicks,2025-10-11,,"Strategy, Indie",PC (Microsoft Windows),,"tower defense, procedurally generated, steam cloud, roguelite, nextfest june 2025",,Bird view / Isometric,Single player
Dicealot,2025-10-09,,"Strategy, Indie, Card & Board Game",PC (Microsoft Windows),"Historical, Comedy","casual, knights, medieval, king arthur, roguelike, female protagonist, dice, roguelite, deck-building, crt filter","goodviewgames, Yogscast Games",Bird view / Isometric,Single player
Irian: City of Ruin,2025-10-08,,Indie,PC (Microsoft Windows),Action,"roguelike, female protagonist, free-to-play",Team.RPACA,Third person,Single player
Ricave,2025-10-07,,"Role-playing (RPG), Strategy, Adventure, Indie","Linux, PC (Microsoft Windows), Mac",,"turn-based, roguelike, dungeon crawling, dungeon crawler, turn-based combat, turn-based rpg",,First person,Single player
Lethal Honor: Order of the Apocalypse,2025-10-07,,"Hack and slash/Beat 'em up, Adventure, Indie","Xbox Series X|S, PC (Microsoft Windows), PlayStation 5, Nintendo Switch",Action,"dystopian, dark fantasy, dungeon crawler, story rich, hand-drawn, comic book, cartoony, roguelite","Viral Studios, HandyGames",Bird view / Isometric,Single player
Caveman Caravan,2025-10-06,,"Puzzle, Strategy, Indie","Linux, PC (Microsoft Windows), Mac",,"retro, roguelike, caveman, prehistoric, pixel art, pixel graphics, steam achievements, steam cloud, deliberately retro, controller support, accessibility options, steam families, color alternatives, playable without timed input, custom volume controls",Snaggleteeth Software,"Bird view / Isometric, Side view",Single player
Daimon Blades,2025-10-06,,Role-playing (RPG),PC (Microsoft Windows),"Action, Fantasy","bloody, roguelike, crafting, dark fantasy, gore, boss fight, leveling up, adjustable difficulty, accessibility options, playable without timed input, stereo sound, custom volume controls, camera comfort, surround sound",Streum On Studio,First person,"Single player, Multiplayer, Co-operative"
Domain of Hallucination,2025-10-02,,Indie,"Linux, PC (Microsoft Windows)","Action, Fantasy, Survival","bullet hell, pixel art, pixel graphics, steam achievements, steam cloud, roguelite, bullet heaven, steam families",,Bird view / Isometric,Single player
Darkest Descent,2025-09-29,,"Role-playing (RPG), Strategy, Indie",PC (Microsoft Windows),Fantasy,"turn-based, roguelike, steam achievements",camphii_,,"Single player, Multiplayer, Co-operative"
Unyielder,2025-09-29,,Shooter,"Linux, PC (Microsoft Windows)",Action,"roguelite, boss rush","Shueisha Games, TrueWorld Studios",First person,Single player
Potatogeddon,2025-09-26,,"Shooter, Adventure",PC (Microsoft Windows),Action,"roguelike, action roguelike",,First person,"Single player, Multiplayer, Co-operative"
Heavenshatter,2025-09-26,,Adventure,PC (Microsoft Windows),Action,"retro, dark, roguelike, old school, low-poly, deliberately retro",Raifu,First person,Single player
Cloverpit,2025-09-26,81.7,"Simulator, Strategy, Indie, Arcade, Card & Board Game","Xbox Series X|S, Xbox, Android, PC (Microsoft Windows), iOS, Xbox One","Action, Horror, Comedy","roguelike, slot machine, gambling, mild horror, roguelite, nextfest june 2025, available on - xbox gamepass, mobile games","Panik Arcade, Future Friends Games",First person,Single player
Holy Shot,2025-09-26,,"Shooter, Platform, Adventure, Indie","Linux, PC (Microsoft Windows), Mac",Action,roguelike,LoneWolf Digital Arts,Bird view / Isometric,Single player
Atelier Resleriana: The Red Alchemist & The White Guardian,2025-09-26,,"Role-playing (RPG), Adventure","PlayStation 4, PC (Microsoft Windows), PlayStation 5, Nintendo Switch","Fantasy, Comedy","crafting, jrpg, upgradable equipment, alchemy, randomly generated dungeons, roguelite, turn-based rpg, shop keeper","Team NINJA, Koei Tecmo, Gust",Third person,Single player
Western Death,2025-09-26,,"Role-playing (RPG), Adventure, Indie","Linux, PC (Microsoft Windows)","Action, Fantasy","western, roguelike, wild west, dungeon crawling, pixel art, dungeon crawler, single-player only, bounty hunting",Myzieks,Bird view / Isometric,Single player
A Flame in the Dark,2025-09-25,,Indie,PC (Microsoft Windows),,"roguelike, nextfest june 2025",,Third person,Single player
Hades II,2025-09-25,89.7,"Role-playing (RPG), Hack and slash/Beat 'em up, Adventure, Indie","Xbox Series X|S, Nintendo Switch 2, PC (Microsoft Windows), PlayStation 5, Mac, Nintendo Switch","Action, Fantasy","greek mythology, roguelike, fast paced, dark fantasy, procedural generation, difficult, hand-to-hand combat, supernatural, stylized, multiple endings, combat, dungeon crawler, story rich, boss fight, loot gathering, skill tree, narrative, roguelite, weapons, action roguelike",Supergiant Games,Bird view / Isometric,Single player
Match Shot Chimera,2025-09-24,,"Shooter, Puzzle, Arcade","Linux, PC (Microsoft Windows), Mac",Action,"match 3, shmup, bullet hell, arcade shooter, steam cloud, roguelite",Floating Island Games,Bird view / Isometric,Single player
Triumvora,2025-09-24,,"Role-playing (RPG), Simulator, Hack and slash/Beat 'em up, Indie",PC (Microsoft Windows),"Action, Survival","post-apocalyptic, physics, procedural generation, animal protagonist, nature, surreal, roguelite, nextfest june 2025",Bliss by Bits,Third person,Single player
The Spiral,2025-09-24,,"Adventure, Indie","Linux, PC (Microsoft Windows)","Action, Fantasy","roguelike, dungeon crawler, steam achievements, steam cloud, controller support, dungeon, nextfest february 2025",The New Bit,First person,Single player
Sworn,2025-09-23,76.9,"Role-playing (RPG), Adventure, Indie","Xbox Series X|S, PC (Microsoft Windows), PlayStation 5, Nintendo Switch","Action, Fantasy, Historical","king arthur, roguelike, mythology, 4 player co-op, camelot, merlin, grail","Windwalk Games, Team17 Digital",Bird view / Isometric,"Single player, Multiplayer, Co-operative"
Granvir,2025-09-23,,"Shooter, Turn-based strategy (TBS), Indie","Linux, PC (Microsoft Windows)","Action, Science fiction","mech, 3d, 2d, squad based, resource management, swordplay, mission based, campaign, building, dynamic world, upgrade, demo, atmospheric, combat, economy, melee combat, scavenging, team-based, builder, unlockable items, nostalgia, pilot, time management, co-op campaign, explosion, customization, world map, shopping, upgradeable weapons, loot gathering, gun, unlockables, vehicle customization, melee, level select map, difficulty level, squad, guerilla warfare, squad based shooter, optional objective, minimalistic graphics, teamwork, roguelite, action combat, sword fighting, sword fight, free demo, looter, looter shooter, multiple routes, customize, solo mode, prologue, extraction, ranged combat, cannon, extraction shooter, loot, time, mechs, upgrades, spear, scythe, repair, flame thrower, rocket","Airborne Games, GIGATANK 3000",Third person,"Single player, Multiplayer, Co-operative"
Stash: A Card Looter,2025-09-22,,"Strategy, Card & Board Game",PC (Microsoft Windows),Fantasy,"card based combat, roguelite, looter, autobattler",WheeGaming,Auditory,"Single player, Multiplayer"
Deadly Days: Roadtrip,2025-09-22,,"Hack and slash/Beat 'em up, Indie",PC (Microsoft Windows),"Action, Survival","roguelike, inventory management, roguelite, zombie apocalypse, roadtrip, action roguelike, nextfest june 2025",Pixelsplit,Bird view / Isometric,Single player
Northwind,2025-09-22,,"Strategy, Turn-based strategy (TBS), Indie, Card & Board Game",PC (Microsoft Windows),Fantasy,"2d, roguelike, roguelite, collecting card game - ccg, deck-building, roguelike deckbuilder, ai-generated concepts",Barking Kitten Interactive,Side view,Single player
Towa and the Guardians of the Sacred Tree: Deluxe Edition,2025-09-19,,"Role-playing (RPG), Adventure","Xbox Series X|S, PC (Microsoft Windows), PlayStation 5, Nintendo Switch",Action,roguelite,"Bandai Namco Entertainment, Brownies",Bird view / Isometric,"Single player, Multiplayer, Co-operative, Split screen"
Lighthouse of the Souls,2025-09-19,,Indie,PC (Microsoft Windows),Action,"supernatural, roguelite",,Third person,"Single player, Multiplayer, Co-operative"
Folly Of The Wizards,2025-09-19,,"Platform, Adventure, Indie","Xbox Series X|S, PlayStation 4, PC (Microsoft Windows), PlayStation 5, Xbox One, Nintendo Switch","Action, Fantasy","wizards, magic, roguelike, dungeon crawler, action roguelike","Numskull Games, Pocket Sized Hands",,Single player
"Don't Die, Collect Loot",2025-09-19,,"Role-playing (RPG), Hack and slash/Beat 'em up, Adventure",PC (Microsoft Windows),Action,"bullet hell, roguelite",indie.io,Bird view / Isometric,Single player
Megabonk,2025-09-18,80.9,Indie,"Linux, PC (Microsoft Windows)","Action, Survival","monsters, knights, retro, sword, 3d, insects, resource management, giant monsters, skeleton, leveling, achievements, upgrade, fox, giant insects, low-poly, unlockable items, memes, global leaderboards, boss fight, steam achievements, timer, xbox controller support for pc, steam cloud, steam leaderboards, anthropomorphism, monkey, countdown timer, dualshock 4 support for pc, leveling up, character select screen, polygonal 3d, bow and arrow, pop culture reference, skeletons, game reference, resource gathering, internet culture reference, leaderboard, scorpion, horde, controller support, increasing difficulty, roguelite, egyptian mythology, fruits, retro graphics, unlockable characters, bossfight, bullet heaven, reference to other games, steam deck, action roguelike, boomerang, health, monster, desert, steam families, money, steam timeline, meme, horde survival, cloud saves, dualsense support for pc, upgrades, gold, nextfest february 2025, playable without timed input, stereo sound, camera comfort, surround sound",Vedinad,Third person,Single player
Thousands of Heroes,2025-09-18,,"Role-playing (RPG), Indie","PC (Microsoft Windows), Mac",Action,"roguelike, inventory management",radiuthree,Bird view / Isometric,"Single player, Multiplayer, Co-operative"
Evercore Heroes: Ascension,2025-09-18,,"Role-playing (RPG), Adventure, Indie",PC (Microsoft Windows),"Action, Fantasy, Science fiction","roguelike, roguelite",,Bird view / Isometric,"Single player, Multiplayer, Co-operative"
Race Jam,2025-09-17,,"Racing, Sport, Arcade",PC (Microsoft Windows),Action,"1990's, controller recommendation, upgradeable vehicles, police chase, controller support, roguelite, stunts, nextfest june 2025",,"First person, Third person","Single player, Multiplayer, Split screen"
ShapeHero Factory,2025-09-17,,"Puzzle, Simulator, Strategy, Indie","PC (Microsoft Windows), PlayStation 5, Mac, Nintendo Switch",,"tower defense, automation, roguelite",Asobism,,Single player
Deep Rock Galactic: Survivor,2025-09-17,72.4,Shooter,"Xbox Series X|S, Android, PC (Microsoft Windows), iOS","Action, Science fiction, Survival","bullet hell, pve, steam trading cards, steam achievements, xbox controller support for pc, steam cloud, controller support, roguelite, bullet heaven, steam deck, steam families, steam remote play","Funday Games, Ghost Ship Publishing",Bird view / Isometric,Single player
Skull8,2025-09-15,,Adventure,PC (Microsoft Windows),Fantasy,"procedurally generated, score attack, dungeon crawler, free-to-play, steam cloud, steam leaderboards, controller support, roguelite, crt filter, playable without timed input",Piuto Games,Bird view / Isometric,Single player
Chemical Combat,2025-09-15,,"Shooter, Strategy, Indie","Linux, PC (Microsoft Windows), Mac","Action, Science fiction","roguelike, procedurally generated, chemistry, dungeon crawler, roguelite",SigmoidDev,Bird view / Isometric,Single player
Piñata Go Boom,2025-09-15,,"Simulator, Strategy, Indie, Arcade","Linux, PC (Microsoft Windows)","Comedy, Business","dungeon crawling, clicker, relaxing, skill tree, idle game, roguelite, incremental game, loot, upgrades, prestige, upgrade tree",tissue inu,Bird view / Isometric,Single player
Watchword,2025-09-15,,"Strategy, Turn-based strategy (TBS), Indie, Card & Board Game","Linux, PC (Microsoft Windows), Mac",Fantasy,"casual, roguelike, permadeath, word game, roguelite, cozy, roguelike deckbuilder, deckbuilder, spelling, nextfest june 2025",Big Quail Games,First person,Single player
Greedland,2025-09-15,,"Shooter, Role-playing (RPG), Adventure, Indie","Xbox Series X|S, PC (Microsoft Windows), PlayStation 5, Nintendo Switch","Action, Science fiction","casual, shoot 'em up, roguelike, shmup, bullet hell, mecha, score attack, roguelite","VaMP He, Gamersky Games, E-Home Entertainment, 2P Games",Bird view / Isometric,"Single player, Multiplayer, Co-operative"
RAM: Random Access Mayhem,2025-09-15,,"Shooter, Indie","PC (Microsoft Windows), Mac",Action,roguelike,Xylem Studios,Bird view / Isometric,Single player
Dicey Bugs,2025-09-12,,"Strategy, Turn-based strategy (TBS), Indie","Linux, PC (Microsoft Windows)",Action,"casual, turn-based, roguelike, dice, roguelite, boy x boy romance only, monster tamer, deck-building, turn-based rpg, roguelike deckbuilder, creature collector, deckbuilder, nextfest june 2025",ProdigalSon Games,"Bird view / Isometric, Side view",Single player
Clock Tower Madness,2025-09-11,,"Turn-based strategy (TBS), Indie, Card & Board Game",PC (Microsoft Windows),Action,"roguelite, roguelike deckbuilder, ai-generated coding",agmrk,First person,Single player
Bonelords,2025-09-11,,"Role-playing (RPG), Strategy, Adventure, Indie, Arcade",PC (Microsoft Windows),"Action, Fantasy","knights, wizards, character customization, magic, sword, 2d, insects, resource management, archery, leveling, bird, achievements, pve, traps, wall climbing, building, funny, local co-op, live action, local multiplayer, pixel art, pixel graphics, bugs, combat, base building, giant insects, melee combat, base defense, 2d platformer, boss fight, explosion, steam achievements, xbox controller support for pc, split-screen multiplayer, dualshock 4 support for pc, leveling up, voice acting, shopping, bow and arrow, explosives, gun, full motion video, 4 player co-op, resource gathering, melee, grapple, parrying, multiple enemy boss fights, mana, wavedash, remote play, controller support, roguelite, soulslike, bug, pixel art game, bossfight, full voice acting, food, fmv, bombs, ranged combat, health, jumping, axe, desert, steam families, money, spear, explosive, stamina, steam remote play",Z0 Game Studios,Side view,"Single player, Multiplayer, Co-operative"
ChronoForge,2025-09-10,,"Role-playing (RPG), Adventure","Nintendo Switch 2, PC (Microsoft Windows)","Action, Fantasy, Open world","dungeon crawler, roguelite",MintedLoot Studios,,"Multiplayer, Co-operative, Massively Multiplayer Online (MMO)"
The Bleakest Keep,2025-09-10,,"Shooter, Hack and slash/Beat 'em up, Adventure, Indie",PC (Microsoft Windows),"Action, Fantasy, Horror","monsters, knights, bloody, medieval, dark, sword, 3d, roguelike, insects, dark fantasy, archery, shooting, running, witches, achievements, upgrade, atmospheric, bugs, giant insects, castle, melee combat, potions, steam achievements, xbox controller support for pc, steam cloud, throwing weapons, shopping, bow and arrow, upgradeable weapons, gun, sprinting mechanics, ragdoll physics, potion, melee, games with gold, controller support, bug, adult protagonist, dark ambient, coins, ranged combat, action roguelike, health, monster, moon, graveyard, steam families, money, cloud saves, upgrades, gold, dynamic weather, nextfest june 2025, shotgun, stamina",Cache of Bones,Third person,Single player
Machick 2,2025-09-10,,"Puzzle, Role-playing (RPG), Indie",PC (Microsoft Windows),"Action, Fantasy",roguelike,"Nuntius Games, Vsoo Games, DeadPixel",Bird view / Isometric,Single player
Katanaut,2025-09-10,,"Role-playing (RPG), Simulator, Sport, Hack and slash/Beat 'em up, Adventure, Indie",PC (Microsoft Windows),"Action, Fantasy, Horror, Mystery","zombies, post-apocalyptic, exploration, cyberpunk, violence, bloody, space station, dark, skill-based, 2d, roguelike, metroidvania, fast paced, dark fantasy, procedural generation, memory loss, time manipulation, difficult, pixelated, mutants, upgrade, atmospheric, pixel graphics, combat, pixels, procedurally generated, melee combat, cosmic horror, challenging gameplay, exploration driven, violent, synthwave, guns and bullets, horde, branching paths, roguelite, soulslike, challenging, action combat, eldritch horror, roguelike horror, weapons, neon, science-fantasy, skill system, time, skill based game, upgrades",Voidmaw,Side view,Single player
Shape of Dreams,2025-09-10,79.9,"Strategy, Tactical, Hack and slash/Beat 'em up, Adventure, Indie, MOBA",PC (Microsoft Windows),"Action, Fantasy","exploration, monsters, character customization, 3d, skill-based, roguelike, artifacts, squad based, fast paced, procedural generation, difficult, real-time, pve, upgrade, demo, atmospheric, surreal, combat, ability system, procedurally generated, dreams, team-based, dream world, challenging gameplay, colorful, boss fight, anthropomorphism, challenges, customization, non-humanoid protagonist, 4 player co-op, difficulty level, shaky camera, squad, skillshot, fate, memories, teamwork, roguelite, meta, challenging, action combat, free demo, modification, replayability, customize, solo mode, dreamcore, prologue, synergies, bosses, chaos, vibrant, dreamlike, replay value, high fantasy, science-fantasy, skill system, hidden secrets, skill based game, upgrades","Neowiz, Lizard Smoothie",Bird view / Isometric,"Single player, Multiplayer, Co-operative"
9th Sentinel Sisters,2025-09-10,,Indie,PC (Microsoft Windows),Action,"anime, mech, female protagonist, roguelite",Live Wire,Bird view / Isometric,Single player
Lootplot,2025-09-09,,"Strategy, Indie","Linux, PC (Microsoft Windows)",,"cats, pixel graphics, roguelite, synergies",,,Single player
Trainatic,2025-09-08,,"Strategy, Adventure, Indie",PC (Microsoft Windows),,"rail shooter, casual, retro, destruction, 2d, experimental, procedural generation, resource management, trains, management, forest, achievements, on-rails, abstract, upgrade, pixel art, pixel graphics, procedurally generated, clicker, relaxing, upgradable equipment, colorful, industrial, steam achievements, xbox controller support for pc, steam cloud, bullet, dualshock 4 support for pc, upgradeable weapons, gun, armor, resource gathering, fuel management, destructible environment, skill tree, guns and bullets, upgradeable vehicles, railroad simulation, controller support, roguelite, incremental game, pixel art game, idle shooter, idler, rails, idle, health, steam families, cloud saves, dualsense support for pc, quest, upgrades, prestige, nextfest june 2025",Ryan Forrester,Side view,Single player
Evoscape,2025-09-08,,Indie,PC (Microsoft Windows),Action,roguelike,,Bird view / Isometric,Single player
Star Fire: Eternal Cycle,2025-09-08,,"Fighting, Role-playing (RPG), Hack and slash/Beat 'em up, Adventure, Indie, Arcade","Xbox Series X|S, PC (Microsoft Windows), PlayStation 5","Action, Science fiction","roguelike, roguelite, sidescroller",,Side view,Single player
Archive: Zero,2025-09-07,,"Shooter, Indie",PC (Microsoft Windows),"Action, Science fiction","roguelike, bullet hell",TeamRedy,Bird view / Isometric,Single player
The Final Flame,2025-09-01,,"Role-playing (RPG), Hack and slash/Beat 'em up, Indie",PC (Microsoft Windows),"Action, Fantasy","roguelite, vtuber, anime-based playable characters, action roguelike, action-rpg",,Bird view / Isometric,Single player
Overlooting,2025-09-01,,"Role-playing (RPG), Strategy, Adventure",PC (Microsoft Windows),Fantasy,"pixel graphics, inventory management, roguelite",Posing Possums,Side view,Single player
Rogue Labyrinth,2025-09-01,,"Role-playing (RPG), Hack and slash/Beat 'em up, Adventure, Indie","Linux, PC (Microsoft Windows), Mac",Action,"roguelike, narrative-driven, roguelite",Tea Witch Games,Bird view / Isometric,Single player
Chark,2025-08-30,,"Strategy, Turn-based strategy (TBS), Indie, Arcade, Card & Board Game","Web browser, PC (Microsoft Windows)",Action,"chess, roguelike",protzz,,Single player
Nex-Ara,2025-08-30,,"Strategy, Indie","PC (Microsoft Windows), Mac",Science fiction,"roguelike, spaceship, space, pixel art, pixel graphics",Taboozie,,Single player
Dimwood,2025-08-30,,"Puzzle, Strategy, Indie, Card & Board Game","Web browser, PC (Microsoft Windows)",Fantasy,"roguelike, monochrome, pixel art, pixel graphics, controller support, roguelite, deck-building, minimalist, deckbuilder, 1bit, nextfest june 2025",Inkspun,First person,Single player
Remains,2025-08-29,,Adventure,PC (Microsoft Windows),Action,"post-apocalyptic, exploration, casual, 2d, roguelike, procedural generation, permadeath, action-adventure, pixel graphics, free-to-play, 2d platformer, violent, single-player only, rpg elements, indie developer, loot",,Side view,Single player
Slay or Fall,2025-08-28,,"Point-and-click, Puzzle, Simulator, Indie, Visual Novel",PC (Microsoft Windows),Fantasy,"casual, dark, 2d, roguelike, dark fantasy, management",Ostsergey,"Bird view / Isometric, Text",Single player
Rootin' Tootin' Lootin' & Shootin',2025-08-28,,"Strategy, Turn-based strategy (TBS), Indie","PC (Microsoft Windows), Mac","Action, Historical","western, roguelike",Raspberry Jam,Bird view / Isometric,Single player
From Rust To Ash,2025-08-26,,Strategy,"Web browser, Linux, PC (Microsoft Windows), Mac",Science fiction,"roguelike, autobattler",LokiStriker,Side view,Single player
Midnight at Grimmi's,2025-08-26,,"Strategy, Indie",PC (Microsoft Windows),Action,"roguelike, bullet hell, hand-drawn",José Rosales,Bird view / Isometric,Single player
Kill the Brickman,2025-08-21,,"Strategy, Turn-based strategy (TBS), Indie","Xbox Series X|S, PC (Microsoft Windows)",Action,"casual, roguelike, pixel art, brick breaker, roguelike deckbuilder","Poncle, Doonutsaur",,Single player
Funguys Swarm,2025-08-21,,"Strategy, Adventure, Indie","Xbox Series X|S, PC (Microsoft Windows), PlayStation 5, Nintendo Switch","Action, Survival","bullet hell, pve, increasing difficulty, roguelite",Stairway Games,Bird view / Isometric,Single player
Knightica,2025-08-21,,"Fighting, Strategy, Turn-based strategy (TBS), Tactical, Indie, Arcade","Xbox Series X|S, PlayStation 4, PC (Microsoft Windows), PlayStation 5, Xbox One, Nintendo Switch","Action, Fantasy","roguelike, inventory management, auto battler, autobattler","Goblinz Publishing, Mad Mango Games, WR game",Bird view / Isometric,Single player
Bossfight Tactics,2025-08-20,,"Strategy, Turn-based strategy (TBS), Tactical, Indie",PC (Microsoft Windows),"Fantasy, Survival","roguelike, cute, turn-based tactics, pixel art, tactical turn-based combat",Iterative Interactive,Side view,Single player
Xd1,2025-08-20,,"Platform, Adventure, Indie",PC (Microsoft Windows),"Action, Comedy",roguelike,,Side view,Single player
The Rogue Prince of Persia,2025-08-20,80.1,"Platform, Hack and slash/Beat 'em up, Adventure","Xbox Series X|S, Nintendo Switch 2, PC (Microsoft Windows), PlayStation 5, Nintendo Switch","Action, Fantasy, Historical","roguelike, wall jump, upgradable equipment, bow and arrow, wall run, roguelike platform, rougelite, action roguelike","Ubisoft Entertainment, Evil Empire",Side view,Single player
Bokyaku Zenya,2025-08-19,,"Fighting, Role-playing (RPG), Card & Board Game","Android, PC (Microsoft Windows), iOS","Fantasy, Drama","roguelike, dark fantasy, turn-based rpg, card battler","AltPlus, BI.A.V. Studio","Side view, Text","Single player, Multiplayer"
Void/Breaker,2025-08-19,,"Shooter, Role-playing (RPG), Simulator, Sport, Adventure, Indie","Xbox Series X|S, PC (Microsoft Windows), PlayStation 5",Action,"roguelike, nextfest june 2025","Stubby Games, Playstack",First person,Single player
Stick It to the Stickman,2025-08-18,,"Fighting, Platform, Adventure, Indie","Linux, PC (Microsoft Windows)","Action, Comedy","brawler, roguelite, stick figures, physics-based brawler","Free Lives, Devolver Digital",Side view,"Single player, Multiplayer, Co-operative"
Instant Anastasia,2025-08-16,,Indie,PC (Microsoft Windows),"Action, Horror","roguelite, steam families",727 Not Hound,First person,Single player
Slime Match Adventure,2025-08-15,,"Puzzle, Adventure, Indie","Linux, PC (Microsoft Windows)",Fantasy,"match 3, steam cloud, roguelite, free demo, accessibility options, ai-generated artwork, color alternatives, playable without timed input, mouse only option, custom volume controls",SlothSoft Games,,Single player
Spellcast,2025-08-15,,"Strategy, Card & Board Game",PC (Microsoft Windows),Fantasy,"roguelike, word game, turn-based combat, roguelite, deckbuilder, anagrams, spelling",,,Single player
Beneath The Six,2025-08-14,,"Role-playing (RPG), Strategy, Turn-based strategy (TBS), Adventure","PC (Microsoft Windows), Mac","Action, Fantasy","turn-based, roguelike, procedural generation, dice, hexagon, in-app purchases, hexagon tiles, hex grid, ai-generated voices",Magicave,Bird view / Isometric,"Single player, Multiplayer, Co-operative"
Bird Like,2025-08-14,,"Racing, Strategy, Adventure, Indie",PC (Microsoft Windows),Action,"3d, roguelike, flight",SoftPower,Third person,Single player
Inkshade,2025-08-14,,"Role-playing (RPG), Strategy, Turn-based strategy (TBS), Adventure, Indie",PC (Microsoft Windows),"Horror, Mystery","turn-based tactics, creepy, roguelite, nextfest june 2025",Studio Vezelle,"First person, Bird view / Isometric",Single player
Ovis Loop,2025-08-14,,"Platform, Hack and slash/Beat 'em up, Indie",PC (Microsoft Windows),"Action, Science fiction","2d, roguelike, side-scrolling, pixel graphics, sidescroller, 2d-side-scroller",LIFUEL,Side view,Single player
Metavoidal,2025-08-13,,"Music, Role-playing (RPG), Hack and slash/Beat 'em up, Indie","Xbox Series X|S, PC (Microsoft Windows), Mac","Action, Horror, Comedy, Mystery","zombies, 2d, gothic, old school, brawler, stylized, lovecraftian, pve, atmospheric, pixel art, heavy metal, dungeon crawler, great soundtrack, metagame, controller support, roguelite","Yellow Lab Games, Yellow Lab Games",Bird view / Isometric,Single player
Maid Survivors: Little Angels,2025-08-12,,Indie,PC (Microsoft Windows),Action,"roguelike, roguelite, anime-based playable characters, suvivorslike",MilkEmpire,,Single player
Mirror Throne: Auto Battler,2025-08-12,,"Strategy, Indie",PC (Microsoft Windows),Fantasy,"casual, procedural generation, bards, jester, roguelite, synergies, autobattler, harpoon, nextfest june 2025",Cottage Street Interactive,Side view,"Single player, Multiplayer"
Abyssus,2025-08-12,79.6,"Shooter, Adventure, Indie",PC (Microsoft Windows),Action,"pve, roguelite, online coop","DoubleMoose Games, The Arcade Crew",First person,"Single player, Multiplayer, Co-operative"
Neon Spellstorm,2025-08-11,,"Role-playing (RPG), Hack and slash/Beat 'em up, Indie","Linux, PC (Microsoft Windows), Mac","Action, Fantasy","roguelite, bullet heaven, action roguelike",TopCog,Bird view / Isometric,Single player
Passant: A Chess Roguelike,2025-08-11,,"Strategy, Turn-based strategy (TBS), Indie",PC (Microsoft Windows),,"casual, 3d, chess, roguelike, pve, turn-based tactics, tabletop, deck-building, logic",Marc Makes Games,,Single player
Deadzone: Rogue,2025-08-11,68.6,Shooter,"Xbox Series X|S, Nintendo Switch 2, PC (Microsoft Windows), PlayStation 5","Action, Science fiction, Thriller","roguelike, roguelite, action roguelike",Prophecy Games,First person,"Single player, Multiplayer, Co-operative"
Maze Estate Escape,2025-08-09,,"Indie, Arcade",PC (Microsoft Windows),Action,"pixel graphics, roguelite, collectathon",Gibbous Pig Games,,"Single player, Multiplayer, Co-operative, Split screen"
Rogue Hex,2025-08-09,,"Simulator, Strategy, Turn-based strategy (TBS), Indie, Card & Board Game","Linux, PC (Microsoft Windows)","Historical, 4X (explore, expand, exploit, and exterminate)","roguelike, steam trading cards, steam achievements, steam cloud, roguelite, deck-building, steam deck, ai-generated artwork, steam families",Topstitch Games,Bird view / Isometric,Single player
Noir Lords,2025-08-08,,"Strategy, Turn-based strategy (TBS), Indie",PC (Microsoft Windows),,"casual, roguelite, roguelike deckbuilder, ai-generated artwork, ai-generated voices, card battler, ai-generated text, ai-generated marketing",,First person,Single player
Drop Pockets,2025-08-08,,"Sport, Strategy, Indie","Linux, PC (Microsoft Windows)",,"pool, roguelike, billiards",,,Single player
CleanFall,2025-08-08,,Strategy,PC (Microsoft Windows),"Action, Horror, Survival, Open world","tower defense, roguelike",,Side view,Single player
The Royal Writ,2025-08-07,,"Strategy, Card & Board Game",PC (Microsoft Windows),Fantasy,"roguelike, roguelike deckbuilder, deckbuilder, nextfest june 2025, medieval fantasy","Yogscast Games, Save Sloth Studios",,Single player
Bang Bang Barrage,2025-08-07,,"Shooter, Adventure, Indie, Arcade","PC (Microsoft Windows), Mac","Action, Survival, Comedy","roguelike, cute, local co-op, fastpace",Spiral Up Games,,"Single player, Multiplayer, Co-operative"
Paper Animal Adventure,2025-08-07,,"Role-playing (RPG), Tactical, Adventure, Indie","Xbox Series X|S, PlayStation 4, PC (Microsoft Windows), PlayStation 5, Xbox One, Nintendo Switch",Fantasy,"exploration, roguelike, grid-based movement, dungeon crawler, crowdfunding - kickstarter, family friendly, controller support","Cuddling Raccoons Studio, Top Hat Studios",Bird view / Isometric,Single player
Beasts of Fortune,2025-08-06,,"Strategy, Indie",PC (Microsoft Windows),"Fantasy, Open world","roguelike, procedural generation, auto battler",Iron Boar Labs,Bird view / Isometric,Single player
Gigantes Ex Machina,2025-08-05,,"Shooter, Simulator, Indie",PC (Microsoft Windows),"Action, Science fiction","anime, mecha, xbox controller support for pc, roguelite, ai-generated artwork",AcrylByte,Bird view / Isometric,Single player
Metamancer,2025-08-04,,Role-playing (RPG),PC (Microsoft Windows),Action,"character customization, roguelike, procedural generation, unique art style, controller support, multiple factions",Colter Grant Robinson,Bird view / Isometric,Single player
Cursed by Feedback,2025-08-03,,Indie,Web browser,"Action, Comedy","pixel graphics, game jam, roguelite, gmtk game jam 2025",Dhansugui,Bird view / Isometric,Single player
Draftula,2025-08-03,,"Puzzle, Strategy, Indie","Web browser, PC (Microsoft Windows)",,"game jam, castle, roguelite, gmtk game jam 2025",Joespacio,Side view,Single player
Bootloop,2025-08-03,,"Indie, Arcade","Web browser, PC (Microsoft Windows)",Action,"roguelike, game jam, loops, gmtk game jam 2025",Cruise Elroy,Bird view / Isometric,Single player
Blackrock,2025-08-01,,"Real Time Strategy (RTS), Strategy, Hack and slash/Beat 'em up, Arcade",PC (Microsoft Windows),"Action, Warfare","tower defense, 2d, roguelike",Cavedwarf Studios,Bird view / Isometric,Single player
Harem of Gods,2025-08-01,,"Shooter, Role-playing (RPG), Indie",PC (Microsoft Windows),"Action, Fantasy, Survival, Erotic","anime, casual, 2d, roguelike, dark fantasy, bullet hell, nudity, nsfw, sexual content, steam achievements, roguelite, male protagonist, adult content, action roguelike",Sweet Cakes Games,Bird view / Isometric,Single player
Gatekeeper,2025-08-01,,"Shooter, Adventure, Indie",PC (Microsoft Windows),Action,"bullet hell, multiple endings, pve, roguelite, online coop","Gravity Lagoon, HypeTrain Digital","Third person, Bird view / Isometric","Single player, Multiplayer, Co-operative"
Panta Rhei,2025-07-31,,"Adventure, Indie","Linux, PC (Microsoft Windows), Mac","Action, Fantasy","time travel, 3d, roguelike, melee combat, timer, roguelite",reignite games,Third person,Single player
Fox XII,2025-07-30,,"Shooter, Role-playing (RPG), Adventure, Indie",PC (Microsoft Windows),Action,"casual, roguelike, procedural generation, arpg",Corn Kernel,"Third person, Bird view / Isometric",Single player
Hex Blast,2025-07-30,,"Strategy, Turn-based strategy (TBS)",PC (Microsoft Windows),,"turn-based, roguelike, steam cloud, deck-building, roguelike deckbuilder, hex grid, deckbuilder, nextfest june 2025",Soy Boy Games,,Single player
Achilles: Survivor,2025-07-28,,"Fighting, Hack and slash/Beat 'em up, Adventure, Indie","Xbox Series X|S, PlayStation 4, PC (Microsoft Windows), PlayStation 5, Xbox One, Nintendo Switch","Action, Historical, Warfare","roguelike, bullet hell, mythology, steam trading cards, steam achievements, xbox controller support for pc, steam cloud, controller support, bullet heaven, steam deck, steam families, available on - blacknut",Dark Point Games,Bird view / Isometric,Single player
Rogumon,2025-07-25,,"Role-playing (RPG), Indie","Linux, PC (Microsoft Windows), Mac",Fantasy,"procedural generation, multiple endings, turn-based combat, steam cloud, roguelite, afterlife, creature collector, nextfest june 2025",,Side view,Single player
Prison Escape Simulator: Dig Out,2025-07-25,,"Simulator, Adventure, Indie","PC (Microsoft Windows), PlayStation 5, Mac",Action,"helicopter, life simulation, basketball, cars, 3d, physics, police, voxel, resource management, slot machine, exercise, gambling, driving, management, trading, achievements, time limit, upgrade, crime, drifting, climbing, realistic, day/night cycle, inventory management, upgradable equipment, navigation, time management, explosion, steam achievements, timer, xbox controller support for pc, dualshock 4 support for pc, explosives, resource gathering, vending machine interaction, invisible wall, sleeping, escaping imprisonment, negotiation, soft reset, controller support, vehicles, roguelite, escape game, islands, underground, ai-generated artwork, food, bombs, coins, decorate, digging, buy and sell, lighthouse, sewer, immersive sim, dirt, steam families, money, imprisoned, time, dualsense support for pc, quest, upgrades, letters, decorating, explosive, cave, stamina, prison","Digital Melody, PlayWay S.A.",First person,Single player
Pip My Dice,2025-07-25,,"Strategy, Indie, Card & Board Game","Linux, PC (Microsoft Windows)",,"roguelike, dice, score attack, steam achievements, steam cloud, steam leaderboards, highscore, dice game, steam families",,,Single player
Secret Seeker,2025-07-23,,Adventure,PC (Microsoft Windows),"Action, Horror","steam cloud, steam leaderboards, roguelite, ai-generated voices, ai-generated text, ai-generated marketing, nextfest june 2025",Radikate,First person,Single player
Gotchi Guardians,2025-07-22,,"Real Time Strategy (RTS), Strategy, Tactical, Indie, MOBA","Web browser, PC (Microsoft Windows), Mac","Action, Fantasy, Survival","tower defense, roguelike, blockchain, crypto, nft",Pixelcraft Studios,"Third person, Bird view / Isometric","Single player, Multiplayer, Battle Royale"
RogueCraft,2025-07-22,,"Strategy, Indie",PC (Microsoft Windows),"Action, Fantasy","tower defense, pixel graphics, roguelite, replay value, merge game, ai-generated translations",CraftCoreGames,Bird view / Isometric,Single player
Hell Clock,2025-07-22,86.7,"Role-playing (RPG), Indie","Xbox Series X|S, PC (Microsoft Windows), PlayStation 5","Action, Fantasy","roguelike, dungeon crawling, based on - true story, arpg, nextfest june 2025","Rogue Snail, Mad Mushroom Publishing",Bird view / Isometric,Single player
Steve's Warehouse: Physics. Roguelike. Chaos.,2025-07-22,,"Strategy, Indie",PC (Microsoft Windows),,"physics, roguelike, deck-building, roguelike deckbuilder",,,Single player
UnderMine 2,2025-07-22,,"Role-playing (RPG), Adventure, Indie",PC (Microsoft Windows),"Action, Fantasy","assassin, monsters, 2d, insects, skeleton, bird, teleportation, giant insects, melee combat, mining, dungeon crawler, explosion, throwing weapons, spider, steam workshop, shopping, explosives, skeletons, rat, melee, shielded enemies, jellyfish, merchants, mod support, branching paths, roguelite, unlockable characters, underground, food, bombs, ranged combat, action roguelike, bouncing, shield, health, monster, spiders, gold, explosive, nextfest june 2025, cave, knife",Thorium,Bird view / Isometric,"Single player, Multiplayer, Co-operative"
Killbeat,2025-07-21,,"Shooter, Music, Adventure, Indie","Linux, PC (Microsoft Windows)",Action,"roguelike, music and rhythm, roguelite, rhythm game, action roguelike, nextfest june 2025",Kalma Games,Bird view / Isometric,Single player
The King is Watching,2025-07-21,65.3,"Strategy, Indie",PC (Microsoft Windows),"Fantasy, Historical","roguelike, dark fantasy, resource management, pixel art, steam achievements, steam cloud, steam families, nextfest february 2025","tinyBuild, Hypnohead",Bird view / Isometric,Single player
Bulletploop,2025-07-20,,"Shooter, Indie","Android, PC (Microsoft Windows)",,"roguelike, shmup, 2d platformer, action roguelike",3emad0,Side view,
The Showdown: Gorilla vs 100,2025-07-18,,,PC (Microsoft Windows),"Action, Comedy","brawler, ragdoll physics, roguelite, action roguelike",,Third person,"Single player, Multiplayer"
Sea of Dreams Survivors,2025-07-17,,"Role-playing (RPG), Adventure, Indie, Arcade",PC (Microsoft Windows),"Action, Horror, Survival","bullet hell, roguelite, roguelike horror, horde survival",Dezeiraud Games,Bird view / Isometric,Single player
Imaginytes,2025-07-17,,"Role-playing (RPG), Strategy, Adventure, Indie","PC (Microsoft Windows), Mac",Fantasy,"tower defense, roguelike, roguelite, deck-building, roguelike deckbuilder, hex grid, creature collector, card battler",Egome Games,Bird view / Isometric,Single player
Drill Core,2025-07-17,,"Strategy, Indie","PC (Microsoft Windows), Nintendo Switch","Science fiction, Sandbox","roguelike, mining, steam achievements, xbox controller support for pc, steam cloud, controller support, colony simulator, steam deck, digging, steam families","tinyBuild, Hungry Couch Games",Side view,Single player
The Wandering Village,2025-07-17,70.4,"Simulator, Strategy, Indie","Xbox Series X|S, PlayStation 4, Linux, PC (Microsoft Windows), PlayStation 5, Mac, Xbox One, Nintendo Switch","Fantasy, Science fiction, Survival","post-apocalyptic, god game, roguelike, village, steam trading cards, base building, city builder, steam achievements, xbox controller support for pc, steam cloud, controller support, steam deck, steam families",Stray Fawn Studio,Bird view / Isometric,Single player
Lord O' Pirates,2025-07-16,,"Adventure, Indie",PC (Microsoft Windows),"Action, Warfare","sailing, roguelite, pirate, action roguelite","One Flow Man, Treestyle Studios",Bird view / Isometric,Single player
Worship,2025-07-16,,"Strategy, Adventure, Indie",PC (Microsoft Windows),"Action, Fantasy","dark humor, crowdfunding - kickstarter, cult, roguelite",Chasing Rats Games,Bird view / Isometric,"Single player, Multiplayer, Co-operative"
Crypt Keeper,2025-07-15,,"Strategy, Indie",PC (Microsoft Windows),"Action, Fantasy","tower defense, roguelike, cartoon graphics, base building, base defense, roguelite, action roguelike, isometric",Viron Games,Bird view / Isometric,Single player
Becoming Saint,2025-07-15,,"Real Time Strategy (RTS), Simulator, Strategy, Indie","Linux, PC (Microsoft Windows), Mac",Historical,"roguelike, steam achievements, steam cloud, political, steam families","Firesquid, Open Lab Games",Bird view / Isometric,Single player
Lost in Prayer,2025-07-15,,"Role-playing (RPG), Strategy, Tactical, Adventure",PC (Microsoft Windows),Fantasy,"roguelike, dark fantasy, permadeath, dungeon crawling, dungeon crawler, traditional roguelike","Nine Dots Studio, Nine Dots Publishing",,Single player
KindFolx,2025-07-15,,"Adventure, Indie, Card & Board Game","PC (Microsoft Windows), Mac","Action, Fantasy, Comedy","2d, roguelike, permadeath, dungeon crawler, crowdfunding - kickstarter","Tristan Barona, Taco Pizza Cat Games",Bird view / Isometric,Single player
Astro Prospector,2025-07-14,,"Simulator, Strategy, Arcade","Web browser, PC (Microsoft Windows)","Action, Science fiction","casual, retro, space mining, 2d, roguelike, upgradable weapons, resource management, bullet hell, space, management, achievements, upgrade, asteroids, pixel art, pixel graphics, clicker, relaxing, mining, upgradable equipment, time management, boss fight, explosion, steam achievements, xbox controller support for pc, steam cloud, bullet, dualshock 4 support for pc, explosives, upgradeable weapons, resource gathering, laser, skill tree, multiple enemy boss fights, tech trees, comic book cutscene, upgradeable vehicles, achievements for starting the game, controller support, mouse only, incremental game, pixel art game, bossfight, bosses, food, missiles, bombs, action roguelike, comic strip, coffee, idle, hearts, one button game, steam families, spaceships, incremental, dualsense support for pc, no ai, quest, upgrades",Incrementalist,Bird view / Isometric,Single player
Merge Coin: Mai,2025-07-11,,Strategy,"PC (Microsoft Windows), Mac",,"roguelike, sokoban-like, ai-generated coding, puzzles, ai-generated concepts",,Bird view / Isometric,Single player
Cataclysm: The Last Generation,2025-07-11,,"Role-playing (RPG), Simulator, Adventure","Linux, PC (Microsoft Windows)",,"roguelike, traditional roguelike",Worm Girl,Bird view / Isometric,Single player
Death Ring: Second Impact,2025-07-11,,Strategy,PC (Microsoft Windows),Science fiction,"character customization, turn-based, robots, giant monsters, mutants, mecha, turn-based tactics, combat, roguelite, nextfest february 2025",,Bird view / Isometric,Single player
Maze Mice,2025-07-11,,"Indie, Arcade","Linux, Android, PC (Microsoft Windows), iOS, Mac",Action,"retro, cats, time manipulation, bullet time, roguelite, bullet heaven, mice, maze chase, action roguelike",TrampolineTales,Bird view / Isometric,Single player
Aurora Defense,2025-07-11,,"Strategy, Indie",PC (Microsoft Windows),Fantasy,"tower defense, base building, roguelite, roguelike deckbuilder, replayability, deckbuilder, autobattler",Moka Games,Bird view / Isometric,Single player
Striving for Light,2025-07-11,,"Hack and slash/Beat 'em up, Adventure, Indie","Linux, PC (Microsoft Windows)","Action, Sandbox, Mystery","roguelite, arpg, action-rpg",,Bird view / Isometric,"Single player, Multiplayer, Co-operative"
Is this a Game yet?,2025-07-10,,"Indie, Arcade",PC (Microsoft Windows),Sandbox,"experimental, roguelike, choose your own adventure, high score, score attack, experimental game, meaningful choices, community driven",,"Text, Auditory","Single player, Co-operative"
M.O.O.D.S.,2025-07-10,,"Shooter, Role-playing (RPG), Adventure, Indie",PC (Microsoft Windows),"Action, Science fiction, Survival, Comedy","roguelike, robots, demo, roguelite, twin stick, free demo, action roguelike","StickyStoneStudio, Erabit Studios",Bird view / Isometric,"Single player, Multiplayer, Co-operative, Split screen"
S.R.A,2025-07-08,,"Shooter, Arcade",PC (Microsoft Windows),Action,"roguelike, bullet hell",,Bird view / Isometric,Single player
Goblin Village,2025-07-08,,"Role-playing (RPG), Simulator, Adventure, Indie, Arcade",Playdate,Survival,"roguelike, resource management, management, village, trading, story rich, cat, goblins, unlockables, resource gathering, tribe, settlement building, roguelite, unlockable characters, playdate catalog, food, 1bit, crank controls",,Text,Single player
Vengeance,2025-07-05,,"Shooter, Indie, Arcade",PC (Microsoft Windows),"Action, Science fiction","2d, roguelike, bullet hell, action roguelike",AdeniumGames,Bird view / Isometric,Single player
Fool King,2025-07-04,,"Strategy, Tactical, Indie","PC (Microsoft Windows), Mac",Fantasy,"medieval, roguelike, pvp, dice, deck-building, auto battler, asynchronous multiplayer",Loot Donkey,Bird view / Isometric,Multiplayer
Deck Defense,2025-07-04,,"Strategy, Indie",PC (Microsoft Windows),,"tower defense, casual, roguelike, single-player only, roguelite, deck-building, cards",,Bird view / Isometric,Single player
Novel Rogue,2025-07-03,,"Role-playing (RPG), Strategy, Adventure, Card & Board Game","PlayStation 4, PlayStation 5, Nintendo Switch",,roguelite,Kemco,,Single player
Voden's Job,2025-07-02,,"Strategy, Indie, Card & Board Game","Linux, PC (Microsoft Windows)",Science fiction,"mutation, pixel art, steam achievements, steam cloud, controller support, roguelite, deck-building",Intrugli Games,,Single player
75 Demons,2025-06-30,,"Strategy, Turn-based strategy (TBS), Indie, Card & Board Game",PC (Microsoft Windows),Fantasy,"roguelike, demons, pixel graphics, steam achievements, steam cloud, demon hunter, deck-building, steam families",Noknadiv,,Single player
Meow Tower: Doomsguard,2025-06-29,,"Role-playing (RPG), Simulator, Strategy, Indie",PC (Microsoft Windows),,"cats, roguelite",,,Single player
The Mindvasion,2025-06-26,,Indie,PC (Microsoft Windows),"Action, Survival","casual, bullet hell, pixel art, pixel graphics, steam achievements, roguelite, action roguelike, steam families, nextfest june 2025",Mastodonte,Bird view / Isometric,Single player
WASD Wizard,2025-06-25,,"Real Time Strategy (RTS), Indie",Web browser,Fantasy,"tower defense, wizards, roguelike, upgrade, bats, wizardry, bat, spellcaster, poisoning, spell caster, free, spells, upgrades, keyboard only option",XeAnDev,Bird view / Isometric,Single player
Sector Force,2025-06-25,73.3,"Shooter, Indie, Arcade","Web browser, PlayStation 4, PC (Microsoft Windows), PlayStation 5, Nintendo Switch","Action, Science fiction",roguelike,"y-zo studio, Hyperreality Entertainment, y-zo studio, y-zo studio, Hyperreality Entertainment, Brainium Games",Bird view / Isometric,Single player
Echoes of Spellcraft,2025-06-24,,"Strategy, Indie, Card & Board Game",PC (Microsoft Windows),Fantasy,"casual, roguelike, pixel art, pixel graphics, steam achievements, steam cloud, spellcaster, deck-building, roguelike deckbuilder, card battler, steam families",Fossil Circuit,Bird view / Isometric,Single player
Zombie Rollerz: The Last Ship,2025-06-24,,"Strategy, Adventure, Indie, Arcade","PC (Microsoft Windows), Nintendo Switch",Action,"zombies, tower defense, roguelite",Zing Games Inc.,Bird view / Isometric,Single player
Shuffle Tactics,2025-06-24,,"Role-playing (RPG), Turn-based strategy (TBS), Tactical, Card & Board Game",PC (Microsoft Windows),Fantasy,roguelike,"Club Sandwich, The Arcade Crew",Bird view / Isometric,Single player
Rentlord,2025-06-23,,"Simulator, Strategy, Indie","Linux, PC (Microsoft Windows), Mac",Business,"resource management, pixel graphics, capitalism, roguelite, replay value, nextfest june 2025",,,Single player
Wordatro!,2025-06-23,,"Puzzle, Strategy, Turn-based strategy (TBS), Indie",PC (Microsoft Windows),,"roguelike, word game, daily challenge, solo developer, cosy","Abiding Bridge, Le Poulet",Text,Single player
Oxidus Tales,2025-06-19,,"Role-playing (RPG), Strategy, Turn-based strategy (TBS), Indie",PC (Microsoft Windows),Fantasy,"retro, roguelike, old school, pixel graphics, deliberately retro",Mario Aviles,Bird view / Isometric,Single player
Merge Maestro,2025-06-19,,"Strategy, Indie","Android, PC (Microsoft Windows), iOS, Mac",,"steam cloud, emoji, roguelite, merge game, nextfest june 2025",Stingless,,Single player
CatchaDiablos,2025-06-19,,Indie,Playdate,Action,"demon, roguelike, bullet hell, pinball, space, occult, demons, pixel art, pixel graphics, easter egg, teleportation, high score, boss fight, daily challenge, leaderboard, alien languages, demonic protagonist, bossfight, highscore, bosses, 1bit, action roguelike, power-ups, health, moon, hidden secrets, upgrades, playdate season 2, crank controls, collection log","Amano Games, Panic",Bird view / Isometric,Single player
Become The Moon,2025-06-19,,"Strategy, Turn-based strategy (TBS), Indie",PC (Microsoft Windows),Fantasy,"roguelike, roguelite, deck-building, autobattler","Feldspar Games, Alibi Games",Bird view / Isometric,Single player
Autogun Heroes: Supercharged,2025-06-18,,"Shooter, Adventure, Arcade",PC (Microsoft Windows),"Action, Science fiction","aliens, character customization, 2d platformer, roguelite, alien world, rescue mission, retro arcade shooter, sidescroller, nextfest june 2025",Nitro Games,Side view,Single player
Battle Train,2025-06-18,,"Puzzle, Strategy, Tactical, Adventure, Indie, Card & Board Game","PC (Microsoft Windows), Nintendo Switch",,"roguelike, trains, funny, crowdfunding - kickstarter, roguelite, deck-building",Terrible Posture Games,Bird view / Isometric,Single player
Blood Rush,2025-06-18,,"Shooter, Role-playing (RPG), Indie, Arcade",PC (Microsoft Windows),"Action, Fantasy","zombies, hell, roguelike, fast paced, procedural generation, mythology, gods, roguelite, stylish action, weapons, upgrades",maxestla,First person,Single player
Apocalypse Express,2025-06-17,,"Shooter, Strategy, Indie",PC (Microsoft Windows),Action,"rail shooter, vehicular combat, post-apocalyptic, 2d, vehicle simulation, roguelike, resource management, difficult, trains, management, on-rails, upgrade, pixel graphics, combat, upgradable equipment, vehicle combat, xbox controller support for pc, color customization, upgradeable weapons, gun, vehicle customization, resource gathering, upgradeable vehicles, remote play, controller support, roguelite, linear, action roguelike, rails, desert, steam families, top-down, upgrades, nextfest june 2025",Llamaware Studios,Bird view / Isometric,"Single player, Co-operative, Split screen"
Lost in Random: The Eternal Die,2025-06-17,88.2,"Role-playing (RPG), Adventure, Indie","Xbox Series X|S, PC (Microsoft Windows), PlayStation 5, Nintendo Switch","Action, Fantasy","roguelike, controller recommendation, controller support, adjustable difficulty, nextfest february 2025, save anytime","Thunderful Publishing, Stormteller Games",Bird view / Isometric,Single player
Blood Sins,2025-06-17,,"Role-playing (RPG), Adventure, Indie","PC (Microsoft Windows), Mac",Fantasy,"exploration, retro, character customization, 3d, roguelike, procedural generation, multiple endings, dungeon crawling, atmospheric, pixel graphics, inventory management, roguelite, action-rpg",JGG Log Studio,First person,Single player
Soulstone Survivors,2025-06-17,79.2,"Role-playing (RPG), Hack and slash/Beat 'em up, Indie, Arcade","Xbox Series X|S, Linux, PC (Microsoft Windows), PlayStation 5, Mac","Action, Fantasy, Survival","roguelike, bullet heaven",Game Smithing,Bird view / Isometric,Single player
Color Clash,2025-06-13,,"Platform, Puzzle","Linux, PC (Microsoft Windows), Mac",Educational,"casual, 2d, quick-time events, resource management, stylized, atmospheric, pixel graphics, relaxing, colorful, roguelite, minimalist",AimesSoft,,Single player
Backpack Battles,2025-06-13,76.7,"Strategy, Turn-based strategy (TBS), Tactical, Indie","Linux, PC (Microsoft Windows)",Fantasy,"wizards, magic, sword, collecting, 2d, turn-based, roguelike, crafting, pvp, soldier, resource management, frog, female protagonist, dragon, bird, cute, turn-based tactics, combat, dog, turn-based combat, inventory management, hand-drawn, snowman, magical girl, battle, steam cloud, cat, human, shopping, bow and arrow, pop culture reference, game reference, rat, armor, internet culture reference, movie reference, item combination, mana, regenerating health, poisoning, status effects, gems, fruits, cozy, deck-building, roguelike deckbuilder, auto battler, reference to other games, synergies, deckbuilder, food, weapons, beasts, vegetables, shield, card battler, replay value, health, monster, steam families, money, shop keeper, spear, books, collection log, asynchronous multiplayer","PlayWithFurcifer, IndieArk",Side view,"Single player, Multiplayer"
Wizard of Legend 2,2025-06-12,,"Role-playing (RPG), Hack and slash/Beat 'em up, Adventure, Indie","Xbox Series X|S, PC (Microsoft Windows), PlayStation 5, Nintendo Switch","Action, Fantasy","magic, roguelike, difficult, colorful, replayability","Dead Mage, Humble Games",Bird view / Isometric,"Single player, Multiplayer, Co-operative"
Cultivation Story: Infinite Sword Realm,2025-06-10,,"Role-playing (RPG), Strategy, Turn-based strategy (TBS), Indie, Card & Board Game",PC (Microsoft Windows),"Action, Fantasy","turn-based, roguelike, card based combat, roguelike deckbuilder, xianxia, sword sorcery",Big Pond Studio,Side view,Single player
Luminaria: Dark Echoes,2025-06-10,,"Role-playing (RPG), Adventure, Indie, Arcade","Linux, PC (Microsoft Windows), PlayStation 5, Mac, Nintendo Switch","Action, Fantasy, Science fiction, Survival","dark, roguelike, steampunk, luminaria",Enthariel Games,"Third person, Bird view / Isometric","Single player, Multiplayer, Co-operative"
Yoiyami Biscuit,2025-06-08,,"Shooter, Indie",PC (Microsoft Windows),"Action, Fantasy","hell, animals, roguelike, girls, rabbit, bullet hell, female protagonist, fairy, cute, dog, high score, youkai, great soundtrack, boss fight, battle, bullet, cat, human, mechanic, roguelite, twin stick, touhou project, fangame, bossfight, touhou fangame, doujin game, bosses, food, danmaku, bullet grazing, women, rabbits, spelling","ikaikaiyuu, Tripper Room",Bird view / Isometric,Single player
Witch & Bun Cats,2025-06-07,,Adventure,PC (Microsoft Windows),,roguelike,Knight Owl Games,,Single player
Dragon Is Dead,2025-06-06,,"Role-playing (RPG), Adventure, Indie","Xbox Series X|S, PC (Microsoft Windows), PlayStation 5, Nintendo Switch","Action, Fantasy","dark fantasy, roguelite","TeamSuneat, PM Studios",Side view,Single player
Mongrel,2025-06-06,,"Platform, Role-playing (RPG), Adventure, Indie",PC (Microsoft Windows),"Action, Comedy, Open world","exploration, 2d, roguelike, frog, action-adventure, multiple endings, cute, funny, pixel art, surreal, dark humor, dungeon crawler, treasure chest, roguelite, lgbtq+, dark comedy",Fischmell,Side view,Single player
Aestheta,2025-06-04,,"Strategy, Indie, Arcade, Card & Board Game",PC (Microsoft Windows),"Action, Comedy","parody, roguelike",Aplovestudio,"Bird view / Isometric, Text",Single player
Skewer of Heroes,2025-06-03,,"Hack and slash/Beat 'em up, Indie",PC (Microsoft Windows),Action,"2d, roguelike, action roguelike",White Star Studio,Bird view / Isometric,Single player
Galactic Glitch,2025-06-03,,"Shooter, Simulator, Adventure, Arcade",PC (Microsoft Windows),"Action, Science fiction","roguelike, space shooter, demo, roguelite, twin stick, space combat, free demo",Crunchy Leaf Games,Bird view / Isometric,Single player
Void War,2025-06-02,,"Role-playing (RPG), Simulator, Strategy, Adventure, Indie",PC (Microsoft Windows),"Action, Science fiction, Survival","dark, gothic, dark fantasy, permadeath, resource management, spaceship, space, pixel art, pixel graphics, teleportation, human, pausable real time combat, roguelite, space battles, science-fantasy, ftl",Tundra,Bird view / Isometric,Single player
Seekers of Eclipse,2025-06-02,,"Strategy, Indie, Card & Board Game","Linux, PC (Microsoft Windows)","Fantasy, Survival","dark, turn-based, roguelike, procedural generation, resource management, city builder, roguelike deckbuilder","Emilijus Games, Hawthorn Games",Bird view / Isometric,Single player
Elden Ring Nightreign,2025-05-30,79.2,"Role-playing (RPG), Hack and slash/Beat 'em up","Xbox Series X|S, PlayStation 4, PC (Microsoft Windows), PlayStation 5, Xbox One","Action, Fantasy, Survival, Open world","roguelike, prequel, procedurally generated, controller support, online coop","Bandai Namco Entertainment, FromSoftware",Third person,"Single player, Co-operative"
Skyward Extraction,2025-05-30,,"Adventure, Indie",PC (Microsoft Windows),Action,"roguelike, dungeon crawling",Naughty Clogs,First person,"Single player, Multiplayer, Co-operative"
Scar-Lead Salvation,2025-05-29,,"Shooter, Role-playing (RPG)","Xbox Series X|S, PlayStation 4, PC (Microsoft Windows), PlayStation 5",Action,roguelike,"Compile Heart, Idea Factory International, Inc., Neilo Inc.",Third person,Single player
Remnants of the Rift,2025-05-29,,"Role-playing (RPG), Strategy, Indie","PC (Microsoft Windows), Nintendo Switch","Action, Science fiction","cyberpunk, futuristic, retro future, roguelite","Bromio, Mooncat Games",Bird view / Isometric,Single player
Section 13,2025-05-26,,"Shooter, Tactical, Indie","Xbox Series X|S, PC (Microsoft Windows), PlayStation 5","Action, Thriller, Survival","zombies, dark, procedural generation, xbox controller support for pc, controller support, roguelite, steam deck, steam families",Ocean Drive Studio,Bird view / Isometric,"Single player, Multiplayer, Co-operative"
Tollan Survivors,2025-05-25,,"Role-playing (RPG), Arcade",PC (Microsoft Windows),"Action, Fantasy","roguelike, crypto",,Bird view / Isometric,"Single player, Multiplayer"
Spartan Survivors,2025-05-25,,"Role-playing (RPG), Adventure, Indie, Arcade",PC (Microsoft Windows),"Action, Science fiction, Survival","bullet hell, unofficial, roguelite, fangame",Dezeiraud Games,Bird view / Isometric,Single player
Spectator 2,2025-05-25,,"Point-and-click, Puzzle, Simulator, Indie, Arcade","Linux, PC (Microsoft Windows), Mac, Nintendo Switch","Action, Horror, Thriller","dark, hidden object, roguelite",Neko Machine,"First person, Bird view / Isometric","Single player, Multiplayer, Co-operative"
Auto Rogue,2025-05-23,,"Role-playing (RPG), Simulator, Strategy, Indie",PC (Microsoft Windows),Fantasy,"procedurally generated, automation, roguelite, auto battler",,,Single player
9 Kings,2025-05-23,65.9,"Strategy, Card & Board Game","Linux, PC (Microsoft Windows), Mac",Fantasy,"roguelike, city builder, deck-building, roguelike deckbuilder, card battler","Sad Socket, Hooded Horse, INSTINCT3",Bird view / Isometric,Single player
Hostile Lands,2025-05-22,,"Shooter, Indie",PC (Microsoft Windows),"Action, Science fiction","2d, roguelike, pixel art, pixel graphics, roguelite, pixelart, action roguelike",Perceiving Light,Bird view / Isometric,"Single player, Multiplayer, Co-operative"
Lynked: Banner of the Spark,2025-05-22,,"Role-playing (RPG), Hack and slash/Beat 'em up, Adventure, Indie","Xbox Series X|S, Nintendo Switch 2, PC (Microsoft Windows), PlayStation 5, Nintendo Switch","Action, Science fiction","life simulation, character customization, 3d, roguelike, future, summoning support, fishing, crafting, robots, futuristic, real-time, farming, building, upgrade, atmospheric, combat, base building, team-based, colorful, boss fight, customization, grapple, real-time combat, summoners, bots, teamwork, roguelite, action combat, silly, town building, interior design, customize, bosses, decoration, weapons, action roguelike, decorate, robot companion, vibrant, design","Dreamhaven, FuzzyBot",Bird view / Isometric,"Single player, Multiplayer, Co-operative"
Gunpowder Massacre,2025-05-22,,"Shooter, Platform, Indie",PC (Microsoft Windows),Action,"roguelike, steampunk, roguelite, action roguelike",Pequi Hills Studio,Side view,"Single player, Multiplayer, Co-operative"
An Amazing Wizard,2025-05-22,,"Hack and slash/Beat 'em up, Adventure, Indie","Gamate, Linux, PC (Microsoft Windows), Mac","Action, Fantasy, Mystery","wizards, 2d, metroidvania, permadeath, difficult, demo, pixel art, steam achievements, steam cloud, roguelite, free demo, steam families, nextfest february 2025","Jakub Dąbrowski, Erabit Studios",Side view,Single player
Regulators,2025-05-21,,"Shooter, Tactical, Adventure, Indie","Linux, PC (Microsoft Windows), Mac","Action, Science fiction","level editor, roguelike, procedural generation, pixel art, steam achievements, steam cloud, steam workshop, remote play, controller support, adjustable difficulty, action roguelike, custom volume controls","HandyGames, Orangepixel",Bird view / Isometric,"Single player, Multiplayer, Co-operative"
Alquiem,2025-05-20,,"Role-playing (RPG), Indie",PC (Microsoft Windows),Fantasy,"medieval, roguelike, dungeon crawler, turn-based rpg",,First person,Single player
Desktop Survivors 98,2025-05-20,,Indie,PC (Microsoft Windows),"Action, Fantasy","exploration, orcs, retro, 2d, roguelike, 1990s, old school, bullet hell, blackjack, leveling, achievements, dungeon crawling, snake, pixel graphics, combat, upgradable equipment, nostalgia, boss fight, steam achievements, xbox controller support for pc, steam cloud, spider, playing cards, cat, shopping, upgradeable weapons, game reference, gun, treasure chest, optional boss, in-game achievement menu, in-game achievements, recurring boss, item combination, splash damage, damage over time, controller support, roguelite, endless waves, reference to other games, endless mode, mushroom, bosses, food, coins, cards, action roguelike, fish, mole, health, monster, spiders, steam families, money, shop keeper, horde survival, simulated operating system, upgrades, gold, collection log",,Bird view / Isometric,Single player
Armada,2025-05-19,,"Shooter, Indie, Arcade",Playdate,Science fiction,roguelite,,,Single player
Into the Restless Ruins,2025-05-15,,"Strategy, Adventure, Indie, Arcade","Xbox Series X|S, PC (Microsoft Windows), PlayStation 5, Nintendo Switch","Action, Fantasy","roguelike, dungeon crawling, roguelike deckbuilder, deckbuilder","Wales Interactive, Ant Workshop Ltd",Bird view / Isometric,Single player
Yasha: Legends of the Demon Blade,2025-05-15,,"Role-playing (RPG), Adventure, Indie","Xbox Series X|S, PlayStation 4, PC (Microsoft Windows), PlayStation 5, Xbox One, Nintendo Switch","Action, Fantasy, Drama","exploration, anime, roguelike, female protagonist, stylized, story rich, colorful, rougelite, japanese folklore",7QUARK,"Third person, Bird view / Isometric",Single player
"If Letters Had Pants, Would They Wear Them Like This? What About Numbers? What If They Had Small Shovels and They Dug Stuff Up to Put in a Museum?",2025-05-12,,"Puzzle, Strategy, Indie, Arcade","Linux, PC (Microsoft Windows), Mac",Comedy,"roguelike, pixel art, word game, roguelite, word search, letters, pants, dress letters",PUNKCAKE Délicieux,Bird view / Isometric,Single player
Cats & Dice,2025-05-12,,"Strategy, Indie, Card & Board Game",PC (Microsoft Windows),,"roguelike, cats, dice",,,Single player
Side Effect,2025-05-12,,"Strategy, Turn-based strategy (TBS), Tactical, Indie",PC (Microsoft Windows),Fantasy,"roguelike, online co-op, chessboard, deck-building, roguelike deckbuilder",Daegames Studio,Bird view / Isometric,"Single player, Multiplayer, Co-operative"
Cribbish,2025-05-10,,"Strategy, Indie, Card & Board Game","Linux, PC (Microsoft Windows), Mac",,"roguelike, deck-building",Fence Post Games,First person,Single player
Ketz: Galactic Overlords,2025-05-09,,"Role-playing (RPG), Adventure, Indie",PC (Microsoft Windows),"Action, Survival","roguelite, action roguelike, collecting items, horde survival",Keep Games,Bird view / Isometric,Single player
Break Siege,2025-05-08,,"Real Time Strategy (RTS), Strategy, Adventure, Indie","Linux, PC (Microsoft Windows)",,"roguelike, trains, deck-building","FojoGames, Edigger",,Single player
Tower Dominion,2025-05-08,,Strategy,PC (Microsoft Windows),Warfare,"tower defense, roguelike, single-player only, roguelite",,Bird view / Isometric,Single player
Chicken Flight,2025-05-07,,"Fighting, Hack and slash/Beat 'em up, Indie",Android,Survival,"roguelike, chicken",codeWonderland Development,Side view,Single player
FaeTerra,2025-05-07,,"Strategy, Turn-based strategy (TBS)",PC (Microsoft Windows),Fantasy,"roguelike, management, turn-based tactics, online multiplayer, crowdfunding - kickstarter, deck-building, creature collector, autobattler, card battler",Solfiregames,Side view,Multiplayer
HiveCorp,2025-05-07,,"Shooter, Role-playing (RPG), Indie",PC (Microsoft Windows),"Action, Science fiction","roguelike, bullet hell",Counterspell Studios,Bird view / Isometric,Single player
Endor Awakens,2025-05-06,,"Role-playing (RPG), Strategy, Turn-based strategy (TBS), Adventure, Indie","Android, PC (Microsoft Windows), iOS","Fantasy, Party","roguelike, dungeon crawling, dungeon crawler, randomly generated dungeons, randomly generated maps, drpg, traditional roguelike, dungeon, dungeons dragons",,Text,Single player
Savara,2025-05-06,,"Role-playing (RPG), Hack and slash/Beat 'em up, Indie","Xbox Series X|S, PC (Microsoft Windows), PlayStation 5","Action, Fantasy","dungeon crawling, roguelite, soulslike, action roguelike","Doryah Games, Ankama Games",Bird view / Isometric,Single player
Album Corvus,2025-05-05,,"Role-playing (RPG), Indie, Card & Board Game",PC (Microsoft Windows),Fantasy,"character customization, magic, 3d, 2d, roguelike, crpg, dark fantasy, procedural generation, pve, turn-based tactics, dungeon crawler, turn-based combat, realistic, roguelite, choice matters, mystery dungeon",Devil's Dozen Games,,Single player
Rogue Kingdoms,2025-05-05,,"Strategy, Indie","Linux, PC (Microsoft Windows), Mac",Fantasy,"tower defense, roguelike, roguelite, action roguelike",,Bird view / Isometric,Single player
Gods vs. Horrors,2025-05-05,,"Fighting, Strategy, Indie, Card & Board Game","Linux, PC (Microsoft Windows)",,"roguelike, single-player only, card based combat, roguelike deckbuilder, deckbuilder, autobattler",Oriol Cosp Games,,Single player
Sirocco,2025-05-02,,"Strategy, MOBA",PC (Microsoft Windows),"Action, Warfare","roguelike, battleships",Lunchbox Entertainment Inc.,Bird view / Isometric,"Multiplayer, Co-operative"
Void Vanguards,2025-05-01,,"Shooter, Strategy, Adventure, Indie",PC (Microsoft Windows),"Action, Science fiction",roguelike,,,Single player
Gloamvault,2025-04-30,,Role-playing (RPG),PC (Microsoft Windows),"Fantasy, Survival","roguelike, dark fantasy, dungeon crawler, roguelite, creature collector, monster collector",,"First person, Bird view / Isometric",Single player
Versebound,2025-04-30,,"Shooter, Role-playing (RPG), Indie, Arcade","PC (Microsoft Windows), Nintendo Switch",Action,"roguelike, roguelite, action roguelike",Conifer Digital,Bird view / Isometric,Single player
Kiborg,2025-04-30,,"Fighting, Shooter, Hack and slash/Beat 'em up, Indie","Xbox Series X|S, PlayStation 4, PC (Microsoft Windows), PlayStation 5, Xbox One, Nintendo Switch",Action,roguelike,Sobaka Studio,Third person,Single player
Rammy's Great Adventure 1&2 Remake,2025-04-29,,"Role-playing (RPG), Simulator, Adventure",PC (Microsoft Windows),,"roguelike, dungeon",DATT JAPAN INC.‬,,Single player
Dimensionals,2025-04-29,,"Role-playing (RPG), Strategy, Turn-based strategy (TBS), Adventure, Indie","PC (Microsoft Windows), Mac",Action,"2d, roguelike, turn-based tactics, roguelite, roguelike deckbuilder, deckbuilder",Mino Games,,Single player
Combolite,2025-04-28,,"Strategy, Indie","Linux, PC (Microsoft Windows)",Action,"casual, roguelike, roguelite, roguelike deckbuilder, deckbuilder, autobattler, replay value",Kristoff Red,Third person,Single player
Kaamos,2025-04-28,,"Puzzle, Role-playing (RPG), Strategy, Adventure, Indie","Android, PC (Microsoft Windows)",Fantasy,"medieval, roguelike, pixel art, pixel graphics, 8-bit, steam achievements, free demo, turn-based rpg, roguelike deckbuilder, grid-based puzzles","indie.io, Pepperbox Studios",Side view,Single player
By Bait or By Bullet,2025-04-25,,"Strategy, Adventure, Indie",PC (Microsoft Windows),Action,"fishing, roguelite, fish",,Side view,Single player
Party Demon,2025-04-25,,"Strategy, Adventure, Indie, Card & Board Game",PC (Microsoft Windows),"Action, Fantasy","roguelike, roguelite",Barely Alive Studio,,Single player
SpellRogue,2025-04-24,,"Role-playing (RPG), Strategy, Turn-based strategy (TBS), Indie",PC (Microsoft Windows),Fantasy,"roguelike, dice, deck-building","Guidelight Games, Ghost Ship Publishing",Side view,Single player
Underquest,2025-04-23,,"Role-playing (RPG), Strategy, Adventure, Indie",PC (Microsoft Windows),Fantasy,"dark fantasy, cute, dungeon crawling, inventory management, randomly generated dungeons, living inventory, roguelite, dungeon, bag",,Bird view / Isometric,Single player
Out of Hands,2025-04-22,,"Role-playing (RPG), Strategy, Turn-based strategy (TBS), Adventure, Indie, Card & Board Game","Android, PC (Microsoft Windows), iOS","Horror, Thriller, Mystery","psychological horror, weird, 2d, madness, turn-based, insanity, stylized, nightmare, solitaire, psychedelic, turn-based tactics, dreams, emotional, creepy, dream world, unique art style, full motion video, dream sequence, battle screen, uncanny valley, roguelite, bizarre, nightmares, psychological trauma, psychological problems, body horror, deck-building, lucid dreaming, deckbuilder, cards, fever dream, card battler, dreamlike, videos, logic, hybrid art style, nightmare infestation","XD Inc., Game River, Lightning Games",First person,Single player
Mangui,2025-04-18,,"Role-playing (RPG), Strategy, Turn-based strategy (TBS), Indie",PC (Microsoft Windows),"Action, Fantasy","roguelike, multiple protagonists, korea, free-to-play, folklore, korean game",Damulchi,,Single player
Tranquil Isle,2025-04-18,,"Strategy, Indie",PC (Microsoft Windows),,"city builder, steam achievements, roguelite, lo-fi, steam families","Future Friends Games, Rock Bottom Games",Bird view / Isometric,Single player
Thine Rogueth,2025-04-17,,"Role-playing (RPG), Adventure, Indie","Linux, PC (Microsoft Windows), Mac",Fantasy,roguelike,,Bird view / Isometric,Single player
BitRick's Venture,2025-04-17,,Role-playing (RPG),PC (Microsoft Windows),Action,"roguelite, action roguelike",,Bird view / Isometric,Single player
YaoGuai Hunter,2025-04-17,,"Role-playing (RPG), Strategy, Tactical, Indie, Card & Board Game",PC (Microsoft Windows),Action,"anime, 2d, turn-based, roguelike, difficult, cartoony, deckbuilder","MòGames, MyACG Studio",Side view,Single player
Soulslinger,2025-04-17,,"Shooter, Indie",PC (Microsoft Windows),Action,"2d, roguelike, runner, halloween",Nether Lamp,Bird view / Isometric,Single player
Vinebound: Tangled Together,2025-04-16,,"Fighting, Shooter, Adventure, Indie, Arcade","PlayStation 4, PC (Microsoft Windows), PlayStation 5, Xbox One, Nintendo Switch","Action, Party","roguelike, bullet hell, couch co-op, local co-op, co-op campaign, horde, roguelite","Riftpoint Entertainment, Silesia Games",Bird view / Isometric,"Single player, Multiplayer, Co-operative, Split screen"
Minutescape,2025-04-15,,"Simulator, Strategy, Indie, Arcade","Linux, PC (Microsoft Windows), Mac",Survival,"retro, experimental, bullet hell, roguelite, idle, crt filter, incremental",Molter Games,Side view,Single player
Hollow Survivors,2025-04-10,,"Role-playing (RPG), Hack and slash/Beat 'em up, Adventure, Indie","Linux, PC (Microsoft Windows), Mac",Action,roguelite,Danny Deer,Bird view / Isometric,Single player
Horde Hunters,2025-04-10,,"Role-playing (RPG), Indie",PC (Microsoft Windows),Action,"roguelike, bullet heaven",,Bird view / Isometric,Single player
Blue Prince,2025-04-10,86.9,"Puzzle, Strategy, Adventure, Indie","Xbox Series X|S, Nintendo Switch 2, PC (Microsoft Windows), PlayStation 5, Mac",Mystery,"exploration, investigation, 3d, roguelike, resource management, simulation, stylized, atmospheric, surreal, story rich, steam achievements, xbox controller support for pc, steam cloud, 60 fps on consoles, xbox play anywhere, shopping, collectibles, gems, fruits, escape room, male protagonist, church, animated cutscenes, xbox achievements, lore rich, game pass, digging, mansion, library, fish, replay value, steam families, nonlinear, hidden secrets, simulated operating system, dualsense support for pc","Raw Fury, Dogubomb",First person,Single player
Driveloop: Survivors,2025-04-09,,"Shooter, Racing, Indie, Arcade",PC (Microsoft Windows),"Action, Survival","roguelike, bullet hell, roguelite, bullet heaven, action roguelike",Stunbyte,Bird view / Isometric,Single player
Gabang: Ultimate,2025-04-09,,"Strategy, Indie",PC (Microsoft Windows),,"roguelike, deck-building",,Side view,Single player
Mutant Ocean,2025-04-08,,Arcade,PC (Microsoft Windows),"Action, Science fiction","roguelike, ludum dare 57",,Side view,Single player
Sandwalkers,2025-04-08,,"Role-playing (RPG), Strategy, Turn-based strategy (TBS), Tactical, Adventure","Linux, PC (Microsoft Windows), Mac, Nintendo Switch",Fantasy,"exploration, 2d, roguelike, procedural generation, pve, demo, atmospheric, pixel graphics, crowdfunding - kickstarter, story rich, free demo","Goblinz Studio, Goblinz Publishing, H2 Interactive Co., Ltd.",Bird view / Isometric,Single player
Pantry Raid,2025-04-07,,Arcade,PC (Microsoft Windows),Action,"3d, dungeon crawler, free-to-play, roguelite",Caffiend Games,First person,Single player
Scarred Mansion,2025-04-07,,"Strategy, Indie","PC (Microsoft Windows), Mac",,"exploration, roguelike, deck-building, cartoon, grid-based, cards",Focal Point Game Studio,,Single player
Voidborn,2025-04-07,,"Shooter, Indie",PC (Microsoft Windows),Action,"fast paced, dark fantasy, roguelite",,First person,Single player
Slimekeep,2025-04-07,,"Shooter, Adventure, Indie, Arcade","PC (Microsoft Windows), Mac",Action,"2d, roguelike, bullet hell, pixel art, twin stick, action roguelike",,,Single player
Rogue Loops,2025-04-04,,"Role-playing (RPG), Hack and slash/Beat 'em up, Adventure","Xbox Series X|S, PlayStation 4, PC (Microsoft Windows), PlayStation 5, Xbox One","Action, Fantasy","roguelike, roguelite, action roguelike","NAISU, Fubu Games",Bird view / Isometric,Single player
Nomad Idle,2025-04-04,,"Hack and slash/Beat 'em up, Adventure, Indie",PC (Microsoft Windows),Action,"casual, character customization, magic, 2d, roguelike, crafting, pve, class-based, cute, pixel graphics, combat, clicker, final fantasy, colorful, survival mode, automation, roguelite, auto battler, idler, idle",The Fox Knocks,Bird view / Isometric,Single player
Gnomes,2025-04-04,,"Strategy, Turn-based strategy (TBS), Tactical, Indie, Arcade",PC (Microsoft Windows),"Fantasy, Survival, Sandbox","tower defense, roguelike, artifacts, farming, pixel art, base building, economy, agriculture, steam cloud, goblins, gnome, roguelite, minimalist, dwarf, steam families",,Bird view / Isometric,Single player
Soulkin,2025-04-04,,"Strategy, Tactical, Adventure, Indie, Card & Board Game","PC (Microsoft Windows), Mac, Nintendo Switch",,"roguelite, creature collector",Tambu Games,,Single player
MagicShop2,2025-04-04,,"Role-playing (RPG), Adventure, Indie",PC (Microsoft Windows),"Action, Fantasy, Horror, Erotic","exploration, demon, character customization, dark, 3d, minigames, adult, roguelike, dark fantasy, maze, werewolf, female protagonist, dragon, demons, labyrinth, dungeon crawling, nudity, nsfw, sexual content, ogres, steam achievements, goblins, angels, monster girls, monster",FireArmGames,"Bird view / Isometric, Side view",Single player
Disaster Blaster,2025-04-02,,"Strategy, Indie, Card & Board Game",PC (Microsoft Windows),Science fiction,"aliens, casual, retro, 1980s, destruction, 2d, roguelike, procedural generation, side-scrolling, funny, pixel art, score attack, single-player only, controller support, roguelite, deck-building, replay value",Jarsick,Side view,Single player
Critical Point,2025-04-01,,"Puzzle, Role-playing (RPG), Strategy, Indie",PC (Microsoft Windows),Science fiction,"space, pixel graphics, roguelite, crt filter",,,Single player
Versus Purgatory,2025-04-01,,"Adventure, Indie",PC (Microsoft Windows),Action,"roguelike, steam achievements, steam cloud",,Bird view / Isometric,Single player
Haste,2025-04-01,70.4,"Platform, Racing, Adventure, Indie","Xbox Series X|S, Linux, Nintendo Switch 2, PC (Microsoft Windows), PlayStation 5, Mac, Xbox One","Action, Fantasy","exploration, casual, 3d, parkour, fast paced, runner, running, female protagonist, nature, achievements, 3d platformer, colorful, steam achievements, xbox controller support for pc, steam cloud, dualshock 4 support for pc, controller support, roguelite, infinite runner, fastpace, desert, steam families, dualsense support for pc",Landfall Games,"Third person, Text","Single player, Multiplayer, Co-operative"
Kingdom Fortress,2025-03-31,,"Strategy, Adventure, Indie",PC (Microsoft Windows),Fantasy,"roguelite, free demo, cards",,Bird view / Isometric,Single player
Vault of Power,2025-03-31,,Strategy,PC (Microsoft Windows),"Action, Fantasy","roguelike, permadeath, pixel graphics, roguelite, free demo, auto battler",Jim Magnusson,Bird view / Isometric,Single player
Goat Survivor,2025-03-28,,"Role-playing (RPG), Hack and slash/Beat 'em up, Indie",PC (Microsoft Windows),Action,roguelike,,Bird view / Isometric,Single player
Tilemancer Dungeon,2025-03-27,,"Puzzle, Role-playing (RPG), Strategy, Indie",PC (Microsoft Windows),Fantasy,"casual, medieval, 2d, roguelike, dark fantasy, permadeath, class-based, pixel graphics, grid-based movement, dungeon crawler, tile matching, single-player only, minimalist, grid-based puzzles",,Bird view / Isometric,Single player
Bramble Royale: A Meteorfall Story,2025-03-26,,"Strategy, Indie, Card & Board Game",PC (Microsoft Windows),,roguelite,Slothwerks,,Single player
Break the Empire,2025-03-26,,"Role-playing (RPG), Indie",PC (Microsoft Windows),Action,roguelike,Edym Pixels,Bird view / Isometric,Single player
Reincarnation in Another World,2025-03-25,,"Shooter, Role-playing (RPG), Adventure, Indie",PC (Microsoft Windows),Action,"bullet hell, roguelite, looter shooter, action roguelite",Aozora001,Bird view / Isometric,Single player
Nordhold,2025-03-25,,"Strategy, Indie","Linux, PC (Microsoft Windows), Mac",Fantasy,"tower defense, casual, roguelike, steam achievements, steam cloud, steam leaderboards, steam families","HypeTrain Digital, StunForge",Bird view / Isometric,Single player
Insane Escape,2025-03-25,,"Strategy, Adventure, Indie","Linux, PC (Microsoft Windows)",,"psychological horror, roguelike, survival horror",,Bird view / Isometric,Single player
Loopmayor,2025-03-21,,"Strategy, Indie",PC (Microsoft Windows),,"pixel graphics, city builder, roguelite, solo developer",,Bird view / Isometric,Single player
Foepower,2025-03-13,,"Role-playing (RPG), Indie",PC (Microsoft Windows),,"roguelite, ai generated, autobattler",,Side view,Single player
Fiora,2025-03-12,,"Adventure, Indie",PC (Microsoft Windows),"Action, Fantasy","roguelike, procedural generation, procedurally generated",CGPine,"Third person, Bird view / Isometric",Single player
Metal Bringer,2025-03-12,,"Hack and slash/Beat 'em up, Indie","PC (Microsoft Windows), PlayStation 5","Action, Science fiction","character customization, androids, voxel, mecha, pixel art, customization, roguelite","Alphawing, PLAYISM","Third person, Bird view / Isometric",Single player
Rogue Monster Theolodorus,2025-03-10,,Strategy,PC (Microsoft Windows),Fantasy,"roguelike, permadeath, deck-building, turn-based rpg, 7drl",,Bird view / Isometric,Single player
Voids Vigil,2025-03-10,,Indie,PC (Microsoft Windows),"Action, Science fiction, Survival",roguelike,Caiysware,,Single player
Isha's Magic Book Decoding,2025-03-07,,"Strategy, Indie",PC (Microsoft Windows),Fantasy,"magic, turn-based, roguelike, witches, roguelike deckbuilder",,Side view,Single player
Nubby's Number Factory,2025-03-07,70.0,"Puzzle, Strategy, Indie, Arcade","Android, PC (Microsoft Windows), iOS",Comedy,"roguelike, random puzzle generator",MogDogBlog Productions,Side view,Single player
Schism,2025-03-07,,"Shooter, Indie, Arcade",PC (Microsoft Windows),Science fiction,"roguelike, bullet hell, customization, roguelite, looter shooter, replayability, arpg","2 Left Thumbs, Fami",Bird view / Isometric,Single player
Rogue: Genesia,2025-03-07,65.2,"Shooter, Role-playing (RPG), Strategy, Indie, Arcade",PC (Microsoft Windows),"Action, Fantasy, Science fiction","character customization, magic, 3d, 2d, roguelike, summoning support, procedural generation, bullet hell, real-time, pve, atmospheric, pixel graphics, combat, pixels, procedurally generated, steam achievements, steam cloud, steam leaderboards, customization, steam workshop, real-time combat, twin stick control, roguelite, action roguelike","Huard Ouadi, Gamersky Games",Bird view / Isometric,Single player
Horse Runner DX,2025-03-06,,"Platform, Racing, Indie, Arcade","Linux, PC (Microsoft Windows)",Action,"retro, 2d, cute, pixel art, family friendly, colorful, leaderboard, controller support, roguelite, wholesome, auto runner, highscore, replay value, one button game, horses, sidescroller, deck building",Mat Makes Games,Side view,Single player
Hunt the Pale Gods,2025-03-06,,"Strategy, Tactical, Indie, Card & Board Game",PC (Microsoft Windows),Horror,"cosmic horror, roguelite, deck-building, card battler",Nick Papageorgiou,Bird view / Isometric,Single player
Touhou: Red Empress Devil,2025-03-06,,"Shooter, Role-playing (RPG), Indie",PC (Microsoft Windows),"Action, Fantasy","ghosts, exploration, retro, psychological thriller, wizards, shoot 'em up, vampire, magic, sword, 2d, roguelike, procedural generation, permadeath, girls, rabbit, bullet hell, female protagonist, fairy, dracula, cute, dungeon crawling, japan, pixel art, pixel graphics, pixels, fox, dungeon crawler, youkai, maid, vampires, great soundtrack, boss fight, magical girl, battle, bullet, cat, human, shopping, randomly generated dungeons, treasure chest, phoenix, phantom, roguelite, twin stick, touhou project, bunny, fangame, dungeon fighter, mystery dungeon, bossfight, faith, touhou fangame, magician, half-human, doujin game, dungeon, bosses, danmaku, bullet grazing, pixelart, character action, action roguelike",STUDIO POCO,Bird view / Isometric,Single player
Refence,2025-03-04,,"Simulator, Strategy, Indie","Linux, PC (Microsoft Windows), Mac",,"tower defense, roguelike",,,Single player
Neon Ascending,2025-03-02,,"Strategy, Indie",PC (Microsoft Windows),,"tower defense, roguelike, bullet hell, clicker",,Bird view / Isometric,Single player
Toontown: The Grindworks,2025-03-01,,"Strategy, Turn-based strategy (TBS), Indie","Linux, PC (Microsoft Windows), Mac","Action, Comedy","roguelike, unofficial, fangame, toontown",,Third person,Single player
Succubus Forest,2025-03-01,,"Role-playing (RPG), Adventure, Indie",PC (Microsoft Windows),Fantasy,"roguelike, pixel graphics, deck-building, nsfw_patch, roguelike deckbuilder, deckbuilder, monster girls",Kagura Games,Side view,Single player
Shift'n Slay,2025-02-27,,"Role-playing (RPG), Turn-based strategy (TBS), Tactical",PC (Microsoft Windows),Science fiction,"cyberpunk, roguelike",,Bird view / Isometric,Single player
R.E.P.O.,2025-02-26,72.7,"Strategy, Indie",PC (Microsoft Windows),"Action, Science fiction, Horror, Survival, Stealth","3d, cosmic horror, roguelite, online coop, proximity voice chat, money, upgrades",semiwork,First person,"Single player, Multiplayer, Co-operative"
All Who Wander,2025-02-25,,"Role-playing (RPG), Turn-based strategy (TBS)","Android, iOS",Fantasy,"turn-based, roguelike, single-player only, offline, turn-based rpg, traditional roguelike, low fantasy",,Bird view / Isometric,Single player
Echoes of Eclipse,2025-02-24,,Indie,"Linux, Android, PC (Microsoft Windows), iOS","Action, Fantasy","roguelite, nextfest february 2026",Trender Software,Bird view / Isometric,"Single player, Multiplayer, Co-operative, Split screen"
Crablike,2025-02-24,,"Role-playing (RPG), Adventure",PC (Microsoft Windows),"Fantasy, Educational","roguelike, dungeon crawling, traditional roguelike",Quinn2win,"Bird view / Isometric, Text",Single player
Dungeonfell,2025-02-21,,"Strategy, Tactical","Android, PC (Microsoft Windows), iOS",Fantasy,"team-based, roguelite",,Bird view / Isometric,Single player
Fish Fear Me,2025-02-21,,Indie,PC (Microsoft Windows),Action,"roguelike, fishing, action roguelike",Heather Flowers,Bird view / Isometric,Single player
Whisker Squadron: Survivor,2025-02-21,,"Shooter, Adventure, Indie","Linux, PC (Microsoft Windows), PlayStation 5, Mac",Action,"roguelike, flight, roguelite",Flippfly LLC,,Single player
Heroll,2025-02-20,,"Role-playing (RPG), Card & Board Game","Android, iOS",Fantasy,"roguelike, dice",,"Bird view / Isometric, Side view",Single player
Star of Providence: Into Oblivion,2025-02-20,,"Shooter, Indie, Arcade","Linux, PC (Microsoft Windows), Nintendo Switch","Action, Science fiction","procedural generation, roguelite, action roguelike","Team D-13, Bigmode",Bird view / Isometric,Single player
Picayune Dreams: Contamination,2025-02-20,,"Shooter, Indie, Arcade",PC (Microsoft Windows),"Action, Science fiction, Horror","roguelike, bullet hell, bullet heaven","Stepford, Andyl4nd, 2 Left Thumbs",Bird view / Isometric,Single player
Unbroken,2025-02-20,,"Shooter, Role-playing (RPG), Adventure, Indie",PC (Microsoft Windows),"Action, Fantasy","bullet time, multiple endings, slow-motion, choices matter, destructible environment, physics manipulation, roguelite",MGP Studios,First person,Single player
Rogues Don't Cry,2025-02-17,,"Role-playing (RPG), Strategy, Indie",PC (Microsoft Windows),,roguelike,,,Single player
Gunforged,2025-02-17,,"Shooter, Indie","Linux, PC (Microsoft Windows), Mac",Action,"roguelike, demo, free demo",Firebelley,Bird view / Isometric,Single player
No-Skin,2025-02-16,,"Role-playing (RPG), Strategy, Turn-based strategy (TBS), Adventure, Indie","PlayStation 4, PC (Microsoft Windows), PlayStation 5, Xbox One, Nintendo Switch",Horror,roguelike,NoEye-Soft,"Side view, Text",Single player
Ancient Cultivatrix,2025-02-14,,"Shooter, Indie",PC (Microsoft Windows),Fantasy,"tower defense, bullet hell, roguelite, chinese mythology",,,Single player
Void Climber,2025-02-13,,"Platform, Indie",PC (Microsoft Windows),Action,"parkour, roguelike",FuturePerfect Studio,Third person,Single player
Project Tachyon,2025-02-13,,Adventure,PC (Microsoft Windows),"Action, Science fiction","female protagonist, roguelite","STUDIO N9, HIKE",Side view,Single player
BAZR,2025-02-11,,"Platform, Card & Board Game",Nintendo 64,"Action, Sandbox","roguelike, unofficial, rom hack, roguelike platform, retroachievements, super mario 64, roguelike deckbuilder, complete overhaul mod, simpleflips' chaos mario team competition","spk, furyiousfight, anonymousmoose309‬",Third person,Single player
Void Frontiers,2025-02-10,,"Role-playing (RPG), Strategy, Adventure, Indie",PC (Microsoft Windows),"Action, Survival",roguelike,Alexander Voidoc,,"Single player, Multiplayer, Co-operative"
1000 Seconds,2025-02-07,,"Role-playing (RPG), Strategy, Indie",PC (Microsoft Windows),Action,"roguelike, steam achievements, steam cloud, steam families",,Bird view / Isometric,Single player
Keep Driving,2025-02-06,72.7,"Role-playing (RPG), Simulator, Turn-based strategy (TBS), Adventure, Indie",PC (Microsoft Windows),Open world,"life simulation, exploration, animals, cars, character customization, 2d, vehicle simulation, insects, 1990s, procedural generation, resource management, gambling, driving, management, forest, leveling, stylized, party-based combat, achievements, gore, multiple endings, upgrade, atmospheric, pixel art, pixel graphics, bugs, combat, procedurally generated, realistic, day/night cycle, inventory management, road trip, 1990's, sheep, steam achievements, xbox controller support for pc, steam cloud, leveling up, world map, shopping, vehicle customization, resource gathering, side quests, auto-saving, in-game radio, sleeping, skill tree, upgradeable vehicles, hippies, text dialogue, status effects, controller support, vehicles, roguelite, bug, fruits, party customization, pixel art game, party-based rpg, roadtrip, steam deck, organization, food, hotdogs, beer, coffee, computer, trucks, buy and sell, crt filter, guitar, eating, smoking, steam families, mail, money, cloud saves, life simulator, automobile sim, alcohol, quest, upgrades, letters, books, gas station, woodland",YCJY Games,Side view,Single player
Everwarder,2025-02-06,,"Strategy, Adventure, Indie","PC (Microsoft Windows), Nintendo Switch","Action, Fantasy","tower defense, dark, roguelike, procedural generation, pixelated, atmospheric, pixel art, pixel graphics, random level generation, randomly generated dungeons, randomly generated maps, roguelite, indie developer, pixel art game, no microtransactions, pixelart","qLate, indie.io",Bird view / Isometric,Single player
Stray Path,2025-02-06,,"Strategy, Adventure, Indie, Card & Board Game",PC (Microsoft Windows),Action,"roguelike, action roguelike",chx games,,Single player
Bloons TD 6: Rogue Legends,2025-02-04,,"Strategy, Tactical","Android, PC (Microsoft Windows), iOS",,"tower defense, roguelite",Ninja Kiwi,Bird view / Isometric,Single player
Rube-like Gold-berger,2025-02-03,,"Puzzle, Indie","Linux, PC (Microsoft Windows), Mac",Sandbox,"game jam, roguelite",Twice Twice Studios,,Single player
Deirdre,2025-02-02,,"Platform, Arcade",PC (Microsoft Windows),"Action, Fantasy","roguelike, boss rush",Skull Kitchen,,
Megafist,2025-02-02,,"Hack and slash/Beat 'em up, Indie","Web browser, PC (Microsoft Windows)",Action,"procedural generation, game jam, roguelite, bigmode game jam 2025",Geminimax,Side view,Single player
Zaraq,2025-02-02,,"Strategy, Indie",PC (Microsoft Windows),,"roguelike, deck-building",,,Single player
Tronix Carnival Games,2025-02-01,,"Shooter, Indie",PC (Microsoft Windows),Action,"roguelike, stylized, action roguelike",Baubau Games,Third person,Single player
Cryptical Path,2025-01-29,,"Platform, Role-playing (RPG), Adventure, Indie, Arcade","PC (Microsoft Windows), Nintendo Switch",Action,roguelite,Old Skull Games,,Single player
School Fighter,2025-01-28,,,PC (Microsoft Windows),Action,roguelike,,Bird view / Isometric,Single player
Orcs Must Die! Deathtrap,2025-01-28,,"Shooter, Strategy, Indie","Xbox Series X|S, PC (Microsoft Windows), PlayStation 5","Action, Fantasy, Comedy, Warfare","tower defense, orcs, wizards, medieval, traps, ragdoll physics, roguelite",Robot Entertainment,Third person,"Single player, Multiplayer, Co-operative"
Subway Exorcist Girl,2025-01-25,,"Puzzle, Role-playing (RPG), Adventure, Indie, Visual Novel",PC (Microsoft Windows),"Horror, Mystery","anime, psychological horror, detective, lovecraftian, roguelite","纤指游戏, Delicate Fingers",Side view,Single player
Snowscape,2025-01-24,,"Racing, Adventure, Indie",PC (Microsoft Windows),"Action, Survival","roguelite, snowmobile, winter",,"Third person, Bird view / Isometric",Single player
Breakout 71,2025-01-23,,Arcade,"Web browser, Linux, Android, PC (Microsoft Windows), Mac",Action,"breakout/arkanoid clone, roguelite",Renan LE CARO,,
Horizons: The End Of Words,2025-01-23,,"Puzzle, Indie, Card & Board Game","Linux, PC (Microsoft Windows), Mac",Science fiction,"roguelike, word game, scrabble, gmtk game jam 2024","PUNKCAKE Délicieux, Benjamin Soulé, Benjamin Soule",Bird view / Isometric,Single player
Airships: Lost Flotilla,2025-01-23,,"Fighting, Shooter, Hack and slash/Beat 'em up, Indie, Arcade","Linux, PC (Microsoft Windows)","Action, Historical","vehicular combat, casual, 2d, roguelike, steampunk, bullet hell, pve, arena shooter, score attack, single-player only, twin stick control, arcade cabinet, airship, roguelike deckbuilder, naval combat, steam deck, alternative history, action roguelike","Metaroot, David Stark",Bird view / Isometric,Single player
Infest,2025-01-23,,"Strategy, Card & Board Game","Linux, PC (Microsoft Windows), Mac","Science fiction, Survival, Sandbox",roguelike,Chute Apps Inc.,Side view,Single player
Scary World,2025-01-22,,"Shooter, Indie, Arcade",PC (Microsoft Windows),"Action, Fantasy, Survival, Comedy","roguelike, bullet hell, bullet heaven, action roguelike",Keith Burgun Games,Bird view / Isometric,Single player
Disorder,2025-01-22,,"Fighting, Role-playing (RPG), Simulator, Adventure, Indie","Xbox Series X|S, PC (Microsoft Windows), PlayStation 5",Action,"roguelike, roguelite, action roguelike",Grumpy,Third person,Single player
None Shall Intrude,2025-01-20,,"Strategy, Indie, Card & Board Game",PC (Microsoft Windows),Fantasy,"roguelite, card battler","GrabTheGames, Aeterna Ludi",Side view,Single player
Into the Emberlands,2025-01-20,,"Puzzle, Strategy, Adventure, Indie","PC (Microsoft Windows), Nintendo Switch","Fantasy, Survival, Open world","exploration, village, roguelite, town building, cozy","Daedalic Entertainment, Tiny Roar",Bird view / Isometric,Single player
Lymbus,2025-01-19,,"Strategy, Card & Board Game",PC (Microsoft Windows),Action,"roguelike, 2.5d",,Bird view / Isometric,Single player
Ultimate Barbarian,2025-01-19,,"Role-playing (RPG), Hack and slash/Beat 'em up, Adventure, Indie",PC (Microsoft Windows),"Action, Fantasy","bloody, roguelike, local co-op",,,"Single player, Co-operative"
Saber Survivors,2025-01-17,,"Strategy, Indie, Arcade",PC (Microsoft Windows),"Action, Survival","roguelike, bullet hell, bullet heaven, action roguelike","Reima Project, Toge Productions",Bird view / Isometric,Single player
Nunholy,2025-01-16,,Hack and slash/Beat 'em up,"Linux, PC (Microsoft Windows), Mac","Action, Fantasy","vampire, roguelike, action roguelike",,Bird view / Isometric,Single player
9 Lives to Defend,2025-01-16,,"Fighting, Shooter, Role-playing (RPG), Indie, Arcade","Xbox Series X|S, PlayStation 4, PC (Microsoft Windows), PlayStation 5, Xbox One, Nintendo Switch",Action,"cats, bullet hell, roguelite",Goldarait,Bird view / Isometric,Single player
Dragonsweeper,2025-01-14,,Puzzle,"Web browser, PC (Microsoft Windows)",,"roguelike, minesweeper",Daniel Benmergui,,Single player
Heroes of Hammerwatch II,2025-01-14,,"Role-playing (RPG), Indie",PC (Microsoft Windows),"Action, Fantasy","procedurally generated, upgradable equipment, roguelite","Crackshell, Team17",Bird view / Isometric,"Single player, Multiplayer, Co-operative"
Hyper Light Breaker,2025-01-14,,"Hack and slash/Beat 'em up, Adventure, Indie",PC (Microsoft Windows),"Action, Science fiction, Open world","post-apocalyptic, procedurally generated, character creation, roguelite","Heart Machine, Arc Games",Third person,"Single player, Multiplayer, Co-operative"
Magic Book Auto Battler,2025-01-13,,"Role-playing (RPG), Strategy, Adventure, Indie",PC (Microsoft Windows),Fantasy,"roguelike, auto battler",,Side view,Single player
Dungeon Defenders: Going Rogue,2025-01-10,,"Role-playing (RPG), Hack and slash/Beat 'em up, Adventure, Indie",PC (Microsoft Windows),"Action, Fantasy","tower defense, roguelike, roguelite",Chromatic Games,Third person,"Single player, Multiplayer, Co-operative"
Cruel,2025-01-09,,"Shooter, Indie",PC (Microsoft Windows),"Action, Horror","permadeath, gore, pixel graphics, violent, choices matter, roguelite",James Dornan,First person,Single player
The Last Flame,2025-01-09,,"Role-playing (RPG), Strategy, Tactical, Adventure, Indie",PC (Microsoft Windows),Fantasy,"roguelike, auto chess","Hotloop, Surefire.Games",,Single player
My Slime Garden,2025-01-08,,"Platform, Simulator, Indie",PC (Microsoft Windows),Action,"roguelike, bullet hell, farming, garden, mascot platformer, action roguelike",,Bird view / Isometric,"Single player, Multiplayer, Co-operative"
Commander Tiberius Troubleson,2025-01-08,,"Platform, Indie",PC (Microsoft Windows),"Action, Fantasy, Science fiction","2d, demo, roguelite, free demo, hard",Jose Antonini,Side view,Single player
Warden's Will,2025-01-08,,"Shooter, Adventure, Indie",PC (Microsoft Windows),"Action, Science fiction, Survival","super hero, retro, roguelike, bullet hell, stylized, roguelite, comicbook style, boomer shooter, bullet heaven, online coop, action roguelike, survival shooter, movement shooter",Elyzio,Third person,"Single player, Multiplayer, Co-operative"
Cats vs Cthulhu,2025-01-06,,"Indie, Arcade","Linux, PC (Microsoft Windows)",Action,"bullet hell, cute, cat, roguelite, action roguelike",322 Games,Side view,Single player
Fruity Rogue,2025-01-05,,,PC (Microsoft Windows),Action,"roguelike, action roguelike",,,Single player
Horde Survivor,2025-01-04,,"Role-playing (RPG), Indie",PC (Microsoft Windows),Action,"bullet hell, roguelite",,,"Single player, Multiplayer, Co-operative"
Bricks Survivors,2025-01-03,,"Shooter, Indie, Arcade",PC (Microsoft Windows),"Action, Science fiction, Survival",roguelite,,Third person,Single player
Klondike's Hike,2024-12-27,,"Puzzle, Strategy, Arcade, Card & Board Game","Linux, PC (Microsoft Windows)",Fantasy,"roguelike, solitaire, furry",Duality Workshop,Third person,Single player
Shin Fangame Tensei,2024-12-26,,"Role-playing (RPG), Strategy, Card & Board Game","Web browser, Android, PC (Microsoft Windows)",,"roguelike, unofficial, fangame, shin megami tensei fangame",jab_lao,,Single player
Elite Exorcist Miko,2024-12-25,,"Shooter, Indie",PC (Microsoft Windows),Action,"shoot 'em up, roguelike, bullet hell, side-scrolling","tian nya, holo Indie",Side view,Single player
Straight to the Bone,2024-12-23,,"Strategy, Indie, Arcade",PC (Microsoft Windows),Action,roguelite,,,Single player
Lost Pages: Classic,2024-12-17,,"Strategy, Indie",PC (Microsoft Windows),,roguelike,,,Single player
Rocket Rats,2024-12-17,,"Shooter, Indie","Xbox Series X|S, PlayStation 4, PC (Microsoft Windows)","Action, Science fiction","roguelike, rats, pixel graphics, steam achievements, steam cloud, roguelite, action roguelike, moon, steam families",Gagonfe,Bird view / Isometric,Single player
Cardio,2024-12-16,,"Role-playing (RPG), Indie, Card & Board Game",PC (Microsoft Windows),Action,"roguelike, roguelike deckbuilder",Mat'ndCo,,Single player
Rogue Words,2024-12-16,,"Puzzle, Strategy, Indie",iOS,,"roguelike, word game",Brian Lipkowitz,,Single player
WizardChess,2024-12-14,,"Role-playing (RPG), Strategy, Turn-based strategy (TBS), Indie, Card & Board Game","PC (Microsoft Windows), Mac","Fantasy, Comedy","chess, roguelike, chessboard, roguelite, chessboard gameplay, deck-building, roguelike deckbuilder","TwoPM Studios, 2 Left Thumbs",Bird view / Isometric,Single player
FuryDough,2024-12-13,,"Shooter, Hack and slash/Beat 'em up, Indie",PC (Microsoft Windows),"Action, Comedy","maze, arena shooter, roguelite, twin stick, action roguelike, donuts",SquirrelConGafas,Bird view / Isometric,Single player
The Exile Princes,2024-12-13,,Role-playing (RPG),PC (Microsoft Windows),"Fantasy, Romance","medieval, roguelike, party-based",,,Single player
Cowboy 3030,2024-12-13,,Shooter,PC (Microsoft Windows),Action,"western, roguelike, bullet hell, roguelite",Soy Boy Games,Third person,"Single player, Multiplayer, Co-operative, Split screen"
Witch and Council,2024-12-13,,"Role-playing (RPG), Strategy, Turn-based strategy (TBS), Adventure, Indie, Card & Board Game",PC (Microsoft Windows),"Fantasy, Comedy","anime, medieval, magic, 2d, roguelike, mythology, female protagonist, class-based, turn-based combat, choices matter, cartoony, roguelite, tcg, roguelike deckbuilder",G1 Playground,Text,Single player
Llloot!,2024-12-12,,"Strategy, Turn-based strategy (TBS), Tactical",Web browser,Stealth,"thief, roguelike",,Bird view / Isometric,Single player
Paw Paw Death Festival,2024-12-12,,"Turn-based strategy (TBS), Card & Board Game","PC (Microsoft Windows), Nintendo Switch",Comedy,"tower defense, character customization, gambling, dark humor, dog, cat, roguelite",Daiyu.studio,,Single player
Paw Paw Destiny,2024-12-12,,"Platform, Adventure, Indie","PC (Microsoft Windows), Nintendo Switch","Action, Comedy, Non-fiction, Open world","pixel art, dark humor, dog, cosmic horror, story rich, cat, roguelite, dynamic narrative",Daiyu.studio,Side view,Single player
TankHead,2024-12-11,,Shooter,PC (Microsoft Windows),"Action, Warfare","tank simulator, roguelike, tank, roguelite, tank game, action roguelike",Alpha Channel,Third person,Single player
Dagger Froggy,2024-12-10,,"Shooter, Adventure, Indie, Arcade","Xbox Series X|S, PlayStation 4, PC (Microsoft Windows), PlayStation 5, Xbox One, Nintendo Switch","Action, Kids","roguelike, action roguelike","Solluco, Eastasiasoft, Solluco",Bird view / Isometric,Single player
Ballionaire,2024-12-10,,"Simulator, Strategy, Indie",PC (Microsoft Windows),,"steam cloud, steam workshop, controller support, roguelite, replay value, nextfest october 2024","newobject, Raw Fury",,Single player
Deck of Souls,2024-12-10,,"Role-playing (RPG), Strategy, Tactical, Card & Board Game",PC (Microsoft Windows),Fantasy,"demo, roguelite, soulslike, free demo, deck-building","HeroCraft, Bigboot Studios",Text,Single player
The Kynge's Gambit,2024-12-10,,"Role-playing (RPG), Strategy",PC (Microsoft Windows),Action,"roguelike, demo, free demo, roguelike deckbuilder",Bigboot Studios,Bird view / Isometric,Single player
Undead West,2024-12-09,,"Adventure, Indie",PC (Microsoft Windows),Action,"bullet hell, roguelite","Retrovibe, Deathless Games",Bird view / Isometric,Single player
Chrysalis,2024-12-09,,"Real Time Strategy (RTS), Role-playing (RPG), Strategy, Indie","Linux, PC (Microsoft Windows), Mac",Survival,"tower defense, 2d, roguelike, procedural generation, resource management, real time tactics, mythology, gardening, nature, pixel graphics, base building, grid-based movement, mod support",Metamorph Games,Bird view / Isometric,Single player
Archons,2024-12-06,,"Role-playing (RPG), Hack and slash/Beat 'em up, Indie",PC (Microsoft Windows),Action,"roguelite, action roguelike",Caketown Interactive,Bird view / Isometric,"Single player, Multiplayer, Co-operative"
Gunslinger Express,2024-12-06,,"Adventure, Indie",PC (Microsoft Windows),Action,"western, procedural generation, trains, wild west, pixel graphics, roguelite",,Bird view / Isometric,Single player
Happy Hotel,2024-12-05,,"Platform, Puzzle, Adventure, Indie","PC (Microsoft Windows), PlayStation 5, Nintendo Switch","Horror, Survival","creepy, puzzle platformer, roguelite, haunted, suspense, mascot horror",Nyakuza Games,First person,Single player
Uncle Chop's Rocket Shop,2024-12-05,,"Puzzle, Simulator, Indie","Xbox Series X|S, PC (Microsoft Windows), PlayStation 5, Nintendo Switch",Science fiction,"aliens, space, surreal, story rich, hand-drawn, roguelite","Beard Envy, Kasedo Games",,Single player
Caves of Qud,2024-12-05,82.2,"Role-playing (RPG), Simulator, Strategy, Turn-based strategy (TBS), Adventure, Indie","Linux, PC (Microsoft Windows), Mac, Nintendo Switch","Fantasy, Science fiction","roguelike, robots, permadeath, retro future, destructible environment","Freehold Games, Kitfox Games",Bird view / Isometric,Single player
Moon Watch,2024-12-04,,"Shooter, Role-playing (RPG), Strategy, Tactical, Adventure, Indie, Arcade","Web browser, Linux, PC (Microsoft Windows), Mac","Action, Science fiction, Survival","bullet hell, roguelite, deck-building","Pretty Soon, TheJaspel",Bird view / Isometric,Single player
Pest Apocalypse,2024-12-04,,"Racing, Adventure, Indie","Linux, PC (Microsoft Windows)","Action, Survival","physics, roguelike, bullet hell, demo, horde, free demo, action roguelike",Kikimora Games,Bird view / Isometric,Single player
Entropy Survivors,2024-12-04,,"Role-playing (RPG), Hack and slash/Beat 'em up, Indie, Arcade","Xbox Series X|S, PC (Microsoft Windows), PlayStation 5","Action, Science fiction","mech, frog, bullet hell, roguelite, bullet heaven, online coop","Moving Pieces, First Break Labs",Bird view / Isometric,"Single player, Multiplayer, Co-operative"
Mononeko,2024-12-04,,"Music, Adventure, Indie","PC (Microsoft Windows), Mac","Action, Comedy","2d, cats, cute, roguelite, rhythm game, rhythm",Ribeye Games,,Single player
Black Dragon Mage,2024-12-04,,,PC (Microsoft Windows),Action,"wizards, magic, 2d, dragons, roguelike, arena shooter, pixel graphics, controller recommendation, roguelite, retro arcade shooter",,Bird view / Isometric,Single player
Space Duck: Escape,2024-12-03,,"Platform, Indie",PC (Microsoft Windows),Science fiction,"roguelike, speedrun, precision platforming, ai-generated marketing",Broken Down Software,Side view,Single player
Rookie,2024-12-02,,,PC (Microsoft Windows),,"3d, funny, clicker, roguelite, cartoon, ai-generated sound effects, upgrades",Tomate_Salat,Bird view / Isometric,Single player
PizzaPanic,2024-12-02,,"Racing, Indie, Arcade",PC (Microsoft Windows),Action,"roguelike, pvp, ai-generated artwork",Catnip Lab,Third person,"Single player, Multiplayer, Co-operative, Split screen"
Freeky Faucets Arcade,2024-12-01,,"Adventure, Indie",PC (Microsoft Windows),Action,"roguelike, rougelite",,,Single player
Sea of Radiation 2,2024-11-29,,Indie,PC (Microsoft Windows),Action,"2d, lovecraftian, roguelite",NightWalker,Bird view / Isometric,Single player
Magic the Wandering,2024-11-29,,"Platform, Puzzle, Strategy, Adventure, Indie",PC (Microsoft Windows),"Action, Fantasy","lemmings, roguelite, roguelike platform",Sernato Games,Side view,Single player
W.A.N.D. Project,2024-11-29,,"Fighting, Shooter, Indie, Arcade","PC (Microsoft Windows), Nintendo Switch","Action, Fantasy","anime, roguelike, bullet hell, female protagonist, action roguelike","The Knights of Unity, Untold Tales",Bird view / Isometric,Single player
One Boss One Fight,2024-11-28,,"Indie, Arcade","PC (Microsoft Windows), Mac","Action, Fantasy","dark fantasy, bullet hell, pve, online multiplayer, dynamic difficulty, roguelite, soulslike, online coop, action roguelike, replay value, isometric",Atlantis Studio,Bird view / Isometric,Single player
Snowdrop the Blade Master,2024-11-28,,"Adventure, Indie, Card & Board Game",PC (Microsoft Windows),,"roguelike, deck-building",,,Single player
Relic Dudes,2024-11-27,,,PC (Microsoft Windows),Action,"roguelike, online multiplayer, roguelite","Achenar Studios, Odd Giant, danilomacb",,"Single player, Multiplayer, Co-operative"
Ooze Keeper,2024-11-25,,"Simulator, Strategy, Indie",PC (Microsoft Windows),,"pixel graphics, roguelite",,,Single player
Sin Slayers: Reign of The 8th,2024-11-25,,"Role-playing (RPG), Strategy, Tactical, Adventure, Indie","Linux, PC (Microsoft Windows), Mac, Nintendo Switch","Action, Fantasy","roguelike, turn-based rpg",goonswarm,Bird view / Isometric,Single player
Launch & Loot,2024-11-21,,"Role-playing (RPG), Adventure, Indie",PC (Microsoft Windows),Action,"dungeon crawler, roguelite, mystery dungeon",Lua Ludica,Bird view / Isometric,Single player
TowerUp: Breakout,2024-11-20,,"Shooter, Strategy, Adventure, Indie",PC (Microsoft Windows),Action,"roguelike, action roguelike","Two Void Studios, Richard Bueno",First person,"Single player, Multiplayer, Co-operative"
Randotura,2024-11-20,,Indie,PC (Microsoft Windows),Action,"roguelike, action roguelike",,Bird view / Isometric,Single player
Asterogues,2024-11-20,,"Shooter, Adventure, Indie",PC (Microsoft Windows),Action,"bullet hell, space, combat, roguelite, available on - blacknut","pipotchi600, Freedom Games",Bird view / Isometric,"Single player, Multiplayer, Co-operative"
The Binding of Isaac: Repentance+,2024-11-18,80.0,Shooter,PC (Microsoft Windows),Action,"roguelike, psychological, procedurally generated, boss fight, free dlc, unlockables, randomized, action roguelike, replay value","Pikii, Nicalis, Inc., Edmund McMillen",Bird view / Isometric,"Single player, Multiplayer, Co-operative"
Iconia Defenders,2024-11-18,,"Strategy, Indie",PC (Microsoft Windows),,"tower defense, roguelike, minimalistic graphics, roguelite, defense, deck-building, roguelike deckbuilder, minimalist, deckbuilder",,Bird view / Isometric,Single player
Heroes & Redemption,2024-11-18,,"Role-playing (RPG), Indie",PC (Microsoft Windows),Action,"roguelike, bullet hell",Observer Games,Bird view / Isometric,Single player
Seer's Gambit,2024-11-18,,"Role-playing (RPG), Strategy","PC (Microsoft Windows), Nintendo Switch",,"roguelike, pixel graphics, roguelite, pixel art game, auto battler",Unleash the Giraffe,Side view,Single player
Last Star,2024-11-17,,"Shooter, Role-playing (RPG), Strategy, Adventure, Indie, Arcade","Linux, PC (Microsoft Windows)",Action,"tower defense, spaceship, space, upgrade, roguelite, action roguelike",Nordman Games,Bird view / Isometric,Single player
Mineral Defense,2024-11-15,,"Strategy, Indie","Linux, PC (Microsoft Windows)",Science fiction,"tower defense, futuristic, roguelite, science-fantasy",,,Single player
Nether Dungeons,2024-11-15,,"Role-playing (RPG), Adventure, Indie, Arcade","Android, PC (Microsoft Windows), iOS",Action,"roguelike, dungeon crawling, free-to-play, roguelite",,Bird view / Isometric,Single player
Gregory Horror Show Soul of Roses,2024-11-15,,"Platform, Adventure, Indie",PC (Microsoft Windows),"Action, Fantasy","2d, roguelike, cartoon",Unframe,Side view,Single player
Depths of Faveg,2024-11-15,,"Role-playing (RPG), Strategy, Indie",PC (Microsoft Windows),Fantasy,"roguelike, turn-based combat",guipadgon,,Single player
BloodDome99,2024-11-15,,Indie,PC (Microsoft Windows),Action,"1980s, roguelike, demo, pixel graphics, free demo",Halftone Gaming,Bird view / Isometric,Single player
Lake of Creatures,2024-11-15,,"Role-playing (RPG), Sport, Indie",PC (Microsoft Windows),Action,"roguelike, fishing, bullet hell, procedurally generated, roguelite",Antenna Games,,Single player
GirlDivers,2024-11-14,,"Shooter, Indie, Arcade",PC (Microsoft Windows),"Action, Science fiction, Comedy, Erotic, Romance","parody, roguelike",Sweet Cakes Games,Bird view / Isometric,Single player
Epic Auto Towers,2024-11-14,,Strategy,PC (Microsoft Windows),,"pirates, ghosts, tower defense, 2d, roguelike, upgrade, yokai, family friendly, boss fight, cat, panda, ghoul, spirits, deck-building, roguelike deckbuilder, bossfight, replayability, bosses, deckbuilder, autobattler, fish, replay value, steam families, ghost, pirate, upgrades",Aleksandr Golovkin,Side view,Single player
Do You Have a Moment to Talk About Our Lord and Savior?,2024-11-13,,"Indie, Card & Board Game","Linux, PC (Microsoft Windows), Mac",Horror,"roguelike, roguelike deckbuilder, deckbuilder",Worst Event,First person,Single player
Vaxinator,2024-11-11,,"Shooter, Indie",PC (Microsoft Windows),Action,"roguelike, bullet hell, boomer shooter",Anonvision,Bird view / Isometric,Single player
Rogue Rollout,2024-11-11,,"Simulator, Strategy, Indie, Card & Board Game",PC (Microsoft Windows),,"roguelike, roguelike deckbuilder, ai-generated artwork, deckbuilder",,Side view,Single player
Menace from the Deep,2024-11-11,,"Simulator, Strategy, Adventure, Indie",PC (Microsoft Windows),,"roguelike, card based combat, playing cards, deckbuilder","Flatcoon, Flat Lab",,Single player
Dungeons of Blood and Dream,2024-11-11,,"Role-playing (RPG), Adventure, Indie",PC (Microsoft Windows),"Action, Fantasy, Horror","roguelike, dungeon crawling",,First person,Single player
Infinity Slime Dungeon,2024-11-09,,"Role-playing (RPG), Simulator, Indie",Web browser,Fantasy,"roguelike, dungeon crawling",ANTIVENIN Studios,Third person,Single player
Calcium Chaos: Derailed,2024-11-08,,"Shooter, Indie","PC (Microsoft Windows), Mac","Action, Comedy","casual, 2d, trains, action-adventure, cute, funny, local co-op, cartoony, co-op campaign, 4 player co-op, roguelite, twin stick","Spelkollektivet, Lunch Money Games",,"Single player, Multiplayer, Co-operative"
Clock Rogue,2024-11-07,,,PC (Microsoft Windows),Action,roguelike,"MONO ENTERTAINMENT, Phoenixx Inc.",Side view,Single player
Tower Factory,2024-11-07,,"Simulator, Strategy",PC (Microsoft Windows),"Action, Fantasy","tower defense, automation, roguelite",Gius Caminiti,Bird view / Isometric,Single player
Atomic Picnic,2024-11-07,,"Shooter, Adventure, Indie",PC (Microsoft Windows),Action,"online multiplayer, roguelite","BitCake Studio, Mad Mushroom Publishing",Third person,"Single player, Multiplayer, Co-operative"
MasterQuest Fantasy,2024-11-06,,"Role-playing (RPG), Indie",PC (Microsoft Windows),Fantasy,"2d, roguelike, permadeath, old school, dungeon crawler",,"Bird view / Isometric, Text",Single player
Warlords Battle Simulator,2024-11-05,,"Real Time Strategy (RTS), Simulator, Strategy",PC (Microsoft Windows),"Action, Fantasy, Warfare","roguelike, military, demo, free demo, ai-generated artwork, autobattler, action roguelike","Redkar Limited, Hawthorn Games",Bird view / Isometric,Single player
Letterlike,2024-11-04,,"Puzzle, Strategy, Indie, Card & Board Game","Android, PC (Microsoft Windows), iOS",Educational,"casual, roguelike, word game, roguelite, scrabble",Puzzlelike,Bird view / Isometric,Single player
Munch,2024-11-04,,"Role-playing (RPG), Hack and slash/Beat 'em up","PC (Microsoft Windows), Mac","Action, Fantasy","evolution, heavy metal, roguelite, monster",Mac n Cheese Games,Bird view / Isometric,Single player
Zombastic,2024-11-01,,Role-playing (RPG),"Android, iOS",,"2d, roguelike, stylized, gun, zombie survival, weapons",Playmotional,Bird view / Isometric,Single player
Hacky,2024-11-01,,"Simulator, Indie",PC (Microsoft Windows),"Science fiction, Mystery","hacking, hacker, steam achievements, steam cloud, roguelite, hacking simulator, typing, steam families",Napas Torteeka,,Single player
Magicraft,2024-11-01,70.2,"Role-playing (RPG), Adventure, Indie",PC (Microsoft Windows),"Action, Fantasy, Survival","roguelike, roguelite, danmaku",Bilibili Game,Bird view / Isometric,Single player
Elin,2024-11-01,,"Role-playing (RPG), Strategy, Indie",PC (Microsoft Windows),"Fantasy, Sandbox","exploration, character customization, roguelike, crafting, jrpg, dungeon crawling, pixel graphics, crowdfunding - kickstarter, free demo, traditional roguelike, hard, nonlinear","Noa, Lafrontier",Bird view / Isometric,"Single player, Multiplayer"
Sketch Crawler,2024-11-01,,"Role-playing (RPG), Indie, Card & Board Game",PC (Microsoft Windows),"Fantasy, Comedy","experimental, roguelike, procedural generation, free-to-play, user generated content, cartoony, card battler",Koan,First person,Single player
Bees vs. Zombees,2024-10-31,,"Role-playing (RPG), Strategy, Indie","Xbox Series X|S, PlayStation 4, PC (Microsoft Windows), PlayStation 5, Xbox One, Nintendo Switch",Action,"tower defense, roguelike","Nuntius Games, Deadpixel Arts","Bird view / Isometric, Side view",Single player
Vampire Survivors: Ode to Castlevania,2024-10-31,,"Role-playing (RPG), Indie, Arcade","Xbox Series X|S, PlayStation 4, Android, PC (Microsoft Windows), iOS, PlayStation 5, Xbox One, Nintendo Switch","Action, Fantasy, Survival","bullet hell, increasing difficulty, roguelite, auto battler",Poncle,Bird view / Isometric,"Single player, Multiplayer, Co-operative"
Wormhole,2024-10-31,,"Indie, Arcade","Linux, PC (Microsoft Windows), Mac, Nintendo Switch","Action, Science fiction","retro, roguelike, pixel art, snake, pixel graphics, roguelite, 1bit, action roguelike",Pocket Moon Games,,Single player
Hell Survivors,2024-10-31,,"Shooter, Indie",PC (Microsoft Windows),"Action, Fantasy, Horror, Survival","hell, demons, roguelite, action roguelike",Aerilon Studios,Bird view / Isometric,Single player
[Redacted],2024-10-31,,"Shooter, Role-playing (RPG), Hack and slash/Beat 'em up","Xbox Series X|S, PC (Microsoft Windows), PlayStation 5","Action, Science fiction, Survival",roguelike,"Krafton, Striking Distance Studios",Bird view / Isometric,Single player
Requiem For a Lost World,2024-10-30,,"Shooter, Role-playing (RPG), Indie",PC (Microsoft Windows),Action,"shoot 'em up, shmup, bullet hell, steam cloud, steam leaderboards, free game, roguelite, ai-generated artwork",TheNishishiro,"Third person, Bird view / Isometric","Single player, Multiplayer, Co-operative"
Karate Survivor,2024-10-30,70.6,"Fighting, Role-playing (RPG), Hack and slash/Beat 'em up, Indie, Arcade","PC (Microsoft Windows), PlayStation 5, Nintendo Switch",Action,"martial arts, karate, super combo, roguelite, action roguelike",Alawar,Bird view / Isometric,Single player
Vampire Hunters,2024-10-30,,"Shooter, Indie, Arcade","Xbox Series X|S, PlayStation 4, PC (Microsoft Windows), PlayStation 5, Xbox One, Nintendo Switch",Action,"roguelike, bullet hell",Gamecraft Studios,First person,Single player
Space Cycle,2024-10-29,,Indie,PC (Microsoft Windows),Science fiction,"tower defense, steam cloud, roguelite",Some Sugar Studio,Bird view / Isometric,Single player
Plains of Havoc,2024-10-29,,"Role-playing (RPG), Adventure, Indie",PC (Microsoft Windows),Action,"bullet hell, demo, roguelite, free demo, action roguelike",Tiny Island Games,Bird view / Isometric,Single player
Dead Estate: Good Night,2024-10-28,,"Shooter, Indie, Arcade",PC (Microsoft Windows),"Action, Horror","shoot 'em up, roguelike, multiple endings, pixel graphics, action roguelike","2 Left Thumbs, Milkbar Lads",Bird view / Isometric,Single player
ColdRidge,2024-10-28,,Indie,"Linux, PC (Microsoft Windows)",,"western, roguelite, hex grid","Frog Collective, Doyoyo Games",Bird view / Isometric,Single player
When the Light Dies,2024-10-28,,Adventure,PC (Microsoft Windows),"Action, Historical",roguelike,PQube Games,Bird view / Isometric,Single player
Nimrods,2024-10-28,,"Shooter, Role-playing (RPG), Adventure, Indie","PC (Microsoft Windows), Mac","Action, Science fiction, Survival","2d, roguelike, shmup, bullet hell, twin stick, rougelite, action roguelike",Fiveamp,,Single player
Sulfur,2024-10-28,,"Shooter, Role-playing (RPG), Simulator, Adventure, Indie","Xbox Series X|S, PlayStation 4, PC (Microsoft Windows), PlayStation 5, Xbox One",Action,"roguelike, gore",Perfect Random,First person,Single player
Keeper's Toll,2024-10-28,,"Shooter, Role-playing (RPG), Adventure, Indie, Arcade","Xbox Series X|S, PlayStation 4, PC (Microsoft Windows), PlayStation 5, Xbox One, Nintendo Switch",Action,"roguelike, dark fantasy, bullet hell, steam trading cards, pixel graphics, steam cloud, horde, controller support, roguelite, action roguelike","Doyoyo Games, Stingbot Games",Bird view / Isometric,Single player
Brotato + Abyssal Terrors DLC Bundle,2024-10-25,,"Fighting, Shooter, Role-playing (RPG), Indie, Arcade","Xbox Series X|S, PC (Microsoft Windows), Xbox One, Nintendo Switch","Action, Science fiction, Survival","arena shooter, roguelite","Blobfish, Erabit Studios, Seaven Studio",Bird view / Isometric,"Single player, Multiplayer, Co-operative"
Rogue Flight,2024-10-25,,"Shooter, Adventure, Indie, Arcade","Xbox Series X|S, PC (Microsoft Windows), PlayStation 5, Nintendo Switch",Action,"flight, roguelite","Truant Pixel, Perp Games",Third person,Single player
WildFront,2024-10-25,,"Role-playing (RPG), Strategy, Indie","PC (Microsoft Windows), Mac",,"monsters, roguelike, roguelike deckbuilder, card battler",Etheral Games,Side view,"Single player, Multiplayer"
Hina-chan's Sticker Survival,2024-10-24,,,PC (Microsoft Windows),,"casual, roguelike, word game, deck-building",ISY,,Single player
Tower of Nod,2024-10-24,,"Platform, Puzzle, Role-playing (RPG), Adventure, Indie, Arcade","Linux, PC (Microsoft Windows), iOS, Mac","Action, Fantasy, Horror","retro, roguelike, precision platforming, roguelike deckbuilder, action roguelike","Indiana Kuffer, Tiny Abyss",Side view,Single player
Echoes Ⅱ,2024-10-24,,Indie,PC (Microsoft Windows),Mystery,"roguelike, mystery dungeon",,Bird view / Isometric,Single player
Card-en-Ciel,2024-10-24,,"Role-playing (RPG), Simulator, Strategy, Card & Board Game","Xbox Series X|S, PlayStation 4, Nintendo Switch 2, PC (Microsoft Windows), PlayStation 5, Xbox One, Nintendo Switch",,"roguelike, card based combat, roguelite",Inti Creates,"Bird view / Isometric, Side view","Single player, Multiplayer"
Windblown,2024-10-24,,"Hack and slash/Beat 'em up, Indie",PC (Microsoft Windows),Action,"exploration, roguelike, permadeath, difficult, team-based, dungeon crawler, soulslike, action roguelike, nextfest october 2024","Motion Twin, Kepler Interactive",Bird view / Isometric,"Single player, Multiplayer, Co-operative"
Technotopia,2024-10-23,,"Simulator, Strategy, Indie","PC (Microsoft Windows), Mac, Nintendo Switch",Fantasy,"roguelike, demo, city builder, free demo","Yustas Game Studio, Alawar",Bird view / Isometric,Single player
Minesweeper & Dungeon RPG,2024-10-22,,"Strategy, Adventure, Indie","PC (Microsoft Windows), Mac",,"casual, roguelite",501JOY,,Single player
The Art Collector,2024-10-22,,"Role-playing (RPG), Simulator, Strategy",PC (Microsoft Windows),Business,"quick-time events, resource management, simulation, trading, building, capitalism, store management, story rich, inventory management, time management, single-player only, rpg elements, roguelite, ai-generated artwork, immersive sim, ai-generated coding, ai-generated marketing, shop keeper",Shyborg Games,Side view,Single player
BeatRider,2024-10-22,,"Role-playing (RPG), Indie",PC (Microsoft Windows),Action,"anime, female protagonist, cute, funny, roguelite",Neverland Entertainment,,Single player
Fool's Gambit,2024-10-22,,"Strategy, Turn-based strategy (TBS), Indie, Card & Board Game",PC (Microsoft Windows),,roguelike,,"First person, Text",Single player
Combat Survivors,2024-10-21,,"Shooter, Indie",PC (Microsoft Windows),"Action, Survival",roguelike,,Bird view / Isometric,Single player
Tuonela,2024-10-21,,"Role-playing (RPG), Adventure, Indie",PC (Microsoft Windows),Action,"roguelike, ai-generated artwork",Icy North Games,Bird view / Isometric,"Single player, Multiplayer, Co-operative"
Perfect Teams,2024-10-18,,"Role-playing (RPG), Strategy, Adventure, Indie, Card & Board Game","PC (Microsoft Windows), Mac",Fantasy,"roguelike, pixel art, deck-building","Lys Games, Lys Games, Lys Games",Side view,Single player
Kill the Reaper,2024-10-16,,"Shooter, Role-playing (RPG), Indie",PC (Microsoft Windows),"Action, Survival","zombies, bullet hell, stylized, demo, roguelite, free demo",ZELENIUK,Bird view / Isometric,Single player
Up to Par,2024-10-14,,"Sport, Indie","PC (Microsoft Windows), Mac",,"procedurally generated, roguelite, cozy, minigolf",It's Anecdotal,Bird view / Isometric,"Single player, Multiplayer, Co-operative, Split screen"
Yox,2024-10-13,,Turn-based strategy (TBS),PC (Microsoft Windows),Survival,"roguelike, traditional roguelike, minimalist",,Bird view / Isometric,Single player
Farmyard Survivors,2024-10-12,,"Shooter, Strategy, Arcade","Android, PC (Microsoft Windows), iOS, Nintendo Switch","Action, Comedy","cats, class-based, roguelite, horses",Viron Games,Bird view / Isometric,Single player
NovaMundi: The Spear of Chaquén,2024-10-12,,"Real Time Strategy (RTS), Role-playing (RPG), Simulator, Strategy",PC (Microsoft Windows),Sandbox,"exploration, roguelite",slashware interactives,Bird view / Isometric,Single player
Simulakros,2024-10-10,,Shooter,PC (Microsoft Windows),"Action, Science fiction","robots, corporation, roguelite, previously on - prime gaming","Sirio Games, Dear Villagers, PID Games",Third person,Single player
Glyphica: Typing Survival,2024-10-09,,"Shooter, Strategy, Indie, Arcade","PC (Microsoft Windows), Mac","Action, Survival","2d, roguelike, procedural generation, bullet hell, pve, arena shooter, demo, relaxing, high score, score attack, word game, bullet, roguelite, free demo, deck-building, roguelike deckbuilder, highscore, typing, minimalist, deckbuilder, action roguelike, logic","Squeaky Wheel Studio, aliasBLACK",Bird view / Isometric,Single player
Spin Hero,2024-10-08,,"Role-playing (RPG), Strategy, Indie, Card & Board Game",PC (Microsoft Windows),,"roguelike, gambling, deck-building, auto battler","Goblinz Publishing, Sphere Studios, Maple Whispering Limited",Side view,Single player
Tower of Dreams,2024-10-08,,"Platform, Puzzle",PC (Microsoft Windows),"Action, Survival","roguelike, pixel graphics, vertical platforming",Sour Lemon Studios,Side view,Single player
Stellar Orphans,2024-10-07,,"Strategy, Indie, Card & Board Game",PC (Microsoft Windows),"Science fiction, Survival","roguelite, roguelike deckbuilder, deckbuilder, cards",,,Single player
Mechanines Tower Defense,2024-10-04,,"Strategy, Indie",PC (Microsoft Windows),Science fiction,"tower defense, dogs, roguelite","Flying Cakes Studios, Camille Regel, João Kecek",Bird view / Isometric,Single player
Norikire! Hina-chan Stamp,2024-10-04,,"Simulator, Indie",PC (Microsoft Windows),"Fantasy, Comedy","2d, roguelike, girls, female protagonist, cute, funny, dog, level selection, youkai, choices matter, timer, countdown timer, human, shopping, difficulty level, mechanic, touhou project, fangame, many choices, conversation, deck-building, roguelike deckbuilder, faith, touhou fangame, stage selection, deckbuilder, women, choices, store","DLsite, ISY",Side view,Single player
Death Horizon: Cyberfusion,2024-10-03,,"Shooter, Adventure, Indie","Meta Quest 2, SteamVR, Meta Quest 3","Action, Horror","cybernetics, futuristic, procedurally generated, touch controls, roguelite, vr only",Dream Dev Studio,Virtual Reality,Single player
Revelatio,2024-10-03,,"Strategy, Indie",PC (Microsoft Windows),,"turn-based, roguelike, turn-based tactics, demo, free demo",Guild Studio,Side view,Single player
The Monarch,2024-10-02,,"Simulator, Strategy, Indie","Linux, PC (Microsoft Windows), Mac",Survival,"tower defense, roguelite",,Bird view / Isometric,Single player
Tarnished Blood,2024-10-02,,"Role-playing (RPG), Strategy",PC (Microsoft Windows),Action,"roguelite, turn-based rpg","Galaktus, Juggler Games",Side view,Single player
Cats With Guns,2024-10-01,,"Shooter, Strategy","Xbox Series X|S, PC (Microsoft Windows), Xbox One","Action, Kids","shmup, roguelite",Synnergy Circle Games,Bird view / Isometric,Single player
EcoGnomix,2024-10-01,,"Fighting, Puzzle, Simulator, Strategy, Turn-based strategy (TBS), Tactical, Adventure, Indie","Xbox Series X|S, PlayStation 4, Linux, PC (Microsoft Windows), PlayStation 5, Xbox One, Nintendo Switch",,"city builder, roguelite","Untold Tales, Irox Games",Bird view / Isometric,Single player
Rogue Waters,2024-09-30,,"Role-playing (RPG), Strategy, Turn-based strategy (TBS), Tactical","Xbox Series X|S, PC (Microsoft Windows), PlayStation 5, Xbox One, Nintendo Switch","Action, Fantasy","pirates, turn-based, procedural generation, procedurally generated, ships, recruitable characters, roguelite","Tripwire Interactive, Ice Code Games","Third person, Bird view / Isometric",Single player
Gate Guardian,2024-09-30,,"Role-playing (RPG), Strategy, Indie",PC (Microsoft Windows),"Action, Fantasy","magic, roguelike, demo, skeletons, roguelite, free demo, steam families",,Bird view / Isometric,Single player
Bulletmancer,2024-09-30,,"Role-playing (RPG), Indie",PC (Microsoft Windows),Action,"roguelike, bullet hell, roguelite",Posing Possums,Bird view / Isometric,Single player
MechCrisis,2024-09-30,,"Shooter, Role-playing (RPG), Adventure","Nintendo Switch 2, PC (Microsoft Windows), Nintendo Switch",Action,roguelike,Wise Games Interactive,Bird view / Isometric,"Single player, Multiplayer, Co-operative"
Depths of Endor,2024-09-27,,"Role-playing (RPG), Strategy, Adventure, Indie","Android, PC (Microsoft Windows), iOS","Action, Fantasy","roguelike, dungeon crawling, turn-based tactics, dungeon crawler, offline, turn-based rpg, dungeon, action roguelike",,Text,Single player
AetherShot,2024-09-27,,"Adventure, Indie",PC (Microsoft Windows),Action,"roguelike, roguelite, action roguelike",,Bird view / Isometric,Single player
Plumber Survivors,2024-09-27,,"Shooter, Role-playing (RPG), Indie","Linux, PC (Microsoft Windows)","Action, Comedy","casual, parody, bullet hell, demo, plumber, roguelite, free demo, action roguelike",IRON GAMES,Bird view / Isometric,Single player
Isle of Swaps,2024-09-27,,"Role-playing (RPG), Strategy, Turn-based strategy (TBS), Indie, Card & Board Game",PC (Microsoft Windows),"Action, Fantasy","roguelike, roguelite, trading card game, collecting card game - ccg, monster tamer, roguelike deckbuilder, deckbuilder",Fuzz Force,"Third person, Bird view / Isometric",Single player
Dwarven Realms,2024-09-27,,"Role-playing (RPG), Hack and slash/Beat 'em up, Adventure",PC (Microsoft Windows),Action,"roguelike, roguelite, arpg, action roguelike",Crater Studios,Third person,Single player
Realm of Ink,2024-09-26,,"Role-playing (RPG), Hack and slash/Beat 'em up, Adventure, Indie","Xbox Series X|S, PC (Microsoft Windows), PlayStation 5, Nintendo Switch","Action, Fantasy","2d, story rich, colorful, roguelite, indie developer","4Divinity, Leap Studio",Bird view / Isometric,Single player
Ravenswatch,2024-09-26,88.9,"Role-playing (RPG), Hack and slash/Beat 'em up, Adventure","Xbox Series X|S, PlayStation 4, Nintendo Switch 2, PC (Microsoft Windows), PlayStation 5, Xbox One, Nintendo Switch",Action,"roguelike, roguelite","Passtech Games, Nacon",Bird view / Isometric,"Single player, Multiplayer, Co-operative"
Lost In Fantaland,2024-09-26,,"Role-playing (RPG), Strategy, Turn-based strategy (TBS), Adventure, Indie, Card & Board Game","PlayStation 4, PC (Microsoft Windows), PlayStation 5, Nintendo Switch",Fantasy,"roguelike, deck-building, roguelike deckbuilder",Supernature Studio,Bird view / Isometric,Single player
Deep Among the Swarm,2024-09-25,,"Real Time Strategy (RTS), Simulator, Strategy, Indie",PC (Microsoft Windows),"Science fiction, Survival","post-apocalyptic, tower defense, monsters, retro, 2d, roguelike, procedural generation, resource management, old school, difficult, building, upgrade, in-game currency, pixel graphics, base building, pixels, procedurally generated, darkness, time management, customization, armor, pausable real time combat, swarming enemies, roguelite, meta, challenging, retro graphics, endless waves, underground, weapons, drill, endless, top-down",Pebble Mountain Games,Bird view / Isometric,Single player
Nigate Tale,2024-09-24,,"Role-playing (RPG), Adventure, Indie",PC (Microsoft Windows),"Action, Fantasy, Comedy","3d, roguelike, bullet hell, dungeon crawler","Hermit Games, 2P Games",Bird view / Isometric,Single player
Rune Bender VR,2024-09-20,,"Shooter, Role-playing (RPG), Strategy","Meta Quest 2, PlayStation VR2, PlayStation VR, SteamVR",Action,"roguelike, vr only",Nurogames,Virtual Reality,Single player
Star Survivor,2024-09-20,,"Role-playing (RPG), Indie",PC (Microsoft Windows),Action,"roguelike, bullet heaven",SpaceOwl Games,Bird view / Isometric,Single player
30XX: Feline Fury,2024-09-19,,"Shooter, Platform, Indie","PC (Microsoft Windows), Nintendo Switch","Action, Science fiction","roguelike, pixel graphics",Batterystaple Games,Side view,"Single player, Multiplayer, Co-operative"
Death End Re;Quest Code Z,2024-09-19,,"Role-playing (RPG), Strategy, Visual Novel","PlayStation 4, PC (Microsoft Windows), PlayStation 5, Nintendo Switch",Horror,"roguelike, gore, extreme violence, roguelike horror","Idea Factory, Compile Heart","Bird view / Isometric, Text",Single player
Aura of Worlds,2024-09-19,70.0,"Platform, Role-playing (RPG), Strategy, Tactical, Adventure, Indie","Linux, PC (Microsoft Windows), Mac, Nintendo Switch","Action, Fantasy","procedural generation, random level generation, roguelite, roguelike platform, action roguelike","HIDDEN TRAP, Cognitive Forge, indie.io",Side view,Single player
Campanella 2,2024-09-18,,"Platform, Adventure, Indie","PC (Microsoft Windows), Nintendo Switch",Science fiction,"roguelike, procedural generation, spaceship, alien",Mossmouth,Side view,Single player
Balatro: Special Edition,2024-09-17,,"Strategy, Indie, Card & Board Game","Xbox Series X|S, PlayStation 5, Xbox One, Nintendo Switch",,"poker, roguelike","LocalThunk, Playstack",Bird view / Isometric,Single player
Witching Stone,2024-09-16,,"Puzzle, Role-playing (RPG), Strategy, Tactical, Indie","PC (Microsoft Windows), Nintendo Switch",,"anime, retro, 2d, roguelike, female protagonist, cute, pixel art, deck-building",Alexander Taylor,Side view,Single player
TimeFixers,2024-09-15,,"Strategy, Adventure, Indie",PC (Microsoft Windows),Action,roguelike,,Bird view / Isometric,Single player
Legion of Evil,2024-09-13,,Hack and slash/Beat 'em up,Game Boy,,roguelike,"Twisted Twice Games, Limited Run Games",Bird view / Isometric,Single player
Spell Tonaeru,2024-09-13,,"Puzzle, Strategy, Adventure, Indie",PC (Microsoft Windows),"Action, Fantasy","wizards, dark, magic, 2d, roguelike, cats, difficult, bullet hell, female protagonist, funny, pixel art, pixel graphics, dog, pixels, word game, time management, magical girl, battle, bullet, cat, journey, roguelite, deck-building, roguelike deckbuilder, deckbuilder, danmaku, bullet grazing, pixelart, spelling, spells, grimoire",Omado,Side view,"Single player, Multiplayer, Co-operative"
Loot Loot Goblin,2024-09-13,,Arcade,"Web browser, Linux, PC (Microsoft Windows), Mac",Action,"treasure hunt, roguelite",voidgazerBon,Bird view / Isometric,Single player
Meme Mayhem,2024-09-13,,"Role-playing (RPG), Strategy, Indie, Card & Board Game","PC (Microsoft Windows), Nintendo Switch",Comedy,"roguelike, demo, roguelite, free demo, deck-building, roguelike deckbuilder, autobattler, idle",Cr3 Studio,Side view,Single player
Pyrene,2024-09-13,,"Strategy, Turn-based strategy (TBS), Indie, Card & Board Game","PC (Microsoft Windows), Mac",Fantasy,"roguelike, dungeon crawler, deck-building, roguelike deckbuilder","Two Tiny Dice, Indie Asylum",Bird view / Isometric,Single player
StormEdge,2024-09-13,,"Adventure, Indie","PC (Microsoft Windows), PlayStation 5, Nintendo Switch",Action,"roguelite, action roguelite",HypeTrain Digital,Bird view / Isometric,"Single player, Multiplayer, Co-operative"
New Meat,2024-09-12,,"Role-playing (RPG), Adventure, Arcade",PC (Microsoft Windows),"Action, Horror, Comedy","roguelike, food, action roguelike",,,Single player
Dice Player One,2024-09-12,,"Strategy, Indie",PC (Microsoft Windows),,"dice, roguelite, deckbuilder, yahtzee",,,Single player
Veil of Shadows,2024-09-12,,"Adventure, Indie","Linux, PC (Microsoft Windows)",Action,"roguelike, female protagonist",Imponix Game Studio,Bird view / Isometric,Single player
RP7: Spin Your Own Encounter,2024-09-12,,"Role-playing (RPG), Strategy, Indie",PC (Microsoft Windows),Fantasy,"roguelike, cute, dungeon crawler","Turtle Cream, IndieArk",Bird view / Isometric,Single player
Lindwyrm,2024-09-10,,"Puzzle, Role-playing (RPG), Indie","Xbox Series X|S, PC (Microsoft Windows), PlayStation 5, Mac, Nintendo Switch",Action,"roguelite, online coop, jumping",Ghostwhale Games,Bird view / Isometric,"Single player, Multiplayer, Co-operative"
Elsie,2024-09-10,,"Platform, Adventure, Indie, Arcade","PC (Microsoft Windows), PlayStation 5, Nintendo Switch","Action, Science fiction","retro, 2d, roguelike, robots, procedural generation, permadeath, difficult, bullet hell, futuristic, side-scrolling, modern, pixel art, pixel graphics, combat, pixels, 2d platformer, bullet, roguelite, pixelart, action roguelike, replay value, action platformer","Playtonic Friends, Knight Shift Games",Side view,Single player
Utopia Must Fall,2024-09-09,,"Shooter, Indie","PC (Microsoft Windows), Mac",Action,"vector graphics, roguelite, retro arcade shooter",Pixeljam,,Single player
Terrorformer TD,2024-09-09,,Strategy,"Linux, PC (Microsoft Windows), Mac",,"tower defense, roguelike, procedural generation, steam leaderboards, roguelite",,,Single player
The Cool Guys Are Level 100,2024-09-06,,Indie,PC (Microsoft Windows),Action,"bullet hell, roguelite, action roguelike",,Bird view / Isometric,Single player
Spelunky64,2024-09-06,,"Platform, Adventure, Indie",Commodore C64/128/MAX,"Action, Fantasy","roguelike, homebrew",Paul Koller,Side view,Single player
Shogun Showdown,2024-09-05,79.6,"Role-playing (RPG), Strategy, Turn-based strategy (TBS), Indie, Card & Board Game","Xbox Series X|S, Web browser, PlayStation 4, Linux, Android, PC (Microsoft Windows), iOS, PlayStation 5, Mac, Xbox One, Nintendo Switch",Action,"roguelike, deck-building, previously on - prime gaming, available on - crunchyroll game vault","Roboatino, Goblinz Publishing, Gamirror Games",Side view,Single player
Demon's Mirror,2024-09-05,,"Puzzle, Strategy, Turn-based strategy (TBS), Indie, Card & Board Game",PC (Microsoft Windows),Fantasy,"magic, 2d, roguelike, deck-building","Be-Rad Entertainment, Good Shepherd Entertainment",Side view,Single player
Necroking,2024-09-04,,"Strategy, Tactical, Adventure, Indie, Card & Board Game","PC (Microsoft Windows), Mac, Nintendo Switch","Action, Fantasy, Horror","turn-based tactics, demo, roguelite, free demo, deck-building, available on - blacknut","Alawar, KORO.GAMES","Bird view / Isometric, Side view",Single player
Rocket!,2024-09-04,,"Shooter, Strategy, Indie, Arcade","Linux, PC (Microsoft Windows), Mac","Action, Science fiction","retro, roguelike, bullet hell, space, asteroids, score attack, roguelite, bullet heaven, action roguelike",ZeNfA Productions,Bird view / Isometric,"Single player, Multiplayer, Co-operative"
Deep Dark Block,2024-09-02,,"Puzzle, Indie",PC (Microsoft Windows),"Action, Horror, Survival","tetris, falling blocks, roguelite",PCat,,
Junkyard Killbots,2024-09-02,,Strategy,PC (Microsoft Windows),Science fiction,"roguelite, autobattler",,Bird view / Isometric,Single player
HolyHunt,2024-09-02,,"Shooter, Indie, Arcade","Xbox Series X|S, PlayStation 4, PC (Microsoft Windows), PlayStation 5, Xbox One, Nintendo Switch",Action,"shoot 'em up, roguelike","Short N Sweet, Artificial Studios, Flux Game Studio",Bird view / Isometric,Single player
Solar: Survival Space Battle Simulator,2024-08-30,,"Simulator, Strategy",PC (Microsoft Windows),"Action, Science fiction, Survival","roguelike, space, auto battler, ai-generated artwork",,Side view,Single player
Tribute,2024-08-30,,"Adventure, Indie",PC (Microsoft Windows),,"roguelike, fast paced, dungeon crawling, escaping imprisonment, ai-generated artwork",,Bird view / Isometric,Single player
Megaloot,2024-08-30,,"Role-playing (RPG), Strategy, Turn-based strategy (TBS), Adventure, Indie",PC (Microsoft Windows),Fantasy,"roguelike, demo, inventory management, roguelite, free demo, turn-based rpg","Ravenage Games, INSTINCT3",Text,"Single player, Multiplayer, Co-operative"
Boosted Survivors,2024-08-29,,"Role-playing (RPG), Adventure, Indie, Arcade","Linux, PC (Microsoft Windows), Mac","Action, Fantasy, Survival","roguelike, bullet hell, increasing difficulty",Clarity Games,Bird view / Isometric,Single player
Mechanophagia,2024-08-28,,"Shooter, Indie, Arcade",PC (Microsoft Windows),"Action, Science fiction","bullet hell, roguelite, action roguelike",Apamate Studio,Bird view / Isometric,Single player
Risk of Rain 2: Seekers of the Storm,2024-08-27,,Shooter,"Xbox Series X|S, PlayStation 4, PC (Microsoft Windows), PlayStation 5, Xbox One, Nintendo Switch",Science fiction,"roguelike, roguelite","Gearbox Publishing, Gearbox Software",Third person,Co-operative
Peglin,2024-08-27,85.8,"Puzzle, Role-playing (RPG), Strategy, Adventure, Indie, Arcade","Xbox Series X|S, PlayStation 4, Android, PC (Microsoft Windows), iOS, PlayStation 5, Mac, Xbox One, Nintendo Switch",Fantasy,"casual, retro, roguelike, pixel graphics, roguelite","IndieArk, Red Nexus Games Inc.",Side view,Single player
Defenders of the Omniverse,2024-08-26,,"Adventure, Indie, Arcade",PC (Microsoft Windows),"Action, Fantasy, Science fiction, Survival","roguelike, bullet hell, increasing difficulty, action roguelike",Babushka Entertainment,Bird view / Isometric,Single player
Voltaire: The Vegan Vampire,2024-08-26,,"Role-playing (RPG), Simulator, Adventure, Indie","PC (Microsoft Windows), Nintendo Switch","Action, Comedy","permadeath, cute, base building, hand-drawn, roguelite, farming simulator, available on - blacknut, available on - indie pass","Freedom Games, Digitality Games",Bird view / Isometric,"Single player, Multiplayer, Co-operative"
Koboo: The Tree Spirit,2024-08-26,,"Platform, Role-playing (RPG), Adventure, Indie",PC (Microsoft Windows),"Action, Fantasy","roguelike, demo, crowdfunding - kickstarter, soulslike, free demo","Jerome Labelle, Simon Labelle, Honest Rogue Games",Side view,Single player
Second Rate Superheroes,2024-08-25,,Indie,PC (Microsoft Windows),"Action, Science fiction","roguelike, difficult, superhero",,Bird view / Isometric,Single player
Ark's Wonder Dungeon,2024-08-23,,"Role-playing (RPG), Indie",PC (Microsoft Windows),Fantasy,"roguelike, jrpg",,First person,Single player
Elemental Exiles,2024-08-20,,"Role-playing (RPG), Strategy, Indie",PC (Microsoft Windows),Fantasy,"roguelike, deck-building",Final Game Studio,,Single player
Once Upon a Rogue's Tale,2024-08-20,,"Strategy, Card & Board Game",PC (Microsoft Windows),"Action, Fantasy","roguelike, roguelike deckbuilder, card battler","PolyPirates, Lizard Child",,Single player
The Spewnicorn,2024-08-19,,"Strategy, Card & Board Game","Linux, PC (Microsoft Windows), Mac",Fantasy,"roguelike, deckbuilder",,,Single player
Starground,2024-08-19,,"Simulator, Strategy, Indie","Linux, PC (Microsoft Windows)",Sandbox,"online multiplayer, automation, roguelite, online coop","Big Boy Games, 2 Left Thumbs",Bird view / Isometric,"Single player, Multiplayer, Co-operative"
Terminus: Zombie Survivors,2024-08-19,,"Role-playing (RPG), Strategy, Turn-based strategy (TBS), Indie","PC (Microsoft Windows), Mac","Horror, Survival","zombies, post-apocalyptic, 2d, roguelike, permadeath, gore, pixel graphics, survival horror, grid-based movement, procedurally generated, turn-based rpg, replayability",Longplay Studios,Bird view / Isometric,Single player
Feed the Deep,2024-08-16,,"Adventure, Indie","PC (Microsoft Windows), iOS, Mac","Horror, Survival","underwater, roguelike, procedurally generated, roguelike horror",Luke Muscat,Side view,Single player
Sapo 2,2024-08-14,,"Shooter, Indie, Arcade","Web browser, PC (Microsoft Windows)",Action,"roguelike, frog, endless, top-down",Virgula Leal,Bird view / Isometric,Single player
Gladiate!,2024-08-14,,"Strategy, Card & Board Game",PC (Microsoft Windows),Action,"cyberpunk, roguelite, indie developer, nintendo switch online exclusive, combo multiplier",Teicsoft,,Single player
To the Stars,2024-08-13,,"Real Time Strategy (RTS), Role-playing (RPG), Strategy, Tactical, Adventure, Indie, Card & Board Game","PC (Microsoft Windows), Mac, Nintendo Switch",Comedy,"roguelite, deck-building",Stellar Cartography,,Single player
Near Mint,2024-08-12,,"Strategy, Card & Board Game",PC (Microsoft Windows),,"roguelike, dungeon crawler, roguelite, deck-building, deckbuilder",,,
Shoulders of Giants: Ultimate,2024-08-12,,Shooter,"Xbox Series X|S, PC (Microsoft Windows), PlayStation 5, Xbox One","Action, Science fiction",roguelike,Moving Pieces,Third person,"Single player, Multiplayer, Co-operative"
X Invader,2024-08-12,,"Shooter, Strategy, Hack and slash/Beat 'em up, Indie",PC (Microsoft Windows),Action,"roguelike, bullet hell, pixel graphics",ALLAUGH GAMES,Bird view / Isometric,Single player
Nova Drift,2024-08-12,71.4,"Indie, Arcade","Android, PC (Microsoft Windows), iOS, Mac","Action, Science fiction","shoot 'em up, roguelite","Pixeljam, Chimeric",,Single player
Tower of Ashes,2024-08-10,,"Role-playing (RPG), Turn-based strategy (TBS), Adventure",PC (Microsoft Windows),"Action, Fantasy","pokemon, unofficial, game jam, roguelite, fangame","Brawligator, PikachuMazzinga",Bird view / Isometric,Single player
Dunjunguy,2024-08-10,,"Role-playing (RPG), Adventure","PC (Microsoft Windows), Mac","Action, Fantasy","roguelike, dungeon crawling, free-to-play, hand-drawn, shared screen",,Bird view / Isometric,"Single player, Multiplayer, Co-operative, Split screen"
Wizard's Legacy,2024-08-08,,"Adventure, Indie",SteamVR,"Action, Fantasy","roguelite, vr only",,Virtual Reality,Single player
Dream Warrior,2024-08-08,,"Role-playing (RPG), Indie","Linux, PC (Microsoft Windows)",Comedy,"retro, roguelike",High Tower Games,,Single player
Dungeons & Degenerate Gamblers,2024-08-08,64.0,"Role-playing (RPG), Strategy, Indie","Linux, PC (Microsoft Windows), Mac",Fantasy,"roguelike, roguelike deckbuilder","Purple Moss Collectors, Yogscast Games",,Single player
Knock on the Coffin Lid,2024-08-08,72.5,"Role-playing (RPG), Strategy, Turn-based strategy (TBS), Adventure, Indie, Card & Board Game","Xbox Series X|S, PC (Microsoft Windows), PlayStation 5",Fantasy,"roguelike, collectible card game, steam, roguelite, collecting card game - ccg, deck-building",RED BOON FZE LLC,Side view,Single player
Snatch & Swallow,2024-08-07,,"Role-playing (RPG), Adventure",PC (Microsoft Windows),Action,"roguelike, demo, free demo, action roguelike",,Bird view / Isometric,"Single player, Multiplayer"
Job Joust,2024-08-07,,"Fighting, Indie",PC (Microsoft Windows),"Action, Comedy, Party","physics, roguelike, combat, couch gaming",Mad Mango Games,Side view,"Single player, Multiplayer"
Outpost 3,2024-08-02,,Strategy,PC (Microsoft Windows),,"tower defense, casual, roguelike",BananaDogGames,Side view,Single player
Morimens,2024-08-02,,"Fighting, Role-playing (RPG), Strategy, Turn-based strategy (TBS), Card & Board Game","Android, PC (Microsoft Windows), iOS","Action, Fantasy, Drama, Mystery","anime, free-to-play, roguelite, card battler","Qookka Games, SialiaGames, BI.A.V. Studio","Side view, Text","Single player, Multiplayer"
Cubed and Dangerous,2024-08-01,,"Role-playing (RPG), Adventure, Indie",PC (Microsoft Windows),Action,"roguelike, procedural generation, twin stick, looter shooter, action roguelike",Ace High Arcade,Bird view / Isometric,Single player
Bug Splash TD,2024-07-30,,Strategy,PC (Microsoft Windows),Fantasy,"tower defense, free-to-play, roguelite",,Bird view / Isometric,Single player
Hadley's Run: A Starship Saga,2024-07-30,,"Adventure, Indie, Arcade",PC (Microsoft Windows),"Action, Science fiction","bullet hell, demo, controller recommendation, roguelite, free demo, action roguelike",Unsigned Double Collective,Bird view / Isometric,Single player
Deathless Survivors,2024-07-29,,"Adventure, Indie",PC (Microsoft Windows),"Action, Fantasy","roguelike, roguelite",OneTwoPlay,Bird view / Isometric,"Single player, Multiplayer, Co-operative"
Gorgon Shield,2024-07-29,,"Real Time Strategy (RTS), Role-playing (RPG), Arcade",PC (Microsoft Windows),Fantasy,"magic, 3d, roguelike, squad based, real time tactics, difficult, class-based, atmospheric, pixel graphics, team-based, real-time battles, party-based, questing, cross genre, squad tactics, verticality, party-based rpg, isometric, top-down","Gamersky Games, Whiskeybarrel Studios, 2 Left Thumbs","Third person, Bird view / Isometric",Single player
Aooni,2024-07-25,,"Puzzle, Role-playing (RPG), Adventure, Indie","PC (Microsoft Windows), Nintendo Switch","Action, Horror, Survival, Mystery","anime, roguelike, survival horror, hide and seek, persistent enemy, speedrun mode, available on - crunchyroll game vault","LiTMUS, Game Studio Inc.","Third person, Bird view / Isometric",Single player
Bella Wants Blood,2024-07-24,,Strategy,"Linux, PC (Microsoft Windows), Mac",Horror,"tower defense, roguelike",Sonderland,Bird view / Isometric,Single player
Dreamsweeper,2024-07-24,,"Music, Puzzle, Adventure, Indie","PC (Microsoft Windows), Mac",Action,"roguelike, dungeon crawling, minesweeper, pixel art, lo-fi, mystery dungeon",Etherlight,Bird view / Isometric,Single player
Midnight at the Disco,2024-07-24,,"Role-playing (RPG), Adventure, Indie",PC (Microsoft Windows),Action,"roguelike, bullet hell, roguelite",Taphouse Games,Bird view / Isometric,Single player
De:Lithe Last Memories,2024-07-23,,"Fighting, Role-playing (RPG), Visual Novel","Android, PC (Microsoft Windows), iOS","Action, Science fiction","roguelike, blockchain, blockchain game, crypto, nft, metaverse, nft gaming, polygon blockchain",Enish,Third person,"Single player, Multiplayer, Co-operative"
Forgotten Mines,2024-07-23,,"Role-playing (RPG), Strategy, Turn-based strategy (TBS), Tactical","PC (Microsoft Windows), Mac","Action, Fantasy",roguelike,"Ishtar Games, Cannibal Goose",Bird view / Isometric,Single player
Darkblade Ascent,2024-07-22,,"Role-playing (RPG), Indie",PC (Microsoft Windows),Action,"medieval, 3d, roguelike, dark fantasy, procedural generation, swordplay, combat, dungeon crawler, single-player only, realism, looter",PST Games,,Single player
Continuum,2024-07-20,,"Shooter, Arcade",PC (Microsoft Windows),"Action, Science fiction",roguelike,OCTAHEDRON,First person,Single player
Tower of Spirit,2024-07-20,,"Role-playing (RPG), Adventure, Indie",PC (Microsoft Windows),Fantasy,"2d, roguelike, hand-drawn, turn-based rpg",,Side view,Single player
Hate Me Not,2024-07-19,,"Shooter, Adventure, Indie, Arcade","Web browser, Linux, PC (Microsoft Windows)","Action, Fantasy, Survival","2d, roguelike, twin stick control, roguelite, twin stick, retro arcade shooter, 1bit",NotJustGames,Bird view / Isometric,Single player
HexDefense,2024-07-19,,"Strategy, Tactical","Linux, PC (Microsoft Windows)","Action, Survival","exploration, tower defense, magic, 3d, roguelike, dark fantasy, steampunk, real-time, demons, supernatural, nature, lovecraftian, atmospheric, combat, base building, hexagon, cartoony, demon invasion, real-time combat, roguelite, hexagon tiles, hex grid, action roguelike, high fantasy",,Bird view / Isometric,Single player
Earl vs. the Mutants,2024-07-18,,"Role-playing (RPG), Adventure, Indie",PC (Microsoft Windows),"Action, Survival","roguelike, mutants, roguelite, bullet heaven",Falling State,Bird view / Isometric,Single player
Space Prison,2024-07-18,,"Role-playing (RPG), Simulator, Strategy, Turn-based strategy (TBS), Adventure, Indie",PC (Microsoft Windows),"Action, Science fiction, Survival","aliens, turn-based, crafting, resource management, gangs, gangster, crime, dark humor, resource gathering, side quests, rpg elements, quest tracking, escaping imprisonment, alien protagonist, friendship, roguelite, survival management, dark ambient","Wooden Alien, Firesquid",Side view,Single player
Centauri Dark,2024-07-16,,"Shooter, Simulator, Indie, Arcade",PC (Microsoft Windows),"Action, Sandbox, Open world","mech, roguelike, fast paced, resource management, bullet hell, stylized, arena shooter, combat, action combat, comicbook style, stylish action",Devon Wiersma,First person,Single player
Metal Queen Dungeon,2024-07-15,,"Strategy, Indie, Card & Board Game",PC (Microsoft Windows),,"roguelike, deckbuilder",,,Single player
Astro Looter,2024-07-15,,"Shooter, Strategy, Adventure, Indie",PC (Microsoft Windows),"Action, Science fiction, Survival","tower defense, roguelike",,Bird view / Isometric,Single player
Darkest Dungeon II: Oblivion Edition,2024-07-15,,"Role-playing (RPG), Strategy, Turn-based strategy (TBS), Tactical, Adventure, Indie","Xbox Series X|S, PlayStation 4, PlayStation 5, Xbox One, Nintendo Switch","Fantasy, Horror, Historical, Mystery","psychological horror, turn-based, roguelike, permadeath, lovecraftian, party system",Red Hook Studios,Side view,Single player
The Quantum Conflict,2024-07-15,,Shooter,"Nintendo Switch 2, PC (Microsoft Windows), Xbox One","Action, Science fiction","pvp, roguelite",Flashpoint Games,Bird view / Isometric,"Single player, Multiplayer, Co-operative"
The Dragonhood,2024-07-12,,"Role-playing (RPG), Indie",PC (Microsoft Windows),Fantasy,"dragons, loot gathering, roguelite, autobattler",Scrambled Games,Bird view / Isometric,Single player
Spotless,2024-07-12,,"Simulator, Hack and slash/Beat 'em up, Indie, Arcade","Linux, PC (Microsoft Windows)","Action, Horror","retro, roguelike, cute, pixel art, pixel graphics, spooky, upgradeable weapons, roguelite",Ghostie Games,Bird view / Isometric,Single player
Zero Division,2024-07-11,,"Role-playing (RPG), Turn-based strategy (TBS), Card & Board Game",PC (Microsoft Windows),Science fiction,"cyberpunk, roguelite, collecting card game - ccg, deck-building, roguelike deckbuilder","Astrolabe Games, Robot Cat Limited",Bird view / Isometric,Single player
Slice of Ages,2024-07-05,,"Role-playing (RPG), Adventure, Indie",PC (Microsoft Windows),"Action, Fantasy","roguelike, animal protagonist, duck",QuWhack,Bird view / Isometric,Single player
Calculate It,2024-07-05,,"Puzzle, Simulator, Strategy, Indie",PC (Microsoft Windows),,"roguelike, math games",SVGames,,Single player
Fortune Decker,2024-06-30,,"Shooter, Role-playing (RPG), Strategy, Indie, Card & Board Game","Android, PC (Microsoft Windows), iOS, Mac, Nintendo Switch","Action, Survival","2d, roguelike, demo, free demo, deck-building, bullet heaven, pixelart",Evil Kiwi Games,Bird view / Isometric,Single player
Exorcist: Reviewer of Minds,2024-06-28,,"Point-and-click, Simulator, Indie",PC (Microsoft Windows),Horror,"psychological horror, psychedelic, abstract, surreal, turn-based combat, roguelite",727 Not Hound,First person,Single player
Demons are coming!,2024-06-27,,"Shooter, Adventure, Indie, Arcade","PlayStation 4, Linux, PC (Microsoft Windows), PlayStation 5, Mac, Nintendo Switch",Action,"demons, parrying, roguelite",,Bird view / Isometric,"Single player, Multiplayer"
Quack Invasion,2024-06-27,,"Role-playing (RPG), Indie, Arcade",PC (Microsoft Windows),"Action, Fantasy, Comedy","roguelike, bullet hell, arcade shooter",Blazing Panda,,Single player
Tehnodrom,2024-06-24,,Indie,PC (Microsoft Windows),Action,"casual, physics, 2d, roguelike, futuristic, space, tank, combat, mining, upgradable equipment, steam achievements, upgradeable weapons, skill tree, alien, sidescroller",Piece Of Voxel,Side view,Single player
Gladiator Guild Manager,2024-06-22,60.1,"Real Time Strategy (RTS), Role-playing (RPG), Sport, Strategy, Tactical, Indie","PC (Microsoft Windows), Mac",Fantasy,"managerial, turn-based, roguelike, resource management, pixel graphics, base building, gladiators, tactical rpg ( trpg ), roguelite, auto battler","Entertainment Forge, GrabTheGames",Bird view / Isometric,Single player
Heaven Seeker: The Savior of This Cruel World,2024-06-21,,"Shooter, Role-playing (RPG), Adventure","PlayStation 4, Android, PC (Microsoft Windows), iOS, PlayStation 5, Nintendo Switch",Action,"bullet hell, roguelite, twin stick",SUCCESS Corp.,Side view,Single player
Eyes of Destiny,2024-06-21,,"Adventure, Indie",PC (Microsoft Windows),Action,"roguelike, survival horror",,First person,Single player
Predictile,2024-06-20,,"Shooter, Arcade",PC (Microsoft Windows),Action,"roguelike, permadeath, bullet hell, twin stick",,Bird view / Isometric,Single player
Fantasy Village Simulator,2024-06-20,,"Simulator, Strategy, Indie","PC (Microsoft Windows), Mac",Fantasy,"roguelike, demo, base building, free demo",CYCLOPS,Bird view / Isometric,Single player
Crab God,2024-06-20,,"Simulator, Strategy",PC (Microsoft Windows),"Survival, Educational","underwater, atmospheric, aquatic, crab, roguelite, ecological, environmental","Chaos Theory Games, Firesquid",Side view,Single player
10-Day Champion,2024-06-18,,Role-playing (RPG),Playdate,,"roguelike, gladiators",,Side view,Single player
Ghost Ascension,2024-06-18,,"Platform, Role-playing (RPG), Indie",PC (Microsoft Windows),Action,"casual, roguelike, bullet hell, roguelite, action roguelike",Gasu Studios,Side view,Single player
Immortals Must Die,2024-06-18,,"Adventure, Indie",PC (Microsoft Windows),Action,"2d, roguelike, metroidvania, pixel art, single-player only, roguelite, action roguelike",,Side view,Single player
Repunk,2024-06-17,,"Adventure, Indie",PC (Microsoft Windows),"Action, Science fiction, Survival","roguelike, permadeath, walking simulator, immersive, mars",Almar,,Single player
Heroes of Loot: Gauntlet of Power,2024-06-17,,"Role-playing (RPG), Adventure, Indie, Arcade","Linux, PC (Microsoft Windows), Mac, Nintendo Switch",Action,"roguelike, pixel art, steam achievements, steam cloud, controller support, action roguelike","Orangepixel, HandyGames",Bird view / Isometric,Single player
Academia Ovivim,2024-06-15,,"Fighting, Indie","Web browser, PC (Microsoft Windows)",Action,"roguelike, furry, typing",Virgula Leal,Side view,Single player
Lexibble,2024-06-15,,"Puzzle, Strategy, Turn-based strategy (TBS), Indie, Arcade, Card & Board Game",PC (Microsoft Windows),"Action, Fantasy","roguelike, word game, roguelite, scrabble",,Bird view / Isometric,Single player
The Feathered Serpent,2024-06-11,,"Platform, Role-playing (RPG), Adventure, Indie","Linux, PC (Microsoft Windows)",Action,"dinosaurs, roguelike, roguelite, mascot platformer, pixelart",Tsundown Studios,Side view,Single player
Omnimancer,2024-06-05,,"Role-playing (RPG), Adventure, Indie",PC (Microsoft Windows),"Action, Fantasy","magic, roguelite","Gwiny, Chilman",Bird view / Isometric,Single player
Diabotical Rogue,2024-06-04,,Shooter,PC (Microsoft Windows),Action,"casual, fast paced, pvp, robots, roguelite, action roguelike",The GD Studio,First person,Multiplayer
Godless,2024-06-03,,"Strategy, Turn-based strategy (TBS), Tactical, Indie",PC (Microsoft Windows),Fantasy,"turn-based, roguelike, turn-based tactics, turn-based combat, auto battler",Danil Kalyupa,Bird view / Isometric,Single player
Muchacho Bean,2024-05-31,,"Platform, Indie, Arcade",PC (Microsoft Windows),Action,"roguelite, precision platforming",,,Single player
Impact Trial: First Encounter,2024-05-30,,"Adventure, Indie",PC (Microsoft Windows),"Action, Science fiction","retro, bullet hell, roguelite",Manuel Bacallado,,Single player
Fallen Force,2024-05-30,,Strategy,PC (Microsoft Windows),Action,roguelike,Simon Carny,,Single player
Perfect Dice,2024-05-27,,"Strategy, Indie, Card & Board Game","PC (Microsoft Windows), Mac",,roguelike,Tilt Station,Side view,Single player
Rack and Slay,2024-05-27,,"Role-playing (RPG), Sport, Strategy, Turn-based strategy (TBS), Tactical, Indie, Arcade","Linux, PC (Microsoft Windows), Mac, Nintendo Switch",Fantasy,"roguelike, billiards, dungeon crawler, roguelite","Ludokultur, 2 Left Thumbs",Bird view / Isometric,Single player
Wraithbinder,2024-05-27,,"Role-playing (RPG), Hack and slash/Beat 'em up, Indie","Linux, PC (Microsoft Windows), Mac","Action, Science fiction","roguelike, metroidvania, roguelite","Wizard Fu Games, Double Eleven",Third person,"Single player, Multiplayer, Co-operative"
3 Kings,2024-05-26,,"Strategy, Card & Board Game","Web browser, Linux, Android, PC (Microsoft Windows), Mac",,"medieval, roguelike, demo, deck-building","Galactspace Studios, Socket Lab",Bird view / Isometric,Single player
Dethroned,2024-05-26,,"Role-playing (RPG), Strategy",PC (Microsoft Windows),Fantasy,"roguelike, demo, tactical rpg ( trpg ), roguelite, free demo, auto battler","Irid Games, Hawthorn Games",Bird view / Isometric,Single player
Zet Zillions,2024-05-23,,"Strategy, Card & Board Game",PC (Microsoft Windows),"Action, Science fiction","roguelike, deck-building","OTA IMON Studios, Raw Fury",Side view,Single player
Coffee Caravan,2024-05-20,,"Strategy, Indie","PC (Microsoft Windows), Mac","Action, Business","management, restaurant, base building, procedurally generated, time management, roguelite, coffee, food truck",Broccoli Games,Bird view / Isometric,Single player
Spellcats: Auto Card Tactics,2024-05-17,,"Strategy, Adventure, Card & Board Game","Xbox Series X|S, PlayStation 4, PC (Microsoft Windows), PlayStation 5, Xbox One, Nintendo Switch",Fantasy,"roguelike, cats, cute, deckbuilder",Nintai Studios,Bird view / Isometric,Single player
Combo Card Clashers,2024-05-16,,"Role-playing (RPG), Strategy, Tactical, Adventure, Indie, Card & Board Game",PC (Microsoft Windows),Action,"roguelike, deck-building, traditional roguelike, deckbuilder, card battler","Erabit Studios, Burnt Games",Side view,Single player
Mullet Madjack: Deluxe Edition,2024-05-15,,"Shooter, Indie",PC (Microsoft Windows),"Action, Science fiction","anime, cyberpunk, retro, roguelike, 1990s, 1990's, synthwave","HAMMER95, Epopeia Games",First person,Single player
Touhou Genso Wanderer: Foresight,2024-05-15,,"Role-playing (RPG), Strategy, Adventure, Indie, Visual Novel","PlayStation 4, PC (Microsoft Windows), Nintendo Switch","Action, Fantasy","ghosts, anime, animals, vampire, magic, sword, 2d, turn-based, roguelike, insects, cats, frog, girls, doctor, goat, rabbit, female protagonist, dragon, forest, fairy, bird, dracula, princess, cute, dungeon crawling, japan, wolf, camera, fox, level selection, talking animals, dungeon crawler, mermaid, youkai, turtle, puppet, devil, maid, violent, great soundtrack, magical girl, battle, cow, human, mouse, shopping, randomly generated dungeons, level select map, mechanic, whale, text dialogue, phoenix, phantom, roguelite, touhou project, tiger, bunny, japanese culture, monk, fangame, mystery dungeon, conversation, faith, touhou fangame, magician, stage selection, level up, half-human, doujin game, rokuro head, toad, dungeon, bosses, food, flowers, missiles, weapons, beasts, rabbits","Phoenixx Inc., AQUA STYLE","Bird view / Isometric, Side view",Single player
Cento,2024-05-15,,"Music, Strategy, Indie",PC (Microsoft Windows),Action,"roguelike, demo, rhythm game, free demo, deck-building, deckbuilder",Hoshimadara Lab.,Side view,Single player
Knights Within,2024-05-15,,"Shooter, Hack and slash/Beat 'em up, Indie",PC (Microsoft Windows),"Action, Science fiction",roguelite,,Third person,"Single player, Multiplayer, Co-operative"
Mullet Madjack,2024-05-15,79.1,"Shooter, Adventure, Indie, Arcade","Xbox Series X|S, PC (Microsoft Windows), Xbox One, Nintendo Switch","Action, Science fiction","anime, cyberpunk, retro, roguelike, 1990s, 1990's, synthwave","Epopeia Games, HAMMER95",First person,Single player
Kyra's Light,2024-05-14,,"Fighting, Platform, Arcade","Android, iOS","Action, Fantasy","roguelike, runner, traps, endless runner, soulslike, dungeon fighter, enemy rush, stylish action, mascot platformer, action roguelike, infinite runner, endless",Raviosoft,Side view,Single player
Artifact Seeker: Paladin,2024-05-13,,"Role-playing (RPG), Adventure, Indie",PC (Microsoft Windows),Fantasy,"exploration, 3d, dark fantasy, bullet hell, action-adventure, procedurally generated, free-to-play, story rich, single-player only, roguelite, action-rpg, hack'n'slash, top down view","Lynkpin Game, BD Games",Bird view / Isometric,Single player
Doors & Loot,2024-05-13,,"Adventure, Indie",PC (Microsoft Windows),Fantasy,"roguelike, demo, dungeon crawler, roguelite, free demo, dungeon",Scalions Studios,Third person,Single player
The Land Beneath Us,2024-05-13,,"Shooter, Role-playing (RPG), Strategy, Indie","Xbox Series X|S, PC (Microsoft Windows), PlayStation 5, Nintendo Switch","Action, Science fiction","roguelike, mythology","FairPlay Studios, Gamirror Games, Dear Villagers, Plug In Digital",Bird view / Isometric,Single player
Never Mourn,2024-05-13,,"Role-playing (RPG), Adventure, Indie",PC (Microsoft Windows),Action,"combat, roguelite","Primal Seed, Poysky Productions, Light Up Games",Third person,Single player
Dungeon Looter,2024-05-13,,"Role-playing (RPG), Hack and slash/Beat 'em up, Indie",PC (Microsoft Windows),"Action, Fantasy","roguelike, procedural generation, roguelite",Wappen Games,Bird view / Isometric,"Single player, Multiplayer, Co-operative"
Ruindog,2024-05-12,,Indie,PC (Microsoft Windows),Action,"roguelike, looter shooter, action roguelike",BD Games,Third person,Single player
Fruits of Fury,2024-05-12,,Role-playing (RPG),PC (Microsoft Windows),Action,"roguelike, bullet hell, roguelite",BabyfaceJames,Bird view / Isometric,Single player
Nunna,2024-05-11,,"Strategy, Turn-based strategy (TBS), Tactical, Indie",PC (Microsoft Windows),,"tactical turn-based combat, roguelite, deck-building, card battler",,Bird view / Isometric,Single player
Survivor Cells,2024-05-11,,"Indie, Arcade",PC (Microsoft Windows),"Action, Survival","virus, roguelike, roguelite",YAW Studios,Bird view / Isometric,Single player
Clériga,2024-05-07,,"Role-playing (RPG), Adventure, Visual Novel",PC (Microsoft Windows),"Horror, Thriller, Survival, Mystery","psychological horror, dark fantasy, roguelite, short game, eldritch horror",Nugra,Bird view / Isometric,Single player
Path of Achra,2024-05-07,83.0,"Role-playing (RPG), Turn-based strategy (TBS), Indie",PC (Microsoft Windows),Fantasy,"roguelike, procedural generation, permadeath, pixel art, customization",Ulfsire,Bird view / Isometric,Single player
Dungeon Minesweeper,2024-05-03,,"Puzzle, Role-playing (RPG), Strategy, Adventure, Indie, Arcade","Xbox Series X|S, PlayStation 4, PC (Microsoft Windows), PlayStation 5, Xbox One, Nintendo Switch",Fantasy,"roguelike, minesweeper, pixel art","Strudio Company, Stamina Zero",,Single player
Chrono Ark,2024-05-03,66.5,"Role-playing (RPG), Strategy, Turn-based strategy (TBS), Adventure, Indie, Card & Board Game",PC (Microsoft Windows),,"anime, roguelite","BADA Games, Al Fine",,Single player
Bobr Kurwa,2024-05-02,,"Shooter, Role-playing (RPG), Adventure, Indie",PC (Microsoft Windows),Action,roguelike,SmoochGM,Bird view / Isometric,Single player
Hexguardian,2024-05-02,,"Puzzle, Strategy",PC (Microsoft Windows),Action,"tower defense, roguelike, roguelite","Split Second Games, Yogscast Games",Bird view / Isometric,Single player
Witch Wrath,2024-04-30,,Indie,PC (Microsoft Windows),Action,"bullet hell, witches, roguelite, weapons",,Bird view / Isometric,Single player
Footgun: Underground,2024-04-30,,"Platform, Adventure, Indie, Arcade","PC (Microsoft Windows), Nintendo Switch",Action,"roguelike, dungeon crawling, 2d platformer",Turtle Knight Games,,Single player
Zlime: Return Of Demon Lord,2024-04-27,,Indie,PC (Microsoft Windows),Action,"casual, roguelike, action roguelike",,Side view,Single player
Rogue Girl,2024-04-25,,"Role-playing (RPG), Hack and slash/Beat 'em up, Adventure, Indie",PC (Microsoft Windows),"Action, Fantasy","zombies, roguelike, dark fantasy, permadeath, girls, difficult, female protagonist, atmospheric, dungeon crawler, rpg elements, roguelite, soulslike, action roguelike",Kishi Games,Bird view / Isometric,Single player
The Last Game,2024-04-25,,"Adventure, Indie","Android, PC (Microsoft Windows), iOS",Action,"twin stick control, roguelite, action roguelike",,Bird view / Isometric,"Single player, Multiplayer, Co-operative, Split screen"
Nordic Ashes: Survivors of Ragnarok,2024-04-25,79.8,"Shooter, Role-playing (RPG), Strategy, Adventure, Indie, Arcade","Linux, PC (Microsoft Windows), Mac","Action, Fantasy, Survival","norse mythology, viking mythology, bullet hell, vikings, nordic mythology, increasing difficulty, norse, roguelite, auto battler",Noxfall Studios,Bird view / Isometric,Single player
Meta-Ghost: The Breaking Show,2024-04-24,,Indie,PC (Microsoft Windows),"Action, Science fiction","cyberpunk, 3d, roguelite",Galaxy Studio,,"Single player, Multiplayer, Co-operative"
Shadow of the Depth,2024-04-22,,"Hack and slash/Beat 'em up, Adventure, Indie","Android, PC (Microsoft Windows)",Action,roguelike,ChillyRoom,Bird view / Isometric,Single player
Swarm Grinder,2024-04-22,,"Role-playing (RPG), Adventure, Indie","Linux, PC (Microsoft Windows), Mac","Action, Science fiction","casual, roguelike, bullet hell, pixel graphics, roguelite","Gamersky Games, Last Bite Games",Bird view / Isometric,Single player
Ants Took My Eyeball,2024-04-19,,"Shooter, Platform, Indie",PC (Microsoft Windows),Action,"2d, ants, roguelike, procedural generation, permadeath, difficult, couch co-op, local co-op, pixel art, 2d platformer, loot gathering, 4 player co-op, roguelite, twin stick, looter shooter, action roguelike",Bosmic Forge,Side view,"Single player, Multiplayer, Co-operative"
Trackline Express,2024-04-18,,"Simulator, Strategy, Indie, Arcade","Linux, PC (Microsoft Windows), Mac, Nintendo Switch","Action, Survival, Business","management, demo, city builder, roguelite, free demo",Bubblebird Studio,Bird view / Isometric,"Single player, Multiplayer, Co-operative"
Tales of Wild,2024-04-18,,"Platform, Role-playing (RPG), Strategy, Adventure, Indie",PC (Microsoft Windows),"Action, Survival, Sandbox, Open world","roguelike, building","QingLong Games, Yooreka Studio",Third person,"Single player, Multiplayer, Co-operative, Massively Multiplayer Online (MMO)"
ReMix,2024-04-17,,"Shooter, Music, Adventure, Indie, Arcade","PC (Microsoft Windows), Nintendo Switch","Action, Survival","bullet hell, roguelite, rhythm game",BD Games,,Single player
Cthulhu's Reach: Devil Reef,2024-04-15,,"Adventure, Indie",PC (Microsoft Windows),"Action, Fantasy, Horror, Historical","exploration, retro, bloody, level editor, dark, 2d, 1920s, roguelike, 1990s, dark fantasy, upgradable weapons, permadeath, alternate history, giant monsters, labyrinth, supernatural, multiple protagonists, treasure hunt, nightmare, pixelated, lovecraftian, gore, dungeon crawling, atmospheric, pixel graphics, pixels, dungeon crawler, giants, editor, challenging gameplay, darkness, boss fight, explosion, steam cloud, alternate historical, customization, upgradeable weapons, scroll, deliberately retro, games with gold, spellcaster, twin stick control, flaming weapon, fire manipulation, historical inaccuracy, challenging, nightmares, h. p. lovecraft, retro graphics, eldritch horror, customize, treasure hunter, retro styled, retro arcade shooter, underground, dungeon, bosses, alternative history, historical fiction, weapons, spells, steam families, starting fires, nightmare infestation, upgrades, gold","The Fine Arc, First Break Labs",Bird view / Isometric,"Single player, Multiplayer, Co-operative"
Vertical Kingdom,2024-04-15,,"Puzzle, Strategy, Indie, Card & Board Game","PC (Microsoft Windows), Nintendo Switch",Survival,"cute, base building, city builder, roguelite, wholesome, cozy","Farlight Games Industry, Freedom Games",Side view,Single player
Welcome to Bulletheck,2024-04-13,,"Shooter, Arcade",Web browser,Action,"roguelike, dungeon crawler",,Bird view / Isometric,Single player
MechNest,2024-04-13,,"Shooter, Hack and slash/Beat 'em up, Indie",PC (Microsoft Windows),"Action, Science fiction","roguelike, shooting, bullet hell, mecha, roguelite",PoisonGames,Third person,Single player
Anomaly Collapse,2024-04-11,,"Puzzle, Role-playing (RPG), Strategy, Turn-based strategy (TBS), Tactical, Adventure, Indie","PC (Microsoft Windows), Nintendo Switch",,"anime, 2d, roguelike, cute, party-based, roguelite","Spiral Up Games, RocketPunch Games","Bird view / Isometric, Side view",Single player
Drill and Dig!,2024-04-09,,"Adventure, Indie, Arcade","Web browser, PC (Microsoft Windows)",Action,"casual, 2d, roguelike, procedural generation, blocks, explorable world, procedurally generated, vector graphics, easy, roguelite, action roguelike, drill, digging",,Side view,Single player
Whale Captain,2024-04-09,,"Shooter, Indie, Arcade",PC (Microsoft Windows),Action,"roguelike, horizontal shooter, steam achievements, single-player only, steam cloud",,Side view,Single player
Inkbound,2024-04-09,79.2,"Role-playing (RPG), Strategy, Turn-based strategy (TBS), Adventure, Indie",PC (Microsoft Windows),"Action, Fantasy","turn-based, roguelite",Shiny Shoe,Bird view / Isometric,"Single player, Multiplayer, Co-operative, Massively Multiplayer Online (MMO)"
Tetra Tactics,2024-04-09,,"Indie, Card & Board Game",PC (Microsoft Windows),Fantasy,"roguelike, collecting card game - ccg, roguelike deckbuilder, deckbuilder",indie.io,Bird view / Isometric,Single player
Midnight T-Rex,2024-04-08,,Indie,"Web browser, Linux, Android, PC (Microsoft Windows)",Action,"dinosaurs, fishing, roguelite",,Bird view / Isometric,"Single player, Co-operative"
Curse Seal Rotation,2024-04-06,,"Strategy, Indie",PC (Microsoft Windows),,"roguelike, cards",,,Single player
Echoes of The Deep,2024-04-05,,Hack and slash/Beat 'em up,"PC (Microsoft Windows), Mac","Fantasy, Mystery","2d, roguelike, pixel art, randomly generated dungeons, roguelite",,Third person,Single player
Sausage vs. Vegetable,2024-04-05,,Indie,PC (Microsoft Windows),Action,"roguelike, bullet hell, action-adventure, hand-drawn, choices matter, action roguelike",Big Pond Studio,,Single player
Sons of Valhalla,2024-04-05,,"Role-playing (RPG), Simulator, Strategy, Adventure, Indie",PC (Microsoft Windows),"Action, Fantasy",roguelike,"Hooded Horse, Pixel Chest Games",Side view,Single player
Beat Slayer,2024-04-04,,"Music, Hack and slash/Beat 'em up, Adventure",PC (Microsoft Windows),Action,"roguelike, roguelite",ByteRockers' Games,Bird view / Isometric,Single player
Big Hunt,2024-04-03,,"Platform, Arcade",PC (Microsoft Windows),Action,"roguelike, roguelite, action roguelike",,Side view,Single player
"Yohane the Parhelion: Numazu in the Mirage - Costume ""Trendy Schoolgirl""",2024-04-01,,Role-playing (RPG),"PlayStation 4, PC (Microsoft Windows), PlayStation 5, Nintendo Switch",,"roguelike, based on - anime, roguelike deckbuilder",BeXide,Third person,Single player
Tiny Chaos,2024-03-28,,"Role-playing (RPG), Indie",PC (Microsoft Windows),Action,"roguelike, bullet hell, pixel art, roguelite",Katr Games,Third person,"Single player, Multiplayer, Co-operative"
CD 2: Trap Master,2024-03-28,,"Strategy, Tactical, Adventure, Indie, Card & Board Game",PC (Microsoft Windows),,"tower defense, 3d, 2d, turn-based, roguelike, difficult, deck-building",ACE Entertainment,,Single player
The Wrath of the Goose King,2024-03-27,,"Role-playing (RPG), Turn-based strategy (TBS), Indie",PC (Microsoft Windows),"Fantasy, Comedy","2d, turn-based, multiple endings, cute, funny, goose, roguelite, goofy, replayability, cartoon",,Side view,Single player
Necrosmith 2,2024-03-26,,"Simulator, Strategy, Adventure, Indie","PC (Microsoft Windows), Mac",Fantasy,"zombies, roguelike, bullet hell, pixel graphics",Alawar Premium,Bird view / Isometric,Single player
Acolyte of the Altar,2024-03-25,,"Role-playing (RPG), Strategy, Turn-based strategy (TBS), Indie, Card & Board Game",PC (Microsoft Windows),Fantasy,"roguelike, roguelite, deck-building, deckbuilder, card battler",Black Kite Games,"Bird view / Isometric, Text",Single player
Tempus Rail,2024-03-25,,Strategy,PC (Microsoft Windows),Action,"roguelike, roguelite, deckbuilder",Pixel Drip Games,First person,Single player
Scarlet Tower,2024-03-25,,"Role-playing (RPG), Hack and slash/Beat 'em up, Adventure, Indie, Arcade","PC (Microsoft Windows), Nintendo Switch","Action, Fantasy, Horror, Survival","1980s, vampire, roguelike","Pyxeralia, Pyxeralia",Bird view / Isometric,Single player
PokéRogue,2024-03-22,76.2,"Role-playing (RPG), Strategy",Web browser,Action,"roguelike, open-source, unofficial, roguelite, fangame, fanmade",Pagefault Games,"Third person, Bird view / Isometric",Single player
Machick,2024-03-22,,"Puzzle, Role-playing (RPG), Indie",PC (Microsoft Windows),"Action, Fantasy","roguelike, action roguelike",DeadPixel,Bird view / Isometric,Single player
Fida Puti Samurai,2024-03-21,,"Shooter, Indie","PC (Microsoft Windows), Nintendo Switch","Action, Science fiction, Comedy","anime, cyberpunk, retro, roguelike, procedural generation, female protagonist, gore, cute, funny, pixel graphics, nudity, violent, sexual content, roguelite",Zanardi and Liza,First person,Single player
Why the Long Gun?,2024-03-18,,Indie,PC (Microsoft Windows),Action,"game jam, roguelite",Twice Twice Studios,Bird view / Isometric,Single player
Bingle Bingle,2024-03-18,,"Indie, Card & Board Game",PC (Microsoft Windows),,"roguelike, roguelike deckbuilder",Knitting Games,Bird view / Isometric,Single player
Pesticide Not Required,2024-03-18,,"Role-playing (RPG), Arcade",PC (Microsoft Windows),Action,"knights, sword, 2d, ants, fishing, insects, robots, frog, cricket, penguin, pets, rabbit, bullet hell, deer, hamster, farming, fairy, bird, achievements, upgrade, season winter, pixel art, snow, pixel graphics, elephant, dog, fox, giant insects, mining, day/night cycle, upgradable equipment, turtle, boss fight, explosion, steam achievements, xbox controller support for pc, steam cloud, animal protagonists, spider, character select screen, cat, cow, explosives, upgradeable weapons, pop culture reference, game reference, melee, in-game achievement menu, item combination, multiple enemy boss fights, beetle, crow, seasons, controller support, dogs, roguelite, farming simulator, bunny, fruits, unlockable characters, pixel art game, bossfight, bullet heaven, reference to other games, toad, season summer, bosses, decoration, axolotl, capybara, bombs, decorate, robot, bees, fish, mole, penguins, season spring, raccoon, lizards, steam families, money, watermelon, cloud saves, season fall, beetles, upgrades, scythe, decorating, explosive, collection log, pumpkins, scarecrow, upgrade tree",Jampacked Games,Bird view / Isometric,Single player
Crystal Guardians,2024-03-15,,Strategy,PC (Microsoft Windows),Action,"tower defense, roguelike, roguelite",Green Pine Studios,Bird view / Isometric,Single player
Crypt of the NecroDancer: Synchrony,2024-03-13,,"Music, Role-playing (RPG), Turn-based strategy (TBS), Indie","PlayStation 4, Linux, PC (Microsoft Windows), Mac, Nintendo Switch","Action, Fantasy","roguelite, rhythm game",Brace Yourself Games,Bird view / Isometric,"Single player, Multiplayer, Co-operative"
Antipaint,2024-03-11,,"Shooter, Role-playing (RPG), Indie, Arcade","PC (Microsoft Windows), Nintendo Switch",Action,"roguelike, permadeath, difficult, bullet hell, cartoony",Vilius Prakapas,Bird view / Isometric,Single player
Run Mr. Robo!,2024-03-09,,"Shooter, Indie","Linux, PC (Microsoft Windows)",Action,"roguelike, dystopian, fast paced",André Dantas,,Single player
Oblivion Eve,2024-03-08,,"Platform, Adventure, Indie, Arcade","Web browser, Linux, PC (Microsoft Windows), Mac","Action, Fantasy",roguelike,SmartAlloc,Side view,Single player
Durdanto,2024-03-08,,"Platform, Adventure, Indie","Linux, PC (Microsoft Windows), Mac","Action, Fantasy","retro, magic, 2d, roguelike, metroidvania, atmospheric, pixel graphics, combat, story rich, free demo","DevsLair Studio, Shihan Khan",Side view,Single player
Coop Catacombs,2024-03-07,,"Role-playing (RPG), Adventure, Indie","Web browser, Linux, PC (Microsoft Windows), Mac",Fantasy,"roguelike, online multiplayer, traditional roguelike",,Bird view / Isometric,"Single player, Multiplayer, Co-operative"
Ancient Weapon Holly,2024-03-07,,Strategy,"PC (Microsoft Windows), PlayStation 5, Nintendo Switch","Action, Fantasy","roguelike, female protagonist, dungeon crawler, story rich, soulslike",ACQUIRE Corp.,Bird view / Isometric,Single player
Rabbit Hole,2024-03-01,,"Shooter, Platform, Adventure, Indie",PC (Microsoft Windows),"Action, Mystery","2d, roguelike, cute, pixel art","ShortCake_Cafe, MOAI Music",Side view,Single player
Adventure to Fate Lost Island,2024-03-01,,Role-playing (RPG),iOS,Fantasy,"roguelike, jrpg, dungeon crawling, roguelite, turn-based rpg, accessibility",TouchMint,,Single player
Slime Siege,2024-03-01,,"Strategy, Indie",PC (Microsoft Windows),"Fantasy, Survival","tower defense, 3d, pve, roguelite",,Side view,Single player
Champion Shift,2024-02-29,,"Shooter, Racing, Adventure",PC (Microsoft Windows),Action,roguelike,SRG Studios,Bird view / Isometric,"Single player, Multiplayer, Co-operative"
Tamarak Trail,2024-02-29,,"Role-playing (RPG), Strategy, Turn-based strategy (TBS), Tactical, Adventure, Indie, Card & Board Game","Xbox Series X|S, PlayStation 4, PC (Microsoft Windows), PlayStation 5, Xbox One, Nintendo Switch",Fantasy,roguelike,"Versus Evil, Yarrow Games, tinyBuild",Side view,Single player
KeeperRL,2024-02-29,70.0,"Role-playing (RPG), Simulator, Strategy, Tactical, Adventure","Linux, PC (Microsoft Windows), Mac","Fantasy, Sandbox","exploration, tower defense, roguelike, procedural generation, real-time, dungeon management, turn-based tactics, base building, procedurally generated, simultaneous turns, turn-based combat, rivaling factions, cross genre, colony simulator, colony builder, top-down","Michał Brzozowski, Electric Succubi",Bird view / Isometric,Single player
Spiritfall,2024-02-28,65.6,"Fighting, Platform, Role-playing (RPG), Hack and slash/Beat 'em up","Xbox Series X|S, PlayStation 4, PC (Microsoft Windows), PlayStation 5, Xbox One, Nintendo Switch","Action, Fantasy","roguelike, difficult, platform fighting, roguelite",Gentle Giant,Side view,Single player
Dicefolk,2024-02-27,,"Strategy, Turn-based strategy (TBS), Tactical, Indie","Android, PC (Microsoft Windows), iOS, Nintendo Switch",Fantasy,"2d, roguelike, dice, turn-based combat, roguelite, monster tamer, deck-building, roguelike deckbuilder, deckbuilder","LEAP Game Studios, Good Shepherd Entertainment",Side view,Single player
Spellstrife,2024-02-26,,Strategy,PC (Microsoft Windows),Fantasy,"roguelike, word game",,,Single player
Cursed Crew,2024-02-26,,"Simulator, Strategy, Adventure, Indie",PC (Microsoft Windows),Survival,roguelike,Cracklewock Games,Bird view / Isometric,Single player
HaHa,2024-02-24,,"Strategy, Adventure, Indie",PC (Microsoft Windows),Action,"arena shooter, roguelite",2E,Side view,Single player
Pacific Drive: We Have Liftoff Customization Pack,2024-02-22,,"Simulator, Indie","PC (Microsoft Windows), PlayStation 5","Action, Survival","exploration, roguelike","Ironwood Studios, Kepler Interactive",First person,Single player
Ruff Ghanor,2024-02-22,,"Role-playing (RPG), Strategy, Adventure, Indie, Card & Board Game","Xbox Series X|S, PlayStation 4, PC (Microsoft Windows), PlayStation 5, Xbox One, Nintendo Switch","Action, Fantasy","based on - book, roguelite, based on - web show, deckbuilder, based on - podcast","Nonsense Creations, DX Gameworks, Magalu Games",Bird view / Isometric,Single player
Yohane the Parhelion: Numazu in the Mirage,2024-02-22,,"Role-playing (RPG), Strategy, Adventure, Card & Board Game","PlayStation 4, Android, PC (Microsoft Windows), iOS, PlayStation 5, Nintendo Switch","Action, Fantasy","roguelike, based on - anime, roguelike deckbuilder, available on - crunchyroll game vault",BeXide,Third person,Single player
School Labyrinth,2024-02-22,,Indie,PC (Microsoft Windows),"Action, Horror, Stealth","dark, 3d, roguelike, roguelite",RainyDollGames,First person,"Single player, Multiplayer, Co-operative"
Mimic Logic,2024-02-22,,"Puzzle, Indie",PC (Microsoft Windows),Action,roguelike,Nihohe Soft,Bird view / Isometric,Single player
Pacific Drive,2024-02-22,73.5,"Simulator, Adventure, Indie","Xbox Series X|S, PC (Microsoft Windows), PlayStation 5","Action, Science fiction, Survival, Mystery","post-apocalyptic, exploration, retro, investigation, 3d, vehicle simulation, roguelike, crafting, 1990s, resource management, driving, supernatural, forest, achievements, building, explorable world, upgrade, united states, drifting, atmospheric, survival horror, base building, scavenging, silent protagonist, story rich, inventory management, upgradable equipment, 1990's, off-roading, explosion, steam achievements, xbox controller support for pc, steam cloud, shopping, explosives, loot gathering, vehicle customization, resource gathering, fuel management, in-game radio, mechanic, upgradeable vehicles, workbench mechanics, status effects, bafta games award, controller support, roguelite, roadtrip, mannequins, the game awards - best debut indie game - nominee, transport, thunderstorm, jumping, acid, steam families, automobile, lgbtq, dualsense support for pc, quest, upgrades, dynamic weather, gas station, swamp","Kepler Interactive, Ironwood Studios",First person,Single player
502's Arcade,2024-02-22,,"Platform, Puzzle, Hack and slash/Beat 'em up, Indie, Arcade","Xbox Series X|S, PlayStation 4, PC (Microsoft Windows), PlayStation 5, Xbox One, Nintendo Switch","Action, Fantasy","roguelike, fast paced, female protagonist, score attack",502 Studios,Side view,Single player
DangoVerse,2024-02-21,,Indie,PC (Microsoft Windows),Action,"2d, roguelike, pve, cute, action roguelike",DBR Games,Bird view / Isometric,Single player
Geometry Survivor,2024-02-21,,"Shooter, Arcade","PlayStation 4, PC (Microsoft Windows), PlayStation 5, Xbox One, Nintendo Switch","Action, Survival","roguelike, roguelite",Brain Seal Entertainment,Bird view / Isometric,Single player
Feed the Cups,2024-02-21,,"Simulator, Indie",PC (Microsoft Windows),,"cute, roguelite","Vambear Games, IndieArk",Bird view / Isometric,"Single player, Multiplayer, Co-operative, Split screen"
Rainbow Six: SMOL,2024-02-20,,Shooter,"Android, iOS",Action,"roguelite, previously on - netflix","Ubisoft Entertainment, Netflix",Bird view / Isometric,Single player
Exiled Survivors,2024-02-20,,"Shooter, Role-playing (RPG), Hack and slash/Beat 'em up",PC (Microsoft Windows),Action,roguelike,Montpellier Games,Bird view / Isometric,Single player
Balatro,2024-02-20,86.1,"Strategy, Turn-based strategy (TBS), Indie, Card & Board Game","Xbox Series X|S, PlayStation 4, Nintendo Switch 2, Android, PC (Microsoft Windows), iOS, PlayStation 5, Mac, Xbox One, Nintendo Switch",,"poker, roguelike, clowns, collecting card game - ccg, collaboration, the game awards - best debut indie game - winner, the game awards - best game direction - nominee, the game awards - best independent game - winner, the game awards - best mobile game - winner, the game awards - game of the year - nominee, available on - apple arcade","LocalThunk, Playstack",Bird view / Isometric,Single player
Hardcore Cottagecore,2024-02-16,,Indie,"Linux, PC (Microsoft Windows), Mac",Action,"3d, roguelike, robots, 2.5d, bullet hell, nature, cute, local co-op, local multiplayer, capitalism, family friendly, colorful, cartoony, controller support",fufroom,Bird view / Isometric,"Single player, Multiplayer, Co-operative"
Pirate Haven,2024-02-15,,"Adventure, Indie, Arcade",PC (Microsoft Windows),"Action, Survival","pirates, roguelike, roguelite",Downunder Games Studio,Bird view / Isometric,Single player
WarSphere,2024-02-15,,"Shooter, Role-playing (RPG), Indie",PC (Microsoft Windows),"Action, Science fiction, Warfare","roguelike, permadeath, bullet hell, free-to-play, steam achievements, steam cloud, steam leaderboards, steam workshop",,Bird view / Isometric,Single player
Arrowstorm Ascendant,2024-02-14,,"Shooter, Strategy, Indie","Xbox Series X|S, Linux, PC (Microsoft Windows), Mac, Xbox One","Action, Kids","roguelike, bullet hell, roguelite",Synnergy Circle Games,Side view,Single player
A Void Shaper,2024-02-14,,"Indie, Arcade",PC (Microsoft Windows),Action,roguelike,"DreamStudios, Paragrimm",Bird view / Isometric,Single player
BlazBlue: Entropy Effect,2024-02-14,55.0,"Hack and slash/Beat 'em up, Indie","Android, PC (Microsoft Windows), iOS, Mac","Action, Science fiction","metroidvania, roguelite, available on - blacknut",91Act,Side view,"Single player, Multiplayer, Co-operative"
Godsvivors,2024-02-14,,"Shooter, Indie, Arcade","Xbox Series X|S, PlayStation 4, PC (Microsoft Windows), PlayStation 5, Xbox One, Nintendo Switch",Action,"shoot 'em up, bullet hell, roguelite",Titan,Bird view / Isometric,Single player
Ultros,2024-02-13,54.5,"Platform, Adventure, Indie","Xbox Series X|S, PlayStation 4, PC (Microsoft Windows), PlayStation 5, Nintendo Switch","Action, Science fiction, Mystery","metroidvania, female protagonist, atmospheric, hand-drawn, colorful, roguelite","Kepler Interactive, Hadoque",Side view,Single player
Daedalus,2024-02-12,,Shooter,PC (Microsoft Windows),Action,"roguelike, bullet hell",silly little games,Bird view / Isometric,"Single player, Multiplayer, Co-operative, Split screen"
RPG Survivors,2024-02-11,,"Role-playing (RPG), Hack and slash/Beat 'em up, Indie",PC (Microsoft Windows),"Action, Fantasy","casual, roguelike, free-to-play, bullet heaven",ILGDev,Bird view / Isometric,Single player
O! Holy Knight,2024-02-06,,Hack and slash/Beat 'em up,PC (Microsoft Windows),"Action, Fantasy, Survival","roguelike, bullet hell, roguelite",Terapoly,Bird view / Isometric,Single player
Black Gunner Wukong,2024-02-05,,"Shooter, Indie",PC (Microsoft Windows),"Action, Warfare",roguelike,,Third person,Single player
Castlevania: Aria of Sorrow - Reprise,2024-02-03,,"Role-playing (RPG), Adventure",Game Boy Advance,"Action, Fantasy","roguelike, metroidvania, unofficial, rom hack, roguelite",Xanthus,Side view,Single player
Touhou Hero of Ice Fairy,2024-02-03,,"Shooter, Platform, Role-playing (RPG), Adventure, Indie",PC (Microsoft Windows),"Action, Fantasy","ghosts, anime, vampire, magic, 2d, jrpg, girls, bullet hell, female protagonist, fairy, dracula, princess, cute, combat, youkai, great soundtrack, magical girl, timer, battle, bullet, human, mechanic, kidnapping, phantom, roguelite, touhou project, japanese rpg, japanese culture, fangame, low sexual content, conversation, touhou fangame, magician, half-human, doujin game, danmaku",Gamepulse,Side view,Single player
Interstellar Plunderer,2024-02-02,,"Shooter, Indie, Arcade",PC (Microsoft Windows),"Action, Science fiction",roguelike,Cozy Frog Games,Third person,Single player
99 Waves,2024-02-02,,"Platform, Role-playing (RPG), Hack and slash/Beat 'em up, Indie",PC (Microsoft Windows),Action,"casual, demo, roguelite, free demo, boss rush, action roguelike",,Side view,Single player
Labyrinth of Legends: Roguelike Battle Quest,2024-02-01,,"Shooter, Strategy, Adventure",Nintendo Switch,Action,roguelike,GOGAME,Bird view / Isometric,Single player
UDO,2024-02-01,,"Platform, Adventure, Indie, Arcade","Xbox Series X|S, PlayStation 4, PC (Microsoft Windows), PlayStation 5, Xbox One, Nintendo Switch",Action,"exploration, roguelike","Blue Firefly Studio, Short N Sweet, Flux Games",Side view,Single player
Deep Dead,2024-01-31,,"Platform, Indie",PC (Microsoft Windows),,"underwater, roguelite, diving",Davide Puato,Side view,Single player
No Reloading: Survival Trials,2024-01-30,,"Shooter, Indie, Arcade","PC (Microsoft Windows), Mac","Action, Science fiction","robots, bullet hell, bullet time, dog, slow-motion, roguelite, boomer shooter, streamer game, bullet heaven, retro styled",ZoopTEK,"First person, Third person",Single player
Sora to Muku no 6-ki,2024-01-29,,"Simulator, Tactical, Adventure, Indie",PC (Microsoft Windows),"Drama, Warfare",roguelite,yondray,,Single player
Outcast Tales,2024-01-29,,"Role-playing (RPG), Strategy, Tactical, Adventure, Indie","Linux, PC (Microsoft Windows), Mac","Fantasy, Comedy, Party","post-apocalyptic, 2d, tactical turn-based combat, roguelite","Critical Reflex, Hardlane Studio","Side view, Text",Single player
Astercys,2024-01-28,,"Platform, Adventure, Indie",PC (Microsoft Windows),"Horror, Survival","experimental, psychedelic, roguelite",Hensley,,
Kagura Genesis: Kuon's Story,2024-01-25,,"Role-playing (RPG), Strategy, Adventure",PC (Microsoft Windows),Fantasy,"roguelike, female protagonist, turn-based combat, mystery dungeon, turn-based rpg, nsfw_patch, nsfw version exists","Debonosu Works, Shiravune",Bird view / Isometric,Single player
Go Mecha Ball,2024-01-25,,"Shooter, Arcade","Xbox Series X|S, PC (Microsoft Windows), PlayStation 5, Xbox One, Nintendo Switch",Action,"roguelike, twin stick","Super Rare Originals, Whale Peak Games",Bird view / Isometric,Single player
Right and Down and Dice,2024-01-23,,"Puzzle, Role-playing (RPG), Strategy, Indie, Card & Board Game","PC (Microsoft Windows), PlayStation 5, Nintendo Switch",,"roguelike, dice, dungeon crawler, card based combat",mc2games,,Single player
Snake Crush Survivors,2024-01-20,,Indie,PC (Microsoft Windows),Action,roguelite,,Bird view / Isometric,Single player
Turnip Boy Robs a Bank,2024-01-18,74.8,"Shooter, Hack and slash/Beat 'em up, Adventure, Indie, Arcade","Android, PC (Microsoft Windows), iOS, Xbox One, Nintendo Switch","Action, Comedy","heist, 2d, police, cute, mafia, souls as currency, roguelite, accessibility options, vegetables","Snoozy Kazoo, Graffiti Games, Plug In Digital","Bird view / Isometric, Side view",Single player
Crumbling,2024-01-18,,"Fighting, Hack and slash/Beat 'em up, Adventure, Indie","Meta Quest 2, SteamVR","Action, Comedy","roguelike, comic book",Ole Jürgensen,"Third person, Virtual Reality",Single player
Soul Strike,2024-01-17,,"Role-playing (RPG), Hack and slash/Beat 'em up","Android, iOS","Action, Fantasy","roguelike, idle game",Com2uS,,
Yuuna and the Haunted Hot Springs: The Thrilling Steamy Maze Kiwami,2024-01-17,,Role-playing (RPG),"Android, PC (Microsoft Windows), iOS, PlayStation 5, Nintendo Switch","Action, Fantasy","dungeon crawler, based on - anime, roguelite, partial nudity, mystery dungeon","FuRyu, Matrix Software",Bird view / Isometric,Single player
Just Click the Button,2024-01-17,,"Point-and-click, Shooter, Indie, Arcade",PC (Microsoft Windows),"Action, Fantasy","casual, arena, 2d, roguelike, bullet hell, cute, arena shooter, clicker, colorful, cartoony, bullet, gun, battle arena, collectathon, bullet heaven, utility, minimalist, cartoon, danmaku, action roguelike","Simon Eftestol, EagleEye Games",Bird view / Isometric,Single player
Cult of the Lamb: Sins of the Flesh,2024-01-16,,"Role-playing (RPG), Simulator, Strategy, Hack and slash/Beat 'em up, Adventure, Indie","Xbox Series X|S, PlayStation 4, PC (Microsoft Windows), PlayStation 5, Mac, Xbox One, Nintendo Switch","Action, Fantasy, Comedy","animals, dark, roguelike, cute, cult, roguelite, colony simulator","Devolver Digital, Massive Monster",Bird view / Isometric,Single player
Homebrew32,2024-01-16,,"Shooter, Adventure, Indie","PC (Microsoft Windows), Mac","Action, Science fiction","shoot 'em up, shmup, pixel graphics, roguelite",MON Studios LLC,Bird view / Isometric,Single player
The Four Paths,2024-01-15,,"Role-playing (RPG), Strategy, Indie, Card & Board Game",PC (Microsoft Windows),Action,"roguelike, multiple endings",Hagane,,Single player
Time Survivors,2024-01-15,,"Role-playing (RPG), Indie",PC (Microsoft Windows),Action,"roguelike, bullet hell, pixel graphics, roguelite",Lunar Chili,Bird view / Isometric,Single player
Ash Echoes,2024-01-12,,"Role-playing (RPG), Strategy, Tactical, Adventure","Android, PC (Microsoft Windows), iOS","Action, Fantasy, Science fiction","roguelike, gacha","Restar Games, 上海烛龙信息科技有限公司, Tencent Games, NEOCRAFT",Bird view / Isometric,"Single player, Multiplayer, Co-operative"
Nyran Survivors,2024-01-12,,"Role-playing (RPG), Strategy, Hack and slash/Beat 'em up, Indie",PC (Microsoft Windows),Action,"roguelike, roguelite",Diminished Studios,Bird view / Isometric,Single player
Unrestricted Pest Control,2024-01-12,,"Shooter, Indie",PC (Microsoft Windows),"Action, Science fiction",roguelite,PiKa Game Studio,Bird view / Isometric,Single player
Slayin DX,2024-01-11,,"Role-playing (RPG), Indie",PC (Microsoft Windows),"Action, Fantasy","2d, pixel graphics, roguelite",Pixel Licker,,Single player
Frostrain,2024-01-10,,"Real Time Strategy (RTS), Simulator, Strategy, Indie",PC (Microsoft Windows),,"roguelike, trains, simulation, deck-building, roguelike deckbuilder",Jungle Game Lab,Side view,Single player
Against Great Darkness,2024-01-10,,"Adventure, Indie, Arcade",PC (Microsoft Windows),"Action, Survival","roguelike, demo, increasing difficulty, free demo, auto battler",Hitreg Studios,Bird view / Isometric,Single player
What Must Be Done,2024-01-09,,Indie,Web browser,Action,"roguelike, cats, ludum dare, pixel art, cat, battle arena, ludum dare 52, action roguelike","Levi, clerium, Skoprimon, drgvdg",Bird view / Isometric,Single player
Hertz,2024-01-09,,,PC (Microsoft Windows),Action,"roguelike, action roguelike, top-down",,,Single player
Primateria,2024-01-08,,"Strategy, Adventure, Indie, Card & Board Game",PC (Microsoft Windows),Fantasy,"roguelike, trading card game, deck-building","Yfrit Games, Surefire.Games",,Single player
Project Xsting,2024-01-05,,"Fighting, Hack and slash/Beat 'em up, Indie",PC (Microsoft Windows),"Action, Science fiction, Survival","roguelike, roguelite, twin stick",,Bird view / Isometric,Single player
Maze of Moros,2024-01-01,,"Puzzle, Role-playing (RPG)",iOS,"Action, Fantasy","roguelike, procedurally generated",,Bird view / Isometric,Single player
The Adventures in Carnal Hell,2024-01-01,,"Role-playing (RPG), Indie",Game Boy Color,"Action, Fantasy, Comedy","roguelike, low sexual content, suggestive themes",Circle Yousu ga Okashii.,Bird view / Isometric,Single player
Meikyuu Ryuuki,2024-01-01,,"Role-playing (RPG), Turn-based strategy (TBS)",PC (Microsoft Windows),"Fantasy, Comedy",roguelike,,Bird view / Isometric,Single player
Under the Wakzoo,2023-12-28,,"Shooter, Platform",PC (Microsoft Windows),Action,"roguelike, roguelite, fangame, youtuber, based on - real people",,Side view,Single player
Deep Death Dungeon Darkness,2023-12-25,,Indie,PC (Microsoft Windows),Action,"dark fantasy, roguelite, soulslike",YousukouTV,Third person,Single player
Stop to Explode,2023-12-22,,Shooter,Web browser,"Action, Science fiction, Survival","shoot 'em up, roguelike, vertical scrolling",,Bird view / Isometric,Single player
Centipede Gun,2023-12-21,,"Shooter, Strategy, Indie, Arcade","Xbox Series X|S, PlayStation 4, PC (Microsoft Windows), PlayStation 5, Xbox One, Nintendo Switch",Action,roguelike,"Mateusk2m, QUByte Interactive",Bird view / Isometric,Single player
Orbius,2023-12-20,,"Puzzle, Strategy, Indie",PC (Microsoft Windows),,"roguelike, roguelite",Th3 Game Studio,Side view,Single player
Few Nights More: Genesis,2023-12-20,,"Role-playing (RPG), Turn-based strategy (TBS), Indie",PC (Microsoft Windows),Fantasy,"vampire, 2d, roguelike, dark fantasy, vampires, roguelite","Aeterna Ludi, GrabTheGames",,Single player
Rogue Station Defense,2023-12-19,,"Strategy, Indie","Android, PC (Microsoft Windows)",Science fiction,"tower defense, roguelite",,Bird view / Isometric,Single player
Just King,2023-12-19,72.9,Strategy,PC (Microsoft Windows),Action,"roguelike, arena shooter, pixel art, roguelite, auto battler",Vish Game Studio,"Third person, Bird view / Isometric",Single player
Spatial Savior Biganger,2023-12-18,,"Shooter, Arcade","Web browser, Linux, PC (Microsoft Windows)","Action, Science fiction","roguelike, space, mecha, game jam",Otaku TeamWorks,Bird view / Isometric,Single player
Vampire Survivors: Emergency Meeting,2023-12-18,,"Hack and slash/Beat 'em up, Indie","Xbox Series X|S, PC (Microsoft Windows), Xbox One, Nintendo Switch",Action,"roguelike, bullet hell",Poncle,Bird view / Isometric,"Single player, Co-operative"
Risk of Rain: Hostile Worlds,2023-12-16,,"Shooter, Strategy","Android, iOS","Action, Science fiction","roguelike, fast paced, run and gun, heroes, loot gathering, arpg","Frima Studio, Gearbox Publishing",Bird view / Isometric,"Single player, Co-operative"
Pokémon Reminiscencia,2023-12-16,,"Role-playing (RPG), Adventure",PC (Microsoft Windows),Fantasy,"pokemon, roguelike, unofficial, pokemon fangame",Elena Vidad,,Single player
Dire: Flesh and Phobia,2023-12-15,,"Strategy, Indie, Card & Board Game",PC (Microsoft Windows),Fantasy,"roguelike, demo, free demo, deck-building, ai-generated artwork",2Weak,Side view,"Single player, Multiplayer, Co-operative"
Bloompunk,2023-12-15,,"Shooter, Indie",PC (Microsoft Windows),"Action, Fantasy","3d, roguelike, nature, forest, freeware",USC Games,First person,Single player
Born Again,2023-12-15,,"Role-playing (RPG), Hack and slash/Beat 'em up, Indie","Linux, Android, PC (Microsoft Windows), iOS, Mac",Action,"roguelike, permadeath, indie mmorpg",Unnamed Studios,Bird view / Isometric,"Multiplayer, Co-operative, Massively Multiplayer Online (MMO)"
Trinity Fusion,2023-12-15,,"Fighting, Platform, Role-playing (RPG), Indie","Xbox Series X|S, PlayStation 4, PC (Microsoft Windows), PlayStation 5, Xbox One, Nintendo Switch","Action, Science fiction","metroidvania, procedural generation, female protagonist, parallel worlds, roguelite, multiverse",Angry Mob Games,Side view,Single player
Roguenarok,2023-12-12,,"Shooter, Role-playing (RPG), Strategy, Hack and slash/Beat 'em up, Indie",PC (Microsoft Windows),Action,"aliens, dinosaurs, roguelike, bullet hell, vikings, arena shooter, roguelite, bullet heaven",,,Single player
Garbage Crew!,2023-12-08,,"Simulator, Strategy, Indie","Linux, PC (Microsoft Windows)","Action, Party","3d, roguelike, steam, colorful, teamwork",xeetsh,Bird view / Isometric,"Single player, Multiplayer, Co-operative"
Against the Storm,2023-12-08,83.3,"Real Time Strategy (RTS), Simulator, Strategy, Indie","Xbox Series X|S, PlayStation 4, PC (Microsoft Windows), PlayStation 5, Nintendo Switch",Fantasy,"base building, city builder, roguelite, colony simulator","Hooded Horse, Eremite Games",Bird view / Isometric,Single player
Momon: Relic Seekers,2023-12-07,,"Strategy, Indie, Card & Board Game",PC (Microsoft Windows),Action,"roguelike, roguelite",Azul Games,Side view,Single player
Under the Castle,2023-12-05,,"Role-playing (RPG), Adventure, Indie",Playdate,"Action, Fantasy","monsters, retro, magic, sword, roguelike, pixel art, pixel graphics, dungeon crawler, inventory management, hidden room, roguelite, male protagonist, playdate catalog, 1bit, shield, monster, action-rpg",Dani Diez,Bird view / Isometric,Single player
Praise Dead,2023-12-05,,"Simulator, Strategy, Indie",PC (Microsoft Windows),Action,"zombies, roguelike, auto battler, action roguelike",,Side view,Single player
Soulash 2,2023-12-04,,"Role-playing (RPG), Strategy, Adventure, Indie",PC (Microsoft Windows),"Fantasy, Sandbox, Open world","roguelike, demo, free demo",Wizards of the Code,Bird view / Isometric,Single player
Picayune Dreams,2023-12-04,71.8,"Shooter, Indie, Arcade",PC (Microsoft Windows),"Action, Science fiction, Horror","roguelike, bullet hell, bullet heaven","2 Left Thumbs, Andyl4nd, Stepford",Bird view / Isometric,Single player
No Water in Hell,2023-12-03,,"Adventure, Indie, Arcade",PC (Microsoft Windows),Action,"roguelike, procedurally generated",Caffnight Software,,Single player
Apocalypse Party,2023-12-01,,"Fighting, Shooter, Strategy, Indie",PC (Microsoft Windows),"Action, Survival","online multiplayer, roguelite",,Bird view / Isometric,"Single player, Multiplayer, Co-operative"
Die in the Dungeon: Origins,2023-12-01,67.1,"Role-playing (RPG), Strategy, Indie, Card & Board Game","PC (Microsoft Windows), Mac",Fantasy,"roguelike, free-to-play, deck-building","HypeTrain Digital, DitD Team, ATICO",Side view,Single player
Soul Dog TD,2023-11-29,,"Role-playing (RPG), Simulator, Strategy, Tactical","PC (Microsoft Windows), Nintendo Switch",Fantasy,"retro, magic, 2d, roguelike, demo, pixel graphics, free demo",,Third person,Single player
Tallowmere 2: Curse of the Kittens,2023-11-23,,"Platform, Adventure, Indie","Linux, PC (Microsoft Windows), Mac, Nintendo Switch",Action,"roguelike, gore, dungeon crawler","Chris McFarland, Lightning Games",Side view,"Single player, Multiplayer, Co-operative"
Apocalypse Run!,2023-11-19,,Role-playing (RPG),PC (Microsoft Windows),Science fiction,"post-apocalyptic, poker, united states, turn-based combat, vehicle combat, roguelite",,,Single player
Lucky Hero,2023-11-16,,"Strategy, Indie, Card & Board Game",PC (Microsoft Windows),,"roguelite, roguelike deckbuilder, replayability","Neverland Entertainment, mora churrasco studio",Side view,Single player
7th Domain,2023-11-16,,"Role-playing (RPG), Adventure, Indie",PC (Microsoft Windows),Action,roguelike,"BD Games, Lightimpact",Side view,Single player
Hell Throne,2023-11-15,,Indie,"Linux, PC (Microsoft Windows), Mac",Action,"roguelike, bullet hell, roguelite",Boombit,Bird view / Isometric,"Single player, Multiplayer, Co-operative"
Death Elevator,2023-11-15,,"Shooter, Strategy, Indie, Arcade","Xbox Series X|S, PlayStation 4, PC (Microsoft Windows), PlayStation 5, Xbox One, Nintendo Switch",Action,"roguelike, roguelite","Fernando Tittz, QUByte Interactive",First person,Single player
Dream Knight,2023-11-14,,"Role-playing (RPG), Adventure, Indie",PC (Microsoft Windows),Action,"roguelike, steam achievements, multiple playable characters, action roguelike",Starword Games,Side view,Single player
Gubbins,2023-11-14,,"Puzzle, Strategy","Android, iOS",,"roguelike, word game",Studio Folly,"Bird view / Isometric, Text",Single player
Death Must Die,2023-11-14,79.7,"Role-playing (RPG), Indie","Xbox Series X|S, PC (Microsoft Windows), Mac, Xbox One",Action,"roguelike, bullet hell",Realm Archive,Bird view / Isometric,Single player
Space Mercenary Defense Force,2023-11-14,,"Shooter, Role-playing (RPG), Strategy, Indie, Arcade","Xbox Series X|S, PlayStation 4, PC (Microsoft Windows), PlayStation 5, Xbox One, Nintendo Switch","Action, Science fiction, Kids","roguelike, space, mercenary, roguelite, defense","Eastasiasoft, Tom Paradise","Bird view / Isometric, Side view",Single player
Backpack Hero,2023-11-14,70.2,"Fighting, Puzzle, Role-playing (RPG), Strategy, Turn-based strategy (TBS), Adventure, Indie, Card & Board Game","Xbox Series X|S, Web browser, PlayStation 4, Linux, PC (Microsoft Windows), PlayStation 5, Mac, Xbox One, Nintendo Switch","Action, Fantasy","2d, roguelike, cute, pixel art, dungeon crawler, inventory management, hero, rat, roguelite, collecting card game - ccg, deck-building, turn-based rpg, roguelike deckbuilder, replayability","TheJaspel, Different Tales, IndieArk","Third person, Side view",Single player
Astral Ascent,2023-11-14,89.8,"Platform, Adventure, Indie","PlayStation 4, PC (Microsoft Windows), PlayStation 5, Mac, Nintendo Switch","Action, Fantasy","2d, roguelike, pixel art, roguelite","Hibernian Workshop, MP2 Games",Side view,"Single player, Multiplayer, Co-operative"
Echoes,2023-11-13,,"Role-playing (RPG), Indie",PC (Microsoft Windows),"Action, Fantasy","2d, turn-based, roguelike, jrpg, female protagonist, cute, dungeon crawling, pixel art, pixel graphics, pixels, dungeon crawler, battle, randomly generated dungeons, randomly generated maps, japanese rpg, mystery dungeon, traditional roguelike, level up, pixelart",huyuinu,Bird view / Isometric,Single player
Big Fat Battle,2023-11-10,,"Shooter, Indie, Arcade",PC (Microsoft Windows),"Action, Party","roguelike, arena shooter",,Third person,"Multiplayer, Co-operative, Battle Royale"
Shadow and Bone: Enter the Fold,2023-11-09,,"Role-playing (RPG), Adventure","Android, iOS","Fantasy, Open world","roguelike, based on - tv show, based on - book, game based on tv show, netflix games","Chimera Entertainment, Netflix",Bird view / Isometric,Single player
DarkGems,2023-11-08,,"Platform, Arcade","Xbox Series X|S, PlayStation 4, PC (Microsoft Windows), PlayStation 5, Xbox One",Horror,"mining, randomly generated maps, roguelite, cartoon",Xeneder Team,Bird view / Isometric,Single player
Risk of Rain Returns,2023-11-08,61.6,"Shooter, Hack and slash/Beat 'em up, Indie","PC (Microsoft Windows), Nintendo Switch","Action, Science fiction","minigames, roguelike, unlockable items, collectibles, roguelite, alien world, unlockable characters","Hopoo Games, Gearbox Publishing",Side view,"Single player, Multiplayer, Co-operative"
Terracards,2023-11-07,,"Simulator, Strategy, Card & Board Game","PC (Microsoft Windows), Mac",Action,"roguelike, farming, deckbuilder",Pixel Purrfect,Bird view / Isometric,Single player
Roboquest,2023-11-07,80.0,"Shooter, Indie","Xbox Series X|S, PlayStation 4, PC (Microsoft Windows), PlayStation 5, Xbox One",Action,"roguelike, robots, roguelite, comicbook style","RyseUp Studios, Starbreeze Publishing",First person,"Single player, Multiplayer, Co-operative"
Iglacia,2023-11-06,,Indie,PC (Microsoft Windows),Action,"roguelike, penguin, pixel graphics, roguelite",Goopoe,Side view,Single player
Impact,2023-11-06,,"Role-playing (RPG), Hack and slash/Beat 'em up, Indie",PC (Microsoft Windows),Action,"casual, retro, roguelike, bullet hell, pixel art, bullet heaven",Next in Game,Bird view / Isometric,Single player
Cursorblade,2023-11-06,,"Shooter, Indie, Arcade",PC (Microsoft Windows),Action,"roguelike, bullet hell",RealPeach,Bird view / Isometric,Single player
Racine,2023-11-06,,"Real Time Strategy (RTS), Role-playing (RPG), Strategy, Tactical, Adventure, Indie, Card & Board Game","PC (Microsoft Windows), Nintendo Switch",Fantasy,"2d, management, pve, pixel graphics, story rich, time management, roguelite, deck-building, auto battler","Antoine Descoubet, Hugues Laborde, Abiding Bridge, Goblinz Studio, Maple Whispering Limited, Goblinz Publishing",Side view,Single player
Delicious Dungeon,2023-11-03,,Indie,PC (Microsoft Windows),"Action, Fantasy","hunting, roguelike, crafting, hand-drawn",Digital Cauldron,Bird view / Isometric,Single player
For the King II,2023-11-02,44.2,"Role-playing (RPG), Strategy, Adventure, Indie","Xbox Series X|S, PC (Microsoft Windows), PlayStation 5, Xbox One","Fantasy, Open world","steam trading cards, party-based, turn-based combat, steam achievements, xbox controller support for pc, steam cloud, remote play, controller support, roguelite, hex grid, steam families","IronOak Games, Curve Games","Bird view / Isometric, Side view","Single player, Multiplayer, Co-operative"
Pixiel: Dreadwager,2023-11-01,,"Hack and slash/Beat 'em up, Arcade","Web browser, Android","Action, Survival","roguelike, soulslike, nft",Pixygon,Bird view / Isometric,Single player
Dead Cells: Netflix Edition,2023-10-31,,"Platform, Adventure, Indie","Android, iOS","Action, Fantasy","metroidvania, roguelite, soulslike","Netflix, Motion Twin, Evil Empire",Side view,Single player
Wanted Shadows,2023-10-31,,"Role-playing (RPG), Indie",PC (Microsoft Windows),Action,"roguelike, bullet hell, roguelite",Radhood,Bird view / Isometric,Single player
Talented,2023-10-31,,Indie,PC (Microsoft Windows),Action,"bullet hell, roguelite",Turtle Fox Games,Bird view / Isometric,Single player
Grassland Survivors,2023-10-30,,"Role-playing (RPG), Arcade",Web browser,"Action, Horror","roguelike, demake, roguelite",Thomas Ricouard,Bird view / Isometric,Single player
Phantom Rose 2 Sapphire,2023-10-30,,"Strategy, Turn-based strategy (TBS), Indie, Card & Board Game","Android, PC (Microsoft Windows), iOS, Mac",Fantasy,"anime, turn-based, roguelike, female protagonist, deck-building","makaroll, PLAYISM",,Single player
The Unliving,2023-10-26,,"Real Time Strategy (RTS), Role-playing (RPG), Hack and slash/Beat 'em up, Adventure, Indie","PC (Microsoft Windows), Mac","Action, Fantasy, Horror","zombies, magic, roguelike, dark fantasy, diablo-like, undead, pixel art, necromancy, roguelite","RocketBrush Studio, Team17","Third person, Bird view / Isometric",Single player
Infinite Arcana,2023-10-25,,Hack and slash/Beat 'em up,Android,"Action, Fantasy",roguelike,Hisar Games,Bird view / Isometric,Single player
Wetory,2023-10-25,,"Shooter, Adventure, Indie, Arcade","PC (Microsoft Windows), Mac, Nintendo Switch",Action,"roguelike, roguelite","Gravity, PepperStones",Bird view / Isometric,Single player
Soulbound,2023-10-24,,"Role-playing (RPG), Indie",Web browser,"Science fiction, Survival, Open world","roguelike, dystopian, online co-op, pixelated, pixel art, blockchain, crypto, nft, extraction",Webb Technology,Bird view / Isometric,"Single player, Multiplayer, Co-operative, Massively Multiplayer Online (MMO)"
Aria and the Crystal Kingdom,2023-10-24,,Indie,"PC (Microsoft Windows), Mac",,"procedurally generated, roguelite, card battler",,Side view,Single player
Deepest Chamber: Resurrection,2023-10-24,,"Role-playing (RPG), Strategy, Turn-based strategy (TBS), Tactical, Indie, Card & Board Game","Linux, PC (Microsoft Windows)","Fantasy, Horror","roguelike, steam, roguelite, deck-building","Balcony Team, Those Awesome Guys",First person,Single player
Skull Survivor,2023-10-21,,Indie,PC (Microsoft Windows),"Action, Survival","zombies, roguelike, bullet hell, controller support",Chris Lucian,Bird view / Isometric,Single player
Loot and Shoot,2023-10-20,,"Shooter, Role-playing (RPG), Indie",PC (Microsoft Windows),Action,"pixel graphics, 2d platformer, loot gathering, roguelite",Zabbo Games,Side view,Single player
Digs,2023-10-19,,"Strategy, Indie","PC (Microsoft Windows), Mac",,"tower defense, roguelike, mining, roguelike deckbuilder",,,Single player
Endless Dungeon,2023-10-19,61.6,"Role-playing (RPG), Strategy, Tactical","Xbox Series X|S, PlayStation 4, PC (Microsoft Windows), PlayStation 5, Xbox One, Nintendo Switch","Action, Science fiction, Mystery","tower defense, 3d, roguelike, pvp, pve, mystery dungeon","Amplitude Studios, Sega",Bird view / Isometric,"Single player, Multiplayer, Co-operative"
World of Horror,2023-10-19,61.0,"Point-and-click, Role-playing (RPG), Turn-based strategy (TBS), Adventure, Indie","PlayStation 4, PC (Microsoft Windows), Mac, Nintendo Switch","Horror, Survival, Mystery","anime, roguelike, lovecraftian, steam families, previously on - pc gamepass","Ysbryd Games, panstasz",Text,Single player
Sea of Survivors,2023-10-18,,"Shooter, Hack and slash/Beat 'em up, Adventure, Indie",PC (Microsoft Windows),"Action, Fantasy, Survival, Historical, Warfare","pirates, retro, roguelike, bullet hell, lovecraftian, pixel art, roguelite, bullet heaven",Nah Yeah Games,Bird view / Isometric,Single player
Hellboy: Web of Wyrd,2023-10-18,59.6,"Fighting, Adventure, Indie","Xbox Series X|S, PlayStation 4, PC (Microsoft Windows), PlayStation 5, Xbox One, Nintendo Switch","Action, Fantasy","dark, roguelike, cinematic, demons, story rich, cartoony, mystery dungeon","Upstream Arcade, Good Shepherd Entertainment, Dark Horse Comics",Third person,Single player
100 Steps,2023-10-17,,"Strategy, Adventure, Indie",PC (Microsoft Windows),Action,"dungeon crawler, roguelite","Endorth Studio, ByteSize",Bird view / Isometric,Single player
Mosa Lina,2023-10-17,76.2,"Platform, Puzzle, Simulator, Adventure, Indie","Linux, PC (Microsoft Windows), Mac, Nintendo Switch","Action, Horror, Sandbox","dark, magic, 2d, roguelike, gothic, frog, action-adventure, stylized, atmospheric, pixel graphics, pixels, shared screen, 2d platformer, colorful, puzzle platformer, minimalist, action roguelike, immersive sim, sidescroller","Stuffed Wombat, Silkersoft, RollinBarrel",Side view,"Single player, Multiplayer, Co-operative, Split screen"
Empty Shell,2023-10-16,,"Shooter, Adventure, Indie, Arcade","Xbox Series X|S, PlayStation 4, PC (Microsoft Windows), PlayStation 5, Xbox One, Nintendo Switch","Action, Horror, Survival","roguelike, survival horror, roguelite","CC Arts, Hyperstrange",Bird view / Isometric,Single player
Haunted House,2023-10-12,,Adventure,"Xbox Series X|S, PlayStation 4, Linux, PC (Microsoft Windows), PlayStation 5, Xbox One, Nintendo Switch","Action, Horror, Stealth, Kids","supernatural, combat, family friendly, cartoony, roguelite","Atari, Inc., Orbit Studio",Bird view / Isometric,Single player
Knight vs Giant: The Broken Excalibur,2023-10-05,,"Role-playing (RPG), Adventure","Xbox Series X|S, PC (Microsoft Windows), PlayStation 5, Nintendo Switch","Action, Fantasy","exploration, roguelike","Gambir Studio, PQube",Bird view / Isometric,Single player
Neon Abyss: Infinity,2023-10-05,,"Shooter, Platform","Android, iOS",Action,"cyberpunk, roguelike, shooting",XD Inc.,Third person,"Single player, Co-operative"
Monos: The Endless Tower,2023-10-05,,"Strategy, Indie","Linux, PC (Microsoft Windows)",Fantasy,"casual, roguelike",EvilStar Studios,,Single player
Iron Dungeon,2023-10-03,,"Shooter, Platform, Indie, Arcade",PC (Microsoft Windows),"Action, Science fiction","roguelike, roguelite","Meridian4, R_Games",,Single player
Ira,2023-10-03,,Indie,PC (Microsoft Windows),Action,"roguelike, bullet hell","Nicalis, Inc., ABShot",Bird view / Isometric,Single player
Oni Station,2023-10-02,,"Adventure, Indie",PC (Microsoft Windows),"Horror, Survival",roguelike,Tavern Tale Studio,First person,Single player
White Hat,2023-10-01,,"Strategy, Indie",PC (Microsoft Windows),Action,"bullet hell, roguelite",,,Single player
Foxcrate,2023-09-29,,Indie,PC (Microsoft Windows),,"casual, cute, roguelite, cartoon, rougelike",Parsec Productions,,Single player
Moonring,2023-09-28,67.4,"Role-playing (RPG), Adventure",PC (Microsoft Windows),"Fantasy, Open world","retro, skill-based, roguelike, dark fantasy, procedural generation, lovecraftian, freeware, dungeon crawler, tile based, minimalistic graphics, turn-based rpg, traditional roguelike",Fluttermind LLC,"Bird view / Isometric, Text",Single player
Pizza Possum,2023-09-28,70.0,"Platform, Strategy, Indie, Arcade","Xbox Series X|S, PC (Microsoft Windows), PlayStation 5, Nintendo Switch","Action, Stealth, Kids","3d, roguelike, police, animal protagonist, simple, cute, funny, dog, pizza, italy, cartoony, steam achievements, xbox controller support for pc, steam cloud, anthropomorphism, animal protagonists, pig, dualshock 4 support for pc, cartoon violence, remote play, controller support, dogs, fruits, season summer, food, beach, bombs, ice cream, fish, raccoon, possum, eating, graveyard, dualsense support for pc","Raw Fury, Cosy Computer","Third person, Bird view / Isometric","Single player, Multiplayer, Co-operative, Split screen"
Crocogame,2023-09-27,,Shooter,PC (Microsoft Windows),Action,"roguelike, arena shooter",alehooleo,Bird view / Isometric,Single player
Star Farmer: Warlock of the Universe,2023-09-27,,Indie,PC (Microsoft Windows),Action,"roguelike, bullet hell, female protagonist, space, farming, nature, pve, relaxing, story rich, roguelite, collectathon, bullet heaven",Tinker Town,,Single player
Kanji Industry,2023-09-27,,"Puzzle, Simulator, Strategy, Indie",PC (Microsoft Windows),,"programming, demo, roguelite, free demo",Tsune Studio,Bird view / Isometric,Single player
Beneath Oresa,2023-09-27,,"Role-playing (RPG), Strategy, Indie, Card & Board Game","Xbox Series X|S, PlayStation 4, PC (Microsoft Windows), PlayStation 5, Xbox One, Nintendo Switch","Fantasy, Science fiction","cyberpunk, 3d, roguelike","Agate Studio, Broken Spear Inc., Goblinz Publishing",Third person,Single player
Chores of Corruption,2023-09-25,,Indie,"PC (Microsoft Windows), Mac",Action,"roguelike, bullet hell",,,Single player
Time Wasters,2023-09-25,,"Role-playing (RPG), Indie",PC (Microsoft Windows),Action,"casual, roguelike, bullet heaven",Proton Studio Inc,Bird view / Isometric,Single player
Gloomgrave,2023-09-25,,"Role-playing (RPG), Adventure, Indie",PC (Microsoft Windows),"Action, Fantasy","pixel graphics, roguelite",,First person,Single player
Robodunk,2023-09-25,,"Fighting, Sport, Indie, Arcade","Xbox Series X|S, PlayStation 4, PC (Microsoft Windows), PlayStation 5, Xbox One, Nintendo Switch",Action,"roguelike, combat",Jollypunch Games,Side view,"Single player, Multiplayer, Co-operative"
Dungeon Dungeon!,2023-09-22,,"Role-playing (RPG), Indie",PC (Microsoft Windows),Fantasy,"controller support, roguelite, turn-based rpg",,Bird view / Isometric,Single player
Astrea: Six-Sided Oracles,2023-09-21,,"Role-playing (RPG), Strategy, Turn-based strategy (TBS), Adventure, Indie, Card & Board Game","Xbox Series X|S, PlayStation 4, PC (Microsoft Windows), PlayStation 5, Xbox One, Nintendo Switch","Action, Fantasy","casual, dark, 2d, turn-based, roguelike, dark fantasy, procedural generation, difficult, female protagonist, atmospheric, dice, hand-drawn, deck-building, roguelike deckbuilder, replayability, previously on - utomik","Akupara Games, Little Leo Games",Side view,Single player
Renfield: Bring Your Own Blood,2023-09-20,,"Role-playing (RPG), Indie, Arcade",PC (Microsoft Windows),"Action, Fantasy","gothic, bullet hell, pixel graphics, xbox controller support for pc, controller support, roguelite, steam deck, steam families, action roguelite","Skybound Games, Mega Cat Studios",Bird view / Isometric,Single player
Time Survivors: Chapter 0,2023-09-18,,"Role-playing (RPG), Indie",PC (Microsoft Windows),Action,"free-to-play, roguelite",Lunar Chili,Bird view / Isometric,Single player
Rogue Cards,2023-09-15,,"Indie, Card & Board Game",PC (Microsoft Windows),Fantasy,"roguelite, deckbuilder",,,Single player
Dead Matter,2023-09-15,,"Shooter, Simulator, Indie","Linux, PC (Microsoft Windows), Mac","Action, Horror, Survival, Sandbox, Open world","zombies, hunting, post-apocalyptic, exploration, character customization, crafting, online co-op, farming, dynamic world, melee combat, scavenging, online multiplayer, crowdfunding - kickstarter, inventory management, steam greenlight, dedicated servers, vehicles, modding support, roguelite",Quantum Integrity Software Inc.,"First person, Third person","Single player, Multiplayer, Co-operative"
Summum Aeterna,2023-09-14,,"Platform, Hack and slash/Beat 'em up, Adventure, Indie","Xbox Series X|S, PlayStation 4, PC (Microsoft Windows), PlayStation 5, Xbox One, Nintendo Switch","Action, Fantasy","roguelike, procedural generation, dungeon crawler, roguelite",Aeternum Game Studios,Side view,Single player
AK-xolotl,2023-09-14,,"Shooter, Adventure, Indie, Arcade","Xbox Series X|S, PlayStation 4, PC (Microsoft Windows), PlayStation 5, Xbox One, Nintendo Switch","Action, Warfare","roguelike, bullet hell, pixel art, roguelite, indie developer, axolotl","2Awesome Studio, Playstack",Bird view / Isometric,"Single player, Multiplayer, Co-operative"
Mystic Gate,2023-09-13,,Shooter,"Xbox Series X|S, PlayStation 4, PC (Microsoft Windows), PlayStation 5",Action,"shoot 'em up, roguelike, procedurally generated, twin stick control","Eastasiasoft, Zoo Corporation","Bird view / Isometric, Side view","Single player, Co-operative"
Gunbrella,2023-09-13,,"Platform, Adventure, Indie","PC (Microsoft Windows), Nintendo Switch",Action,"2d, roguelike, noir, pixel graphics, combat","Devolver Digital, doinksoft",Side view,Single player
Gravity Oddity,2023-09-13,,"Shooter, Platform, Adventure, Indie","Xbox Series X|S, PlayStation 4, PC (Microsoft Windows), PlayStation 5, Xbox One, Nintendo Switch",Action,"roguelike, space, funny, choices matter",Invincible Cat,Side view,Single player
One More Gate : A Wakfu Legend,2023-09-12,,"Strategy, Adventure, Indie, Card & Board Game","PC (Microsoft Windows), Mac","Action, Fantasy","roguelike, roguelite, deck-building, roguelike deckbuilder","Ankama Games, Ankama Studio",Side view,Single player
MythForce,2023-09-12,,"Role-playing (RPG), Adventure","Xbox Series X|S, PlayStation 4, PC (Microsoft Windows), PlayStation 5, Xbox One, Nintendo Switch","Action, Fantasy","1980s, cartoony, steam achievements, xbox controller support for pc, steam cloud, the 1980s, controller support, roguelite, cartoon, steam families","Beamdog, Aspyr Media",First person,"Single player, Multiplayer, Co-operative"
Cardbob,2023-08-31,,"Role-playing (RPG), Hack and slash/Beat 'em up, Adventure, Indie","Linux, PC (Microsoft Windows)","Action, Science fiction",roguelite,Mad Cookies Studio,"Third person, Bird view / Isometric",Single player
Chess Survivors,2023-08-31,,"Role-playing (RPG), Strategy, Turn-based strategy (TBS), Indie",PC (Microsoft Windows),Action,"chess, roguelike, bullet hell, roguelite, bullet heaven",Aarimous Studios LLC,Bird view / Isometric,Single player
Superfetch Dog,2023-08-29,,"Platform, Indie, Arcade",PC (Microsoft Windows),Action,"2d, forest, cute, pixel art, dog, family friendly, roguelite, ludum dare 53",PUNKCAKE Délicieux,Side view,Single player
Scrumlords,2023-08-29,,"Strategy, Adventure, Indie",PC (Microsoft Windows),Action,roguelite,Ginger Bean Interactive,,Single player
Metroplex Zero,2023-08-28,,"Puzzle, Role-playing (RPG), Strategy, Turn-based strategy (TBS), Adventure, Indie, Card & Board Game","PC (Microsoft Windows), Nintendo Switch",Science fiction,"cyberpunk, roguelike, turn-based rpg","Enigma Dragons, Hawthorn Games",Side view,Single player
Don Duality,2023-08-25,,"Strategy, Indie, Card & Board Game",PC (Microsoft Windows),"Comedy, Business","casual, 2d, tycoon, management, crime, pixel graphics, humor, roguelite","Ravenage Games, Königsborgs, 2PGames","Bird view / Isometric, Side view",Single player
Hadean Tactics,2023-08-24,,"Strategy, Indie, Card & Board Game","Linux, PC (Microsoft Windows), Mac",Fantasy,"roguelike, deck-building, roguelike deckbuilder, auto battler, deckbuilder",emberfish games,Bird view / Isometric,Single player
Superior: Vengeance,2023-08-22,,Shooter,PC (Microsoft Windows),Action,roguelite,Drifter Entertainment,Third person,"Single player, Multiplayer, Co-operative"
Rogue Station,2023-08-22,,"Strategy, Tactical, Indie",PC (Microsoft Windows),"Science fiction, Survival","space simulation, roguelike",Quint Studio,Bird view / Isometric,Single player
Superior,2023-08-22,,Shooter,PC (Microsoft Windows),"Action, Science fiction","superhero, roguelite","Drifter Entertainment, Gala Games",Third person,"Single player, Multiplayer, Co-operative"
Paper Planet,2023-08-21,,"Indie, Arcade",PC (Microsoft Windows),Action,"retro, 2d, roguelike, permadeath, bullet hell, family friendly","2 Left Thumbs, Doodlegames",Bird view / Isometric,"Single player, Multiplayer, Co-operative"
Abyssey,2023-08-20,,"Strategy, Adventure",PC (Microsoft Windows),Action,"roguelike, side-scrolling, pixel art, sword & sorcery",,Side view,Single player
Cardboard Town,2023-08-18,,"Strategy, Indie, Card & Board Game","Linux, PC (Microsoft Windows), Mac, Nintendo Switch",Business,"casual, 3d, roguelike, city builder",Stratera Games,Bird view / Isometric,Single player
Labyrinth of Eclipse,2023-08-17,,Arcade,"Web browser, Linux, PC (Microsoft Windows)",Action,"pixel art, single-player only, roguelite, 1bit",,,Single player
Destiny Saga,2023-08-17,,Adventure,Android,Fantasy,roguelike,,,Single player
An Ankou,2023-08-17,,"Indie, Arcade",PC (Microsoft Windows),"Action, Fantasy","roguelike, crafting","Alkemi, PID Games",Bird view / Isometric,Single player
Shield King,2023-08-14,,"Fighting, Shooter, Strategy","Xbox Series X|S, PlayStation 4, PC (Microsoft Windows), PlayStation 5, Xbox One, Nintendo Switch",Action,"bullet hell, roguelite",AFIL Games,Bird view / Isometric,Single player
Gosick Rogue,2023-08-13,,"Indie, Card & Board Game",PC (Microsoft Windows),,"roguelite, roguelike deckbuilder, deckbuilder",ExSize,,Single player
Dead Cells: Return to Castlevania Edition,2023-08-11,,"Platform, Adventure, Indie","PlayStation 4, PlayStation 5, Nintendo Switch","Action, Horror","metroidvania, roguelite, soulslike","Evil Empire, Merge Games, Evil Empire, Motion Twin",Side view,Single player
Wall World Complete,2023-08-10,,"Shooter, Strategy, Indie, Arcade",PC (Microsoft Windows),"Action, Science fiction","roguelite, previously on - prime gaming",Alawar,Side view,Single player
Wall World: Deep Threat,2023-08-09,,"Strategy, Adventure, Indie",PC (Microsoft Windows),Action,"roguelike, roguelite",Alawar Premium,Side view,Single player
30XX,2023-08-09,55.8,"Platform, Adventure, Indie, Arcade","PC (Microsoft Windows), Nintendo Switch",Action,"roguelike, pixel graphics",Batterystaple Games,Side view,"Single player, Multiplayer, Co-operative"
Survivors of the Plague,2023-08-04,,"Shooter, Adventure, Indie",PC (Microsoft Windows),Action,"roguelike, bullet hell",Mol Cruir Games,Bird view / Isometric,Single player
Ninja or Die: Shadow of the Sun,2023-08-02,,"Platform, Hack and slash/Beat 'em up, Adventure","PC (Microsoft Windows), Nintendo Switch",Action,"roguelike, pixel graphics","Marvelous Europe Ltd., Nao Games",Side view,Single player
The Life of a Magical Circle,2023-08-01,,Indie,PC (Microsoft Windows),"Action, Mystery","2d, abstract, narration, philosophy, abstract art style, roguelite, narrative adventure, voiced narration, philosophical, dynamic narrative",Solideo,Bird view / Isometric,Single player
Landnama,2023-07-30,,"Strategy, Card & Board Game","Xbox Series X|S, Linux, Android, PC (Microsoft Windows), iOS, Mac, Xbox One, Nintendo Switch",Historical,"roguelike, vikings, base building, city builder, roguelite",Sonderland,Bird view / Isometric,Single player
Moondrop,2023-07-29,,"Simulator, Indie",PC (Microsoft Windows),Action,"procedural generation, farming, roguelite",Moonroof Studios,Bird view / Isometric,Single player
Double Dragon Gaiden: Rise of the Dragons,2023-07-27,70.7,"Fighting, Hack and slash/Beat 'em up, Adventure, Arcade","Xbox Series X|S, PlayStation 4, PC (Microsoft Windows), PlayStation 5, Xbox One, Nintendo Switch","Action, Party","unlockables, roguelite, unlockable characters, stage selection, available on - blacknut","Secret Base, Modus Games",Side view,"Single player, Multiplayer, Co-operative"
Deadlink,2023-07-27,79.9,"Shooter, Indie","Xbox Series X|S, PC (Microsoft Windows), PlayStation 5",Action,"cyberpunk, roguelite","Gruby Entertainment, SUPERGG.COM",First person,Single player
Boomeraxe,2023-07-26,,Arcade,PC (Microsoft Windows),Action,"bullet hell, pixel art, dungeon crawler, roguelite",,,Single player
Heist Force,2023-07-25,,"Shooter, Adventure, Indie, Arcade","Linux, PC (Microsoft Windows), Nintendo Switch",Action,"roguelike, arena shooter",HALVA Studio,Bird view / Isometric,Single player
Tower of Chaos,2023-07-25,,Strategy,PC (Microsoft Windows),"Action, Fantasy","roguelite, auto battler, auto chess",Laughing Fox Games,Bird view / Isometric,Single player
The Black Pepper Crew,2023-07-25,,"Strategy, Turn-based strategy (TBS), Tactical, Indie","Linux, PC (Microsoft Windows), Mac",Action,"roguelike, cartoony",Quijipixel Games,Bird view / Isometric,Single player
Imae: Guardian Girl,2023-07-23,,Role-playing (RPG),"Android, iOS",,"anime, roguelike, stylized",Wondersquad,Bird view / Isometric,Single player
Krzyżacy: The Knights of the Cross,2023-07-20,,"Role-playing (RPG), Indie, Card & Board Game",PC (Microsoft Windows),"Fantasy, Historical","roguelike, pixel art, middle ages, middle ages europe",LongYou Game Studio,,Single player
Stillborn Slayer,2023-07-20,,"Shooter, Role-playing (RPG), Hack and slash/Beat 'em up, Adventure, Indie, Arcade","PC (Microsoft Windows), Nintendo Switch","Action, Fantasy","bullet hell, roguelite",Meridian4,Bird view / Isometric,"Single player, Co-operative"
Doomsday Hunters,2023-07-20,80.0,"Shooter, Indie, Arcade","PC (Microsoft Windows), Nintendo Switch",Action,"twin stick control, roguelite",MoreGames Entertainment,Bird view / Isometric,Single player
Around us: Zombie shooter,2023-07-19,,"Shooter, Indie","Android, PC (Microsoft Windows)","Action, Survival","zombies, roguelike, cute, minimalism, horde, zombie survival, zombie shooter",,"Third person, Bird view / Isometric","Single player, Multiplayer, Co-operative"
Let's! Revolution!,2023-07-19,,"Puzzle, Strategy","Xbox Series X|S, PlayStation 4, PC (Microsoft Windows), PlayStation 5, Mac, Xbox One, Nintendo Switch",Fantasy,"roguelike, minesweeper",Buck,Bird view / Isometric,Single player
Froggy's Battle,2023-07-19,,"Indie, Arcade","Linux, PC (Microsoft Windows)",Action,"2d, roguelike, frog, short",Doot,,Single player
Tea for God,2023-07-19,,"Shooter, Adventure, Indie","Oculus VR, Meta Quest 2, PC (Microsoft Windows), SteamVR, Oculus Quest","Action, Science fiction, Open world","exploration, 3d, procedural generation, atmospheric, roguelite",void room,"First person, Virtual Reality",Single player
Remedium: Sentinels,2023-07-18,,"Shooter, Role-playing (RPG), Indie, Arcade","PlayStation 4, Linux, PC (Microsoft Windows), PlayStation 5, Xbox One, Nintendo Switch","Action, Survival","casual, retro, roguelike, dark fantasy, bullet hell, score attack","Sobaka Studio, ESDigital Games",Bird view / Isometric,Single player
Beast Dungeon,2023-07-14,,"Role-playing (RPG), Indie","Linux, PC (Microsoft Windows)",Fantasy,"roguelike, grid-based movement, dungeon crawler",Dragon Dropper,Bird view / Isometric,Single player
Swarm Survivor,2023-07-14,,"Shooter, Indie",PC (Microsoft Windows),"Action, Horror, Survival, Mystery","dark, 3d, roguelite",,Bird view / Isometric,Single player
Dragonspire,2023-07-14,,"Role-playing (RPG), Adventure, Indie",PC (Microsoft Windows),Action,"anime, roguelike, diablo-like, dragon, multiple protagonists","Starmi, Lionheart Games",Bird view / Isometric,"Single player, Multiplayer, Co-operative"
Yet Another Zombie Survivors,2023-07-13,82.2,"Role-playing (RPG), Indie",PC (Microsoft Windows),Action,"roguelike, bullet hell",Awesome Games Studio,Bird view / Isometric,Single player
Ed-0: Zombie Uprising,2023-07-13,,"Hack and slash/Beat 'em up, Adventure, Indie","Xbox Series X|S, PC (Microsoft Windows), PlayStation 5","Action, Fantasy, Horror, Historical","zombies, ninja, character customization, samurai, roguelike, sumo wrestler, roguelite, edo era","D3Publisher, Lancarse",Third person,Single player
Castaway Station,2023-07-12,,"Strategy, Adventure, Indie","PC (Microsoft Windows), iOS, Mac","Action, Survival","roguelike, alien world, deck-building, roguelike deckbuilder, deckbuilder",Bad Zombie Games,,Single player
Pilgrim's Peril,2023-07-08,,Indie,Game Boy Color,Fantasy,"roguelike, dungeon crawler",,Bird view / Isometric,Single player
Waspkeeper,2023-07-08,,"Indie, Arcade",PC (Microsoft Windows),Action,"roguelike, bullet hell",LGV,Bird view / Isometric,Single player
Octane Remix,2023-07-07,,"Racing, Indie, Arcade",PC (Microsoft Windows),"Action, Sandbox","roguelike, driving, synthwave, character select screen",Team Velocita,Third person,Single player
Quantum Derelict,2023-07-05,,"Strategy, Adventure, Indie","Linux, PC (Microsoft Windows), Mac","Action, Science fiction, Horror","space, lovecraftian, survival horror, cosmic horror, roguelite","Max Gaming Technologies, LLC",Third person,Single player
Matar Gente Rica de Skate,2023-07-03,,"Shooter, Platform, Arcade",PC (Microsoft Windows),Action,"shoot 'em up, roguelike, fast paced, run and gun, skateboarding, based on - real people",Daniel Dante,Side view,Single player
Bó Cócó Zinha,2023-07-01,,Adventure,PC (Microsoft Windows),Action,"chicken, atmospheric, roguelite",Prisma Game Lab,Bird view / Isometric,Single player
Dice Mayor,2023-06-30,,"Simulator, Indie",PC (Microsoft Windows),,"dice, city builder, steam achievements, steam cloud, roguelite, obscure",,,Single player
Dave the Diver,2023-06-28,81.5,"Role-playing (RPG), Simulator, Adventure","Xbox Series X|S, PlayStation 4, Nintendo Switch 2, PC (Microsoft Windows), PlayStation 5, Mac, Nintendo Switch","Action, Business","exploration, monsters, underwater, story driven, 2d, shark, fishing, crafting, upgradable weapons, resource management, cooking, management, giant monsters, farming, simulation, achievements, restaurant, steam trading cards, funny, upgrade, pixel art, pixel graphics, otaku, agriculture, mermaid, story rich, upgradable equipment, time management, boss fight, steam achievements, xbox controller support for pc, steam cloud, dualshock 4 support for pc, upgradeable weapons, loot gathering, resource gathering, underwater gameplay, octopus, crab, giant squid, controller support, roguelite, farming simulator, diving, male protagonist, adult protagonist, pixel art game, animated cutscenes, steam deck, restaurant management, food, transport, ocean, sushi, fish, steam families, money, boat, cloud saves, dualsense support for pc, harpoon, upgrades, available on - luna plus, knife, spear fishing","MINTROCKET, MINTROCKET",Side view,Single player
Soul Shifter,2023-06-28,,"Adventure, Indie","Xbox Series X|S, PC (Microsoft Windows), Xbox One",Action,"roguelike, roguelite",Innominatum Digital,,"Single player, Multiplayer, Co-operative"
Choo Choo Survivor,2023-06-27,,Indie,PC (Microsoft Windows),Action,"roguelike, bullet hell, trains, rpg elements, roguelite",Gamer To Game Developer,Bird view / Isometric,Single player
World Boss,2023-06-27,,Shooter,PC (Microsoft Windows),Action,"free-to-play, roguelite",PlaySide,First person,Multiplayer
BloodDome Classic,2023-06-26,,"Shooter, Indie, Arcade","PC (Microsoft Windows), Mac",Action,"roguelike, retro arcade shooter",Halftone Gaming,Bird view / Isometric,Single player
Porkotyler's Captain Dodger,2023-06-25,,"Role-playing (RPG), Strategy, Adventure, Indie, Arcade","Linux, Android, PC (Microsoft Windows), Mac",Action,"pirates, 2d, roguelike, pve, pixel art",Warägergarde,"Third person, Bird view / Isometric",Single player
Soul Survivor: Trials of the Goddess,2023-06-20,,Role-playing (RPG),PC (Microsoft Windows),Fantasy,"dark fantasy, multiple endings, pixel graphics, turn-based combat, choices matter, steam cloud, randomly generated maps, ancient curse, controller support, roguelite, free demo",Runelight Owl,Bird view / Isometric,Single player
Farm Keeper,2023-06-19,,"Simulator, Strategy, Indie",PC (Microsoft Windows),Business,"farming, agriculture, tile based, roguelite, deck-building",Napas Torteeka,Bird view / Isometric,Single player
White Night Dream,2023-06-12,,Indie,PC (Microsoft Windows),,"surrealism, female protagonist, roguelite, all-female cast",Renka,,Single player
Ruins Story,2023-06-08,,"Shooter, Strategy, Adventure, Indie, Arcade","Android, iOS","Action, Science fiction",roguelite,"pujia8, ilili_world",Side view,Single player
Bleak Sword DX,2023-06-08,,"Hack and slash/Beat 'em up, Adventure, Indie, Arcade","PC (Microsoft Windows), Nintendo Switch","Action, Fantasy","roguelike, 2d fighter, 2d fighting","more8bit, Devolver Digital","Bird view / Isometric, Side view",Single player
MiniBong,2023-06-05,,"Role-playing (RPG), Strategy, Indie","PC (Microsoft Windows), Mac",,"casual, character customization, roguelike, idler",Game Star,Bird view / Isometric,Single player
Secrets of the Witch House,2023-06-05,,"Adventure, Indie",PC (Microsoft Windows),Action,roguelike,Demon Zoo Games,Third person,Single player
Legacy Of The Legends,2023-06-02,,"Adventure, Indie","Linux, PC (Microsoft Windows), Mac","Action, Fantasy, Horror, Survival, Mystery","roguelike, ps1 inspired",Digital Artisans,,Single player
Swordash,2023-05-31,,"Role-playing (RPG), Hack and slash/Beat 'em up, Arcade","Android, iOS",Action,"zombies, anime, casual, roguelike, stylized, dungeon crawling, free-to-play, immersive, tap controls",Fattoy,Side view,Single player
RuneLight,2023-05-31,,Shooter,PC (Microsoft Windows),"Action, Survival","roguelite, bullet heaven, action roguelike",Elmok,Bird view / Isometric,Single player
Galactic Glitch: Prologue,2023-05-31,,"Shooter, Arcade",PC (Microsoft Windows),"Action, Science fiction","roguelike, space shooter, demo, twin stick control, roguelite, free demo",Crunchy Leaf Games,Bird view / Isometric,Single player
Maple Winters in Leafbud Rampage!!,2023-05-29,,"Adventure, Indie, Arcade","Linux, PC (Microsoft Windows), Mac","Action, Survival","roguelite, fangame, vtuber",zikes,Bird view / Isometric,Single player
Fire Emblem: Hetja's Quest,2023-05-28,,"Role-playing (RPG), Strategy, Tactical",Game Boy Advance,,roguelike,,,Single player
Road Defense: Outsiders,2023-05-28,,"Shooter, Platform, Strategy, Adventure, Indie, Arcade","Xbox Series X|S, PlayStation 4, PC (Microsoft Windows), PlayStation 5, Xbox One, Nintendo Switch",Action,roguelike,"Minicactus Games, QUByte Interactive",Bird view / Isometric,Single player
Dice Legacy: Definitive Edition,2023-05-26,,"Real Time Strategy (RTS), Strategy, Indie","Xbox Series X|S, PlayStation 4, PlayStation 5, Xbox One",Business,"roguelike, procedural generation, resource management, management, city builder, colony simulator",DESTINYbit,Bird view / Isometric,Single player
Killmist Enclave,2023-05-26,,"Shooter, Role-playing (RPG), Adventure, Indie, Arcade",PC (Microsoft Windows),"Action, Fantasy, Mystery",roguelike,,Bird view / Isometric,Single player
Project Romboid,2023-05-26,,Shooter,PC (Microsoft Windows),Action,roguelike,,Bird view / Isometric,Single player
Black Academy,2023-05-26,,"Shooter, Indie, Arcade, Visual Novel",PC (Microsoft Windows),"Action, Erotic","anime, female protagonist, nsfw, magical girl, horizontal shooter, roguelite, nsfw_patch, nsfw_dlc",MediBang,Side view,Single player
Evil Wizard,2023-05-25,,"Role-playing (RPG), Adventure, Indie, Arcade","Xbox Series X|S, PlayStation 4, PC (Microsoft Windows), PlayStation 5, Xbox One, Nintendo Switch","Action, Comedy","roguelike, metroidvania, permadeath, cute, pixel graphics, emotional, cartoony, villain protagonist","Rubber Duck, META Publishing, E-Home Entertainment, Wild Kid Games",Bird view / Isometric,Single player
Dark Quest 3,2023-05-24,,"Role-playing (RPG), Strategy, Turn-based strategy (TBS), Card & Board Game","PlayStation 4, PC (Microsoft Windows), Xbox One, Nintendo Switch",Fantasy,roguelite,Brain Seal,Bird view / Isometric,Single player
From Dusk To Dawn,2023-05-23,,"Simulator, Strategy, Indie",PC (Microsoft Windows),,"roguelite, roguelike deckbuilder",,,Single player
Pizza Hero,2023-05-23,,"Role-playing (RPG), Strategy, Indie","Android, PC (Microsoft Windows), iOS",Action,"zombies, roguelike, pixelated, undead, arena shooter, pixel graphics, pizza, action roguelike",Astro Hound Studios,Bird view / Isometric,Single player
A Priest Walks Into a Graveyard,2023-05-20,,"Shooter, Indie, Arcade","Linux, PC (Microsoft Windows), Mac",Action,"roguelike, roguelite",LGV,Bird view / Isometric,Single player
Berserk Mode,2023-05-20,,"Shooter, Role-playing (RPG), Hack and slash/Beat 'em up, Indie, Arcade",PC (Microsoft Windows),"Action, Fantasy","retro, dark, roguelike, permadeath, stylized, gore, combat, violent, choices matter, roguelite, looter",Adam Travers,First person,Single player
Loop Hero: Deluxe Edition,2023-05-18,,"Role-playing (RPG), Strategy, Adventure, Indie, Card & Board Game",Nintendo Switch,Fantasy,"god game, 2d, turn-based, roguelike","Four Quarters, Devolver Digital",Bird view / Isometric,Single player
Deliverance & Reign,2023-05-18,,"Role-playing (RPG), Strategy, Indie, Card & Board Game","PC (Microsoft Windows), iOS",Fantasy,"pve, roguelite, auto battler",One Up Plus Entertainment,Side view,Single player
Castle of Alchemists,2023-05-17,,"Real Time Strategy (RTS), Role-playing (RPG), Strategy, Turn-based strategy (TBS), Hack and slash/Beat 'em up, Indie, Arcade",PC (Microsoft Windows),"Action, Fantasy","tower defense, 2d, roguelike, choose your own adventure, real time tactics, steampunk, bullet hell, pixel graphics, dungeon crawler, choices matter",Team Machiavelli,Bird view / Isometric,Single player
Across The Void,2023-05-15,,"Role-playing (RPG), Hack and slash/Beat 'em up, Adventure, Indie, Arcade",PC (Microsoft Windows),"Action, Fantasy","roguelike, randomly generated maps",Wooden Barrel Games,Third person,Single player
Abalon,2023-05-11,,"Strategy, Turn-based strategy (TBS), Tactical, Adventure, Indie, Card & Board Game","Android, PC (Microsoft Windows), iOS, Mac","Fantasy, Open world","roguelike, roguelite, deck-building",D20Studios,Bird view / Isometric,Single player
D-World Gate,2023-05-10,,Indie,PC (Microsoft Windows),"Action, Fantasy","anime, pixel graphics, roguelite, action roguelite",,Bird view / Isometric,Single player
Midautumn,2023-05-09,,"Role-playing (RPG), Hack and slash/Beat 'em up, Indie",PC (Microsoft Windows),"Action, Fantasy","mythology, story rich, roguelite, lgbtq+",Team Midautumn,Side view,Single player
Darkest Dungeon II,2023-05-08,87.3,"Role-playing (RPG), Strategy, Turn-based strategy (TBS), Tactical, Adventure, Indie","Xbox Series X|S, PlayStation 4, PC (Microsoft Windows), PlayStation 5, Mac, Xbox One, Nintendo Switch","Fantasy, Horror, Historical, Mystery","psychological horror, turn-based, roguelike, permadeath, lovecraftian, party system",Red Hook Studios,Side view,Single player
Brave Bubble Heart,2023-05-04,,"Puzzle, Indie",PC (Microsoft Windows),Action,roguelite,AndyzziGames,Bird view / Isometric,Single player
Knight Crawlers,2023-05-04,,"Role-playing (RPG), Adventure",PC (Microsoft Windows),"Action, Fantasy","roguelike, crafting, pvp, pve, dungeon crawler, controller support","Good Morning Games, The Iterative Collective",Bird view / Isometric,"Single player, Multiplayer, Co-operative"
Metal Mutation,2023-05-04,,"Role-playing (RPG), Hack and slash/Beat 'em up, Indie",PC (Microsoft Windows),Action,"cyberpunk, roguelike, permadeath, dungeon crawler, 4 player co-op, action roguelike","T0 Studio, Microids",Bird view / Isometric,"Single player, Co-operative"
Tape To Tape,2023-05-03,,"Sport, Indie",PC (Microsoft Windows),Action,"ice hockey, roguelike, national hockey league, local multiplayer, roguelite, ea sports nhl",Excellent Rectangle,Third person,"Single player, Multiplayer, Co-operative"
Isha no Mahou Toshoshitsu,2023-05-02,,"Strategy, Indie",PC (Microsoft Windows),Fantasy,"magic, roguelike",,Side view,Single player
Magic Toenail,2023-05-02,,"Strategy, Turn-based strategy (TBS), Tactical, Indie",PC (Microsoft Windows),,roguelite,,,Single player
Ducklyte,2023-05-02,,"Shooter, Indie","Linux, PC (Microsoft Windows), Mac",Action,"bullet hell, roguelite",LGV,Bird view / Isometric,Single player
Hexa Puzzle Saga,2023-05-01,,"Puzzle, Strategy, Indie",PC (Microsoft Windows),"Fantasy, Survival, Historical","roguelike, hexagon, block puzzle, hexagon tiles",,Bird view / Isometric,"Single player, Multiplayer"
RICE: Repetitive Indie Combat Experience,2023-05-01,,Indie,PC (Microsoft Windows),"Action, Comedy","casual, roguelike, satire, suvivorslike",Freedom Games,,Single player
Gods of Defense,2023-05-01,,Strategy,PC (Microsoft Windows),Action,"tower defense, roguelike, procedural generation",Blue Math,Bird view / Isometric,Single player
City of Beats,2023-05-01,,"Shooter, Music, Role-playing (RPG), Adventure, Indie, Arcade","PC (Microsoft Windows), Nintendo Switch","Action, Science fiction","music and rhythm, roguelite, twin stick","Torched Hill, Freedom Games",Bird view / Isometric,Single player
Innkeeper's Basement,2023-04-30,,"Role-playing (RPG), Strategy, Turn-based strategy (TBS), Tactical, Indie, Card & Board Game",PC (Microsoft Windows),Fantasy,"roguelike, minesweeper, dungeon crawler, roguelite, deck-building",Rebel Egg Games,Bird view / Isometric,Single player
Dead Estate: Axe to Grind,2023-04-28,,"Shooter, Indie, Arcade",PC (Microsoft Windows),"Action, Horror","shoot 'em up, roguelike, pixel graphics, action roguelike, axe","Milkbar Lads, 2 Left Thumbs",Bird view / Isometric,Single player
The Unfound Soul,2023-04-28,,"Strategy, Turn-based strategy (TBS), Adventure, Indie",PC (Microsoft Windows),Fantasy,roguelike,,Side view,Single player
Sole Saga,2023-04-28,,"Hack and slash/Beat 'em up, Indie","Linux, PC (Microsoft Windows)","Action, Fantasy","2d, roguelike",Dev It With Cat,Bird view / Isometric,Single player
Super Kill-Boi 9000,2023-04-27,,"Indie, Arcade","Linux, PC (Microsoft Windows)","Action, Survival",roguelite,PlayWithFurcifer,Bird view / Isometric,"Single player, Co-operative"
Crystarise,2023-04-27,,"Role-playing (RPG), Hack and slash/Beat 'em up, Indie",PC (Microsoft Windows),"Action, Fantasy, Open world","exploration, 2d, crafting, city builder, roguelite",YukiUsagi Games,Bird view / Isometric,"Single player, Multiplayer, Co-operative"
Dungeon Drafters,2023-04-27,,"Puzzle, Role-playing (RPG), Strategy, Turn-based strategy (TBS), Adventure, Indie, Card & Board Game","Xbox Series X|S, PlayStation 4, PC (Microsoft Windows), PlayStation 5, Xbox One, Nintendo Switch",Fantasy,"2d, grid-based movement, dungeon crawler, roguelite, deck-building","Manalith Studios, DANGEN Entertainment",Bird view / Isometric,Single player
Rift Loopers,2023-04-26,,"Shooter, Role-playing (RPG), Indie",PC (Microsoft Windows),"Action, Survival","twin stick control, roguelite, twin stick",Monster Tooth Studios,Bird view / Isometric,"Single player, Multiplayer, Co-operative"
Together in Battle,2023-04-25,,"Role-playing (RPG), Simulator, Strategy, Indie",PC (Microsoft Windows),,"roguelike, roguelite, social simulation",Sinister Design,Bird view / Isometric,Single player
Uldor Dread Arena,2023-04-24,,"Role-playing (RPG), Hack and slash/Beat 'em up",PC (Microsoft Windows),Action,"roguelike, soulslike, blockchain, crypto, nft, endless waves",Max Level Studios,Third person,Single player
Dungeons & Jewels,2023-04-21,,"Puzzle, Role-playing (RPG), Strategy, Indie",PC (Microsoft Windows),,"roguelike, roguelite",John Jilsen,,Single player
Hazama_Queen,2023-04-20,,"Shooter, Indie",PC (Microsoft Windows),"Action, Comedy","retro, magic, female protagonist, cute, pixel graphics, violent, roguelite",Crush-vAdin,First person,Single player
Neon Echo,2023-04-20,,"Role-playing (RPG), Adventure, Indie",PC (Microsoft Windows),Action,"anime, 3d, roguelike, roguelite",Xinyuan Studio,Side view,Single player
Skeleton Punchers,2023-04-20,,"Shooter, Hack and slash/Beat 'em up, Indie",PC (Microsoft Windows),"Action, Fantasy, Science fiction","2d, roguelike, bullet hell",Mooptychunk,Side view,Single player
OTXO,2023-04-20,93.2,"Fighting, Shooter, Simulator, Strategy, Indie","PlayStation 4, PC (Microsoft Windows), PlayStation 5, Nintendo Switch",Action,roguelite,"Lateralis Heavy Industries, Super Rare Originals",Bird view / Isometric,Single player
Arcana of Paradise: The Tower,2023-04-20,,"Role-playing (RPG), Strategy, Adventure, Indie","PC (Microsoft Windows), Nintendo Switch","Action, Fantasy, Survival","roguelike, roguelite, deck-building","DeNA, Tasto Alpha, Shueisha Games",Side view,Single player
Mr. Sun's Hatbox,2023-04-20,,"Shooter, Platform, Role-playing (RPG), Simulator, Strategy, Indie, Arcade","PC (Microsoft Windows), Mac, Nintendo Switch","Action, Stealth, Comedy","difficult, funny, pixel graphics, roguelite","Kenny Sun, Raw Fury",Side view,"Single player, Multiplayer, Co-operative"
Desktop Dungeons: Rewind,2023-04-18,,"Fighting, Puzzle, Role-playing (RPG), Strategy, Adventure, Indie","PC (Microsoft Windows), Xbox One","Action, Fantasy","turn-based, roguelike","Prismatika, QCF Design",Bird view / Isometric,Single player
Energy Survivors,2023-04-17,,"Role-playing (RPG), Indie",PC (Microsoft Windows),Action,roguelite,Robotizar Games,,Single player
Swirl W@tch,2023-04-17,,"Simulator, Indie","Linux, PC (Microsoft Windows)","Action, Science fiction, Stealth","cyberpunk, 2d, roguelike, difficult, colorful, roguelite",Sleeper Games,Bird view / Isometric,Single player
ArcRunner,2023-04-17,,"Fighting, Shooter, Hack and slash/Beat 'em up, Indie, Arcade","Xbox Series X|S, PlayStation 4, PC (Microsoft Windows), PlayStation 5, Xbox One, Nintendo Switch","Action, Science fiction",roguelite,"PQube, Trickjump Games Ltd",Third person,"Single player, Multiplayer, Co-operative"
Beyond the Long Night,2023-04-17,,"Shooter, Puzzle, Adventure, Indie","PC (Microsoft Windows), Mac","Action, Mystery","exploration, 2d, roguelike, procedural generation, cute, funny, atmospheric, pixel art, family friendly, 8-bit, twin stick control, ambient music, minimalistic graphics, wholesome",Noisy Head Games,Side view,Single player
Bosorka,2023-04-14,,"Shooter, Indie","PC (Microsoft Windows), Nintendo Switch","Action, Fantasy","shoot 'em up, roguelike",Sengi Games,Bird view / Isometric,"Single player, Multiplayer, Co-operative"
Vampire Survivors: Tides of the Foscari,2023-04-13,73.5,"Role-playing (RPG), Indie, Arcade","Xbox Series X|S, PlayStation 4, Android, PC (Microsoft Windows), iOS, PlayStation 5, Xbox One, Nintendo Switch","Action, Fantasy, Survival","bullet hell, increasing difficulty, roguelite, auto battler",Poncle,Bird view / Isometric,"Single player, Co-operative"
Sidestep Legends,2023-04-13,,"Role-playing (RPG), Indie, Arcade",PC (Microsoft Windows),"Action, Fantasy","magic, bullet hell, skillshot, increasing difficulty, roguelite",Lingon Studios,Bird view / Isometric,Single player
Ghostwire Tokyo: Spider's Thread,2023-04-12,,Adventure,"Xbox Series X|S, PC (Microsoft Windows), PlayStation 5","Action, Horror, Mystery",roguelite,"Tango Gameworks, Bethesda Softworks",First person,Single player
Wildfrost,2023-04-12,71.7,"Strategy, Tactical, Adventure, Indie, Card & Board Game","Xbox Series X|S, Android, PC (Microsoft Windows), iOS, Xbox One, Nintendo Switch",Fantasy,"2d, turn-based, roguelike, permadeath, difficult, cute, sacrifice, snow, family friendly, snowman, gnome, deck-building","Deadpan Games, Knights of Unity, Chucklefish Games",Side view,Single player
Core Fault,2023-04-11,,Indie,Playdate,"Action, Science fiction, Survival","aliens, roguelite, bullet heaven, playdate catalog, 1bit, mining droid",SquidGod,Bird view / Isometric,Single player
Godfist,2023-04-10,,"Hack and slash/Beat 'em up, Indie",PC (Microsoft Windows),Action,roguelike,Icehelm,First person,Single player
Endgame of Devil,2023-04-09,,"Role-playing (RPG), Strategy, Indie","PC (Microsoft Windows), Mac",Fantasy,"roguelike, roguelite",,,Single player
Hellscaper,2023-04-08,,"Puzzle, Strategy, Indie, Card & Board Game","Web browser, PC (Microsoft Windows)",,"hell, demon, dark, roguelike, dark fantasy, permadeath, city builder, deck-building, roguelike deckbuilder",Ezra Szanton,,Single player
Wall World,2023-04-05,75.7,"Fighting, Shooter, Platform, Role-playing (RPG), Strategy, Adventure, Indie, Arcade","Xbox Series X|S, PC (Microsoft Windows), PlayStation 5, Nintendo Switch","Action, Science fiction","roguelike, previously on - prime gaming",Alawar,Side view,Single player
Full Metal Sergeant,2023-04-03,,"Simulator, Strategy, Indie","Xbox Series X|S, PlayStation 4, PC (Microsoft Windows), PlayStation 5, Mac, Xbox One, Nintendo Switch","Historical, Warfare","retro, 1980s, turn-based, military, management, pixel graphics, roguelite, auto battler",CarloC,Bird view / Isometric,Single player
Sternly Worded Adventures,2023-04-01,,"Puzzle, Role-playing (RPG)","Linux, PC (Microsoft Windows), Mac",Educational,"medieval, character customization, 2d, roguelike, pixel art, word game, roguelite",,Side view,Single player
Kagura Survivors: Endless Night,2023-04-01,,Role-playing (RPG),PC (Microsoft Windows),Action,"anime, jrpg, free-to-play, nsfw, roguelite, bullet heaven","Big Bang Studio, Kagura Games, Swaps4 Productions",Bird view / Isometric,Single player
Crab Champions,2023-04-01,68.3,"Fighting, Shooter, Platform, Racing, Adventure, Indie",PC (Microsoft Windows),Action,"ghosts, casual, animals, magic, 3d, ants, roguelike, insects, permadeath, bullet hell, skeleton, achievements, pve, snow, bugs, ability system, relaxing, giant insects, 3d platformer, inventory management, memes, boss fight, choices matter, explosion, steam achievements, xbox controller support for pc, steam cloud, animal protagonists, bullet, shopping, explosives, upgradeable weapons, skeletons, gun, non-humanoid protagonist, treasure chest, melee, grapple, crab, magic staff, multiple enemy boss fights, splash damage, poisoning, scorpion, burning, status effects, passive ability, phantom, controller support, 3d platform, bug, looter shooter, bossfight, islands, jump game, bosses, beach, weapons, action roguelike, shield, lava, health, jumping, movement shooter, desert, steam families, money, meme, cloud saves, upgrades, waves, explosive, pumpkins, shotgun, pistol",Noisestorm,Third person,"Single player, Multiplayer, Co-operative, Battle Royale"
GunSuit Guardians,2023-03-31,,"Role-playing (RPG), Indie",PC (Microsoft Windows),Action,"roguelite, bullet heaven",Matt Glanville,Bird view / Isometric,Single player
Ravenbound,2023-03-30,,Role-playing (RPG),PC (Microsoft Windows),"Action, Fantasy, Sandbox, Open world","norse mythology, roguelike, roguelite",Systemic Reaction,"Third person, Bird view / Isometric",Single player
Crime Boss: Rockay City,2023-03-28,66.0,Shooter,"Xbox Series X|S, PC (Microsoft Windows), PlayStation 5",Action,"1980s, roguelike","505 Games, INGAME STUDIOS",First person,"Single player, Multiplayer, Co-operative"
Deadnaut: Signal Lost,2023-03-28,,"Role-playing (RPG), Strategy, Tactical, Indie","Linux, PC (Microsoft Windows)","Science fiction, Horror","turn-based, roguelike, traditional roguelike",Screwfly Studios,Bird view / Isometric,Single player
Brotato,2023-03-28,73.7,"Fighting, Shooter, Role-playing (RPG), Indie, Arcade","Xbox Series X|S, PlayStation 4, Android, PC (Microsoft Windows), iOS, PlayStation 5, Mac, Xbox One, Nintendo Switch","Action, Science fiction, Survival","arena shooter, roguelite","Seaven Studio, Blobfish, Blobfish, Erabit Studios",Bird view / Isometric,"Single player, Multiplayer, Co-operative"
Devil Slayer: Raksasi - Incarnation of Darkness,2023-03-24,,Indie,Nintendo Switch,Action,"roguelike, dark fantasy, female protagonist, roguelite, soulslike",GlassesCatGames,Bird view / Isometric,Single player
Deflector,2023-03-24,,"Fighting, Shooter, Role-playing (RPG), Simulator, Hack and slash/Beat 'em up, Adventure, Indie","PlayStation 4, PC (Microsoft Windows), Xbox One, Nintendo Switch","Action, Science fiction","roguelike, bullet hell, demons, combat, non-linear","Arrowfist Games, SUPERGG.COM",Bird view / Isometric,Single player
Have a Nice Death,2023-03-22,69.4,"Platform, Indie, Arcade","Xbox Series X|S, PlayStation 4, PC (Microsoft Windows), PlayStation 5, Xbox One, Nintendo Switch","Action, Comedy","2d, roguelike, gothic, dark humor, combat, cartoony, controller support","Magic Design Studios, Gearbox Publishing",Side view,Single player
Lost For Swords,2023-03-20,,Card & Board Game,"Android, PC (Microsoft Windows)","Action, Fantasy","roguelike, roguelike deckbuilder, deckbuilder",MaxBytes,Bird view / Isometric,Single player
Captain Dodger: The Hidden Cargo,2023-03-17,,"Platform, Adventure","Linux, PC (Microsoft Windows), Mac",Action,"pirates, 2d, roguelike, pixel art",TETHORAX SOFTWORKS,Side view,Single player
Cult of the Lamb: Deluxe Edition,2023-03-17,,"Role-playing (RPG), Simulator, Strategy, Hack and slash/Beat 'em up, Adventure","PlayStation 5, Nintendo Switch","Action, Fantasy, Comedy","animals, roguelike, cute, cult, roguelite, colony simulator","Massive Monster, Devolver Digital",Third person,Single player
Flame Keeper,2023-03-17,,"Fighting, Platform, Role-playing (RPG), Hack and slash/Beat 'em up, Adventure, Indie, Arcade","PC (Microsoft Windows), PlayStation 5, Nintendo Switch",Action,"roguelite, previously on - utomik","Mind in Mess, Untold Tales",Bird view / Isometric,Single player
Hero's Quest: Automatic Roguelite RPG,2023-03-16,,"Role-playing (RPG), Strategy, Adventure, Indie","PC (Microsoft Windows), Mac",Fantasy,"roguelike, steam, roguelite, auto battler",,,Single player
Archery Simulator,2023-03-13,,"Shooter, Puzzle, Simulator, Indie",PC (Microsoft Windows),,"casual, medieval, 3d, physics, roguelike, archery, war, simulation, multiple endings, arena shooter",,First person,Single player
I'm a Grown Up!! Dreamy Sweetie The Devil Slayer,2023-03-12,,"Platform, Puzzle, Adventure, Indie",Web browser,Mystery,roguelike,brlka,,
And These Iron Limbs Exiled From Heaven,2023-03-11,,"Turn-based strategy (TBS), Indie","Linux, PC (Microsoft Windows), Mac",Action,"roguelike, dungeon crawling, turn-based combat",,,Single player
Fantasy Journey,2023-03-11,,Role-playing (RPG),"Android, iOS",Action,"anime, casual, roguelike, offline, bullet heaven",Crazy Panda FZCO,Bird view / Isometric,Single player
EvilUp,2023-03-10,,"Role-playing (RPG), Strategy, Adventure","Xbox Series X|S, PlayStation 4, PlayStation 5, Xbox One, Nintendo Switch",Fantasy,roguelike,Ratalaika Games,Bird view / Isometric,Single player
Highscore,2023-03-09,,"Platform, Indie, Arcade",PC (Microsoft Windows),Action,"retro, pixel art, roguelite",,,"Single player, Multiplayer"
The Last Spell,2023-03-09,78.0,"Role-playing (RPG), Strategy, Turn-based strategy (TBS), Tactical, Indie","PlayStation 4, PC (Microsoft Windows), PlayStation 5, Nintendo Switch","Action, Fantasy, Horror","post-apocalyptic, tower defense, orcs, wizards, 2d, turn-based, dark fantasy, procedural generation, permadeath, elves, archery, war, achievements, apocalypse, steam trading cards, turn-based tactics, pixel graphics, base building, procedurally generated, dwarves, day/night cycle, tactical rpg ( trpg ), base defense, gods, city builder, steam achievements, xbox controller support for pc, steam cloud, melee, skill tree, crowd control, nuclear war, horde, controller support, roguelite, adjustable difficulty, lore rich, dwarf, steam families, horde survival","The Arcade Crew, Nacon, Gamirror Games, Ishtar Games, DANGEN Entertainment",Third person,Single player
DIG: Deep In Galaxies,2023-03-08,,"Adventure, Indie",PC (Microsoft Windows),"Action, Science fiction, Open world","roguelike, pixel art, procedurally generated, roguelite, semi open world",Raiser Games,Side view,"Single player, Multiplayer, Co-operative"
Dead Cells: Return to Castlevania Bundle,2023-03-06,,"Platform, Adventure, Indie","Xbox Series X|S, PlayStation 4, Linux, PC (Microsoft Windows), PlayStation 5, Mac, Xbox One","Action, Fantasy","metroidvania, roguelite, soulslike","Motion Twin, Evil Empire, Evil Empire",Side view,Single player
Dead Cells: Medley of Pain Bundle,2023-03-06,,"Platform, Adventure, Indie","Xbox Series X|S, PlayStation 4, Linux, PC (Microsoft Windows), PlayStation 5, Mac, Xbox One, Nintendo Switch","Action, Fantasy","metroidvania, roguelite, soulslike","Motion Twin, Evil Empire, Evil Empire",Side view,Single player
Dead Cells: Return to Castlevania,2023-03-06,84.3,"Platform, Adventure, Indie","Xbox Series X|S, PlayStation 4, Linux, Android, PC (Microsoft Windows), iOS, PlayStation 5, Mac, Xbox One, Nintendo Switch","Action, Fantasy, Horror","metroidvania, roguelite, soulslike","Motion Twin, Evil Empire, Evil Empire",Side view,Single player
SSSnaker,2023-03-05,,"Role-playing (RPG), Arcade","Android, iOS",Fantasy,"roguelike, bullet hell",Habby,Bird view / Isometric,Single player
Crux,2023-03-05,,"Shooter, Indie",PC (Microsoft Windows),Action,"roguelike, arena shooter",Blackout Softworks,First person,Single player
The Castle Burns!,2023-03-03,,"Role-playing (RPG), Adventure, Indie",PC (Microsoft Windows),"Action, Fantasy, Comedy","roguelike, arena shooter",,,Single player
Patch Quest,2023-03-02,,"Shooter, Adventure, Indie",PC (Microsoft Windows),"Action, Comedy","metroidvania, bullet hell, roguelite, available on - crunchyroll game vault","Lychee Game Labs, Curve Games",Bird view / Isometric,"Single player, Multiplayer, Co-operative"
Full Gear,2023-03-01,,"Role-playing (RPG), Hack and slash/Beat 'em up, Adventure, Indie",PC (Microsoft Windows),"Fantasy, Science fiction","roguelike, steampunk",,Third person,Single player
Ball-e,2023-03-01,,"Platform, Adventure",PC (Microsoft Windows),"Action, Survival, Comedy","roguelike, permadeath, precision platforming",ball_e_dev,Side view,Single player
Cosmic Crashers,2023-03-01,,"Shooter, Adventure, Indie",PC (Microsoft Windows),"Action, Science fiction","space, twin stick control, controller support, roguelite, looter shooter",Sunderpath Games,Bird view / Isometric,Single player
Unification,2023-03-01,,"Adventure, Indie",SteamVR,Action,roguelike,CrushPoint Games,"First person, Virtual Reality",Single player
The Excrawlers,2023-02-28,,"Fighting, Role-playing (RPG), Adventure, Indie","Xbox Series X|S, PC (Microsoft Windows), Xbox One, Nintendo Switch",Action,"dark fantasy, robots, female protagonist, pixel graphics, roguelite, nextfest fall 2022",Game Dynasty,Bird view / Isometric,Single player
Dungeons of Aether,2023-02-28,,"Role-playing (RPG), Strategy, Adventure, Indie","Android, PC (Microsoft Windows), iOS, Nintendo Switch",Action,"roguelike, dungeon crawler","Dan Fornace, Aether Studios",,Single player
Endless Spaceship,2023-02-27,,"Shooter, Indie",PC (Microsoft Windows),Action,"roguelike, bullet hell",Marafigo Games,Bird view / Isometric,Single player
Gatekeeper: Eclipse,2023-02-27,,Adventure,PC (Microsoft Windows),"Action, Survival",roguelike,"Gravity Lagoon, HypeTrain Digital",Bird view / Isometric,Single player
Tacape,2023-02-27,,"Music, Strategy, Indie, Card & Board Game","Android, PC (Microsoft Windows), iOS","Action, Fantasy","brazil, folklore, roguelite, deck-building, brazilian culture, brazilian folklore","PID Games, Really Long Birds, Aiyra",,Single player
Scrappage,2023-02-25,,"Shooter, Indie","Linux, Android, PC (Microsoft Windows), iOS",Action,"post-apocalyptic, roguelike, twin stick",Geekspree,Bird view / Isometric,"Single player, Multiplayer, Co-operative"
Dragon Pow!,2023-02-23,,Shooter,"Android, iOS",Fantasy,"shoot 'em up, roguelike, idle shooter",Boltray Games,Bird view / Isometric,Single player
Castle Warriors,2023-02-23,,"Strategy, Indie",PC (Microsoft Windows),Fantasy,"casual, roguelite, auto battler",Cluck Games,,Single player
Aces & Adventures,2023-02-23,81.8,"Role-playing (RPG), Strategy, Adventure, Indie, Card & Board Game",PC (Microsoft Windows),Fantasy,"poker, roguelike, collecting card game - ccg, deck-building",,"Text, Auditory",Single player
The Light Brigade,2023-02-22,,"Shooter, Role-playing (RPG), Strategy, Arcade","Meta Quest 2, PlayStation VR2, Windows Mixed Reality, PlayStation VR, SteamVR, Oculus Rift","Action, Mystery","roguelike, procedurally generated, previously on - horizon plus",Funktronic Labs,Virtual Reality,Single player
Cyclo Chambers,2023-02-21,,"Shooter, Indie, Arcade",PC (Microsoft Windows),Action,"aliens, 2d, roguelike, bullet hell, space, arena shooter, combat, colorful, twin stick control, rougelite",Hobofeller,Bird view / Isometric,Single player
Echoes of Mayhem,2023-02-20,,"Role-playing (RPG), Hack and slash/Beat 'em up, Adventure, Indie",PC (Microsoft Windows),"Action, Fantasy","dungeon crawler, roguelite, soulslike",Charging Llama LLC,Third person,Single player
Overrun Survivors,2023-02-16,,"Role-playing (RPG), Indie",PC (Microsoft Windows),"Action, Fantasy, Science fiction","roguelike, fast paced, bullet hell, horde, roguelite",Midquest Games,Bird view / Isometric,Single player
Witch Guild Survivor,2023-02-15,,Indie,PC (Microsoft Windows),Action,"permadeath, roguelite",Sunshine.Inc,Bird view / Isometric,Single player
Ikki Unite,2023-02-15,,"Shooter, Indie, Arcade","PC (Microsoft Windows), Nintendo Switch",Action,roguelike,SUNSOFT,"Bird view / Isometric, Side view","Single player, Multiplayer, Co-operative"
Dead Estate: Heaven & Hell,2023-02-14,,"Shooter, Indie, Arcade",PC (Microsoft Windows),"Action, Horror","shoot 'em up, roguelike, pixel graphics, curse, action roguelike","Milkbar Lads, 2 Left Thumbs",Bird view / Isometric,Single player
Vampire Survivors: Chaos Update,2023-02-09,,"Role-playing (RPG), Indie, Arcade","Xbox Series X|S, Android, PC (Microsoft Windows), iOS, Xbox One","Action, Fantasy, Survival","bullet hell, increasing difficulty, roguelite, auto battler",Poncle,Bird view / Isometric,Single player
Slime Legion,2023-02-03,,Puzzle,"Android, iOS",Fantasy,roguelike,Perfeggs,Bird view / Isometric,Single player
Touhou Traveler,2023-02-03,,"Adventure, Indie",PC (Microsoft Windows),"Action, Fantasy","ghosts, monsters, 2d, roguelike, girls, bullet hell, female protagonist, labyrinth, cute, funny, japan, combat, 2d platformer, 2d fighter, bullet, treasure chest, phantom, touhou project, japanese culture, fangame, conversation, faith, touhou fangame, danmaku",DebugJk,Bird view / Isometric,Single player
Beckon the Hellspawn,2023-02-02,,Arcade,Web browser,"Action, Survival",roguelike,LokiStriker,Bird view / Isometric,Single player
Alien Slayers,2023-02-01,,"Role-playing (RPG), Indie",PC (Microsoft Windows),Action,"roguelike, bullet heaven",,,Single player
Mullet Hell,2023-02-01,,Indie,PC (Microsoft Windows),"Action, Survival","roguelike, bullet hell","Leo Dawn, 1Up Indie",,"Single player, Multiplayer, Co-operative"
Towers Deck,2023-02-01,,"Strategy, Indie",PC (Microsoft Windows),Fantasy,"tower defense, roguelike, deck-building",Emilijus Daubaras,Bird view / Isometric,Single player
Endless Wander,2023-01-31,,"Hack and slash/Beat 'em up, Adventure, Indie","Android, iOS",Fantasy,roguelike,,Bird view / Isometric,Single player
Shoulders of Giants,2023-01-26,,"Shooter, Role-playing (RPG)","Xbox Series X|S, PC (Microsoft Windows), Xbox One","Action, Science fiction",roguelike,Moving Pieces,Third person,"Single player, Multiplayer, Co-operative"
Power Chord,2023-01-26,,"Strategy, Turn-based strategy (TBS), Indie, Card & Board Game",PC (Microsoft Windows),Fantasy,"roguelike, heavy metal, turn-based combat, roguelite, deck-building, roguelike deckbuilder",Big Blue Bubble,"Third person, Side view",Single player
Brick Odyssey,2023-01-25,,"Role-playing (RPG), Strategy, Adventure, Indie",PC (Microsoft Windows),"Action, Fantasy","roguelike, breakout, brick breaker",,Side view,Single player
Stelloop,2023-01-19,,"Indie, Arcade",PC (Microsoft Windows),"Action, Survival","roguelite, bullet heaven",BenStar,Bird view / Isometric,Single player
Golfie,2023-01-19,,"Platform, Puzzle, Sport, Indie, Card & Board Game",PC (Microsoft Windows),Action,"golf, roguelike, mini golf, dungeon crawler, roguelite, collecting card game - ccg, deck-building, precision platforming, previously on - prime gaming",Triheart Studio,Third person,"Single player, Multiplayer"
The Dungeon Rules,2023-01-18,,"Puzzle, Strategy",PC (Microsoft Windows),,"roguelike, dungeon crawler, sokoban",,,Single player
The Simulacrum,2023-01-17,,"Strategy, Indie, Card & Board Game",PC (Microsoft Windows),Fantasy,"roguelike, roguelite, collecting card game - ccg",Trynet Games,,Single player
Cairo Stark: Crocs Hunter,2023-01-17,,"Platform, Puzzle, Adventure, Indie","PC (Microsoft Windows), Mac","Fantasy, Science fiction, Open world","aliens, exploration, casual, magic, 3d, 2d, roguelike, metroidvania, space, 2d platformer, cartoony, roguelite, mystery dungeon, precision platforming",TWO B SOFT,Side view,Single player
Adventure's Pixel World,2023-01-16,,"Platform, Adventure, Indie",PC (Microsoft Windows),Action,roguelite,Fearless Colossus,Side view,Single player
Lone Ruin,2023-01-12,,"Shooter, Indie, Arcade","PC (Microsoft Windows), Nintendo Switch","Action, Science fiction","roguelike, bullet hell, twin stick control","Cuddle Monster Games, Super Rare Originals",Bird view / Isometric,Single player
Traveler of Wuxia,2023-01-06,,"Role-playing (RPG), Strategy, Indie, Card & Board Game",PC (Microsoft Windows),Fantasy,"roguelite, deck-building, roguelike deckbuilder",,,Single player
Luck be a Landlord,2023-01-06,70.3,"Puzzle, Role-playing (RPG), Simulator, Strategy, Indie, Arcade, Card & Board Game","Xbox Series X|S, PlayStation 4, Linux, Android, PC (Microsoft Windows), iOS, Mac, Xbox One, Nintendo Switch",,"roguelike, slot machine, roguelite, deck-building",TrampolineTales,,Single player
Revengate,2022-12-31,,"Role-playing (RPG), Indie","Web browser, Android",Fantasy,"magic, roguelike, open-source, steampunk, france, dungeon crawling, 19th century, gplv3, free, no ai",Yannick Gingras,Bird view / Isometric,Single player
ZodiaX,2022-12-30,,"Role-playing (RPG), Turn-based strategy (TBS)",PC (Microsoft Windows),"Action, Erotic","roguelike, nudity, sexual content, turn-based rpg",NinjaDaLua,"Bird view / Isometric, Text",Single player
Dead Estate: Bombs Away,2022-12-29,,"Shooter, Indie, Arcade",PC (Microsoft Windows),"Action, Horror","shoot 'em up, roguelike, pixel graphics, bombs, action roguelike","Milkbar Lads, 2 Left Thumbs",Bird view / Isometric,Single player
Li'l Taffer,2022-12-23,,Indie,"Linux, PC (Microsoft Windows)","Action, Fantasy, Stealth","thief, roguelike, procedural generation, low fantasy",David Pittman,First person,Single player
Ravage Road,2022-12-20,,"Strategy, Indie",PC (Microsoft Windows),Fantasy,"tower defense, roguelite, deck-building, roguelike deckbuilder",Triple Cerberus Studios,Bird view / Isometric,Single player
Sperma,2022-12-15,,"Simulator, Adventure, Indie, Arcade",PC (Microsoft Windows),"Action, Educational","2d, roguelite",HiveSpark,,Single player
Prime of Flames,2022-12-15,,"Role-playing (RPG), Strategy, Indie, Card & Board Game","PC (Microsoft Windows), Mac",,"magic, roguelike, surreal, hand-drawn, deckbuilder",RAYKA STUDIO,Bird view / Isometric,Single player
Portal Dungeon,2022-12-15,,"Shooter, Indie",PC (Microsoft Windows),"Action, Fantasy, Comedy","roguelike, pixel graphics","DuskDogStudio, IndieArk",Side view,"Single player, Multiplayer, Co-operative"
The Crackpet Show,2022-12-15,,"Shooter, Role-playing (RPG), Adventure, Indie","PC (Microsoft Windows), Nintendo Switch","Action, Party","roguelike, bullet hell","Ravenage Games, Vixa Games",Bird view / Isometric,"Single player, Multiplayer, Co-operative"
Fear & Hunger 2: Termina,2022-12-09,82.9,"Role-playing (RPG), Indie",PC (Microsoft Windows),"Science fiction, Horror, Survival, Historical, Sandbox, Mystery","world war ii - ww2, dark, 2d, mature, atmospheric, survival horror, nudity, turn-based combat, roguelite, turn-based rpg, abuse, sexual violence, drug abuse","Miro Haverinen, Happy Paintings",Bird view / Isometric,Single player
NecroBouncer,2022-12-08,,"Fighting, Hack and slash/Beat 'em up, Adventure, Indie, Arcade","PC (Microsoft Windows), Nintendo Switch",Action,"roguelike, dungeon crawler, roguelite","Alchemy Sheep, Ravenage Games",Bird view / Isometric,Single player
Impaler Gold,2022-12-06,,"Shooter, Indie",PC (Microsoft Windows),"Action, Fantasy, Survival","retro, roguelike, arena shooter, roguelite","Apptivus, Retrovibe",First person,Single player
Swordship,2022-12-05,,"Racing, Adventure, Indie, Arcade","Xbox Series X|S, PlayStation 4, PC (Microsoft Windows), PlayStation 5, Xbox One, Nintendo Switch","Action, Science fiction, Survival","futuristic, naval, abstract, colorful, roguelite","Digital Kingdom, Thunderful",Bird view / Isometric,Single player
Spire of Glory,2022-12-03,,"Point-and-click, Strategy, Tactical, Indie","PC (Microsoft Windows), Mac",Fantasy,"roguelike, roguelite, deck-building, auto battler",Ferran Pla,Bird view / Isometric,Single player
1 Bit Survivor,2022-12-01,,"Role-playing (RPG), Strategy, Turn-based strategy (TBS), Adventure, Indie","Android, PC (Microsoft Windows), iOS","Action, Horror, Survival","casual, retro, roguelike, stylized, pixelated, pixel art, survival horror, ambient music, dark ambient",Chaz Acheronti,"First person, Bird view / Isometric",Single player
Falsepine,2022-12-01,,"Adventure, Indie",PC (Microsoft Windows),Action,"roguelike, supernatural",Voyager Softworks,Bird view / Isometric,Single player
Ceaseless Night,2022-12-01,,"Role-playing (RPG), Strategy, Tactical, Adventure, Indie","Linux, PC (Microsoft Windows), Mac","Action, Fantasy",roguelike,JABDP Studio,Side view,Single player
Another Farm Roguelike,2022-11-30,,"Simulator, Indie",PC (Microsoft Windows),Fantasy,"roguelike, procedurally generated, farming simulator",Zabbo Games,Bird view / Isometric,Single player
DreamCell: Lost in Nightmares,2022-11-25,,"Role-playing (RPG), Indie",PC (Microsoft Windows),Action,"roguelike, procedural generation, cartoony, in-game achievements, controller support, obscure, unlockable characters, nextfest fall 2022",Blockcode Games,Bird view / Isometric,"Single player, Multiplayer, Co-operative, Split screen"
Warm Snow: The Ash of Nightmare,2022-11-22,,"Role-playing (RPG), Adventure, Indie",PC (Microsoft Windows),Action,"2d, roguelike","BadMudStudio, Bilibili Game",Bird view / Isometric,Single player
Eon Fighter,2022-11-22,,"Shooter, Adventure, Indie",PC (Microsoft Windows),Action,"casual, roguelike, twin stick control",Square Wheel,,Single player
Ship of Fools,2022-11-22,72.0,"Strategy, Adventure, Indie","Xbox Series X|S, PC (Microsoft Windows), PlayStation 5, Nintendo Switch","Action, Fantasy","roguelike, couch co-op, local multiplayer, online multiplayer, roguelite, naval combat","Team17, Fika Productions",Bird view / Isometric,"Single player, Multiplayer, Co-operative"
Stronghold's Dungeon,2022-11-17,,"Strategy, Indie, Card & Board Game",PC (Microsoft Windows),Action,"roguelike, pixel art, roguelite, deck-building, roguelike deckbuilder",Fazerdoo's studio,,Single player
Ghostlore,2022-11-17,,"Role-playing (RPG), Hack and slash/Beat 'em up, Indie","PC (Microsoft Windows), Xbox One","Action, Fantasy","character customization, 2d, mythology, pixel graphics, procedurally generated, folklore, roguelite, oldschool, arpg","AT-AT Games, Andrew Teo, Adam Teo",Bird view / Isometric,"Single player, Multiplayer, Co-operative, Split screen"
Oakenfold,2022-11-17,,"Strategy, Turn-based strategy (TBS), Adventure, Indie",PC (Microsoft Windows),"Fantasy, Science fiction",roguelike,Studio Taghua,Bird view / Isometric,Single player
Pure White Chord,2022-11-16,,Card & Board Game,"Android, iOS",,roguelike,Gameflier,Side view,
Sunset Routes,2022-11-16,,"Strategy, Indie",PC (Microsoft Windows),,"anime, roguelite",Renka,,Single player
Primal Survivors,2022-11-15,,"Shooter, Strategy","Xbox Series X|S, PlayStation 4, PC (Microsoft Windows), PlayStation 5, Xbox One, Nintendo Switch","Action, Survival","roguelike, roguelite","Old School Vibes, AFIL Games, Old School Vibes",Bird view / Isometric,Single player
Bravery and Greed,2022-11-15,,"Platform, Role-playing (RPG), Strategy, Hack and slash/Beat 'em up, Adventure, Indie","PlayStation 4, PC (Microsoft Windows), Xbox One, Nintendo Switch","Action, Fantasy","wizards, amazon, procedural generation, permadeath, pixel graphics, survival mode, roguelite, warrior, loot, nextfest fall 2022","Team17, Rekka Games",Side view,"Single player, Multiplayer, Co-operative"
Transliminal,2022-11-14,,"Adventure, Indie",PC (Microsoft Windows),"Action, Horror","psychological horror, procedural generation, multiple endings, atmospheric, procedurally generated, cosmic horror, story rich, roguelite, the backrooms","Corey Jeffries, Spatial Quotient Interactive","First person, Auditory",Single player
Labyrinth Hearts II,2022-11-14,,"Role-playing (RPG), Visual Novel",PC (Microsoft Windows),"Fantasy, Erotic, Romance","adult, roguelike, gothic, dark fantasy, old school, nudity, dungeon crawler, nsfw, sexual content, dating sim, 25d","Jamie Justice, Knightmarish Games","First person, Bird view / Isometric, Text",Single player
We Who Are About to Die,2022-11-14,,"Role-playing (RPG), Simulator, Strategy, Tactical, Hack and slash/Beat 'em up, Indie",PC (Microsoft Windows),"Action, Historical","medieval, character customization, physics, roguelike, permadeath, difficult, gore, atmospheric, combat, realism, roguelite, replayability","Aegic Entertainment, Jordy Lakiere",Third person,Single player
Sleep When I'm Dead: Chapter 0,2022-11-11,,"Shooter, Hack and slash/Beat 'em up, Indie, Arcade",Web browser,"Action, Fantasy, Horror","roguelike, procedural generation, procedurally generated, dungeon crawler, dungeon",MELONKOI,"Third person, Bird view / Isometric",Single player
Fabular: Once upon a Spacetime,2022-11-10,,"Role-playing (RPG), Hack and slash/Beat 'em up, Adventure, Indie",PC (Microsoft Windows),"Action, Science fiction","roguelike, choose your own adventure, procedural generation, permadeath, difficult, space, atmospheric, pixel graphics, roguelite, replayability","Spiritus Games, Prismatika, East2west Games",Bird view / Isometric,Single player
Nadir: A Grimdark Deckbuilder,2022-11-08,,"Puzzle, Role-playing (RPG), Strategy, Indie, Card & Board Game","PC (Microsoft Windows), Nintendo Switch","Action, Fantasy","roguelike, deck-building, roguelike deckbuilder",Black Eye Games,Side view,Single player
Spells and Fellas,2022-11-07,,"Role-playing (RPG), Strategy, Hack and slash/Beat 'em up, Indie, Arcade",PC (Microsoft Windows),"Action, Fantasy, Survival","arena, magic, 3d, roguelike, roguelite, soulslike",Holotna,Bird view / Isometric,Single player
Repetendium,2022-11-04,,"Adventure, Indie",PC (Microsoft Windows),Action,"roguelike, bullet hell, roguelite",Bearlex Games,Bird view / Isometric,"Single player, Multiplayer, Co-operative"
Spellbook Demonslayers,2022-11-02,,"Indie, Arcade",PC (Microsoft Windows),"Action, Survival","roguelike, horde, roguelite","Erabit Studios, Xendra",Bird view / Isometric,Single player
Roost,2022-10-31,,Adventure,PC (Microsoft Windows),Horror,"walking simulator, free-to-play, roguelite",,First person,Single player
Spooky Halloween in the Voxel World,2022-10-31,,"Adventure, Indie","Linux, PC (Microsoft Windows), Mac","Action, Fantasy",roguelite,"Paulo Sacilotti Junior, Half Moon Game Development",Bird view / Isometric,Single player
Nodrog's Fortress,2022-10-30,,"Real Time Strategy (RTS), Role-playing (RPG), Strategy, Turn-based strategy (TBS), Tactical, Adventure, Indie",PC (Microsoft Windows),"Action, Fantasy","roguelike, mages, warriors",Binding Force Development,"Third person, Bird view / Isometric","Single player, Multiplayer, Co-operative"
Moshcave,2022-10-29,,"Indie, Arcade","Linux, PC (Microsoft Windows), Mac",Action,roguelike,LGV,Bird view / Isometric,Single player
Astral Flux,2022-10-28,,"Platform, Adventure, Indie, Arcade","PC (Microsoft Windows), Nintendo Switch","Action, Science fiction","aliens, 1980s, underwater, 2d, procedural generation, permadeath, demo, steam cloud, deliberately retro, controller support, roguelite, alien world, free demo, nextfest fall 2022","Mindscape, Cosmocat, Denda Games",Side view,Single player
Into Ruins,2022-10-27,,"Role-playing (RPG), Turn-based strategy (TBS), Tactical, Adventure, Indie","Web browser, Linux, PC (Microsoft Windows), Mac",Fantasy,roguelike,SPARSE//GameDev,Bird view / Isometric,Single player
Army of Ruin,2022-10-27,68.8,"Shooter, Role-playing (RPG), Adventure, Indie, Arcade","Xbox Series X|S, PlayStation 4, PC (Microsoft Windows), PlayStation 5, Mac, Xbox One, Nintendo Switch","Action, Fantasy, Science fiction","bullet hell, increasing difficulty, roguelite, auto battler",Milkstone Studios,Bird view / Isometric,Single player
Paper Cut Mansion,2022-10-27,,"Shooter, Puzzle, Adventure, Indie","Xbox Series X|S, PlayStation 4, PC (Microsoft Windows), PlayStation 5, Xbox One, Nintendo Switch","Action, Horror, Thriller, Mystery","detective, private detective, crowdfunding - kickstarter, roguelite","Space Lizard Studio, Thunderful",Bird view / Isometric,Single player
Dead Estate: Home Theater,2022-10-25,,"Shooter, Indie, Arcade",PC (Microsoft Windows),"Action, Horror","shoot 'em up, roguelike, pixel graphics, animated cutscenes, action roguelike","Milkbar Lads, 2 Left Thumbs",Bird view / Isometric,Single player
Deadly Harvest,2022-10-24,,"Role-playing (RPG), Indie","Linux, PC (Microsoft Windows)",Action,"halloween, roguelite",Long Lost,Side view,Single player
Golden Light of Rose,2022-10-24,,"Shooter, Adventure, Indie",PC (Microsoft Windows),"Action, Horror, Stealth","roguelike, prequel, roguelite",HypeTrain Digital,First person,Single player
I See Red,2022-10-24,,"Fighting, Shooter, Adventure, Indie","Xbox Series X|S, PlayStation 4, Linux, PC (Microsoft Windows), PlayStation 5, Mac, Xbox One, Nintendo Switch","Action, Science fiction","aliens, robots, spaceship, twin stick control, roguelite","Whiteboard Games, Gameforge, RedDeer.Games",Bird view / Isometric,Single player
Odium,2022-10-22,,Indie,PC (Microsoft Windows),Action,"3d, roguelike, combat",Odium team,Third person,Single player
SuperTotalCarnage!,2022-10-21,,"Shooter, Role-playing (RPG), Indie",PC (Microsoft Windows),"Action, Horror","1980s, 2d, roguelike, dark fantasy, bullet hell, pixel graphics, controller support, roguelite",IndieGala,,Single player
Fhtagn Simulator,2022-10-21,,"Simulator, Strategy, Indie, Card & Board Game",PC (Microsoft Windows),Horror,"roguelike, resource gathering",INDIECN,,Single player
Void Scrappers,2022-10-21,,"Shooter, Arcade","Linux, PC (Microsoft Windows), Mac, Nintendo Switch",Action,"shoot 'em up, roguelike, bullet hell",8BitSkull,Side view,Single player
Hell is Others,2022-10-20,79.8,"Shooter, Simulator, Strategy, Adventure, Indie",PC (Microsoft Windows),"Action, Horror, Survival","bloody, psychological horror, gothic, gardening, side-scrolling, time limit, abstract, satire, pixel art, dark humor, psychology, resource gathering, twin stick control, roguelite, pvpve, philosophical, looter shooter, extraction horror, extraction shooter, session-based, social commentary","Yonder, Strelka Games, A.List Games","Bird view / Isometric, Side view","Single player, Multiplayer"
Sea Horizon,2022-10-19,,"Role-playing (RPG), Strategy, Turn-based strategy (TBS), Adventure, Indie, Card & Board Game","Xbox Series X|S, PlayStation 4, PC (Microsoft Windows), PlayStation 5, Xbox One, Nintendo Switch",Fantasy,"roguelike, deck-building, turn-based rpg","Eastasiasoft, Softstar, 45 Studio",Bird view / Isometric,Single player
Right and Down,2022-10-18,,"Puzzle, Role-playing (RPG), Strategy, Indie, Card & Board Game","PC (Microsoft Windows), PlayStation 5, Nintendo Switch",Fantasy,roguelike,mc2games,,Single player
Nitro Kid,2022-10-18,,"Strategy, Turn-based strategy (TBS), Tactical, Indie, Card & Board Game",PC (Microsoft Windows),"Action, Science fiction","martial arts, cyberpunk, 1980s, roguelike, deck-building","tinyBuild, Wildboy Studios","Third person, Text",Single player
Vampire Survivors: Game + All DLC + OST Bundle,2022-10-14,,"Role-playing (RPG), Adventure, Indie, Arcade",PC (Microsoft Windows),"Action, Fantasy, Survival","bullet hell, increasing difficulty, roguelite",Poncle,Bird view / Isometric,"Single player, Multiplayer, Co-operative, Split screen"
Andromeda Survivors,2022-10-14,,"Shooter, Indie, Arcade","Xbox Series X|S, PlayStation 4, PC (Microsoft Windows), PlayStation 5, Xbox One",Action,"shoot 'em up, roguelike, shmup, bullet hell",AFIL Games,Bird view / Isometric,Single player
Just Shoot: Slimes,2022-10-14,,"Shooter, Indie",PC (Microsoft Windows),Action,roguelike,Green Cube Games,First person,Single player
Icewall,2022-10-14,,"Shooter, Indie, Arcade",PC (Microsoft Windows),"Action, Science fiction","cyberpunk, retro, shoot 'em up, score attack, roguelite, replayability",Erlend Kirkeboe,Bird view / Isometric,Single player
Cloaks and Capes,2022-10-14,,"Shooter, Role-playing (RPG), Adventure, Indie","Linux, PC (Microsoft Windows)","Action, Fantasy","2d, roguelike, side-scrolling, pixelated, roguelite",Destrax Games,Side view,Single player
Cult of Babel,2022-10-12,,"Role-playing (RPG), Arcade",PC (Microsoft Windows),Action,"roguelike, steampunk, roguelite, twin stick, synergies, action roguelike, nextfest fall 2022",,Bird view / Isometric,Single player
Relapse,2022-10-12,,"Strategy, Turn-based strategy (TBS), Indie",PC (Microsoft Windows),Fantasy,"violence, bloody, character customization, 3d, story driven, turn-based, roguelike, procedural generation, memory loss, female protagonist, classic, leveling, stylized, class-based, turn-based tactics, demo, atmospheric, combat, ability system, procedurally generated, time loop, non-linear, turn-based combat, unlockable items, hand-drawn, violent, card based combat, developed by one person, customization, leveling up, world map, unlockables, item combination, status effects, branching paths, roguelite, curse, free demo, solo developer, map movement, many choices, environmental hazards, roguelike deckbuilder, customize, environmental, synergies, slay the spire, deckbuilder, cards, hand-painted, card battler, endless, hybrid art style, nonlinear, loot, time, peasant, enchanting, turn based strategy, deck building",Valklabs,Third person,Single player
Letux Game,2022-10-12,,Indie,PC (Microsoft Windows),Action,roguelike,,Third person,Single player
Her Name Was Fire,2022-10-11,,"Role-playing (RPG), Indie","PC (Microsoft Windows), Mac","Action, Horror, Survival","casual, roguelike, bullet hell, score attack, survival mode, roguelite",tissue inu,Bird view / Isometric,Single player
Arrival: Zero Earth,2022-10-11,,"Role-playing (RPG), Indie",PC (Microsoft Windows),"Action, Science fiction","aliens, procedural generation, finland, 1990's, steam cloud, controller support, roguelite, autobattler, nextfest fall 2022",,Bird view / Isometric,Single player
Crimson Dawn,2022-10-10,,"Role-playing (RPG), Adventure, Indie",PC (Microsoft Windows),Action,"casual, 2d, roguelike, bullet hell, pixel graphics, controller support, roguelite","Gameforge, Purple Lake Games",,Single player
Oath of Miko,2022-10-08,,"Role-playing (RPG), Simulator, Strategy, Turn-based strategy (TBS), Tactical, Indie",PC (Microsoft Windows),"Fantasy, Survival","anime, medieval, 2d, chess, roguelike, pixel graphics, turn-based combat, roguelite",PotS,Bird view / Isometric,Single player
DodgeKing,2022-10-07,,"Shooter, Adventure, Indie",PC (Microsoft Windows),Action,"roguelike, action roguelike",Edwardivan Labarca-Torres,Side view,Single player
Deadland 4000,2022-10-07,,"Role-playing (RPG), Simulator, Strategy, Turn-based strategy (TBS), Adventure",PC (Microsoft Windows),Survival,"post-apocalyptic, turn-based, roguelike, permadeath",Cain Laikind,"Third person, Bird view / Isometric",Single player
Abeyance,2022-10-07,,"Role-playing (RPG), Simulator, Strategy, Turn-based strategy (TBS), Adventure, Indie","Xbox Series X|S, PC (Microsoft Windows)","Action, Science fiction, Drama",roguelite,Bumblebee Studios,Bird view / Isometric,Single player
Maze Blaze,2022-10-06,,"Shooter, Arcade","PlayStation 4, Linux, PC (Microsoft Windows), PlayStation 5, Mac, Xbox One","Action, Science fiction","3d, roguelike, procedural generation, roguelite",Revulo Games,Bird view / Isometric,"Single player, Multiplayer, Co-operative"
Purgatory Dungeoneer,2022-10-06,,"Role-playing (RPG), Strategy",PC (Microsoft Windows),Fantasy,"dungeon crawler, city builder, roguelite","Cannibal Interactive, Strange Scaffold",,Single player
Bibots,2022-10-05,,"Shooter, Adventure, Indie",PC (Microsoft Windows),Action,"roguelike, difficult, bullet hell","Square Squid, PID Games",,Single player
Falling Out,2022-10-05,,"Platform, Adventure, Indie, Arcade","Xbox Series X|S, PlayStation 4, PC (Microsoft Windows), PlayStation 5, Xbox One, Nintendo Switch","Action, Comedy","2d, roguelike, procedural generation, demo, roguelite, precision platforming, available on - blacknut","Firestoke, PolyCrunch Games",Side view,"Single player, Multiplayer, Co-operative, Split screen"
From Hell,2022-10-04,,Indie,"Linux, PC (Microsoft Windows), Mac",Action,roguelike,,Bird view / Isometric,Single player
TurnKee,2022-10-03,,"Turn-based strategy (TBS), Hack and slash/Beat 'em up, Indie",PC (Microsoft Windows),"Fantasy, Survival","roguelike, pixel art, dungeon crawler, roguelite, ludum dare 51","Studio Kraze, Neonalig",,
Hack the Planet,2022-10-03,,"Puzzle, Indie",PC (Microsoft Windows),Science fiction,"cyberpunk, roguelike","Jessfromonline, Heather Flowers",Text,Single player
WitchCraft TD,2022-10-02,,"Strategy, Indie, Arcade",PC (Microsoft Windows),Fantasy,"tower defense, roguelike, witches",unikotoast,Bird view / Isometric,Single player
Dawn of Kagura: Maika's Story - The Dragon's Wrath,2022-09-30,,"Role-playing (RPG), Strategy, Adventure",PC (Microsoft Windows),Fantasy,"roguelike, female protagonist, turn-based combat, mystery dungeon, nsfw_patch, nsfw version exists","Shiravune, Debonosu Works",Bird view / Isometric,Single player
Words Can Kill,2022-09-30,,"Role-playing (RPG), Strategy, Turn-based strategy (TBS), Adventure, Indie, Card & Board Game",PC (Microsoft Windows),Fantasy,"roguelike, word game, deck-building, roguelike deckbuilder",Typing Monkey,Side view,Single player
Mythic,2022-09-29,,"Role-playing (RPG), Adventure, Indie","Linux, PC (Microsoft Windows), Mac","Action, Fantasy","roguelike, procedural generation, maze, pixel art, roguelite",Abyssal Studios,Bird view / Isometric,Massively Multiplayer Online (MMO)
Desta: The Memories Between,2022-09-27,,"Puzzle, Role-playing (RPG), Sport, Strategy, Turn-based strategy (TBS), Indie, Visual Novel","Android, PC (Microsoft Windows), iOS, Nintendo Switch",Action,"roguelike, netflix, netflix games, previously on - netflix","Ustwo Games, Netflix",Bird view / Isometric,Single player
Dome Keeper,2022-09-27,75.9,"Tactical, Indie, Arcade","Xbox Series X|S, Web browser, Linux, PC (Microsoft Windows), Mac","Action, Science fiction, Survival","roguelike, resource management, space, management, pixel art, base building, game jam, mining, time management, roguelite, defense","Raw Fury, Bippinbits",Side view,"Single player, Multiplayer, Co-operative"
Run and Gun,2022-09-24,,"Shooter, Role-playing (RPG)",PC (Microsoft Windows),Action,roguelike,,,Single player
Tiny Rogues,2022-09-23,84.0,"Shooter, Role-playing (RPG), Adventure, Indie, Arcade",PC (Microsoft Windows),"Action, Fantasy","bullet hell, rpg elements, roguelite",Ruby Dev,Bird view / Isometric,Single player
Light Bringer,2022-09-23,,"Platform, Strategy, Indie",PC (Microsoft Windows),Action,"dark, 2d, roguelike, building, hand-drawn",,Third person,Single player
Shovel Knight Dig,2022-09-23,78.2,"Platform, Strategy, Adventure, Indie","Xbox Series X|S, PC (Microsoft Windows), iOS, PlayStation 5, Mac, Xbox One, Nintendo Switch","Action, Fantasy","pixel art, procedurally generated, roguelite, previously on - apple arcade","Yacht Club Games, Nitrome",Side view,Single player
No Place For Bravery,2022-09-22,,"Role-playing (RPG), Adventure, Indie","Android, PC (Microsoft Windows), Nintendo Switch","Action, Fantasy","skill-based, procedural generation, permadeath, time manipulation, atmospheric, pixel art, roguelite",Glitch Factory,Bird view / Isometric,Single player
V.O.S.S. Turbo,2022-09-21,,"Shooter, Adventure",PC (Microsoft Windows),,"rail shooter, retro, space, twin stick control, roguelite",Maverick Software LLC,"Third person, Bird view / Isometric, Side view","Single player, Multiplayer, Co-operative"
Cursed Colors,2022-09-18,,"Point-and-click, Arcade",PC (Microsoft Windows),"Action, Fantasy","2d, roguelite",Molten Colors,Side view,Single player
Despot's Game: Dystopian Army Builder,2022-09-15,65.7,"Puzzle, Role-playing (RPG), Strategy, Turn-based strategy (TBS), Adventure, Indie","Xbox Series X|S, PlayStation 4, Linux, PC (Microsoft Windows), PlayStation 5, Mac, Xbox One, Nintendo Switch","Action, Survival, Comedy","2d, roguelike, dark humor, pixel graphics","Konfa Games, tinyBuild",Bird view / Isometric,"Single player, Multiplayer"
Zimmer,2022-09-12,,"Role-playing (RPG), Indie",PC (Microsoft Windows),"Action, Fantasy","roguelike, procedural generation, old school, pixelated, pixel art, procedurally generated, roguelite, oldschool",spazm,Bird view / Isometric,Single player
Doko Roko,2022-09-09,,"Platform, Indie",PC (Microsoft Windows),Action,roguelike,,,Single player
Isle of Arrows,2022-09-08,,"Puzzle, Strategy, Indie, Card & Board Game","Android, PC (Microsoft Windows), iOS, Mac",Fantasy,"tower defense, 3d, roguelike, city builder",Gridpop,Bird view / Isometric,Single player
Tower Princess,2022-09-08,,"Platform, Role-playing (RPG), Adventure, Indie","Xbox Series X|S, PlayStation 4, PC (Microsoft Windows), Xbox One, Nintendo Switch","Action, Fantasy, Comedy","crowdfunding - kickstarter, roguelite","HypeTrain Digital, AweKteam",Third person,Single player
Escape From Meat City,2022-09-07,,"Shooter, Adventure",PC (Microsoft Windows),Action,"roguelike, cartoon graphics",Naked Cactus,First person,Single player
20 Minutes Till Dawn,2022-09-05,66.4,"Shooter, Role-playing (RPG), Strategy, Adventure, Indie, Arcade","Android, PC (Microsoft Windows), iOS, Mac, Nintendo Switch","Action, Horror, Survival","lovecraftian, roguelite, action roguelike","Erabit Studios, flanne",Bird view / Isometric,Single player
Chambers of Devious Design,2022-09-05,,"Puzzle, Strategy, Tactical, Indie, Card & Board Game",PC (Microsoft Windows),,"casual, roguelike",Redbeak Games,Bird view / Isometric,"Single player, Multiplayer, Split screen"
Microbes and Machines,2022-09-03,,"Shooter, Indie",PC (Microsoft Windows),"Action, Science fiction",roguelite,,,Single player
Chenso Club,2022-09-01,,"Shooter, Platform, Hack and slash/Beat 'em up, Adventure, Indie, Arcade","PlayStation 4, PC (Microsoft Windows), PlayStation 5, Xbox One, Nintendo Switch","Action, Comedy","female protagonist, pixel graphics, roguelite, previously on - utomik, available on - blacknut","Aurora Punks, Pixadome",Side view,"Single player, Multiplayer, Co-operative"
Mechanibot,2022-08-31,,Strategy,PC (Microsoft Windows),Action,"roguelike, roguelite",Jon Nielsen,Bird view / Isometric,Single player
Zor: Pilgrimage of the Slorfs,2022-08-30,,"Role-playing (RPG), Strategy, Tactical, Indie, Card & Board Game",PC (Microsoft Windows),,"cute, roguelite, deck-building","Righteous Hammer Games, Righteous Hammer Games",,Single player
Orx,2022-08-30,,"Role-playing (RPG), Simulator, Strategy, Indie, Card & Board Game","Xbox Series X|S, PlayStation 4, Linux, Android, PC (Microsoft Windows), iOS, PlayStation 5, Mac, Xbox One, Nintendo Switch",Fantasy,"roguelite, turn-based rpg","Critical Reflex, Johnbell",Bird view / Isometric,Single player
Gunfire Reborn: Visitors of Spirit Realm,2022-08-29,,"Shooter, Adventure, Indie",PC (Microsoft Windows),"Action, Fantasy","roguelike, roguelite, looter shooter",Duoyi (Hong Kong) Interactive Entertainment Limited,First person,"Single player, Multiplayer, Co-operative"
Sudo K.O.,2022-08-28,,"Puzzle, Role-playing (RPG), Turn-based strategy (TBS)","Web browser, Linux, PC (Microsoft Windows), Mac",Action,"2d, roguelike, math, cute, sudoku, colorful, leaderboard, roguelite, mouse only, numbers",AnttiHaavikko,Side view,Single player
Force Reboot,2022-08-25,,"Shooter, Indie, Arcade",PC (Microsoft Windows),"Action, Science fiction","roguelike, fast paced, robots, pixel graphics, score attack, roguelite, boomer shooter",ln404,First person,Single player
Warriors of the Nile 2,2022-08-24,,"Role-playing (RPG), Simulator, Strategy, Turn-based strategy (TBS), Tactical, Indie, Card & Board Game","PC (Microsoft Windows), Nintendo Switch","Historical, Warfare","roguelike, mythology","Gamirror Games, Stove Studio",,Single player
GALDR,2022-08-22,,Adventure,Web browser,,roguelike,jonathand,,
Pokémon Emerald Rogue,2022-08-22,,"Role-playing (RPG), Indie",Game Boy Advance,"Action, Fantasy, Kids","roguelike, homebrew, unofficial, turn-based combat, fangame, pokemon fangame, turn-based rpg",Pokabbie,Bird view / Isometric,Single player
Mud Way,2022-08-20,,"Strategy, Indie",PC (Microsoft Windows),,"casual, roguelike, roguelite",,Bird view / Isometric,Single player
We See You,2022-08-19,,"Indie, Arcade","Linux, PC (Microsoft Windows), Mac",Action,"casual, roguelike, music and rhythm",Paulius Giniotis,Bird view / Isometric,Single player
Touhou: Lost Branch of Legend,2022-08-18,,"Role-playing (RPG), Strategy, Turn-based strategy (TBS), Tactical, Adventure, Indie, Card & Board Game","PC (Microsoft Windows), Mac",Fantasy,"anime, 2d, roguelike, jrpg, procedural generation, female protagonist, cute, pixel graphics, character select screen, roguelite, touhou project, deck-building, faith, touhou fangame",Alioth Studio,Side view,Single player
Space Leaper: Cocoon,2022-08-18,,"Role-playing (RPG), Adventure, Card & Board Game","Android, iOS",Science fiction,"roguelike, future, space, pixelated, gacha",Natasky Games Limited,Bird view / Isometric,"Single player, Co-operative"
Cursed to Golf,2022-08-18,63.9,"Puzzle, Sport, Adventure, Indie, Arcade, Card & Board Game","Xbox Series X|S, PlayStation 4, PC (Microsoft Windows), PlayStation 5, Xbox One, Nintendo Switch",Action,"turn-based, metroidvania, pixel graphics, score attack, colorful, roguelite, previously on - prime gaming","Chuhai Labs, Thunderful",Side view,Single player
Cheesequest,2022-08-16,,"Strategy, Indie, Card & Board Game","Linux, PC (Microsoft Windows)",,"roguelite, card battler",,,Single player
Fairy Card Rogue,2022-08-14,,"Strategy, Indie, Card & Board Game",PC (Microsoft Windows),Fantasy,"2d, turn-based, roguelike, procedural generation, female protagonist, forest, fairy, cute, dungeon crawling, japan, dungeon crawler, youkai, battle, human, randomly generated dungeons, roguelite, touhou project, fangame, deck-building, roguelike deckbuilder, touhou fangame, doujin game, dungeon, deckbuilder","white flare, HakanaiBlue, Melonbooks",Side view,Single player
Black Market of Bulletphilia: 100th Black Market,2022-08-14,,"Shooter, Indie, Arcade",PC (Microsoft Windows),"Action, Fantasy","anime, casual, wizards, vampire, magic, 2d, frog, chicken, difficult, bullet hell, female protagonist, forest, fairy, dracula, achievements, cute, japan, high score, youkai, manic shooter, maid, great soundtrack, magical girl, timer, battle, countdown timer, cat, human, mouse, black market, phantom, roguelite, touhou project, conversation, faith, magician, third eye, stage selection, half-human, doujin game, rokuro head","Team Shanghai Alice, Mediascape",Bird view / Isometric,Single player
Breakthrough,2022-08-13,,"Shooter, Hack and slash/Beat 'em up",PC (Microsoft Windows),Action,roguelike,,Bird view / Isometric,Single player
Cult of the Lamb,2022-08-11,80.4,"Role-playing (RPG), Simulator, Strategy, Hack and slash/Beat 'em up, Adventure, Indie","Xbox Series X|S, PlayStation 4, PC (Microsoft Windows), PlayStation 5, Mac, Xbox One, Nintendo Switch","Action, Fantasy, Comedy","animals, dark, roguelike, multiple endings, cute, base building, cult, shared screen, roguelite, colony simulator, poop","Devolver Digital, Massive Monster",Bird view / Isometric,"Single player, Multiplayer, Co-operative, Split screen"
Mutagenic,2022-08-09,,"Role-playing (RPG), Indie, Arcade",PC (Microsoft Windows),"Action, Survival","roguelike, roguelite",Zediven,Bird view / Isometric,Single player
"Don't Go, Pikachu!",2022-08-08,,Adventure,"Android, PC (Microsoft Windows)",Action,"pokemon, roguelike, game jam",,,
Tyrant's Blessing,2022-08-08,,"Puzzle, Role-playing (RPG), Strategy, Turn-based strategy (TBS), Tactical, Adventure, Indie","Linux, PC (Microsoft Windows), Mac, Nintendo Switch",Fantasy,"anime, magic, turn-based, pixel graphics, roguelite, available on - indie pass","Mercury Game Studio, Freedom Games",Bird view / Isometric,Single player
Drain Runner,2022-08-05,,"Fighting, Shooter, Tactical, Indie",PC (Microsoft Windows),Action,"parkour, roguelike, pvp, runner",Nothing Interactive,Third person,Single player
Lys and Ruka's Magical Bag,2022-08-05,,"Adventure, Indie",PC (Microsoft Windows),"Action, Fantasy","anime, magic, roguelike, dungeon crawler","Desunoya, Sekai Project",Bird view / Isometric,Single player
Boneraiser Minions,2022-08-05,61.5,Indie,PC (Microsoft Windows),"Action, Fantasy","casual, roguelike, bullet hell, pixel graphics, auto battler","Anthony Case, Caiysware",Bird view / Isometric,Single player
Rewarding Community Bundle,2022-08-04,,"Shooter, Simulator, Strategy, Adventure, Indie","Xbox Series X|S, Xbox One","Action, Fantasy","post-apocalyptic, farming, mutants, twin stick control, roguelite","Bird Bath Games, Raw Fury, Oskar Stålberg",Bird view / Isometric,Single player
PlateUp!,2022-08-04,79.8,"Simulator, Strategy, Indie","Xbox Series X|S, PlayStation 4, PC (Microsoft Windows), PlayStation 5, Xbox One, Nintendo Switch","Action, Business, Party","3d, cooking, baking, management, restaurant, dungeon management, business simulation, store management, pizza, chef, turkey, 4 player co-op, teamwork, stickman, roguelite, play with friends, twitch integration","Yogscast Games, It’s happening",Bird view / Isometric,"Single player, Multiplayer, Co-operative"
Still Be a Human,2022-08-01,,"Role-playing (RPG), Adventure, Indie",PC (Microsoft Windows),"Action, Fantasy","character customization, 2d, roguelike, dark fantasy, procedural generation, difficult, demons, hidden object, stylized, pixel graphics, item combination, roguelite, spectacle fighter",Something Isnt Right,Bird view / Isometric,Single player
Vampachi,2022-07-30,,Shooter,"Web browser, Linux, PC (Microsoft Windows), Mac","Action, Survival","shoot 'em up, roguelike, vertical scrolling",Donswelt,Bird view / Isometric,Single player
Ruadh: Warbands,2022-07-29,,"Strategy, Turn-based strategy (TBS), Indie",PC (Microsoft Windows),Fantasy,"tactical turn-based combat, roguelite",Sorcerers Lab,Bird view / Isometric,Single player
Vermis Orbita,2022-07-29,,Indie,PC (Microsoft Windows),Action,roguelike,"Vultive Entertainment, Ethan Robichaux",Side view,Single player
Space Bandit,2022-07-29,,Indie,"Linux, PC (Microsoft Windows)","Action, Science fiction","procedural generation, bullet time, steam achievements, steam cloud, steam leaderboards, twin stick control, controller support, roguelite",Aystar Games,Bird view / Isometric,Single player
Kingdom Gun,2022-07-28,,"Shooter, Adventure, Indie",PC (Microsoft Windows),"Action, Fantasy, Survival, 4X (explore, expand, exploit, and exterminate)","permadeath, roguelite",Incredible Two Studios,Side view,"Single player, Multiplayer, Co-operative"
Kokusai Shitei Kaii 123-gou Haison,2022-07-25,,"Shooter, Indie",PC (Microsoft Windows),"Action, Horror","3d, roguelike, roguelite, action roguelike",727 Not Hound,,Single player
Project Dagger,2022-07-25,,"Role-playing (RPG), Hack and slash/Beat 'em up, Indie",PC (Microsoft Windows),"Action, Fantasy","roguelike, procedural generation, bullet hell",Alex Renard,First person,Single player
Blacken Slash,2022-07-21,,"Role-playing (RPG), Strategy, Indie","Linux, Android, PC (Microsoft Windows), iOS, Mac",Action,roguelite,ehmprah,Bird view / Isometric,Single player
Coin Operated Carnage,2022-07-20,,"Role-playing (RPG), Tactical, Adventure, Indie",PC (Microsoft Windows),Fantasy,roguelike,,,Single player
TombStar,2022-07-20,,Shooter,PC (Microsoft Windows),Action,roguelite,No More Robots,Bird view / Isometric,Single player
Noukin Mahoutsukai ha Shingaku Shitai,2022-07-18,,Role-playing (RPG),PC (Microsoft Windows),,"roguelike, dice",Nasu Tarou,,Single player
Immortal Tactics: War of the Eternals,2022-07-15,,"Simulator, Strategy, Turn-based strategy (TBS), Tactical, Indie",PC (Microsoft Windows),Fantasy,"turn-based, roguelike, hexagon, roguelite, turn-based rpg",Kenisoft Game Studio,Bird view / Isometric,Single player
Mythic Origins,2022-07-14,,"Role-playing (RPG), Adventure, Indie","Linux, PC (Microsoft Windows), Mac","Action, Fantasy","roguelike, procedural generation, maze, pixel art, dungeon crawler, roguelite",Abyssal Studios,Bird view / Isometric,Massively Multiplayer Online (MMO)
Necrosmith,2022-07-13,74.9,"Simulator, Strategy, Indie","PC (Microsoft Windows), PlayStation 5, Nintendo Switch","Action, Fantasy, Survival","zombies, tower defense, vampire, roguelike, bullet hell","Alawar Premium, Merge Games",Bird view / Isometric,Single player
Tilefinder,2022-07-13,,"Role-playing (RPG), Turn-based strategy (TBS), Indie",PC (Microsoft Windows),"Fantasy, Comedy","roguelite, surreal comedy",Dave Doublee (Griffincraft),Bird view / Isometric,Single player
Loopmancer,2022-07-13,60.5,"Platform, Role-playing (RPG), Hack and slash/Beat 'em up, Adventure, Indie",PC (Microsoft Windows),Action,"exploration, cyberpunk, dark, 3d, roguelike, metroidvania, futuristic, gore, multiple endings, artificial intelligence, story rich, violent","E-Home Entertainment Development Co., Ltd, eBrain Studio, Yooreka Studio",Side view,Single player
Pylorus: Footsteps of Greed,2022-07-11,,Indie,PC (Microsoft Windows),Action,"2d, steam, free-to-play, digital distribution, roguelite",,Bird view / Isometric,Single player
Circadian Dice,2022-07-11,,"Role-playing (RPG), Strategy, Turn-based strategy (TBS), Indie",PC (Microsoft Windows),,"roguelike, deck-building",Shuffle Up Games,,Single player
Guncho,2022-07-08,,"Puzzle, Turn-based strategy (TBS)",Web browser,Action,"western, roguelike, demake",spoike,Bird view / Isometric,Single player
Zugzwang,2022-06-30,,"Strategy, Turn-based strategy (TBS), Tactical, Indie","Linux, PC (Microsoft Windows), Mac","Fantasy, Erotic","roguelike, nudity, sexual content",Robert Yang,First person,Single player
Little Noah: Scion of Paradise,2022-06-28,,"Platform, Role-playing (RPG), Adventure","PlayStation 4, PC (Microsoft Windows), Xbox One, Nintendo Switch",Action,"magic, steampunk, female protagonist, pve, controller support, roguelite","Grounding Inc, Cygames",Side view,Single player
Personal Space,2022-06-24,,"Role-playing (RPG), Adventure, Indie, Arcade",PC (Microsoft Windows),"Action, Survival","roguelike, permadeath",Friendly Fire Software,Bird view / Isometric,Single player
Quester,2022-06-23,,"Indie, Arcade",PC (Microsoft Windows),"Action, Fantasy","roguelike, roguelite",,Bird view / Isometric,Single player
Gordian Quest,2022-06-23,80.0,"Role-playing (RPG), Strategy, Turn-based strategy (TBS), Tactical, Adventure, Indie","PlayStation 4, Android, PC (Microsoft Windows), iOS, PlayStation 5, Nintendo Switch",Fantasy,"roguelike, roguelite, deck-building, turn-based rpg","Mixed Realms Pte Ltd, Swag Soft Holdings Pte Ltd, Coconut Island Games, Maximum Entertainment","Bird view / Isometric, Side view","Single player, Multiplayer"
Vactics,2022-06-22,,"Strategy, Tactical","PC (Microsoft Windows), Mac",,"mech, roguelite",,Bird view / Isometric,Single player
Celestial Project,2022-06-22,,Strategy,"PC (Microsoft Windows), Mac",Science fiction,"roguelike, grid-based movement, turn-based combat, alien invasion",KumaPaw Studio,Bird view / Isometric,Single player
OneShotRogue,2022-06-21,,"Strategy, Tactical",PC (Microsoft Windows),,"roguelike, deck-building",,Text,Single player
GroundBreaker,2022-06-18,,Indie,"Web browser, PC (Microsoft Windows)",,"dark, roguelike, procedural generation, management, short, atmospheric, creepy, roguelite, incremental",,Bird view / Isometric,Single player
Oxide: Room 104,2022-06-17,,"Adventure, Indie","Xbox Series X|S, PlayStation 4, PC (Microsoft Windows), PlayStation 5, Xbox One, Nintendo Switch","Action, Horror, Thriller, Survival","bloody, gore, survival horror, roguelite, body horror",Wild Sphere,First person,Single player
Mothergunship: Forge,2022-06-16,,"Shooter, Indie, Arcade","Meta Quest 2, SteamVR","Action, Science fiction","crafting, bullet hell, space, roguelite, previously on - horizon plus",Terrible Posture Games,"First person, Virtual Reality","Single player, Multiplayer, Co-operative"
VoidGate,2022-06-15,,"Role-playing (RPG), Hack and slash/Beat 'em up, Indie",PC (Microsoft Windows),"Action, Fantasy, Survival","roguelike, diablo-like",Version 5 Games,Third person,"Single player, Co-operative"
The Hand of Merlin,2022-06-14,,"Role-playing (RPG), Strategy, Turn-based strategy (TBS), Tactical, Adventure, Indie, Card & Board Game","PlayStation 4, Linux, PC (Microsoft Windows), PlayStation 5, Mac, Xbox One, Nintendo Switch","Fantasy, Historical","medieval, turn-based, roguelite","Room-C Games, Versus Evil, Croteam",Bird view / Isometric,Single player
Runewatch: Age of Arcanum,2022-06-12,,"Shooter, Role-playing (RPG), Strategy, Indie",PC (Microsoft Windows),"Action, Fantasy","magic, procedural generation, randomly generated dungeons, rpg elements, elementalist, roguelite, indie developer",D4 Studios,First person,Single player
Calmed by the Dark: Purgatorium,2022-06-09,,Role-playing (RPG),"Android, PC (Microsoft Windows)","Action, Horror","post-apocalyptic, female protagonist, dungeon crawler, roguelite",Calmed by the Dark Games,Bird view / Isometric,Single player
Madshot,2022-06-09,,"Shooter, Platform, Adventure, Indie","PC (Microsoft Windows), Nintendo Switch",Action,"roguelike, roguelite","Overflow Games, HOOK",Side view,Single player
Curseball,2022-06-06,,Arcade,"Web browser, PC (Microsoft Windows)",Action,"roguelike, bullet hell",kultisti,Bird view / Isometric,Single player
Run Build Pew!,2022-06-06,,"Strategy, Indie",PC (Microsoft Windows),Action,"2d, roguelike, space",Knight Owl Games,Bird view / Isometric,Single player
Rogue Arrows,2022-06-06,,"Role-playing (RPG), Indie",PC (Microsoft Windows),Action,roguelike,Jolly Theory,"Third person, Bird view / Isometric",Single player
I Human Machine,2022-06-01,,"Adventure, Indie",PC (Microsoft Windows),Action,"roguelike, 2d fighter, action roguelike",,,Single player
Shishi: Timeless Prelude,2022-05-31,,"Role-playing (RPG), Turn-based strategy (TBS), Adventure, Indie","PC (Microsoft Windows), Nintendo Switch",Action,"roguelike, dungeon crawling, turn-based combat",Shishi Studios,Third person,Single player
Buns: Bunny Survivor,2022-05-29,,Arcade,"Web browser, PC (Microsoft Windows)","Action, Survival",roguelike,unikotoast,Bird view / Isometric,Single player
Down the Oubliette,2022-05-29,,"Strategy, Indie",Playdate,,"tower defense, dungeon crawler, roguelite, playdate catalog",veubeke,Bird view / Isometric,Single player
The Sargosian Abyss,2022-05-27,,"Role-playing (RPG), Strategy, Indie","Linux, PC (Microsoft Windows)",Action,"roguelike, dungeon crawler",Esturia Games,Bird view / Isometric,Single player
Out There: Oceans of Time,2022-05-26,,"Role-playing (RPG), Strategy, Adventure, Indie",PC (Microsoft Windows),"Action, Science fiction, Survival, Open world","exploration, 2d, female protagonist, story rich, roguelite","Modern Wolf, Mi-Clos Studio, Fractale, Goblinz Studio",Bird view / Isometric,Single player
Grog,2022-05-24,,Role-playing (RPG),"Linux, PC (Microsoft Windows), Mac",Fantasy,"roguelike, ascii, monochrome, traditional roguelike",Thomas Biskup,Bird view / Isometric,Single player
Obsidian Prince,2022-05-24,,"Role-playing (RPG), Strategy, Indie",PC (Microsoft Windows),Fantasy,"roguelike, voxel, dungeon crawler, turn-based combat, card based combat, tactical turn-based combat, deck-building","Unleash the Giraffe, Gameclaw Studio",Bird view / Isometric,Single player
EverCrawl,2022-05-21,,"Puzzle, Role-playing (RPG), Turn-based strategy (TBS), Indie","Android, PC (Microsoft Windows)","Action, Fantasy",roguelike,RunWTheWolves,Bird view / Isometric,
Kawaii Slime Arena,2022-05-20,,"Shooter, Role-playing (RPG)","PlayStation 4, PC (Microsoft Windows), PlayStation 5, Nintendo Switch","Action, Fantasy","roguelike, arena shooter","Eastasiasoft, JanduSoft, Mitsuki Game Studio",Third person,Single player
Ricochet Ranger,2022-05-20,,"Shooter, Strategy, Tactical, Indie","PC (Microsoft Windows), Mac","Action, Survival","roguelike, arena shooter",,Bird view / Isometric,Single player
Beyond the Chiron Gate,2022-05-19,,"Role-playing (RPG), Strategy, Turn-based strategy (TBS), Indie","Linux, Android, PC (Microsoft Windows), iOS, Mac",Science fiction,"exploration, interactive fiction, space, roguelite",John Ayliff,,Single player
Endrr,2022-05-17,,Indie,PC (Microsoft Windows),"Action, Survival",roguelike,Waïju,,Single player
Untitled Roguelike,2022-05-16,,Indie,Playdate,,roguelike,SquidGod,,Single player
Cambo: Webbed Fist,2022-05-13,,Turn-based strategy (TBS),"Web browser, Linux, PC (Microsoft Windows)",Action,"2d, turn-based, roguelike, procedural generation, permadeath, pixel art, procedurally generated, dungeon crawler, capybara, keyboard game",goddommitdom,Bird view / Isometric,Single player
Source of Madness,2022-05-11,60.1,"Platform, Role-playing (RPG), Adventure","Xbox Series X|S, PlayStation 4, PC (Microsoft Windows), PlayStation 5, Xbox One, Nintendo Switch","Action, Fantasy, Horror, Mystery","dark, magic, roguelike, lovecraftian, combat, h. p. lovecraft","Carry Castle, Thunderful",Side view,"Single player, Multiplayer"
Spell Cast,2022-05-10,,Arcade,"PC (Microsoft Windows), Mac",Action,"roguelike, roguelite, spell caster",Lance Games,Bird view / Isometric,"Single player, Multiplayer, Co-operative"
Shoot Trip Die,2022-05-06,,"Shooter, Adventure, Indie, Arcade",PC (Microsoft Windows),Action,"weird, roguelike, fast paced, psychedelic",Levi Ramirez,Bird view / Isometric,Single player
Adios Amigos: Galactic Explorers,2022-05-03,,"Platform, Simulator, Adventure, Indie","PlayStation 4, PC (Microsoft Windows), PlayStation 5","Science fiction, Kids","space simulation, exploration, physics, roguelike, discovery, space, space exploration, procedurally generated",Cosmic Picnic,Side view,"Single player, Multiplayer, Co-operative, Split screen"
Rogue Door Defense,2022-05-02,,"Real Time Strategy (RTS), Strategy, Indie",PC (Microsoft Windows),Fantasy,"tower defense, roguelite",BrimselGames,Bird view / Isometric,Single player
GnollHack,2022-04-30,,"Role-playing (RPG), Adventure, Indie","Linux, Android, PC (Microsoft Windows), iOS",Fantasy,"roguelike, procedural generation, dungeon crawler",Hyvän mielen pelit ry,Bird view / Isometric,Single player
Temp Zero,2022-04-29,,"Music, Hack and slash/Beat 'em up, Indie, Arcade","PC (Microsoft Windows), Nintendo Switch",Action,"roguelike, permadeath, difficult, bullet hell, pixel art, colorful, music and rhythm, leaderboard, speedrun, roguelite, twin stick","Alexandre Kadri, Paul Hebbinckuys",Bird view / Isometric,Single player
Bitgun,2022-04-29,,"Shooter, Indie",PC (Microsoft Windows),Action,"zombies, roguelike, dystopian, pixel art",LogLog Games,Bird view / Isometric,Single player
Rogue Legacy 2,2022-04-28,77.4,"Platform, Role-playing (RPG), Adventure, Indie","Xbox Series X|S, PlayStation 4, PC (Microsoft Windows), PlayStation 5, Xbox One, Nintendo Switch",Action,"metroidvania, roguelite",Cellar Door Games,Side view,Single player
Metal Mind,2022-04-25,,"Shooter, Role-playing (RPG), Adventure, Indie","Xbox Series X|S, PC (Microsoft Windows), Xbox One, Nintendo Switch","Action, Science fiction","mech, roguelike, pixel art, looter shooter, rougelite","Whirllaxy Studio, Yooreka Studio",Bird view / Isometric,Single player
Shotgun King: the Final Checkmate,2022-04-22,79.7,"Shooter, Puzzle, Strategy, Turn-based strategy (TBS), Tactical, Indie, Arcade, Card & Board Game","PlayStation 4, Android, PC (Microsoft Windows), iOS, PlayStation 5, Xbox One, Nintendo Switch","Action, Fantasy, Historical","chess, roguelike, pixel art, ludum dare 50",PUNKCAKE Délicieux,Bird view / Isometric,Single player
Dash Hale,2022-04-22,,"Indie, Arcade",PC (Microsoft Windows),Action,"parody, runner, procedurally generated, roguelite",Flat Voxel,Side view,Single player
Rainbow Yggdrasil,2022-04-21,,"Role-playing (RPG), Simulator, Strategy, Indie, Card & Board Game","Android, PC (Microsoft Windows), iOS, Nintendo Switch",Fantasy,roguelike,Otorakobo,Bird view / Isometric,Single player
Dungeon Slasher,2022-04-20,,"Adventure, Indie","Android, PC (Microsoft Windows), iOS","Action, Fantasy","roguelike, metroidvania, side-scrolling, action roguelike","96Percent, Emay Games",Side view,Single player
The Holy Chalice,2022-04-20,,Shooter,PC (Microsoft Windows),Fantasy,roguelike,,Bird view / Isometric,Single player
Mana Chess,2022-04-17,,"Strategy, Adventure",PC (Microsoft Windows),Fantasy,"colorful, roguelite, obscure, hex grid",Good Measure Games,Bird view / Isometric,Single player
Maritime Calling,2022-04-13,,"Role-playing (RPG), Simulator, Adventure",PC (Microsoft Windows),"Action, Open world","pirates, roguelike, crafting, permadeath, naval, trading, sailing, combat, roguelite","Tiamat Games, Meridian4",Bird view / Isometric,Single player
Dungeon's Fall,2022-04-11,,"Adventure, Indie",PC (Microsoft Windows),"Action, Fantasy","pixel art, final fantasy, roguelite",,Side view,Single player
Monster Girls and the Mysterious Adventure 2,2022-04-09,,"Role-playing (RPG), Simulator, Strategy, Indie","PC (Microsoft Windows), Nintendo Switch",Fantasy,"3d, roguelike, mythology, single-player only, creature collector, monstergirl",NEKOTOKAGE GAMES,Third person,Single player
Metal Dogs,2022-04-08,,"Shooter, Role-playing (RPG), Hack and slash/Beat 'em up, Indie","PlayStation 4, PC (Microsoft Windows), Nintendo Switch","Action, Science fiction","post-apocalyptic, monsters, character customization, 3d, roguelike, military, procedural generation, giant monsters, japan, atmospheric, tank, combat, dog, procedurally generated, explosion, xbox controller support for pc, customization, armor, non-humanoid protagonist, randomly generated dungeons, treasure chest, questing, real-time combat, guns and bullets, rhino, randomizer, controller support, dogs, action combat, modern day japan, monster hunter, customize, missiles, weapons, absurd, cannon, steam families, dungeons","Kadokawa Games, 24Frame",Bird view / Isometric,Single player
Lose95,2022-04-05,,Arcade,"Web browser, PC (Microsoft Windows)",Action,roguelite,kultisti,,
Tumbleweed Destiny,2022-04-01,,"Point-and-click, Role-playing (RPG), Simulator, Adventure, Indie","PC (Microsoft Windows), Nintendo Switch",Action,"3d, roguelite",KIMIDORI SOFT,Third person,"Single player, Multiplayer, Co-operative"
M.Duck,2022-03-31,,"Shooter, Indie, Arcade","Android, PC (Microsoft Windows), iOS",Fantasy,"pixel art, roguelite",Protractor Games,"Third person, Side view",Single player
Titan Hunters,2022-03-30,,"Shooter, Arcade","Android, iOS",Action,"roguelike, blockchain, blockchain game, crypto, nft",,Bird view / Isometric,Single player
Astronautilus,2022-03-30,,"Shooter, Indie",PC (Microsoft Windows),Action,"roguelike, bullet hell",neozoid.games,Side view,Single player
Pokémon Battle Woods,2022-03-26,,"Role-playing (RPG), Strategy, Turn-based strategy (TBS)",PC (Microsoft Windows),Fantasy,"unofficial, roguelite, fangame",,"Third person, Bird view / Isometric",Single player
Downfall: A Slay the Spire Fan Expansion,2022-03-25,,"Role-playing (RPG), Strategy, Turn-based strategy (TBS), Adventure, Indie, Card & Board Game",PC (Microsoft Windows),Fantasy,"management, roguelite, deck-building","Table 9 Studio, LLC",Side view,Single player
Returnal: Ascension,2022-03-22,,Shooter,"PC (Microsoft Windows), PlayStation 5","Action, Science fiction","roguelike, time loop, alien world, online coop","Housemarque, Sony Interactive Entertainment",Third person,"Single player, Co-operative"
Pokémon Mystery Dungeon: Future of Hope,2022-03-21,,Role-playing (RPG),Nintendo DS,Fantasy,"roguelike, unofficial",baronessfaron,Bird view / Isometric,Single player
Orbital Bullet,2022-03-21,65.0,"Shooter, Platform, Hack and slash/Beat 'em up, Adventure, Indie, Arcade","PlayStation 4, PC (Microsoft Windows), Xbox One, Nintendo Switch","Action, Science fiction","cyberpunk, roguelike, permadeath, difficult, pixel graphics","SmokeStab, Assemble Entertainment, WhisperGames",Side view,Single player
Cavity Busters,2022-03-18,,"Shooter, Platform, Adventure, Indie","Xbox Series X|S, PlayStation 4, PC (Microsoft Windows), PlayStation 5, Xbox One, Nintendo Switch",Action,"shoot 'em up, roguelike","Eastasiasoft, JanduSoft, SpaceMyFriend",Side view,Single player
Donut Arena,2022-03-17,,Indie,PC (Microsoft Windows),"Action, Fantasy, Comedy",roguelike,Mario Ariano,Bird view / Isometric,Single player
Inscryption: Kaycee's Mod,2022-03-17,,"Strategy, Indie, Card & Board Game","Xbox Series X|S, PlayStation 4, PC (Microsoft Windows), PlayStation 5, Xbox One, Nintendo Switch",Horror,"roguelike, free dlc","Daniel Mullins Games, Devolver Digital",First person,Single player
"Hook, Line, and Spelunker",2022-03-13,,"Role-playing (RPG), Turn-based strategy (TBS), Indie",Web browser,Fantasy,"turn-based, roguelike, fishing, open-source, procedurally generated",Devin Spikowski,Bird view / Isometric,Single player
Mosaic,2022-03-11,,Puzzle,Web browser,,roguelike,,,
Ignited Steel: Mech Tactics,2022-03-09,,"Real Time Strategy (RTS), Strategy, Turn-based strategy (TBS), Tactical, Indie","PlayStation 4, PC (Microsoft Windows), Xbox One, Nintendo Switch","Action, Science fiction","anime, cyberpunk, turn-based, roguelike, mecha, turn-based tactics, roguelite, turn-based rpg","Meteorbyte Studios, Yokaicade",,Single player
Dr. Professor Scientist's Weapons Testing Facility,2022-03-08,,"Simulator, Strategy, Turn-based strategy (TBS), Tactical",PC (Microsoft Windows),Science fiction,"tower defense, roguelike",,Bird view / Isometric,Single player
Guncho,2022-03-07,,"Strategy, Turn-based strategy (TBS)","Web browser, Android, PC (Microsoft Windows), iOS, Mac",Action,"western, roguelike","Terri Vellmann, Arnold Rauers",Bird view / Isometric,Single player
Citywars Tower Defense,2022-03-04,,"Role-playing (RPG), Strategy, Adventure, Arcade","Linux, PC (Microsoft Windows), Mac","Action, Fantasy, Survival, Sandbox","tower defense, character customization, 3d, roguelike, crafting, pvp, online co-op, pve, building, base building, controller support",01 Studio,Third person,"Multiplayer, Co-operative, Split screen, Massively Multiplayer Online (MMO)"
SCP: Vacation,2022-03-03,,"Racing, Indie, Arcade, Card & Board Game",PC (Microsoft Windows),"Action, Fantasy, Horror, Party, Mystery",roguelike,PeaPro,"First person, Third person","Single player, Multiplayer"
Zombie Rollerz: Pinball Heroes,2022-03-02,,"Shooter, Role-playing (RPG), Simulator, Strategy, Pinball, Indie, Arcade","Xbox Series X|S, PC (Microsoft Windows), iOS, PlayStation 5, Nintendo Switch",Action,"zombies, casual, shoot 'em up, character customization, 3d, physics, roguelike, pinball, score attack, colorful, cartoony, controller support, roguelite, previously on - apple arcade","Firefly Games, Daedalic Entertainment, Zing Games Inc.",Bird view / Isometric,Single player
Risk of Rain 2: Survivors of the Void,2022-03-01,80.0,"Shooter, Adventure, Indie","PC (Microsoft Windows), Nintendo Switch","Action, Science fiction, Survival","roguelike, bullet hell, roguelite, looter shooter","Hopoo Games, Gearbox Publishing",Third person,"Single player, Multiplayer, Co-operative"
What's the Matter?,2022-03-01,,"Adventure, Indie",PC (Microsoft Windows),"Action, Educational","bullet hell, edutainment, roguelite, twin stick",,Bird view / Isometric,Single player
Conan Chop Chop,2022-03-01,,"Adventure, Indie","PlayStation 4, PC (Microsoft Windows), Xbox One, Nintendo Switch","Action, Fantasy, Party",roguelite,"Mighty Kingdom Games, Funcom",Bird view / Isometric,"Single player, Multiplayer, Co-operative"
Get Those Bugs,2022-02-28,,"Strategy, Indie, Card & Board Game",PC (Microsoft Windows),Survival,"tower defense, 2d, cute, card based combat, wave attack, roguelite",goki_dev,Bird view / Isometric,Single player
Temple of Rubbo,2022-02-25,,"Role-playing (RPG), Hack and slash/Beat 'em up, Adventure, Indie","PC (Microsoft Windows), Mac","Action, Fantasy","roguelike, procedural generation",Sokpop Collective,Bird view / Isometric,"Single player, Multiplayer, Co-operative"
Doukutsu Randamu,2022-02-17,,"Shooter, Platform, Adventure, Indie",PC (Microsoft Windows),"Action, Science fiction, Sandbox","roguelike, metroidvania, unofficial, fangame",,Side view,Single player
My Heroes: Dungeon Raid,2022-02-15,,"Shooter, Role-playing (RPG), Adventure","Android, iOS","Action, Fantasy","character customization, roguelike, pixel art, dungeon",Reality Squared Games,Bird view / Isometric,Co-operative
I.Rule,2022-02-13,,Strategy,"Android, PC (Microsoft Windows)",,"tower defense, roguelike, fangame",,Bird view / Isometric,Single player
Die After Sunset,2022-02-11,,"Shooter, Role-playing (RPG), Adventure, Indie","Xbox Series X|S, PC (Microsoft Windows), PlayStation 5, Nintendo Switch",Action,"roguelike, roguelite","Playstark, PQube",Third person,Single player
Castle Morihisa,2022-02-10,,"Role-playing (RPG), Strategy, Turn-based strategy (TBS), Adventure, Indie, Card & Board Game","PC (Microsoft Windows), Nintendo Switch",Historical,"2d, turn-based, roguelike, choose your own adventure, procedural generation, difficult, turn-based tactics, dungeon crawler, roguelite, deck-building, roguelike deckbuilder, replayability","Thermite Games, Smokingbear Studio",Side view,Single player
Heroes vs. Hordes,2022-02-07,,"Role-playing (RPG), Hack and slash/Beat 'em up",Android,"Fantasy, Survival",roguelike,Swift Games,Bird view / Isometric,Single player
Re:bound,2022-02-07,,"Role-playing (RPG), Pinball, Indie, Arcade",Web browser,,"roguelike, game jam",,,
Ancient: Legacy of Azul,2022-02-04,,"Platform, Indie",PC (Microsoft Windows),"Action, Fantasy",roguelite,Cosmic Spud,Side view,Single player
Shattered Between,2022-02-03,,"Shooter, Adventure, Indie",PC (Microsoft Windows),Action,"cyberpunk, 3d, roguelike, permadeath, time manipulation, bullet time, pve, class-based, looter shooter",Cloven Crest,"First person, Virtual Reality",Single player
Devil Spire,2022-02-02,,"Role-playing (RPG), Indie",PC (Microsoft Windows),"Action, Fantasy","3d, roguelike, dark fantasy, atmospheric, low-poly, dungeon crawler, devil, roguelite","Ithiro Sumi, Lucas Perdomo, Lucas Bressan",First person,Single player
The Hundred Year Kingdom,2022-02-02,,"Simulator, Strategy, Indie, Card & Board Game","PC (Microsoft Windows), Nintendo Switch","Historical, Romance","anime, management, story rich, roguelite, colony simulator","non_non_cha, Waku Waku Games, Chorus Worldwide",Text,Single player
Vampire Survivors,2022-02-01,81.4,"Role-playing (RPG), Adventure, Indie, Arcade","Xbox Series X|S, PlayStation 4, Linux, Android, PC (Microsoft Windows), iOS, PlayStation 5, Mac, Xbox One, Nintendo Switch","Action, Fantasy, Survival","pixel graphics, increasing difficulty, roguelite, bullet heaven, danmaku",Poncle,Bird view / Isometric,"Single player, Multiplayer, Co-operative, Split screen"
Mysteries of Darkness,2022-01-31,,"Fighting, Strategy, Indie, Card & Board Game",PC (Microsoft Windows),Fantasy,"2d, roguelike, darkness, dungeon fighter, deck-building",Christophe Mercier,Auditory,Single player
"So Far, So High",2022-01-28,,"Shooter, Platform, Arcade","Linux, PC (Microsoft Windows)",Action,"2d, game jam, roguelite",Far Eastern Anon,Side view,Single player
Rogue Tower,2022-01-28,66.4,"Strategy, Tactical, Indie",PC (Microsoft Windows),"Fantasy, Survival","tower defense, roguelike",Die of Death Games,Bird view / Isometric,Single player
Battle Humanoid,2022-01-27,,Card & Board Game,iOS,Action,"tower defense, roguelike, cute, deck-building",Takanori Yasuhara,Bird view / Isometric,Single player
Operation Steel,2022-01-27,,"Shooter, Indie, Arcade","PC (Microsoft Windows), Nintendo Switch","Action, Science fiction","shoot 'em up, 2d, roguelike",Undermog Games,,Single player
Bloody Spell,2022-01-26,50.4,"Role-playing (RPG), Hack and slash/Beat 'em up, Adventure, Indie",PC (Microsoft Windows),"Action, Fantasy, Open world","martial arts, monsters, bloody, ancient china, melee combat, dungeon crawler, sexual content, steam workshop, fan service, modding support, roguelite, soulslike, chinese mythology, action roguelike",Yi Long Games ( 艺龙游戏 ),Third person,"Single player, Multiplayer, Co-operative"
Scarab of Ra,2022-01-26,,Adventure,iOS,,"roguelike, ancient egypt, maze",Semicolon Software,First person,Single player
Bunny Raiders,2022-01-25,,Shooter,"PlayStation 4, PlayStation 5",Action,"roguelike, randomly generated dungeons",One Earth Rising,Third person,"Single player, Co-operative"
Samurai Tactics,2022-01-25,,"Role-playing (RPG), Strategy, Tactical, Indie",PC (Microsoft Windows),"Fantasy, Historical, Warfare","assassin, martial arts, anime, casual, ninja, politics, magic, 2d, roguelike, war, cute, conspiracy, pixel graphics, srpg, hand-drawn","Azuma, Azuma Soft",Bird view / Isometric,Single player
Trident Temple,2022-01-24,,"Hack and slash/Beat 'em up, Indie, Arcade","Web browser, Android, PC (Microsoft Windows)","Action, Fantasy","roguelike, rougelite","Bad Piggy, Bad Piggy",Side view,Single player
GwenBlade,2022-01-21,,"Music, Platform, Role-playing (RPG), Hack and slash/Beat 'em up, Indie",PC (Microsoft Windows),"Action, Drama","character customization, 3d, roguelike, cute, funny, surreal, combat, emotional, colorful, controller support",ArcWillow,Third person,Single player
Infidhells,2022-01-21,,"Puzzle, Arcade","Android, PC (Microsoft Windows)",Fantasy,"roguelike, stacker",,Auditory,Single player
Neon Struct: Desperation Column,2022-01-20,,"Shooter, Indie","Linux, PC (Microsoft Windows)","Action, Stealth","cyberpunk, roguelike, robots, procedural generation, satire, roguelite",Minor Key Games,First person,Single player
Warm Snow,2022-01-19,,"Role-playing (RPG), Adventure, Indie","Xbox Series X|S, PlayStation 4, PC (Microsoft Windows), PlayStation 5, Xbox One, Nintendo Switch",Action,"2d, roguelike","Bilibili Game, BadMudStudio, SneakyBox",Bird view / Isometric,Single player
Red Tether,2022-01-18,,"Shooter, Puzzle, Tactical, Indie","Linux, PC (Microsoft Windows)","Action, Science fiction","2d, roguelike, difficult, asteroids, roguelite",Sleeper Games,Bird view / Isometric,Single player
Operation Zeta,2022-01-14,,"Puzzle, Indie","Xbox Series X|S, PC (Microsoft Windows), Xbox One, Nintendo Switch","Action, Science fiction","roguelike, procedural generation, space, pixel art, pixel graphics",SFS Studios LLC,Side view,Single player
Hero Lodge,2022-01-12,,"Strategy, Indie",PC (Microsoft Windows),Fantasy,"multiple endings, turn-based tactics, pixel graphics, grid-based movement, choices matter, steam cloud, steam leaderboards, roguelite, solo developer, party customization",,Bird view / Isometric,Single player
Dawn of Kagura: Keika's Story,2022-01-08,,"Adventure, Visual Novel",PC (Microsoft Windows),Fantasy,"roguelike, female protagonist, turn-based combat, mystery dungeon, nsfw version exists","Debonosu Works, Shiravune",Bird view / Isometric,Single player
Dead Cells: Road to the Sea,2022-01-06,,"Platform, Adventure, Indie","PlayStation 4, Linux, PC (Microsoft Windows), PlayStation 5, Mac, Nintendo Switch","Action, Fantasy","metroidvania, roguelite, soulslike","Motion Twin, Evil Empire",Side view,Single player
Dead Cells: The Queen and the Sea,2022-01-06,87.7,"Platform, Adventure, Indie","Xbox Series X|S, PlayStation 4, Linux, Android, PC (Microsoft Windows), iOS, PlayStation 5, Mac, Xbox One, Nintendo Switch","Action, Fantasy","metroidvania, roguelite, soulslike","Evil Empire, Motion Twin",Side view,Single player
Scrolls of Fire,2022-01-01,,Hack and slash/Beat 'em up,Game Boy Advance,Action,"roguelike, homebrew, rom",akouzoukos,Bird view / Isometric,Single player
Angry Rocketeer Frenzy,2021-12-27,,"Shooter, Indie, Arcade",PC (Microsoft Windows),"Action, Science fiction","shoot 'em up, roguelite",KazakovStudios,,Single player
Picokaiju,2021-12-25,,Turn-based strategy (TBS),Web browser,Action,"roguelike, kaiju",spoike,Bird view / Isometric,Single player
Demons of Dex,2021-12-23,,Role-playing (RPG),Commodore C64/128/MAX,Fantasy,roguelike,Petrih,Bird view / Isometric,Single player
Adventure Rush,2021-12-22,,"Shooter, Indie, Arcade",PC (Microsoft Windows),"Action, Fantasy","shoot 'em up, roguelike, pixel art, horizontal shooter, steam achievements, single-player only",,Bird view / Isometric,Single player
Dungeon Royale,2021-12-22,,"Role-playing (RPG), Indie",PC (Microsoft Windows),Action,"roguelike, pixel art",YakiCL,Bird view / Isometric,Battle Royale
Seraph's Last Stand,2021-12-21,,"Shooter, Indie, Arcade","Web browser, Android, PC (Microsoft Windows), Nintendo Switch","Action, Fantasy","casual, magic, 2d, roguelike, dark fantasy, permadeath, bullet hell, pixel graphics, score attack","Odd Giant, Sad Socket",Side view,Single player
Rust Raiders,2021-12-20,,"Strategy, Indie, Card & Board Game",PC (Microsoft Windows),Action,"roguelike, deckbuilder, action roguelike",Overlord Game Studio,Side view,Single player
Firegirl: Hack 'n Splash Rescue,2021-12-14,,"Platform, Hack and slash/Beat 'em up, Adventure",PC (Microsoft Windows),Action,"roguelike, 2.5d, female protagonist, story rich, family friendly, colorful, firefighter","Dejima Games, Thunderful",Side view,Single player
Void Grimm,2021-12-10,,"Real Time Strategy (RTS), Strategy, Indie, Card & Board Game",PC (Microsoft Windows),"Action, Science fiction","fast paced, permadeath, space ship, roguelite, space combat, deck-building, roguelike deckbuilder",Ravery,First person,Single player
The Way Home,2021-12-03,,"Role-playing (RPG), Adventure, Indie","Android, PC (Microsoft Windows), iOS, Mac","Action, Fantasy, Survival","roguelike, crafting, resource gathering",CONCODE,Bird view / Isometric,Single player
Space Survival,2021-12-01,,"Indie, Arcade",PC (Microsoft Windows),"Action, Science fiction, Survival, Open world","casual, 2d, roguelike, permadeath, futuristic, space","logicandchaos, Matt Timmermans","Bird view / Isometric, Side view",Single player
Shonen Adventure: The Dual Blades Hero,2021-12-01,,"Puzzle, Role-playing (RPG), Adventure, Indie","SteamVR, Oculus Rift","Action, Fantasy","exploration, magic, roguelike, crpg, swordplay, supernatural, hidden object, score attack, colorful, spectacle fighter",Melvyn Boutel,"First person, Virtual Reality",Single player
Anvil,2021-12-01,,"Shooter, Hack and slash/Beat 'em up","Xbox Series X|S, PC (Microsoft Windows), Xbox One","Action, Science fiction","roguelike, bullet hell","SK Telecom, Action Square, HIKE",Bird view / Isometric,"Single player, Multiplayer, Co-operative"
Divinity Chronicles: Journey to the West,2021-12-01,,"Role-playing (RPG), Strategy, Turn-based strategy (TBS), Adventure, Indie, Card & Board Game","PC (Microsoft Windows), Mac",Fantasy,"roguelike, deck-building, turn-based rpg",Z studio,"Bird view / Isometric, Side view",Single player
Void Dementia,2021-11-30,,"Role-playing (RPG), Hack and slash/Beat 'em up, Indie",PC (Microsoft Windows),"Action, Fantasy, Science fiction, Horror, Mystery","aliens, post-apocalyptic, dark, 3d, roguelike, dark fantasy, female protagonist, demons, lovecraftian, bullet time, combat, soulslike, h. p. lovecraft, arpg",J2YSOFT,Third person,Single player
Road to Newtopia,2021-11-26,,"Role-playing (RPG), Simulator, Adventure","Linux, PC (Microsoft Windows), Mac","Fantasy, Survival","roguelike, fangame",krizby,Text,Single player
Crash the Core,2021-11-26,,"Role-playing (RPG), Strategy, Turn-based strategy (TBS), Indie, Card & Board Game",PC (Microsoft Windows),Science fiction,"roguelike, roguelite, deck-building, roguelike deckbuilder",Honest Rogue Games,Text,"Single player, Multiplayer, Co-operative"
Sunset World Online,2021-11-24,,"Platform, Puzzle, Role-playing (RPG), Adventure, Indie","Linux, Android, PC (Microsoft Windows), Mac","Action, Fantasy, Open world","exploration, character customization, magic, 2d, roguelike, pvp, pve, dungeon crawler, roguelite",XPloria / Musclebird,Side view,"Multiplayer, Co-operative, Massively Multiplayer Online (MMO)"
Mischance,2021-11-23,,"Simulator, Strategy, Indie",PC (Microsoft Windows),Comedy,roguelike,,First person,Single player
Tunnel of Doom,2021-11-23,,"Role-playing (RPG), Strategy, Tactical, Hack and slash/Beat 'em up, Adventure, Indie","Xbox Series X|S, PC (Microsoft Windows), Xbox One, Nintendo Switch","Action, Fantasy, Survival","tower defense, monsters, 2d, roguelike, procedural generation, permadeath, pixel graphics, mining, dungeon crawler, roguelite","Digerati Distribution, Antti Vaihia",Bird view / Isometric,Single player
Dungeonball,2021-11-19,,"Shooter, Sport, Indie","PC (Microsoft Windows), Mac","Action, Fantasy","roguelike, procedural generation",Sokpop Collective,First person,Single player
Uberlaufer,2021-11-18,,"Adventure, Indie",PC (Microsoft Windows),"Action, Stealth","roguelike, dungeon crawler",Think Tank Decoy Software,Virtual Reality,Single player
Undungeon,2021-11-18,,"Role-playing (RPG), Adventure, Indie","PlayStation 4, PC (Microsoft Windows), Xbox One, Nintendo Switch","Action, Science fiction","crowdfunding - kickstarter, crowdfunding, roguelite","Laughing Machines, tinyBuild, Pingle Game Studio",Bird view / Isometric,Single player
Gunfire Reborn,2021-11-17,73.9,"Shooter, Role-playing (RPG), Adventure, Indie","Xbox Series X|S, PlayStation 4, Android, PC (Microsoft Windows), iOS, PlayStation 5, Xbox One, Nintendo Switch",Action,"roguelike, procedural generation, roguelite","Duoyi (Hong Kong) Interactive Entertainment Limited, 505 Games",First person,"Single player, Multiplayer, Co-operative"
Curious Expedition 2: Highlands of Avalon,2021-11-16,,"Role-playing (RPG), Simulator, Strategy, Turn-based strategy (TBS), Adventure, Indie, Card & Board Game","PC (Microsoft Windows), Nintendo Switch","Fantasy, Historical",roguelike,"Maschinen-Mensch, Thunderful","Bird view / Isometric, Side view",Single player
Hammerting,2021-11-16,,"Role-playing (RPG), Simulator, Strategy, Adventure, Indie",PC (Microsoft Windows),"Fantasy, Survival, Sandbox","exploration, roguelike, crafting, dark fantasy, permadeath, resource management, atmospheric, combat, base building, procedurally generated, dwarves, dungeon crawler, mod support, challenging, replayability",Warpzone Studios,Side view,"Single player, Multiplayer, Co-operative"
Heaven's Machine,2021-11-11,,Arcade,Nintendo Switch,Action,roguelite,"Glass Revolver, Super Rare Games",Bird view / Isometric,Single player
Synthetik 2,2021-11-11,,"Shooter, Indie",PC (Microsoft Windows),Action,roguelite,Flow Fire Games,Bird view / Isometric,"Single player, Multiplayer, Co-operative"
Kainga,2021-11-11,,"Strategy, Indie",PC (Microsoft Windows),Fantasy,"god game, procedural generation, 2.5d, resource management, management, stylized, crowdfunding - kickstarter, hand-drawn, city builder, roguelite","Erik Rempen, Green Man Gaming",Bird view / Isometric,Single player
Valley Knights,2021-11-05,,"Role-playing (RPG), Strategy, Turn-based strategy (TBS), Adventure, Indie",PC (Microsoft Windows),,"roguelike, turn-based rpg",Long Road Games,Third person,Single player
Cycled,2021-11-05,,Indie,PC (Microsoft Windows),"Action, Fantasy","roguelike, dungeon crawler, colorful",TwistedNail,Bird view / Isometric,Single player
Challenge Dream Cat,2021-11-04,,"Platform, Puzzle, Adventure, Indie",PC (Microsoft Windows),"Action, Fantasy, Comedy","casual, 3d, roguelike, cats, runner, cute, funny, relaxing, emotional, 3d platformer, family friendly, cartoony, puzzle platformer","SecondFox, eTIRUe",Third person,Single player
Usurper: Soulbound,2021-11-02,,"Fighting, Role-playing (RPG), Hack and slash/Beat 'em up, Indie",PC (Microsoft Windows),"Action, Fantasy","roguelike, local co-op, remote play, soulslike",Caspian Interactive,"Third person, Bird view / Isometric","Single player, Co-operative, Split screen"
Endless Firepower,2021-10-29,,"Shooter, Adventure, Indie",PC (Microsoft Windows),Action,roguelike,"Diomonder, Walrusking",First person,Single player
Pokémon Mystery Dungeon: Divided Spirits,2021-10-28,,Role-playing (RPG),Nintendo DS,Fantasy,"roguelike, unofficial",tainted3886,Bird view / Isometric,Single player
FrankenStorm TD: Prologue,2021-10-26,,"Strategy, Indie",PC (Microsoft Windows),,"tower defense, roguelike, roguelite","Doodad Games, Ethan Close",Bird view / Isometric,Single player
Defend the Rook,2021-10-26,,"Role-playing (RPG), Strategy, Turn-based strategy (TBS), Indie","PlayStation 4, PC (Microsoft Windows), PlayStation 5, Xbox One, Nintendo Switch",Fantasy,"tower defense, turn-based, roguelike, base building, previously on - utomik, previously on - prime gaming","Goblinz Publishing, Maple Whispering Limited, One Up Plus Entertainment, Klabater",Bird view / Isometric,Single player
Flashlight,2021-10-25,,"Shooter, Adventure, Indie, Arcade","PC (Microsoft Windows), Mac","Action, Survival","roguelike, pvp, capture the flag, roguelite",SouthWater Games,Third person,"Single player, Multiplayer, Co-operative"
Sword of the Stars: The Pit 2,2021-10-22,,"Role-playing (RPG), Strategy, Turn-based strategy (TBS), Adventure, Indie",PC (Microsoft Windows),"Action, Science fiction, Survival","turn-based, roguelike, crafting, alien world",Kerberos Productions,Bird view / Isometric,Single player
The Monster Within,2021-10-22,,"Strategy, Indie, Card & Board Game","Windows Phone, PC (Microsoft Windows)","Horror, Comedy","vampire, 2d, roguelike, 1950s, supernatural, stylized, hand-drawn, vampires, deck-building",GMO Free Games,Third person,Single player
Kate: Collateral Damage,2021-10-22,,"Hack and slash/Beat 'em up, Indie, Arcade",PC (Microsoft Windows),"Action, Survival","3d, arena shooter, colorful, roguelite",Ludic Studios,Bird view / Isometric,Single player
Necore Tower: Redux Edition,2021-10-20,,"Puzzle, Role-playing (RPG), Adventure, Indie","Linux, PC (Microsoft Windows)","Action, Fantasy, Science fiction","roguelike, story rich, short story, roguelite, arpg",Outback Games,Bird view / Isometric,Single player
Evertried,2021-10-20,,"Strategy, Turn-based strategy (TBS), Tactical, Indie","Xbox Series X|S, PlayStation 4, Linux, PC (Microsoft Windows), PlayStation 5, Mac, Xbox One, Nintendo Switch","Action, Fantasy","turn-based combat, crowdfunding - kickstarter, crowdfunding, roguelite, grid-based","Danilo Domingues, Lunic Games, DANGEN Entertainment",Bird view / Isometric,Single player
Dungeon Arsenal,2021-10-19,,"Puzzle, Strategy, Indie, Card & Board Game","PlayStation 4, PC (Microsoft Windows), Xbox One, Nintendo Switch",Fantasy,"roguelike, procedural generation, permadeath",Deadpix Studios,,Single player
Into the Pit,2021-10-19,69.1,"Shooter, Indie","PC (Microsoft Windows), Xbox One","Action, Fantasy","magic, old school, roguelite","Nullpointer Games, Nullpointer Games",First person,Single player
Dead Estate,2021-10-19,69.0,"Shooter, Indie, Arcade",PC (Microsoft Windows),"Action, Horror","zombies, shoot 'em up, roguelike, fast paced, procedural generation, permadeath, demons, halloween, gore, dungeon crawling, pixel graphics, zombie shooter, action roguelike, replay value","Milkbar Lads, 2 Left Thumbs",Bird view / Isometric,Single player
Heartless Dark,2021-10-14,,"Shooter, Indie",PC (Microsoft Windows),"Action, Horror, Survival","dark, roguelike, procedural generation, permadeath, short, atmospheric, violent, immersive, roguelite",iamRoarke,Bird view / Isometric,Single player
Girl Agent,2021-10-14,,"Shooter, Role-playing (RPG), Adventure, Indie","Windows Phone, PC (Microsoft Windows)","Action, Survival","anime, roguelike, female protagonist, roguelite, 3d platform",Aged Immortals,Bird view / Isometric,Single player
Ruin Raiders,2021-10-14,,"Role-playing (RPG), Strategy, Turn-based strategy (TBS), Adventure, Indie, Arcade","PC (Microsoft Windows), Nintendo Switch","Action, Science fiction","turn-based tactics, roguelite, xcom, available on - indie pass","OverPowered Team, Freedom Games",Bird view / Isometric,Single player
Increlution,2021-10-13,,"Point-and-click, Role-playing (RPG), Strategy, Indie","Linux, PC (Microsoft Windows), Mac","Fantasy, Survival","casual, 2d, resource management, old school, time management, idle game, roguelite",Gniller,Text,Single player
Dungeon Deathball,2021-10-13,70.0,"Puzzle, Role-playing (RPG), Sport, Strategy, Turn-based strategy (TBS), Tactical, Indie, Arcade",PC (Microsoft Windows),Fantasy,"football, roguelike, dark fantasy, procedural generation, short, turn-based tactics, pixel graphics, grid-based movement, score attack, turn-based combat, roguelite",Matt Glanville,Bird view / Isometric,Single player
Orpiment,2021-10-11,,"Real Time Strategy (RTS), Adventure, Indie, Card & Board Game",PC (Microsoft Windows),"Fantasy, Historical","medieval, 2d, roguelike, king, roguelite",YOBIKÉ,Side view,Single player
Kingdom Fall: Dawn of the Druid,2021-10-08,,"Role-playing (RPG), Hack and slash/Beat 'em up",PC (Microsoft Windows),"Action, Survival, Open world","medieval, roguelike, archery",Crater Studios,Third person,Single player
Castle Cardians,2021-10-08,,"Simulator, Strategy, Indie",PC (Microsoft Windows),Fantasy,"casual, medieval, roguelike, pixel graphics, choices matter, deck-building","风宇冲, CubeGame",Bird view / Isometric,Single player
The Ultimate Game,2021-10-08,,"Simulator, Sport, Tactical, Indie","Linux, PC (Microsoft Windows), Mac","Action, Sandbox","roguelike, artificial intelligence, esport","DROP STEP STUDIOS, Sean Parker",Third person,"Single player, Multiplayer, Co-operative"
Children of Morta: Ancient Spirits,2021-10-07,,"Role-playing (RPG), Adventure, Indie","Xbox Series X|S, PlayStation 4, Linux, PC (Microsoft Windows), Mac, Xbox One, Nintendo Switch","Action, Fantasy","violent, roguelite","11 bit studios, Dead Mage",Bird view / Isometric,"Single player, Multiplayer, Co-operative, Split screen"
Apocalich,2021-10-07,,"Role-playing (RPG), Tactical, Adventure, Indie","PC (Microsoft Windows), Mac","Action, Fantasy","exploration, 2d, class-based, cute, family friendly, colorful, time management, roguelite",Sokpop Collective,"Side view, Text","Single player, Multiplayer, Co-operative, Split screen"
Ground-Unbound,2021-10-07,,"Shooter, Indie",PC (Microsoft Windows),"Action, Science fiction","zombies, roguelike, artificial intelligence, colorful",Frinky,First person,Single player
Desert Magic Adventures,2021-10-07,,"Hack and slash/Beat 'em up, Adventure, Indie",PC (Microsoft Windows),"Action, Fantasy, Survival","zombies, exploration, magic, 2d, roguelike, pve, cute",wow wow Games,Side view,Single player
Load Roll Die,2021-10-06,,"Strategy, Turn-based strategy (TBS), Tactical, Indie, Card & Board Game","Linux, PC (Microsoft Windows), Mac",Fantasy,"roguelike, dice, roguelite, deck-building, roguelike deckbuilder, dungeon",ToothPike Games,Bird view / Isometric,Single player
The Lesser Evil,2021-10-04,,"Shooter, Arcade","Web browser, Linux, PC (Microsoft Windows), Mac",Action,"roguelike, ludum dare 49",,Bird view / Isometric,Single player
Scoober Splat!,2021-10-01,,Indie,"Web browser, Linux, PC (Microsoft Windows), Mac","Action, Survival, Comedy, Party","casual, underwater, roguelike, browser-based, steam, asymmetric gameplay, web, tag, asymmetric co-op, voice chat, asymmetrical survival horror",No Bloat,Bird view / Isometric,"Multiplayer, Co-operative"
Touhou Genso Wanderer: Lotus Labyrinth R - Wily Beast and Weakest Creature Friends,2021-09-30,,"Role-playing (RPG), Adventure, Indie","PC (Microsoft Windows), Nintendo Switch","Action, Fantasy","magic, turn-based, roguelike, chicken, dragon, japan, youkai, turtle, cow, human, touhou project, fangame, conversation, touhou fangame, level up, doujin game","AQUA STYLE, Phoenixx Inc., AQUA STYLE",Bird view / Isometric,Single player
Sweet Surrender,2021-09-30,,"Shooter, Tactical, Indie, Arcade","Meta Quest 2, PlayStation VR2, PC (Microsoft Windows), Oculus Quest","Action, Science fiction","roguelike, combat, available on - horizon catalog",Salmi Games,"First person, Virtual Reality",Single player
Rogue Lords,2021-09-30,,"Role-playing (RPG), Strategy, Adventure, Indie, Card & Board Game","Xbox Series X|S, PlayStation 4, PC (Microsoft Windows), PlayStation 5, Xbox One, Nintendo Switch",Fantasy,"dark, magic, 2d, turn-based, roguelike, supernatural, hand-drawn, vampires, roguelite","Cyanide Studio, Leikir Studio, Nacon","Third person, Bird view / Isometric",Single player
Skeletal Avenger,2021-09-29,,"Fighting, Role-playing (RPG), Hack and slash/Beat 'em up, Adventure, Indie","Xbox Series X|S, PlayStation 4, PC (Microsoft Windows), iOS, PlayStation 5, Xbox One, Nintendo Switch",Action,"roguelite, available on - blacknut",10tons,Bird view / Isometric,"Single player, Multiplayer, Co-operative"
Yoli,2021-09-28,,Indie,PC (Microsoft Windows),Action,"tower defense, roguelite",Old School Vibes,Side view,Single player
Damocles Gaze,2021-09-28,,"Shooter, Indie, Arcade",PC (Microsoft Windows),"Action, Fantasy","roguelike, fast paced, pixel art, procedurally generated, twin stick control, roguelite",PUNKCAKE Délicieux,Bird view / Isometric,Single player
Powernaut 2,2021-09-24,,"Platform, Adventure, Indie",PC (Microsoft Windows),"Action, Science fiction",roguelite,Alex Hall,Side view,Single player
"Slayers, Inc.",2021-09-24,,"Shooter, Role-playing (RPG), Indie",PC (Microsoft Windows),"Action, Fantasy","demons, twin stick control, roguelite",Woogedy Games,Bird view / Isometric,Single player
Pawnbarian,2021-09-24,73.3,"Puzzle, Strategy, Tactical, Indie, Card & Board Game","Linux, Android, PC (Microsoft Windows), iOS, Mac, Nintendo Switch",Fantasy,"chess, turn-based, shogi, card based combat, roguelite",j4nw,Bird view / Isometric,Single player
Neural Cloud,2021-09-23,,"Role-playing (RPG), Strategy","Android, iOS",,"roguelike, turn-based rpg",SUNBORN Network,Bird view / Isometric,Single player
Strife of Cosmos,2021-09-23,,"Role-playing (RPG), Turn-based strategy (TBS)",PC (Microsoft Windows),,"retro, jrpg, fast paced, space, pixel art, roguelite, turn-based rpg",,,Single player
Itazura Madness,2021-09-22,,"Fighting, Strategy, Adventure, Indie","Web browser, PC (Microsoft Windows)","Action, Fantasy, Survival, Comedy","roguelike, action roguelike",Zizou,First person,Single player
Overrogue,2021-09-22,,"Role-playing (RPG), Simulator, Strategy, Adventure, Card & Board Game","Xbox Series X|S, PlayStation 4, Android, PC (Microsoft Windows), iOS, PlayStation 5, Xbox One",Fantasy,"casual, roguelike, stylized, pixelated, offline, deck-building, turn-based rpg","Exe-Create Inc., Kemco","Bird view / Isometric, Side view",Single player
Anna-san-tachi no Fushigi no Meikyuu,2021-09-18,,"Role-playing (RPG), Adventure, Indie",PC (Microsoft Windows),"Action, Fantasy","zombies, exploration, wizards, sword, 2d, turn-based, roguelike, maze, girls, female protagonist, skeleton, labyrinth, forest, traps, cute, dungeon crawling, pixel graphics, pixels, dungeon crawler, battle, armor, randomly generated dungeons, randomly generated maps, bread, prince, fangame, dungeon fighter, mystery dungeon, conversation, mapping, doujin game, dungeon, weapons, shield, map creation","CAPRICORN, DLsite, BEEP, Melonbooks, Toranoana",Bird view / Isometric,Single player
Metallic Child,2021-09-15,,"Role-playing (RPG), Hack and slash/Beat 'em up, Indie","PlayStation 4, Android, PC (Microsoft Windows), iOS, PlayStation 5, Nintendo Switch","Action, Science fiction",roguelike,Studio HG,Third person,Single player
Arboria,2021-09-09,,"Role-playing (RPG), Adventure, Indie",PC (Microsoft Windows),"Action, Fantasy, Mystery","roguelike, dark fantasy, procedural generation, difficult, mythology, atmospheric, dungeon crawler, violent, roguelite, available on - blacknut","All In! Games, Dreamplant",Third person,Single player
Ultra Age,2021-09-09,,"Hack and slash/Beat 'em up, Adventure, Indie","PlayStation 4, PC (Microsoft Windows), Nintendo Switch","Action, Science fiction","post-apocalyptic, fast paced, robots, mutants, roguelite, spectacle fighter","Next Stage Inc., Visual DART Co., Ltd, Intragames Co., Ltd, DANGEN Entertainment",Third person,Single player
Dice Legacy,2021-09-08,68.8,"Puzzle, Simulator, Strategy, Adventure, Indie","PC (Microsoft Windows), Nintendo Switch",Survival,roguelike,"Ravenscourt, DESTINYbit",Third person,Single player
In the Bush,2021-09-07,,"Shooter, Indie",PC (Microsoft Windows),"Action, Fantasy","roguelike, difficult, twin stick",Mungames,Bird view / Isometric,Single player
Rift Wizard,2021-09-01,,"Role-playing (RPG), Strategy, Indie",PC (Microsoft Windows),Fantasy,"magic, 2d, roguelike",Dylan White,,Single player
Ira,2021-08-31,,Shooter,PC (Microsoft Windows),"Action, Fantasy","2d, roguelike, procedural generation, bullet hell, female protagonist, atmospheric, procedurally generated","Nicalis, Inc., ABShot",,Single player
Turnip Boy Commits Tax Evasion: The Sunset Station Update,2021-08-26,,"Puzzle, Role-playing (RPG), Adventure, Indie","Xbox Series X|S, PlayStation 4, Linux, PC (Microsoft Windows), Mac, Xbox One, Nintendo Switch","Action, Fantasy, Comedy","free dlc, roguelite, free update","Graffiti Games, Snoozy Kazoo",Bird view / Isometric,Single player
Betrayer: Curse of the Spine,2021-08-26,,"Platform, Role-playing (RPG), Hack and slash/Beat 'em up, Adventure, Indie",PC (Microsoft Windows),"Action, Fantasy","2d, roguelike, metroidvania","Triple Ch3rry Studios, Proponent Games",Side view,Single player
Ampersat,2021-08-26,,"Shooter, Role-playing (RPG), Hack and slash/Beat 'em up, Adventure, Arcade","Xbox Series X|S, PlayStation 4, Linux, PC (Microsoft Windows), PlayStation 5, Mac, Xbox One, Nintendo Switch","Action, Fantasy","magic, sword, 3d, crpg, procedural generation, voxel, old school, female protagonist, achievements, dungeon crawling, upgrade, procedurally generated, melee combat, dungeon crawler, boss fight, steam achievements, xbox controller support for pc, split-screen multiplayer, armor, non-humanoid protagonist, magic staff, elementals, skill tree, poisoning, burning, status effects, remote play, controller support, roguelite, bossfight, bosses, ranged combat, health, steam families, money, loot, upgrades, spear","Ratalaika Games S.L., Gaterooze, Ink, GrabTheGames",Bird view / Isometric,"Single player, Multiplayer, Co-operative"
Ultimate ADOM: Caverns of Chaos,2021-08-25,,"Role-playing (RPG), Strategy, Adventure, Indie","PlayStation 4, Linux, PC (Microsoft Windows), Mac, Xbox One, Nintendo Switch",,"exploration, roguelike, crpg, dungeon crawler, controller support",Team ADOM,,Single player
Never Return,2021-08-20,,"Fighting, Adventure, Indie",PC (Microsoft Windows),Action,roguelike,jump,Third person,"Single player, Multiplayer, Co-operative"
Space Scavenger,2021-08-20,,"Shooter, Adventure, Indie, Arcade","PC (Microsoft Windows), Nintendo Switch","Action, Science fiction","roguelike, building, twin stick",Red Cabin Games,Bird view / Isometric,Single player
The Doors of Trithius,2021-08-16,,"Role-playing (RPG), Strategy, Turn-based strategy (TBS), Indie",PC (Microsoft Windows),Fantasy,"roguelike, procedural generation",,,Single player
Mighty!,2021-08-14,,Indie,PC (Microsoft Windows),Action,roguelike,Hychana,Bird view / Isometric,Single player
Replikator,2021-08-12,,"Shooter, Adventure, Indie","Xbox Series X|S, PlayStation 4, PC (Microsoft Windows), PlayStation 5, Xbox One",Action,"roguelike, bullet hell, pixel graphics","R_Games, Meridian4",Bird view / Isometric,Single player
Critadel,2021-08-11,,"Platform, Role-playing (RPG), Adventure, Indie","PC (Microsoft Windows), Nintendo Switch","Action, Science fiction","2d, roguelike, robots, procedural generation, futuristic, pixel graphics, dungeon crawler, roguelite","Nicalis, Inc., Pixelian Studio",Side view,Single player
CreatorCrate,2021-08-11,,"Platform, Indie",PC (Microsoft Windows),"Action, Science fiction","physics, experimental, roguelike",CreatorCrate Games,Side view,Single player
The Wratch's Den,2021-08-10,,"Role-playing (RPG), Simulator, Strategy, Turn-based strategy (TBS), Indie",PC (Microsoft Windows),"Fantasy, Survival","roguelike, dungeon management, pixel art, anti-hero",PUNKCAKE Délicieux,Bird view / Isometric,Single player
Hellblusser,2021-08-10,,"Role-playing (RPG), Hack and slash/Beat 'em up, Indie","PC (Microsoft Windows), Mac","Action, Fantasy",roguelike,"Sokpop Collective, Sokpop Collective",First person,Single player
Mech Armada,2021-08-10,,"Role-playing (RPG), Strategy, Turn-based strategy (TBS), Tactical, Indie, Card & Board Game","Xbox Series X|S, PlayStation 4, PC (Microsoft Windows), PlayStation 5, Xbox One, Nintendo Switch","Science fiction, Warfare","mech, turn-based, roguelike, robots, kaiju, war, mecha, turn-based tactics, grid",Lioncode Games,Bird view / Isometric,Single player
Black Book,2021-08-10,83.6,"Role-playing (RPG), Strategy, Turn-based strategy (TBS), Adventure, Indie, Card & Board Game","PlayStation 4, PC (Microsoft Windows), iOS, Mac, Xbox One, Nintendo Switch","Action, Fantasy, Horror, Historical","demon, 3d, turn-based, roguelike, dark fantasy, mythology, female protagonist, turn-based tactics, slavic folklore, dungeon crawler, story rich, choices matter, roguelite, card battler","Morteshka, HypeTrain Digital",Bird view / Isometric,Single player
Trials of Midnight,2021-08-05,,"Strategy, Indie, Card & Board Game","Android, iOS",Fantasy,"roguelike, dark fantasy, dreams, spooky, deck-building",MassDiGI,Third person,Single player
Everslaught,2021-07-31,,"Role-playing (RPG), Hack and slash/Beat 'em up, Indie","Oculus VR, Windows Mixed Reality, SteamVR","Action, Fantasy, Horror","roguelike, dungeon crawler, roguelite",MobX,"First person, Virtual Reality",Single player
Banners of Ruin,2021-07-29,77.2,"Role-playing (RPG), Strategy, Turn-based strategy (TBS), Indie, Card & Board Game","PC (Microsoft Windows), Nintendo Switch",Fantasy,"dark, roguelike, difficult, atmospheric, dungeon crawler, deck-building, replayability, previously on - utomik","Goblinz Studio, MonteBearo",Side view,Single player
Command Line Pilot,2021-07-22,,"Strategy, Turn-based strategy (TBS), Indie, Card & Board Game",PC (Microsoft Windows),Science fiction,"mech, turn-based, roguelike",,Bird view / Isometric,Single player
Yuki: Space Ranger,2021-07-20,,"Shooter, Strategy, Adventure, Indie, Arcade","Oculus VR, Meta Quest 2, PlayStation VR, PC (Microsoft Windows), SteamVR, Oculus Quest","Action, Fantasy, Science fiction","roguelike, procedural generation, bullet hell, randomly generated maps, roguelite",ARVORE Immersive Experiences,"Third person, Virtual Reality",Single player
Arbor,2021-07-19,,"Platform, Adventure, Indie, Arcade",PC (Microsoft Windows),"Action, Fantasy","roguelike, procedural generation, dungeon crawler",DonutDaEarth,Side view,Single player
Toroom,2021-07-17,,"Shooter, Platform, Adventure, Indie","PC (Microsoft Windows), Nintendo Switch",Action,"roguelike, procedural generation, dungeon crawler",Gagonfe,Bird view / Isometric,"Single player, Multiplayer, Co-operative"
Finding A Prince: The Game,2021-07-15,,"Fighting, Role-playing (RPG), Strategy, Indie",PC (Microsoft Windows),"Action, Fantasy, Comedy","anime, roguelike, jrpg, lgbtq+, partial nudity, sexual themes, rougelite",Gunshot Studios,Side view,Single player
Slice & Dice,2021-07-13,85.5,"Role-playing (RPG), Strategy, Turn-based strategy (TBS), Indie","Android, PC (Microsoft Windows), iOS, Mac",Fantasy,"roguelike, dice",tann,Third person,Single player
Bad Gobelet,2021-07-10,,Adventure,"Linux, PC (Microsoft Windows), Mac",Horror,"2d, roguelike, dungeon crawler",dom,Bird view / Isometric,Single player
Metavaxx,2021-07-10,,"Shooter, Puzzle, Strategy, Indie, Arcade",PC (Microsoft Windows),"Action, Science fiction","shmup, minesweeper, pixel art, twin stick control, roguelite","PUNKCAKE Délicieux, PUNKCAKE Délicieux",Bird view / Isometric,Single player
Helix,2021-07-09,,"Shooter, Indie",PC (Microsoft Windows),Action,"roguelike, combat",,Bird view / Isometric,Single player
Samurai Shampoo,2021-07-02,,Hack and slash/Beat 'em up,PC (Microsoft Windows),"Action, Fantasy","roguelike, difficult, bullet hell, freeware, pixel graphics, dungeon crawler, free-to-play, action roguelike",Jojo Einerhand,Bird view / Isometric,Single player
Froglike: The Frog Roguelike,2021-06-30,,"Platform, Indie, Arcade","Android, iOS",Action,"roguelike, frog, pixel art, roguelite",Jimjum Studios,Bird view / Isometric,Single player
Head 2 Head,2021-06-28,,"Fighting, Adventure, Indie",PC (Microsoft Windows),"Action, Fantasy, Survival, Comedy",roguelike,ArcForged,Side view,"Single player, Multiplayer"
Roguely,2021-06-25,,"Shooter, Indie",PC (Microsoft Windows),"Action, Fantasy","roguelike, pixel art, roguelite",Sqrl Studios,Bird view / Isometric,Single player
Roguebook,2021-06-17,77.2,"Puzzle, Role-playing (RPG), Strategy, Turn-based strategy (TBS), Tactical, Adventure, Indie, Card & Board Game","Google Stadia, Xbox Series X|S, PlayStation 4, Linux, PC (Microsoft Windows), PlayStation 5, Mac, Xbox One, Nintendo Switch",Fantasy,"procedurally generated, turn-based combat, crowdfunding - kickstarter, crowdfunding, card based combat, roguelite, deck-building, previously on - prime gaming, previously on - stadia pro","Abrakam, Nacon","Bird view / Isometric, Side view",Single player
Eternal Starlight VR,2021-06-17,,"Simulator, Strategy, Adventure, Indie","Oculus VR, Meta Quest 2, PC (Microsoft Windows)","Action, Science fiction, Warfare",roguelike,White Noise Games,Virtual Reality,Single player
Wildermyth,2021-06-15,80.0,"Role-playing (RPG), Strategy, Turn-based strategy (TBS), Tactical, Adventure, Indie","Xbox Series X|S, PlayStation 4, Linux, PC (Microsoft Windows), PlayStation 5, Mac, Xbox One, Nintendo Switch",Fantasy,"roguelike, crafting, character development, humor, cosmic horror, story rich, tactical rpg ( trpg ), hand-drawn, randomly generated maps, comic book cutscene, modding support, comicbook style, intergenerational, versatile, character relationships","Worldwalker Games, WhisperGames, Auroch Digital",Third person,"Single player, Multiplayer, Co-operative"
Akinofa,2021-06-14,,"Shooter, Indie, Arcade","Xbox Series X|S, PlayStation 4, PC (Microsoft Windows), PlayStation 5, Xbox One, Nintendo Switch","Action, Fantasy","shoot 'em up, 2d, undead, pixel graphics, horizontal shooter, single-player only, roguelite",Pixel Lantern,Side view,Single player
Legends of Kingdom Rush,2021-06-11,,"Strategy, Turn-based strategy (TBS), Indie","PC (Microsoft Windows), iOS, Mac","Action, Fantasy","roguelite, apple arcade, available on - apple arcade",Ironhide Game Studio,,Single player
Capital Command,2021-06-10,,"Real Time Strategy (RTS), Simulator, Strategy, Tactical, Indie",PC (Microsoft Windows),"Action, Science fiction, Open world","3d, roguelike, military",Hooded Horse,Auditory,Single player
Reconnect: The Heart of Darkness,2021-06-10,,"Music, Real Time Strategy (RTS), Strategy, Indie",PC (Microsoft Windows),"Action, Science fiction, Survival","artificial intelligence, base building, procedurally generated, roguelite",RobotHeart Lab,"Third person, Bird view / Isometric",Single player
SlimeLabs,2021-06-08,,"Shooter, Puzzle, Tactical, Adventure",PC (Microsoft Windows),Action,"roguelike, bullet hell, arena shooter, puzzle platformer",Pandering Entertainment,Third person,Single player
Tower of Pain,2021-06-07,,Adventure,Arduboy,,roguelike,,,
Muck,2021-06-05,60.3,"Adventure, Indie","Linux, PC (Microsoft Windows), Mac",Action,roguelike,Dani,First person,"Single player, Multiplayer, Co-operative"
Breach Wanderers,2021-06-04,,"Role-playing (RPG), Strategy, Turn-based strategy (TBS), Indie, Card & Board Game","Android, PC (Microsoft Windows), iOS","Fantasy, Science fiction","roguelike, collectible card game, roguelike deckbuilder",Baronnerie Games,Side view,Single player
Power of Ten,2021-06-03,,"Shooter, Indie, Arcade","Xbox Series X|S, PlayStation 4, PC (Microsoft Windows), PlayStation 5, Mac, Xbox One, Nintendo Switch","Action, Science fiction","space, roguelite",Pew Times Three,Bird view / Isometric,Single player
Why Pizza?,2021-06-02,,"Platform, Puzzle, Arcade","Xbox Series X|S, PlayStation 4, PC (Microsoft Windows), PlayStation 5, Xbox One, Nintendo Switch","Action, Comedy","physics, physics-based platformer, hand-drawn, colorful, comic book, roguelite","Marginal act, Woo Foo Games, Sometimes You",Third person,Single player
Geometry Arena,2021-06-01,,"Shooter, Indie",PC (Microsoft Windows),Action,"bullet hell, roguelite",011 Games,Bird view / Isometric,Single player
Fluffy Gore,2021-05-28,,"Shooter, Platform, Role-playing (RPG), Indie",PC (Microsoft Windows),Action,"roguelike, gore, cute",Darkenauts Studio,,Single player
Para//ax,2021-05-27,,"Shooter, Adventure, Indie","Web browser, PC (Microsoft Windows)",Science fiction,"robots, roguelite",,,Single player
Tainted Grail: Conquest,2021-05-27,79.9,"Role-playing (RPG), Strategy, Turn-based strategy (TBS), Indie, Card & Board Game","Xbox Series X|S, PC (Microsoft Windows), Xbox One","Action, Fantasy","roguelike, moral decisions, deck-building",Awaken Realms Digital,"Third person, Bird view / Isometric, Text, Auditory",Single player
Vivid Knight,2021-05-26,,"Role-playing (RPG), Simulator, Strategy","Android, PC (Microsoft Windows), iOS, Mac, Nintendo Switch",Fantasy,"roguelike, deck-building",Asobism,,Single player
Touhou Genso Wanderer Lotus Labyrinth R: Complete Edition,2021-05-25,,"Role-playing (RPG), Adventure, Indie",PC (Microsoft Windows),"Action, Fantasy","zombies, vampire, magic, 3d, turn-based, roguelike, horse, frog, chicken, rabbit, dragon, fairy, bird, dracula, japan, snow, wolf, camera, shanghai, dog, mermaid, youkai, turtle, puppet, devil, maid, battle, spider, cat, cow, human, mouse, heterochromia, poisoning, phantom, touhou project, bug, bunny, fangame, nuclear, touhou fangame, magician, third eye, half-human, doujin game",AQUA STYLE,Bird view / Isometric,Single player
Touhou Genso Wanderer: Lotus Labyrinth R - Lotus Friends,2021-05-25,,"Role-playing (RPG), Adventure, Indie","PlayStation 4, PC (Microsoft Windows), Nintendo Switch","Action, Fantasy","anime, wizards, magic, 3d, 2d, turn-based, roguelike, robots, frog, doctor, rabbit, labyrinth, japan, snow, dungeon crawler, youkai, great soundtrack, battle, human, phoenix, phantom, touhou project, fangame, conversation, faith, touhou fangame, magician, level up, half-human, doujin game","AQUA STYLE, AQUA STYLE, Phoenixx Inc.",Bird view / Isometric,Single player
Touhou Genso Wanderer: Lotus Labyrinth R,2021-05-25,,"Role-playing (RPG), Adventure, Indie, Visual Novel","PlayStation 4, PC (Microsoft Windows), Nintendo Switch","Action, Fantasy","zombies, anime, wizards, vampire, magic, 3d, turn-based, roguelike, horse, frog, chicken, rabbit, dragon, nature, fairy, bird, dracula, cute, japan, snow, wolf, camera, shanghai, dog, mermaid, youkai, turtle, puppet, devil, maid, great soundtrack, magical girl, battle, spider, cat, cow, human, mouse, heterochromia, poisoning, phantom, touhou project, bug, bunny, fangame, mystery dungeon, conversation, nuclear, faith, touhou fangame, magician, third eye, level up, half-human, doujin game","Phoenixx Inc., AQUA STYLE, AQUA STYLE",Bird view / Isometric,Single player
King of Seas,2021-05-24,,"Fighting, Role-playing (RPG), Strategy, Hack and slash/Beat 'em up, Adventure, Indie","PlayStation 4, PC (Microsoft Windows), PlayStation 5, Xbox One, Nintendo Switch","Action, Open world","pirates, roguelike, procedural generation, naval, pve, sailing, atmospheric, story rich, cartoony, roguelite","3DClouds, Team17",Third person,"Single player, Multiplayer"
Conglomerate 451: Overloaded,2021-05-20,,Role-playing (RPG),"PlayStation 4, Xbox One, Nintendo Switch",Science fiction,"cyberpunk, roguelike, dystopian, grid-based movement, dungeon crawler, clone, cyberpunk rpg","34BigThings, RuneHeads",First person,Single player
Rise of the Slime,2021-05-20,70.0,"Role-playing (RPG), Strategy, Adventure, Indie, Card & Board Game","Xbox Series X|S, PlayStation 4, PC (Microsoft Windows), PlayStation 5, Xbox One, Nintendo Switch","Action, Fantasy","roguelite, collecting card game - ccg, deck-building","Bunkovsky, Playstack",Side view,Single player
Unexplored 2: The Wayfarer's Legacy,2021-05-20,,"Role-playing (RPG), Adventure, Indie","Xbox Series X|S, PlayStation 4, PC (Microsoft Windows), Xbox One","Action, Sandbox, Open world","procedurally generated, roguelite","Ludomotion, Big Sugar",Bird view / Isometric,Single player
Outbreak: Endless Nightmares,2021-05-19,,"Shooter, Role-playing (RPG), Adventure, Indie","Xbox Series X|S, PlayStation 4, Linux, PC (Microsoft Windows), PlayStation 5, Xbox One, Nintendo Switch","Action, Horror, Survival","zombies, character customization, 3d, roguelike, demons, pve, survival horror, over the shoulder, fixed camera, zombie survival, roguelike horror",Dead Drop Studios LLC,"First person, Third person","Single player, Multiplayer, Co-operative"
Invirium,2021-05-19,,"Shooter, Role-playing (RPG), Simulator, Indie, Arcade","PC (Microsoft Windows), Nintendo Switch","Action, Non-fiction, Educational","virus, roguelike",Art Games Studio,Bird view / Isometric,Single player
Rising Hell,2021-05-19,70.0,"Platform, Role-playing (RPG), Adventure, Indie","PlayStation 4, PC (Microsoft Windows), Xbox One, Nintendo Switch","Action, Fantasy","roguelike, pixel art, heavy metal","Tahoe Games, Toge Productions, Chorus Worldwide",Side view,Single player
Snkrx,2021-05-17,79.3,"Shooter, Indie, Arcade","PC (Microsoft Windows), iOS",Action,"roguelike, class-based, arena shooter, pixel art, minimalistic graphics, auto battler, replayability",a327ex,Bird view / Isometric,Single player
Bond: Wish of the Forest,2021-05-12,,"Role-playing (RPG), Indie","PC (Microsoft Windows), Mac","Action, Fantasy",roguelike,,Bird view / Isometric,Single player
Universe Prison,2021-05-07,,"Role-playing (RPG), Indie",PC (Microsoft Windows),"Action, Fantasy","2d, roguelike, mystery dungeon",Lilyplex,,Single player
Nongunz: Doppelganger Edition,2021-05-05,,"Shooter, Platform, Role-playing (RPG), Adventure","Xbox Series X|S, PlayStation 4, PC (Microsoft Windows), Xbox One, Nintendo Switch","Action, Horror","2d, roguelike, surreal, pixel graphics","Brainwash Gang, Digerati Distribution",,"Single player, Multiplayer, Co-operative"
Touhou Kouryuudou: Unconnected Marketeers,2021-05-03,,"Shooter, Adventure, Indie, Arcade",PC (Microsoft Windows),"Action, Fantasy","anime, wizards, shoot 'em up, 2d, frog, difficult, bullet hell, female protagonist, fairy, cute, japan, high score, story rich, youkai, manic shooter, maid, great soundtrack, magical girl, timer, countdown timer, cat, human, difficulty level, roguelite, touhou project, conversation, faith","Mediascape, Team Shanghai Alice",Side view,Single player
Returnal: Digital Deluxe Edition,2021-04-30,,Shooter,PlayStation 5,"Action, Science fiction","roguelike, time loop, alien world","Housemarque, Sony Interactive Entertainment",Third person,"Single player, Multiplayer"
Returnal,2021-04-30,82.9,Shooter,"PC (Microsoft Windows), PlayStation 5","Action, Science fiction, Horror","exploration, psychological horror, surrealism, dark, story driven, roguelike, fast paced, upgradable weapons, procedural generation, permadeath, time manipulation, cinematic, difficult, bullet hell, atmospheric, surreal, psychological, time loop, boss fight, steam achievements, steam cloud, resource gathering, narrative, roguelite, alien world, the game awards - best action game - winner, the game awards - best audio design - nominee, the game awards - best game direction - nominee, action roguelike, steam families","Sony Interactive Entertainment, Housemarque","First person, Third person","Single player, Multiplayer, Co-operative"
Insurmountable,2021-04-29,74.0,"Simulator, Strategy, Adventure, Indie","Xbox Series X|S, PlayStation 4, PC (Microsoft Windows), PlayStation 5, Xbox One, Nintendo Switch",Survival,"climbing, steam cloud, roguelite, steam families",ByteRockers' Games,Bird view / Isometric,Single player
Sunken Tower,2021-04-26,,"Platform, Indie",Web browser,Action,"medieval, roguelike, procedurally generated, dungeon crawler",aphantasiac,Side view,Single player
Dungeon and Gravestone,2021-04-22,,"Puzzle, Racing, Role-playing (RPG), Indie","PlayStation 4, Android, PC (Microsoft Windows), iOS, Mac, Xbox One, Nintendo Switch","Action, Fantasy",roguelike,WonderlandKazakiri,Bird view / Isometric,Single player
Necken,2021-04-13,70.0,"Adventure, Indie",PC (Microsoft Windows),Fantasy,"steam achievements, roguelite, steam families",Joccish,Bird view / Isometric,Single player
Trials of Fire,2021-04-09,70.0,"Role-playing (RPG), Strategy, Indie, Card & Board Game",PC (Microsoft Windows),Fantasy,"roguelike, deck-building, roguelike deckbuilder",Whatboy Games,,Single player
Across the Obelisk,2021-04-08,72.6,"Role-playing (RPG), Strategy, Turn-based strategy (TBS), Adventure, Card & Board Game","Xbox Series X|S, Linux, PC (Microsoft Windows), PlayStation 5, Mac, Nintendo Switch",Fantasy,"roguelike, turn-based tactics, roguelite, deck-building, turn-based rpg","Paradox Arc, Dreamsite Games",Side view,"Single player, Multiplayer, Co-operative"
Quinterra,2021-04-07,,"Strategy, Tactical",PC (Microsoft Windows),Fantasy,"turn-based, roguelike, choices matter, roguelite",Sidereal Studio,Bird view / Isometric,Single player
Dungen,2021-04-06,,"Strategy, Indie",PC (Microsoft Windows),,"roguelike, roguelike deckbuilder",SVGames,Side view,Single player
SpinCraft: Roguelike,2021-03-31,,,Android,,"slot machine, roguelite",,,Single player
The Binding of Isaac: Repentance,2021-03-31,93.6,"Shooter, Role-playing (RPG), Adventure, Indie, Arcade","Xbox Series X|S, PlayStation 4, PC (Microsoft Windows), PlayStation 5, Xbox One","Action, Fantasy, Horror, Comedy","roguelike, religion, multiple protagonists, child protagonist, dungeon crawler, roguelite","Nicalis, Inc., Edmund McMillen",Bird view / Isometric,"Single player, Multiplayer, Co-operative"
Maze,2021-03-28,,"Shooter, Music",PC (Microsoft Windows),Action,"cyberpunk, 1980s, dark, 3d, roguelike, procedural generation, programming, hacking, combat, minimalist",Nichita Ciuprin,First person,Single player
Kungfu Cowboy,2021-03-25,,Indie,"PC (Microsoft Windows), Mac",Action,roguelike,Soy Boy Games,Side view,"Single player, Multiplayer, Co-operative"
Cosmodread,2021-03-25,,"Shooter, Adventure, Indie","Oculus VR, Meta Quest 2, PlayStation VR2, SteamVR, Oculus Quest","Action, Science fiction, Horror, Survival, Stealth","roguelike, futuristic",White Door Games,"First person, Virtual Reality",Single player
LootLite,2021-03-25,,"Shooter, Platform, Adventure, Indie, Arcade","Xbox Series X|S, PlayStation 4, PC (Microsoft Windows), PlayStation 5, Mac, Xbox One, Nintendo Switch",Action,"roguelike, pixel art, roguelite","JanduSoft, Isoca Games",Bird view / Isometric,"Single player, Multiplayer, Co-operative"
Dandy Ace,2021-03-25,,"Fighting, Adventure, Indie","PlayStation 4, PC (Microsoft Windows), Xbox One, Nintendo Switch",Action,"roguelike, permadeath, difficult, dungeon crawler","Mad Mimic Interactive, Neowiz",,Single player
For Sparta,2021-03-22,,"Fighting, Role-playing (RPG), Hack and slash/Beat 'em up, Adventure, Indie, Arcade",PC (Microsoft Windows),"Action, Fantasy, Historical",roguelike,Gamecraft Studios,Bird view / Isometric,Single player
Malice & Greed,2021-03-22,,"Role-playing (RPG), Strategy, Indie, Card & Board Game",PC (Microsoft Windows),"Science fiction, Horror","cyberpunk, 2d, roguelike, jrpg, permadeath, stylized, turn-based combat, choices matter, roguelite, deck-building, turn-based rpg, party-based rpg",Xendra,,Single player
Hades: Limited Edition,2021-03-19,,"Role-playing (RPG), Hack and slash/Beat 'em up, Adventure, Indie",Nintendo Switch,"Action, Fantasy, Drama","greek mythology, dungeon crawler, roguelite",Supergiant Games,Bird view / Isometric,Single player
Horde Slayer,2021-03-19,,"Shooter, Adventure, Indie, Arcade","Linux, PC (Microsoft Windows)","Action, Survival","roguelike, procedurally generated, dungeon crawler",Sinnie's Lab,Bird view / Isometric,Single player
Derelict Void,2021-03-18,,"Simulator, Strategy, Adventure, Indie","Linux, PC (Microsoft Windows), Mac",Science fiction,"exploration, story driven, roguelike, permadeath, space, roguelite",Stirling Games,Bird view / Isometric,Single player
Rogue Explorer,2021-03-12,,"Platform, Role-playing (RPG), Hack and slash/Beat 'em up, Adventure","Xbox Series X|S, PlayStation 4, PC (Microsoft Windows), PlayStation 5, Xbox One, Nintendo Switch","Action, Fantasy","metroidvania, roguelite","Zoo Corporation, Eastasiasoft",Side view,Single player
Mask Up,2021-03-12,,"Platform, Indie, Arcade","Android, PC (Microsoft Windows)","Action, Mystery","weird, roguelike, colorful",Rouli Corp,Side view,Single player
Siralim Ultimate,2021-03-12,66.1,"Role-playing (RPG), Turn-based strategy (TBS), Adventure, Indie","PC (Microsoft Windows), iOS, Nintendo Switch",Fantasy,"retro, 2d, turn-based, pixel graphics, dungeon crawler, roguelite",Thylacine Studios LLC,Bird view / Isometric,Single player
NoReload Heroes: Enhanced Edition,2021-03-10,,"Shooter, Adventure",Nintendo Switch,"Action, Fantasy, Party","roguelike, couch co-op, twin stick control","Teatime Holdings, Virtual Air Guitar Company",Third person,"Single player, Multiplayer, Co-operative"
Rogue Glitch,2021-03-10,,Indie,PC (Microsoft Windows),Action,roguelike,"Lino Slahuschek, Numskull Games",Side view,"Single player, Multiplayer, Co-operative"
Twilight Dungeons,2021-03-08,,"Role-playing (RPG), Tactical, Indie",Android,,roguelike,,Bird view / Isometric,Single player
Dungeon No Dungeon,2021-03-06,,"Role-playing (RPG), Strategy, Adventure, Indie",PC (Microsoft Windows),Fantasy,"turn-based, roguelike, difficult",302 Studio,Side view,Single player
Dwarf Journey,2021-03-05,,"Platform, Role-playing (RPG), Adventure, Indie","PlayStation 4, Android, PC (Microsoft Windows), iOS, Xbox One, Nintendo Switch","Action, Fantasy",roguelite,Orube Game Studio,Side view,Single player
Loop Hero,2021-03-04,75.8,"Role-playing (RPG), Strategy, Adventure, Indie, Card & Board Game","Xbox Series X|S, Linux, Android, PC (Microsoft Windows), iOS, Mac, Xbox One, Nintendo Switch",Fantasy,"god game, 2d, turn-based, roguelike","22nd Century Toys, Four Quarters, Devolver Digital, Playdigious",Bird view / Isometric,Single player
The Sealed Ampoule,2021-03-04,,"Role-playing (RPG), Simulator, Adventure, Indie","PlayStation 4, PC (Microsoft Windows), Xbox One, Nintendo Switch","Fantasy, Mystery","3d, roguelike, steam trading cards, mining, steam achievements, steam cloud, mystery dungeon, steam families","PLAYISM, CAVYHOUSE",,Single player
Revita,2021-03-03,,"Shooter, Role-playing (RPG), Adventure, Indie","Xbox Series X|S, PlayStation 4, PC (Microsoft Windows), PlayStation 5, Mac, Xbox One, Nintendo Switch",Action,"retro, roguelike, pixel graphics, combat, family friendly, previously on - prime gaming","Dear Villagers, BenStar, Dear Villagers, Doyoyo Games, Plug In Digital, Virtual Programming",Side view,Single player
Cave Bad,2021-03-02,,"Adventure, Indie, Arcade","Xbox Series X|S, PlayStation 4, PlayStation 5, Xbox One, Nintendo Switch",Action,roguelike,"Panda Indie Studio, Eastasiasoft",Bird view / Isometric,Single player
Cybernetic Moon Horse 2071,2021-02-28,,"Racing, Simulator",PC (Microsoft Windows),,"retro, roguelike, horse, space, atmospheric",,Third person,Single player
Hani,2021-02-26,,"Hack and slash/Beat 'em up, Indie",PC (Microsoft Windows),Action,"roguelike, roguelite",Starmyth,Third person,"Single player, Multiplayer, Co-operative"
Kemono Friends: Cellien May Cry,2021-02-25,,"Role-playing (RPG), Hack and slash/Beat 'em up, Adventure, Indie","PC (Microsoft Windows), Mac","Action, Fantasy","post-apocalyptic, anime, 3d, roguelike, cats, penguin, female protagonist, nature, cute, dancing, camera, unofficial, free-to-play, battle, based on - anime, human, difficulty level, trophies, mod support, hippopotamus, fangame, conversation, kemono, dancer, level up, kemono friends","Ryuu Sakamoto, Kirisame Zensen, Ryuu Sakamoto",Third person,Single player
Umamusume: Pretty Derby,2021-02-24,74.5,"Music, Role-playing (RPG), Simulator, Sport, Visual Novel","Android, PC (Microsoft Windows), iOS","Action, Fantasy, Comedy","anime, horse, horse racing, anthropomorphism, daily login rewards, roguelite, gacha, horses","DMM GAMES, Kakao Games, KOMOE Game, Bilibili Game, Cygames",Text,"Single player, Multiplayer"
Rogue Heroes: Ruins of Tasos,2021-02-23,70.8,"Role-playing (RPG), Adventure, Indie","PC (Microsoft Windows), Nintendo Switch",Action,"2d, roguelike, pixel graphics","Team17, Heliocentric Studios",,"Single player, Multiplayer, Co-operative"
Curse of the Dead Gods,2021-02-23,69.6,"Racing, Role-playing (RPG), Simulator, Adventure, Indie","PlayStation 4, PC (Microsoft Windows), Xbox One, Nintendo Switch","Action, Fantasy","roguelike, dark fantasy, difficult, roguelite, soulslike","Passtech Games, Focus Entertainment",Bird view / Isometric,Single player
Super Raft Boat Classic,2021-02-22,,"Indie, Arcade","PC (Microsoft Windows), Mac",Action,"roguelike, pixel art, roguelite",Shattered Journal Games,Bird view / Isometric,Single player
We're All Going to Die,2021-02-19,,"Shooter, Strategy, Indie, Arcade",PC (Microsoft Windows),"Action, Science fiction, Comedy",roguelike,BlackBanshee Studios,Bird view / Isometric,"Single player, Multiplayer, Co-operative"
Role of Hex,2021-02-15,,"Real Time Strategy (RTS), Strategy, Adventure, Indie",PC (Microsoft Windows),"Science fiction, Survival","tower defense, roguelike",,Bird view / Isometric,Single player
Medievalien,2021-02-11,,"Role-playing (RPG), Indie","Linux, PC (Microsoft Windows), Mac",Action,"medieval, magic, roguelike, robots, permadeath, story rich, great soundtrack, roguelite",dOOb games srl,Bird view / Isometric,Single player
For the King: Deluxe Edition,2021-02-10,,"Role-playing (RPG), Turn-based strategy (TBS), Adventure, Indie, Card & Board Game",PC (Microsoft Windows),"Action, Fantasy","roguelike, low-poly, hexagon, turn-based combat, digital distribution, turn-based rpg, online coop","Curve Digital, IronOak Games","Bird view / Isometric, Side view","Single player, Multiplayer, Co-operative"
For The King: Lost Civilization,2021-02-10,,"Role-playing (RPG), Strategy, Turn-based strategy (TBS), Adventure, Indie, Card & Board Game","Linux, PC (Microsoft Windows), Mac","Action, Fantasy","roguelike, online, local co-op, low-poly, turn-based combat, digital distribution, hexagon tiles, turn-based rpg, online coop","IronOak Games, Curve Games","Bird view / Isometric, Side view","Single player, Multiplayer, Co-operative"
One Shell Straight to Hell,2021-02-09,,"Shooter, Adventure, Indie",PC (Microsoft Windows),"Action, Horror, Survival","tower defense, roguelike, dungeon crawler, base defense, priest, roguelite","Feardemic, Shotgun with Glitters",Bird view / Isometric,Single player
Moon Caves,2021-02-04,,"Fighting, Shooter, Indie",PC (Microsoft Windows),"Action, Science fiction","roguelike, procedural generation, permadeath, bullet hell, futuristic, pve, silent protagonist, roguelite",RPROGaming,Bird view / Isometric,Single player
Edifice of Fiends,2021-02-02,,"Role-playing (RPG), Strategy, Turn-based strategy (TBS), Indie",PC (Microsoft Windows),Action,"medieval, 2d, roguelike, crafting, dark fantasy, procedural generation, resource management, difficult, pixel graphics, procedurally generated, random level generation, turn-based combat, challenging","Master Bronze Elite, MBE Games","Bird view / Isometric, Side view",Single player
Kyvir: Rebirth,2021-01-31,,"Role-playing (RPG), Strategy, Adventure, Indie, Card & Board Game",PC (Microsoft Windows),,"roguelike, deck-building",Dawnblaze Entertainment,,Single player
Big Bia,2021-01-29,,"Strategy, Indie, Card & Board Game",PC (Microsoft Windows),,"casual, roguelike, voxel, combat","Pixel House Games, INDIECN",,Single player
Brain Frame,2021-01-28,,"Shooter, Platform",PC (Microsoft Windows),"Action, Science fiction","cyberpunk, game jam, full motion video, roguelite",Akupara Games,Side view,Single player
Sword of the Necromancer,2021-01-28,,"Role-playing (RPG), Strategy, Hack and slash/Beat 'em up, Adventure, Indie","Xbox Series X|S, PlayStation 4, Linux, PC (Microsoft Windows), PlayStation 5, Xbox One, Nintendo Switch","Action, Fantasy","female protagonist, dungeon crawler, crowdfunding - kickstarter, crowdfunding, necromancy, roguelite","JanduSoft, Grimorio of Games",Bird view / Isometric,"Single player, Multiplayer, Co-operative"
Curious Expedition 2,2021-01-28,69.7,"Role-playing (RPG), Simulator, Strategy, Turn-based strategy (TBS), Adventure, Indie, Card & Board Game","PlayStation 4, PC (Microsoft Windows), Xbox One, Nintendo Switch","Fantasy, Historical","turn-based, roguelike, resource management, procedurally generated","Maschinen-Mensch, Thunderful","Bird view / Isometric, Side view",Single player
Heroism,2021-01-27,,Role-playing (RPG),Android,,roguelike,MINMAXIA,Bird view / Isometric,Single player
Dead Cells: Fatal Falls,2021-01-26,79.5,"Platform, Adventure, Indie","Xbox Series X|S, PlayStation 4, Linux, Android, PC (Microsoft Windows), iOS, PlayStation 5, Mac, Xbox One, Nintendo Switch","Action, Fantasy","metroidvania, roguelite, soulslike","Motion Twin, Evil Empire, Evil Empire",Side view,Single player
Infinity Pinball,2021-01-22,,"Pinball, Indie, Arcade","Linux, Android, PC (Microsoft Windows), iOS, Mac",Action,"16-bit, roguelike, pinball, pixel art, synthwave","Digital Will Inc., Dadako",Bird view / Isometric,Single player
Astronarch,2021-01-22,68.0,"Role-playing (RPG), Strategy, Indie",PC (Microsoft Windows),Party,"roguelike, roguelite, auto battler",Dale Turner,Side view,Single player
Dualism,2021-01-15,,"Shooter, Indie, Arcade",PC (Microsoft Windows),"Action, Fantasy","roguelike, difficult, bullet hell, twin stick control, challenging",Ensomari,Bird view / Isometric,Single player
Ancient Abyss,2021-01-15,,"Role-playing (RPG), Hack and slash/Beat 'em up, Adventure, Indie, Arcade",PC (Microsoft Windows),"Action, Fantasy","exploration, roguelike, pixel graphics","Screambox Studio, BD Games",Bird view / Isometric,Single player
Revenot,2021-01-09,,"Role-playing (RPG), Adventure, Indie",Android,"Fantasy, Open world",roguelike,Bëor Games,Third person,Single player
Oceanhorn: Chronos Dungeon,2021-01-08,,"Role-playing (RPG), Hack and slash/Beat 'em up, Adventure, Indie","Android, PC (Microsoft Windows), iOS, Mac","Action, Fantasy","16-bit, dungeon crawler, roguelite, apple arcade, previously on - apple arcade","Cornfox & Bros., FDG Entertainment",Bird view / Isometric,"Single player, Multiplayer, Co-operative"
Endless Voyage,2021-01-07,,"Role-playing (RPG), Strategy, Adventure, Indie, Card & Board Game",PC (Microsoft Windows),,"roguelike, deck-building","Dalaran Game Studio, KuYou Games",Auditory,Single player
Staff Only,2020-12-30,,"Puzzle, Indie, Card & Board Game","Linux, PC (Microsoft Windows), Mac","Fantasy, Science fiction","roguelike, pixel art, deck-building",Exilland,,Single player
Fishticuffs,2020-12-21,,"Shooter, Sport, Indie, Arcade",PC (Microsoft Windows),Action,"underwater, roguelike, fishing, bullet hell, pixel art, rougelite",Yokcos,Side view,Single player
My Heroes: SEA,2020-12-16,,"Hack and slash/Beat 'em up, Adventure","Android, iOS","Action, Fantasy","roguelike, pixel art, dungeon",Reality Squared Games,Bird view / Isometric,"Multiplayer, Co-operative"
Not Dead Yet,2020-12-15,,"Shooter, Strategy, Adventure, Indie, Arcade",PC (Microsoft Windows),"Action, Horror, Survival, Party","zombies, roguelite",VINCAE Entretenimento,First person,"Single player, Multiplayer, Co-operative"
Flowers for Time,2020-12-13,,"Strategy, Indie","Linux, PC (Microsoft Windows), Mac",Fantasy,"retro, roguelike, dungeon crawler",,Bird view / Isometric,Single player
Arcanium: Rise of Akhan,2020-12-08,,"Role-playing (RPG), Strategy, Adventure, Indie, Card & Board Game","PC (Microsoft Windows), iOS",Fantasy,roguelite,"Supercombo, Inc.",,Single player
Shiren the Wanderer: The Tower of Fortune and the Dice of Fate,2020-12-02,,Role-playing (RPG),"PC (Microsoft Windows), Nintendo Switch",Fantasy,"roguelike, mystery dungeon",Spike Chunsoft,Bird view / Isometric,Single player
Touhou Flower Fight,2020-12-01,,"Role-playing (RPG), Strategy, Turn-based strategy (TBS), Tactical, Adventure, Indie, Card & Board Game","Android, PC (Microsoft Windows)",Fantasy,"ghosts, exploration, anime, wizards, vampire, magic, sword, 2d, roguelike, jrpg, frog, girls, doctor, rabbit, forest, fairy, dracula, pve, princess, cute, dungeon crawling, turn-based tactics, wolf, snake, dungeon crawler, free-to-play, magical girl, battle, character select screen, human, female antagonist, heterochromia, phoenix, phantom, touhou project, bunny, fangame, deck-building, roguelike deckbuilder, faith, touhou fangame, magician, level up, half-human, dungeon, deckbuilder, flowers, rabbits, card battler","Viator, Dong-bung Company",Side view,"Single player, Multiplayer, Co-operative"
Get Ogre It,2020-11-30,,"Puzzle, Strategy, Turn-based strategy (TBS), Adventure, Indie","PC (Microsoft Windows), Nintendo Switch",Action,"roguelike, procedurally generated, mystery dungeon",Croix Apps,Bird view / Isometric,Single player
The Wizard: WizHarder Edition,2020-11-27,,"Puzzle, Role-playing (RPG), Strategy, Tactical, Adventure, Indie","Linux, PC (Microsoft Windows), Mac","Fantasy, Comedy","wizards, roguelike, pixel art",Hypnotic Owl,Bird view / Isometric,Single player
Dawn of the Mexica,2020-11-26,,"Role-playing (RPG), Adventure, Indie","Linux, PC (Microsoft Windows)",,"roguelike, dungeon crawler",Pablo Barron,Third person,Single player
Vector Prospector,2020-11-20,,"Indie, Arcade","PC (Microsoft Windows), Mac",Action,"roguelike, roguelite",SpinAttack Studio,Side view,Single player
Slasher's Keep,2020-11-19,71.4,"Role-playing (RPG), Indie",PC (Microsoft Windows),"Action, Fantasy","roguelike, roguelite",Damian Schloter,First person,Single player
Atlas Rogues,2020-11-18,,Strategy,PC (Microsoft Windows),Science fiction,"character customization, turn-based, grid-based movement, time loop, roguelite",gamigo Publishing GmbH,"Third person, Bird view / Isometric","Single player, Co-operative"
Fuzz Force: Spook Squad,2020-11-17,,"Role-playing (RPG), Adventure, Card & Board Game",PC (Microsoft Windows),,"3d, supernatural, dice, turn-based combat, roguelite",Fuzz Force,Third person,Single player
Sonic Robo Blast 2: Persona,2020-11-13,,"Platform, Real Time Strategy (RTS), Role-playing (RPG), Strategy, Turn-based strategy (TBS), Tactical, Adventure","Linux, PC (Microsoft Windows), Mac",Fantasy,"roguelike, unofficial, fangame, sonic, sonic fangame",Lat',Third person,"Single player, Multiplayer, Co-operative"
Angel Saga,2020-11-12,,,"Android, iOS",,roguelike,Alchemistgames,Bird view / Isometric,Single player
Magic Ocean: Multiplayer Roguelike,2020-11-03,,"Strategy, Turn-based strategy (TBS), Indie",PC (Microsoft Windows),Fantasy,"turn-based, pvp, online multiplayer, roguelite","Challenging Games, Challenging Games",Bird view / Isometric,"Single player, Multiplayer"
It's Six Random Characters and a Single Floor Dungeon: That's the Whole Game,2020-11-02,,"Role-playing (RPG), Indie",PC (Microsoft Windows),Fantasy,"roguelike, dungeon crawler",Cannibal Interactive,First person,Single player
Nilia,2020-11-01,,"Role-playing (RPG), Strategy, Turn-based strategy (TBS), Tactical, Adventure, Indie","Android, PC (Microsoft Windows)",Fantasy,"turn-based, roguelike, dungeon crawler",4 hats,Bird view / Isometric,Single player
Dead Estate Classic,2020-10-29,,"Shooter, Indie, Arcade","Web browser, PC (Microsoft Windows)","Action, Horror","shoot 'em up, roguelike, pixel graphics, action roguelike",Milkbar Lads,Bird view / Isometric,Single player
Vagrant Sword,2020-10-28,,"Hack and slash/Beat 'em up, Adventure, Indie","Linux, Android, PC (Microsoft Windows), iOS, Mac","Action, Fantasy, Historical","roguelike, roguelite",Elektri,,Single player
The Count of Monte Carlo,2020-10-26,,"Role-playing (RPG), Card & Board Game",PC (Microsoft Windows),,"roguelike, blackjack, based on - book",Phil Blank,,Single player
Sapo & Watch,2020-10-24,,"Puzzle, Indie",Web browser,Action,"roguelike, frog",Virgula Leal,Bird view / Isometric,Single player
Labarynth of Legendary Loot,2020-10-24,,"Role-playing (RPG), Adventure, Indie","Linux, PC (Microsoft Windows), Mac",Fantasy,"turn-based, roguelike, procedural generation, pixel art, randomly generated dungeons, turn-based rpg",Dominaxis Games,Bird view / Isometric,Single player
Absented Age: Squarebound,2020-10-23,,"Role-playing (RPG), Strategy, Tactical, Adventure, Indie",PC (Microsoft Windows),Action,"roguelike, cute, score attack, story rich",Terunon's Lab,Bird view / Isometric,Single player
Cannibal Crossing,2020-10-23,,"Adventure, Indie",PC (Microsoft Windows),"Action, Survival, Open world","roguelike, crafting","Everplay Interactive, Blow and Try Again, Rocketcat Games",,"Single player, Multiplayer, Co-operative"
The Dungeon Beneath,2020-10-23,,"Strategy, Turn-based strategy (TBS), Indie","PC (Microsoft Windows), Mac",Fantasy,"roguelike, procedural generation, dungeon crawler",Puzzle Box Games,Bird view / Isometric,Single player
Dungeon Falan,2020-10-22,,"Puzzle, Role-playing (RPG), Indie",iOS,Fantasy,"roguelike, match 3",Happy Doze,,Single player
Ziggurat 2,2020-10-22,79.4,"Shooter, Role-playing (RPG), Indie","Xbox Series X|S, PlayStation 4, Linux, PC (Microsoft Windows), PlayStation 5, Mac, Xbox One, Nintendo Switch","Action, Fantasy","retro, wizards, fast paced, roguelite",Milkstone Studios,First person,Single player
Zelter,2020-10-22,,"Shooter, Role-playing (RPG), Adventure, Indie",PC (Microsoft Windows),"Action, Horror, Survival, Open world","zombies, roguelike, base building","G1 Playground, SUPERGG.COM",Bird view / Isometric,Single player
Star Shaman,2020-10-22,,"Shooter, Adventure, Indie, Arcade","Oculus VR, Meta Quest 2, Windows Mixed Reality, SteamVR, Oculus Quest","Action, Science fiction","space, family friendly, colorful, roguelite",Ikimasho,"First person, Virtual Reality",Single player
The Red Lantern,2020-10-22,,"Simulator, Adventure, Indie","PC (Microsoft Windows), Nintendo Switch",Survival,"hunting, exploration, resource management, roguelite",Timberline Studio Inc.,First person,Single player
Throne of Fate,2020-10-21,,"Platform, Role-playing (RPG), Adventure, Indie",PC (Microsoft Windows),Action,"character customization, 2d, roguelike, permadeath, side-scrolling, pixel graphics",Enoops,Side view,Single player
ScourgeBringer,2020-10-20,69.9,"Fighting, Shooter, Platform, Adventure, Indie, Arcade","PlayStation 4, Linux, Android, PC (Microsoft Windows), iOS, PlayStation 5, Mac, PlayStation Vita, Xbox One, Nintendo Switch",Action,"roguelike, metroidvania, fast paced, permadeath, procedurally generated, roguelite, previously on - prime gaming","Plug In Digital, Dear Villagers, E-Studio, Eastasiasoft, Flying Oak Games",Side view,Single player
Touhou Endless Dream,2020-10-16,,"Shooter, Hack and slash/Beat 'em up, Adventure, Indie",PC (Microsoft Windows),"Action, Fantasy","vampire, dark, magic, roguelike, frog, doctor, rabbit, fairy, bird, dracula, japan, snow, camera, youkai, manic shooter, puppet, maid, battle, human, difficulty level, phantom, touhou project, bug, bunny, fangame, touhou fangame, magician, third eye, half-human, doujin game","a10a010, MyACG Studio",Bird view / Isometric,Single player
Noita,2020-10-15,78.4,"Shooter, Role-playing (RPG), Simulator, Adventure, Indie, Arcade",PC (Microsoft Windows),"Action, Fantasy, Sandbox","magic, pixel graphics, procedurally generated, roguelite",Nolla Games,Side view,Single player
ElementX,2020-10-09,,"Shooter, Indie, Arcade","PC (Microsoft Windows), Mac",Science fiction,"bullet hell, roguelite",Aerobox Games,Bird view / Isometric,Single player
Knights of the Holy Loop,2020-10-08,,Adventure,Web browser,Fantasy,"roguelike, ludum dare, ludum dare 47",Oddly Shaped Pixels,Side view,Single player
Abiko the Miko 2,2020-10-08,,"Adventure, Indie",PC (Microsoft Windows),Action,roguelike,Nacks Soft,Side view,"Single player, Multiplayer, Co-operative, Split screen"
BlindJump,2020-10-07,,Adventure,"Linux, PC (Microsoft Windows), PlayStation Portable, Game Boy Advance",Action,roguelite,,Bird view / Isometric,"Single player, Multiplayer"
Abiko the Miko,2020-10-01,,"Simulator, Adventure, Indie",PC (Microsoft Windows),Action,roguelike,Nacks Soft,Side view,"Single player, Multiplayer, Co-operative, Split screen"
BroodStar,2020-09-30,89.2,"Shooter, Adventure, Indie, Arcade","PlayStation 4, PC (Microsoft Windows), Xbox One, Nintendo Switch","Action, Science fiction","retro, shoot 'em up, roguelike, shmup",David Schmidthoffer,Bird view / Isometric,Single player
Nodeshifter,2020-09-29,,"Indie, Arcade","Android, iOS","Action, Science fiction",roguelike,Bottled Galaxy,Bird view / Isometric,Single player
Going Under,2020-09-24,78.7,"Fighting, Hack and slash/Beat 'em up, Indie","PlayStation 4, PC (Microsoft Windows), Xbox One, Nintendo Switch","Action, Comedy","dystopian, procedural generation, difficult, female protagonist, satire, roguelite, soulslike","Aggro Crab Games, Team17",Third person,Single player
Arc Wizards,2020-09-22,,"Simulator, Adventure, Indie",PC (Microsoft Windows),Action,"roguelike, 2d platformer",Nacks Soft,Side view,"Single player, Multiplayer, Co-operative, Split screen"
Dashero: Sword & Magic,2020-09-22,,"Hack and slash/Beat 'em up, Adventure","Android, iOS",Fantasy,"3d, cartoony, gamedev, free game, roguelite, in-app purchases",Trèfle & Co. Game,Bird view / Isometric,Single player
Hades,2020-09-17,89.4,"Role-playing (RPG), Hack and slash/Beat 'em up, Adventure, Indie","Xbox Series X|S, PlayStation 4, PC (Microsoft Windows), iOS, PlayStation 5, Mac, Xbox One, Nintendo Switch","Action, Fantasy, Drama","greek mythology, roguelike, difficult, mythology, supernatural, stylized, dungeon crawler, story rich, the game awards - best score or music - nominee, roguelite, netflix, you can pet the dog, the game awards - best action game - winner, the game awards - best art direction - nominee, the game awards - best game direction - nominee, the game awards - best independent game - winner, the game awards - best narrative - nominee, the game awards - best performance - nominee, the game awards - game of the year - nominee, weapons","Supergiant Games, Netflix, Secret 6",Bird view / Isometric,Single player
BPM: Bullets Per Minute,2020-09-15,63.0,"Shooter, Music, Adventure, Indie, Arcade","PlayStation 4, PC (Microsoft Windows), Xbox One, Nintendo Switch",Action,"hell, roguelike, maze, music and rhythm","Awe Interactive, Awe Interactive, Playtonic Friends",First person,Single player
Spelunky 2,2020-09-15,77.4,"Platform, Adventure, Indie","Xbox Series X|S, PlayStation 4, PC (Microsoft Windows), PlayStation 5, Xbox One, Nintendo Switch","Action, Fantasy, Science fiction","roguelike, pvp, permadeath, online co-op, steam, local co-op, sequel, branching paths, roguelite","BlitWorks, Mossmouth",Side view,"Single player, Multiplayer, Co-operative"
Fantasy of Expedition,2020-09-14,,"Role-playing (RPG), Simulator, Strategy, Adventure, Indie",PC (Microsoft Windows),"Action, Fantasy","real-time combat, roguelite","LW.C, Milk Bottle Studio",Bird view / Isometric,Single player
As Far as the Eye,2020-09-10,60.8,"Simulator, Strategy, Turn-based strategy (TBS), Indie","PlayStation 4, Linux, PC (Microsoft Windows), Mac, Xbox One, Nintendo Switch","Fantasy, Survival, Sandbox","roguelike, management, building, economy, city builder, previously on - utomik, previously on - prime gaming","Goblinz Studio, Unexpected",Bird view / Isometric,Single player
Star Renegades: Deluxe Edition,2020-09-08,,"Role-playing (RPG), Turn-based strategy (TBS)",PC (Microsoft Windows),"Fantasy, Science fiction","roguelike, roguelite","Massive Damage Games, Raw Fury",Side view,Single player
Star Renegades,2020-09-08,83.5,"Role-playing (RPG), Strategy, Turn-based strategy (TBS), Indie","PlayStation 4, PC (Microsoft Windows), Xbox One, Nintendo Switch","Fantasy, Science fiction","pixel art, time management, roguelite","Raw Fury, Massive Damage Games, ININ Games",Side view,Single player
The Binding of Isaac: Game Boy Edition,2020-09-06,,Arcade,Game Boy,Action,"retro, 2d, roguelike, open-source, pixel art, demake, unofficial, retroachievements, unofficial port",Joshua Robertson,Bird view / Isometric,Single player
Ffflood,2020-09-02,,,PC (Microsoft Windows),,"tower defense, roguelike, action roguelike, turret",Vlambeer,Bird view / Isometric,Single player
Time Break Chronicles,2020-09-01,,"Role-playing (RPG), Strategy, Indie",PC (Microsoft Windows),"Fantasy, Science fiction","roguelike, jrpg, roguelite",Warrior General Games,"Bird view / Isometric, Side view",Single player
Spirits Abyss,2020-08-27,70.0,"Platform, Indie",PC (Microsoft Windows),Action,"roguelike, pixel art, roguelite","Caiysware, Anthony Case",Side view,"Single player, Multiplayer, Co-operative"
Otherworld Legends,2020-08-20,,"Role-playing (RPG), Hack and slash/Beat 'em up, Indie","Android, PC (Microsoft Windows), iOS",Action,roguelike,ChillyRoom,Side view,"Single player, Multiplayer, Co-operative"
Dreamscaper,2020-08-13,74.7,"Shooter, Role-playing (RPG), Simulator, Adventure, Indie","Xbox Series X|S, PC (Microsoft Windows), Xbox One, Nintendo Switch",Action,"brawler, surreal, depression, roguelite","Maple Whispering Limited, Freedom Games, Afterburner Studios",Third person,Single player
MagicalGirl Mimi,2020-08-12,,"Simulator, Sport, Adventure, Indie",PC (Microsoft Windows),Action,"roguelike, flight",Nacks Soft,Side view,"Single player, Multiplayer, Co-operative, Split screen"
Dungeon Core,2020-08-12,,"Shooter, Role-playing (RPG), Indie, Arcade","PC (Microsoft Windows), Nintendo Switch",Action,"post-apocalyptic, roguelike, bullet hell, pixel art, procedurally generated, dungeon crawler, steam achievements, roguelite",Talismanic Entertainment,Bird view / Isometric,Single player
Risk of Rain 2,2020-08-11,83.8,"Shooter, Adventure, Indie","Google Stadia, Xbox Series X|S, PlayStation 4, PC (Microsoft Windows), PlayStation 5, Xbox One, Nintendo Switch","Action, Science fiction, Survival","bullet hell, roguelite, looter shooter, previously on - stadia pro","Gearbox Publishing, Hopoo Games",Third person,"Single player, Multiplayer, Co-operative, Split screen"
Pixel Ninja,2020-08-10,,"Simulator, Adventure, Indie",PC (Microsoft Windows),Action,"roguelike, spectacle fighter",Nacks Soft,Side view,"Single player, Multiplayer, Co-operative, Split screen"
Dungeon Throne,2020-08-10,,"Platform, Role-playing (RPG), Indie",PC (Microsoft Windows),Action,"magic, roguelike, pixel graphics",Martín Maestri Martinez,Third person,Single player
Warriors of the Nile,2020-08-07,,"Strategy, Turn-based strategy (TBS), Tactical, Indie",PC (Microsoft Windows),"Action, Warfare","egypt, turn-based combat, roguelite, egyptian mythology, tokyo game show 2020","Stove Studio, Gamirror Games",Bird view / Isometric,Single player
Post Void,2020-08-06,84.7,"Shooter, Indie, Arcade","PlayStation 4, PC (Microsoft Windows), PlayStation 5, Nintendo Switch",Action,"retro, roguelike, fast paced, 1990s, procedural generation, old school, difficult, psychedelic, surreal, pixel graphics, score attack, colorful, violent","YCJY Games, YCJY Games, Super Rare Originals",First person,Single player
UnderMine,2020-08-06,66.7,"Role-playing (RPG), Adventure, Indie","PlayStation 4, Linux, PC (Microsoft Windows), Mac, Xbox One, Nintendo Switch",Action,"knights, wizards, animals, sword, 2d, insects, pets, skeleton, bird, achievements, traps, upgrade, pixel art, pixel graphics, dog, melee combat, mining, upgradable equipment, potions, boss fight, explosion, steam achievements, spider, explosives, upgradeable weapons, skeletons, game reference, rat, bat, potion, melee, movie reference, blacksmith, burning, text dialogue, roguelite, gems, curse, you can pet the dog, pixel art game, bossfight, reference to other games, underground, dungeon, mushroom, bosses, food, bombs, ranged combat, boomerang, health, jumping, spiders, starting fires, money, bunny girl, upgrades, gold, explosive, collection log, cave, bestiary","Thorium, Fandom",Bird view / Isometric,Single player
RogueCube,2020-08-05,,"Shooter, Adventure, Arcade","PlayStation 4, Xbox One, Nintendo Switch",Action,"roguelike, twin stick control","Ratalaika Games, Bipolar Dawn",Bird view / Isometric,"Single player, Multiplayer"
Tesla Force,2020-08-05,60.0,"Shooter, Role-playing (RPG), Adventure, Indie, Arcade","Xbox Series X|S, PlayStation 4, PC (Microsoft Windows), iOS, PlayStation 5, Xbox One, Nintendo Switch","Action, Science fiction, Historical","lovecraftian, procedurally generated, roguelite, available on - blacknut",10tons,Bird view / Isometric,"Single player, Multiplayer, Co-operative"
Core Defense,2020-07-31,,"Strategy, Tactical, Indie, Arcade","Android, PC (Microsoft Windows), iOS",,"tower defense, roguelike",ehmprah,,Single player
Heroes of Hammerwatch: Ultimate Edition,2020-07-30,,"Role-playing (RPG), Strategy, Hack and slash/Beat 'em up, Adventure, Indie","PlayStation 4, Xbox One, Nintendo Switch","Action, Fantasy",roguelite,"BlitWorks, Crackshell",Bird view / Isometric,"Single player, Multiplayer, Co-operative"
Blightbound,2020-07-29,,"Fighting, Role-playing (RPG), Hack and slash/Beat 'em up, Adventure, Indie","PlayStation 4, PC (Microsoft Windows), Xbox One","Action, Fantasy","roguelike, dark fantasy, team-based, dungeon crawler, hand-drawn","Devolver Digital, Ronimo Games","Third person, Side view","Single player, Multiplayer, Co-operative"
Pikmin 2: Colossal Caverns,2020-07-28,,Real Time Strategy (RTS),Nintendo GameCube,"Action, Open world","roguelike, unofficial, pikmin",PikHacker,"First person, Third person, Bird view / Isometric","Single player, Multiplayer, Co-operative, Split screen"
In Death Unchained,2020-07-23,,"Shooter, Adventure","Oculus VR, Meta Quest 2, Oculus Quest","Action, Fantasy, Historical","roguelite, available on - horizon catalog",Superbright,"First person, Virtual Reality",Single player
Meteorfall: Krumit's Tale,2020-07-22,66.4,"Puzzle, Role-playing (RPG), Strategy, Indie, Card & Board Game","PlayStation 4, Android, PC (Microsoft Windows), iOS, PlayStation 5, Mac, Nintendo Switch",Fantasy,"procedurally generated, card based combat, roguelite, deck-building","Slothwerks, indienova",Side view,Single player
Chunker,2020-07-16,,"Shooter, Adventure, Indie",PC (Microsoft Windows),Action,"casual, dark, 2d, roguelike",SHIFTRICK,,Single player
Beat the Machine: Rebooted,2020-07-15,,"Shooter, Indie, Arcade","Xbox Series X|S, PC (Microsoft Windows), Mac, Xbox One",Action,roguelike,Sanguine Studios,Bird view / Isometric,Single player
Neon Abyss,2020-07-13,71.9,"Shooter, Platform, Role-playing (RPG), Adventure, Indie","PlayStation 4, PC (Microsoft Windows), Xbox One, Nintendo Switch",Action,roguelike,"Veewo Games, Yooreka Studio, Team17",Bird view / Isometric,Single player
Golden Light,2020-07-10,60.8,"Adventure, Indie",PC (Microsoft Windows),"Action, Horror, Survival, Stealth",roguelike,"HypeTrain Digital, Mr. Pink",First person,Single player
Phantom Rose Scarlet,2020-07-05,,"Role-playing (RPG), Strategy, Adventure, Indie, Card & Board Game","Android, iOS",Fantasy,"anime, roguelike, deck-building",Studio Maka,Side view,Single player
Shape Shooter,2020-06-26,,Shooter,PC (Microsoft Windows),"Action, Survival","roguelike, procedural generation, artificial intelligence",TorksGame,Bird view / Isometric,Single player
Last Evil,2020-06-24,,"Strategy, Adventure, Indie",PC (Microsoft Windows),"Action, Horror, Erotic","exploration, demon, character customization, 3d, roguelike, female protagonist, demons, achievements, steam trading cards, dungeon crawling, nudity, nsfw, sexual content, steam cloud, card based combat, card collection, male antagonist, remote play, roguelite, deck-building, steam deck, cards, card battler, monster girls, monster, steam families","Flametorch, Critical Bliss","Third person, Side view",Single player
Cannon Father,2020-06-24,,"Shooter, Adventure, Indie, Arcade","PC (Microsoft Windows), Mac","Action, Survival","pirates, casual, 2d, roguelike, treasure hunt, pixel art",Two Scoop Studio,Bird view / Isometric,Single player
Stellar Hunter,2020-06-23,,Role-playing (RPG),Android,Science fiction,roguelike,LTGames Global,Bird view / Isometric,Single player
Conjurer Andy's Repeatable Dungeon,2020-06-23,,"Role-playing (RPG), Strategy, Adventure, Indie, Card & Board Game","PC (Microsoft Windows), Nintendo Switch",Action,roguelike,Firebrand Games,Side view,Single player
The Struggle of Combat,2020-06-21,,"Shooter, Indie",PC (Microsoft Windows),"Action, Warfare","roguelike, combat, roguelite",,Side view,Single player
Cataclysm: Bright Nights,2020-06-18,,"Role-playing (RPG), Simulator, Indie","Linux, Android, PC (Microsoft Windows), Mac","Science fiction, Survival, Sandbox, Open world","roguelike, ascii",,"Bird view / Isometric, Text",Single player
Haxity,2020-06-17,,"Strategy, Indie",PC (Microsoft Windows),Science fiction,"cyberpunk, cybernetics, hacking, roguelite, deck-building",Megapop,Side view,"Single player, Multiplayer"
Gumgem,2020-06-16,,"Platform, Arcade","Linux, PC (Microsoft Windows), Mac",Action,"roguelike, procedural generation",Dazel,Side view,Single player
Colt Canyon,2020-06-16,60.0,"Shooter, Role-playing (RPG), Adventure, Indie, Arcade","PlayStation 4, PC (Microsoft Windows), Xbox One, Nintendo Switch",Action,"pixel art, roguelite","Retrific, Headup Games",Bird view / Isometric,"Single player, Multiplayer, Co-operative"
Griftlands,2020-06-15,76.1,"Role-playing (RPG), Strategy, Turn-based strategy (TBS), Indie, Card & Board Game","Xbox Series X|S, PlayStation 4, Linux, PC (Microsoft Windows), Mac, Xbox One, Nintendo Switch","Fantasy, Science fiction","aliens, turn-based, overworld, turn-based combat, digital distribution, pax west 2017, roguelite, deck-building","Skymap Games, Klei Entertainment",Side view,Single player
Jobmania: Eternal Dungeon,2020-06-11,,"Role-playing (RPG), Strategy, Turn-based strategy (TBS), Adventure",Android,,"roguelike, dungeon crawler, turn-based rpg",Aubjective Technology,,Single player
Rogue Robots,2020-06-11,,"Fighting, Shooter, Indie","PC (Microsoft Windows), Nintendo Switch",Action,"roguelike, gore, violent","Rusto, Bonus Stage Publishing, Rust0 Games",,"Single player, Multiplayer, Co-operative"
Baldi's Basics Plus,2020-06-11,,"Strategy, Indie","Linux, PC (Microsoft Windows), Mac","Action, Horror","retro, parody, roguelike, procedural generation, satire, surreal, survival horror, crowdfunding - kickstarter","Basically, Games!",First person,Single player
Demon's Tier+,2020-06-09,,"Shooter, Role-playing (RPG), Adventure, Indie, Arcade","PlayStation 4, PlayStation 5, PlayStation Vita, Xbox One, Nintendo Switch","Action, Fantasy",roguelike,"COWCAT, Daniel Fernandez Chavez, Diabolical Mind, COWCAT",Bird view / Isometric,"Single player, Co-operative, Split screen"
Weapon Hacker,2020-06-08,,"Platform, Indie",PC (Microsoft Windows),"Action, Science fiction","metroidvania, roguelite",Luke Rissacher,Side view,Single player
Peak’s Edge,2020-06-04,,Puzzle,"Android, iOS",,roguelike,Kenny Sun,,
B99,2020-06-01,,"Shooter, Role-playing (RPG), Indie","Oculus VR, SteamVR",Action,"roguelike, procedural generation, dungeon crawler",Iron Stomach LLC,First person,Single player
Atomicrops,2020-05-28,61.9,"Shooter, Simulator, Strategy, Adventure, Indie","PlayStation 4, PC (Microsoft Windows), Xbox One, Nintendo Switch","Action, Fantasy","post-apocalyptic, farming, mutants, twin stick control, roguelite","Bird Bath Games, Raw Fury",Bird view / Isometric,Single player
Dungeon Witches,2020-05-27,,Role-playing (RPG),"Linux, PC (Microsoft Windows), Mac",Fantasy,"girls, witches, pixelated, roguelite",1oogames,Side view,Single player
Monster Train,2020-05-21,81.3,"Role-playing (RPG), Strategy, Turn-based strategy (TBS), Indie, Card & Board Game","Xbox Series X|S, PC (Microsoft Windows), iOS, PlayStation 5, Xbox One, Nintendo Switch","Action, Fantasy","demon, magic, pvp, demons, roguelite, deck-building, previously on - prime gaming","Good Shepherd Entertainment, Shiny Shoe",Side view,"Single player, Multiplayer"
Crumbling World,2020-05-21,,"Hack and slash/Beat 'em up, Indie, Arcade","Linux, PC (Microsoft Windows), Mac","Action, Fantasy","casual, retro, medieval, magic, roguelike, dark fantasy, dragon, stylized, atmospheric, procedurally generated, low-poly",Dume Arts,"Third person, Bird view / Isometric",Single player
9 Till Void,2020-05-19,,"Strategy, Turn-based strategy (TBS), Tactical, Indie, Card & Board Game",PC (Microsoft Windows),Action,"roguelike, deck-building",Ben Allen,Bird view / Isometric,Single player
The Elder Scrolls: Blades,2020-05-12,49.4,"Role-playing (RPG), Adventure","Android, iOS, Nintendo Switch","Action, Fantasy, Open world","arena, character customization, magic, roguelike, leveling, dungeon crawling, procedurally generated, melee combat, free-to-play, linear gameplay, quest hub, endless mode, dungeon, quest, mobile games, town management","Bethesda Softworks, Bethesda Game Studios","First person, Virtual Reality","Single player, Multiplayer"
Hollow,2020-05-11,,"Platform, Indie","PC (Microsoft Windows), Mac",Action,roguelite,,Bird view / Isometric,Single player
Wizodd,2020-05-11,,"Shooter, Adventure, Indie, Arcade","PlayStation 4, PC (Microsoft Windows), PlayStation 5, Xbox One, Nintendo Switch","Action, Fantasy","retro, 2d, roguelike, pixel graphics, dungeon crawler, deliberately retro","Gagonfe, JanduSoft",Bird view / Isometric,Single player
Ruins,2020-04-26,,"Role-playing (RPG), Turn-based strategy (TBS)","Linux, Android, PC (Microsoft Windows), Mac",Fantasy,"roguelike, procedural generation, tabletop, procedurally generated, dungeon crawler, turn-based rpg",Ash McAllan,Bird view / Isometric,"Single player, Multiplayer"
Space Raiders in Space,2020-04-16,,"Shooter, Role-playing (RPG), Strategy, Adventure, Indie, Arcade","PC (Microsoft Windows), Xbox One, Nintendo Switch","Action, Comedy","tower defense, roguelike, free-to-play, comic book, replayability","2 Stupid Devs, Destructive Creations",,Single player
Slash Roll,2020-04-13,,"Strategy, Turn-based strategy (TBS), Indie, Card & Board Game","Linux, PC (Microsoft Windows)","Fantasy, Comedy","roguelike, dice, roguelite, deck-building",NiankSoft,First person,Single player
Gun Rounds,2020-04-11,,"Shooter, Role-playing (RPG), Strategy, Turn-based strategy (TBS), Arcade","Android, PC (Microsoft Windows), iOS, Mac, Nintendo Switch",Action,roguelike,Blabberf,,Single player
Infinite Dronin,2020-04-07,,Hack and slash/Beat 'em up,PC (Microsoft Windows),"Action, Science fiction","roguelike, difficult","NeoBird, upjers",,Single player
Pagan Hope,2020-04-06,,"Role-playing (RPG), Hack and slash/Beat 'em up",PC (Microsoft Windows),"Action, Fantasy, Survival","wizards, magic, roguelike, bow and arrow",Valentin Ticu,Bird view / Isometric,Single player
HyperParasite,2020-04-03,70.0,"Fighting, Shooter, Role-playing (RPG), Hack and slash/Beat 'em up, Adventure, Indie, Arcade","PlayStation 4, PC (Microsoft Windows), Xbox One, Nintendo Switch",Action,"retro, difficult, twin stick control, roguelite","Troglobytes Games, Hound Picked Games, QubicGames S.A.",Bird view / Isometric,"Single player, Multiplayer, Co-operative"
Self.destroy(),2020-04-02,,"Puzzle, Indie",PC (Microsoft Windows),Action,"roguelike, procedural generation",Maxine Red,Bird view / Isometric,Single player
Strike Buster Prototype,2020-03-30,,"Shooter, Adventure, Arcade",PC (Microsoft Windows),Action,roguelike,,Bird view / Isometric,Single player
Pangeon,2020-03-29,50.0,"Platform, Role-playing (RPG), Adventure, Indie","PlayStation 4, PC (Microsoft Windows), Xbox One, Nintendo Switch",Action,"roguelike, procedural generation, random level generation, dungeon crawler","Gaming Factory S.A., Ultimate Games S.A., Skrypious, Ultimate Games",First person,Single player
VolticPistol,2020-03-26,,"Adventure, Indie","Linux, PC (Microsoft Windows)",Action,"roguelike, bullet hell",Sunset Arctic Games,,Single player
Metal Max Xeno Reborn,2020-03-26,,"Shooter, Role-playing (RPG), Adventure","PlayStation 4, PC (Microsoft Windows), Nintendo Switch","Action, Science fiction, Open world","post-apocalyptic, mech, roguelike, jrpg, non-linear, turn-based combat","Kadokawa Games, 24Frame, Cattle Call, PQube, Clouded Leopard Entertainment Inc.",Third person,Single player
One Step From Eden,2020-03-26,64.2,"Shooter, Real Time Strategy (RTS), Role-playing (RPG), Strategy, Adventure, Indie","PlayStation 4, Linux, PC (Microsoft Windows), Mac, Xbox One, Nintendo Switch","Action, Science fiction","crowdfunding - kickstarter, real-time combat, roguelite, tokyo game show 2019, deck-building, grid-based","Maple Whispering Limited, Humble Games, Thomas Moon Kang","Bird view / Isometric, Side view","Single player, Multiplayer, Co-operative"
Sverdheim,2020-03-23,,"Role-playing (RPG), Tactical, Hack and slash/Beat 'em up",PC (Microsoft Windows),Fantasy,"roguelike, procedural generation",,Bird view / Isometric,Single player
Return to Sender,2020-03-20,,"Adventure, Indie",PC (Microsoft Windows),Action,"roguelike, difficult, bullet hell",Carl Games,Third person,Single player
Legend of Keepers,2020-03-19,62.5,"Role-playing (RPG), Simulator, Strategy, Adventure, Indie","Google Stadia, PlayStation 4, Linux, PC (Microsoft Windows), PlayStation 5, Mac, Xbox One, Nintendo Switch",Fantasy,"tower defense, roguelite, previously on - stadia pro","Goblinz Publishing, Goblinz Studio",Side view,"Single player, Multiplayer"
Roundguard,2020-03-13,80.0,"Puzzle, Role-playing (RPG), Simulator, Strategy, Pinball, Indie, Arcade","PlayStation 4, Android, PC (Microsoft Windows), iOS, Mac, Xbox One, Nintendo Switch","Action, Fantasy, Comedy, Kids","physics, roguelike, pachinko, pinball, dungeon crawling, dungeon crawler, roguelite, action roguelike, previously on - apple arcade","The Quantum Astrophysicists Guild, Wonderbelly Games, Wonderbelly Games",,Single player
Porklike: Wurst Comes to Worst,2020-03-11,,"Strategy, Turn-based strategy (TBS), Indie",Web browser,,"retro, roguelike, procedural generation, dungeon crawler, roguelite",Krystian Majewski,"Third person, Bird view / Isometric",Single player
Res Furtiva,2020-03-08,,"Role-playing (RPG), Tactical, Indie","Linux, PC (Microsoft Windows), Mac","Historical, Stealth",roguelike,,,
Atgtha in Absurdia,2020-03-08,,,PC (Microsoft Windows),,roguelike,Tyriq Plummer,,Single player
Pokémon Mystery Dungeon: Rescue Team DX,2020-03-06,78.1,"Role-playing (RPG), Adventure",Nintendo Switch,"Fantasy, Kids",roguelike,"Nintendo of America, Nintendo of Europe, Nintendo, The Pokémon Company, Spike Chunsoft","Third person, Bird view / Isometric",Single player
Pact,2020-03-05,,"Role-playing (RPG), Strategy",PC (Microsoft Windows),Fantasy,"roguelike, procedural generation",porousnapkin,"Bird view / Isometric, Side view",Single player
Thine Cometh,2020-03-05,,"Puzzle, Role-playing (RPG), Adventure","Linux, PC (Microsoft Windows), Mac",Fantasy,roguelike,Deep Root Interactive,Bird view / Isometric,Single player
Miasma Caves,2020-02-28,,"Platform, Adventure, Indie",PC (Microsoft Windows),"Action, Fantasy","exploration, roguelike, mining, 3d platformer, non-violent",Windy Games,Third person,Single player
Beyond Extinct,2020-02-26,,"Shooter, Adventure, Indie",PC (Microsoft Windows),Action,roguelike,Crania Games,First person,Single player
Warlander,2020-02-26,40.0,"Role-playing (RPG), Adventure",PC (Microsoft Windows),"Action, Fantasy","dark fantasy, gore, roguelite",Clock Drive Games,Third person,Single player
Smart Moves,2020-02-25,,"Puzzle, Adventure, Indie, Arcade, Card & Board Game","PC (Microsoft Windows), Xbox One, Nintendo Switch",,"roguelike, difficult","grin robot, Xitilon, TERNOX",,Single player
Down Hole,2020-02-23,,"Platform, Puzzle, Indie","Web browser, Android, PC (Microsoft Windows), Mac",Survival,roguelite,,Side view,Single player
Pamp Quest,2020-02-20,,"Shooter, Adventure, Indie",PC (Microsoft Windows),"Action, Science fiction, Horror","roguelike, procedural generation, roguelite",WoksOn Studios,First person,Single player
Necronator: Dead Wrong,2020-02-13,70.0,"Real Time Strategy (RTS), Strategy, Indie, Card & Board Game",PC (Microsoft Windows),"Action, Fantasy","tower defense, roguelite","Toge Productions, Modern Wolf",Bird view / Isometric,Single player
Dead Cells: The Bad Seed,2020-02-11,80.9,"Platform, Adventure, Indie","Xbox Series X|S, PlayStation 4, Linux, Android, PC (Microsoft Windows), iOS, PlayStation 5, Mac, Xbox One, Nintendo Switch","Action, Fantasy","metroidvania, roguelite, soulslike","Motion Twin, Evil Empire",Side view,Single player
Stoneshard,2020-02-06,76.8,"Role-playing (RPG), Strategy, Turn-based strategy (TBS), Tactical, Adventure, Indie","Linux, PC (Microsoft Windows), Mac","Fantasy, Open world","medieval, roguelike, permadeath, difficult, steam achievements, remote play, steam families","Ink Stains Games, HypeTrain Digital",Bird view / Isometric,Single player
"Love, Kyoko",2020-01-31,,"Puzzle, Role-playing (RPG), Indie",PC (Microsoft Windows),,"cyberpunk, roguelike, ascii, cute, pixel art, turn-based combat",Lowsun,Bird view / Isometric,Single player
Skeletris,2020-01-25,,Strategy,"Linux, PC (Microsoft Windows), Mac",Horror,"roguelike, procedural generation, inventory management, skeletons",Ghast,Bird view / Isometric,Single player
Void Terrarium,2020-01-23,,Role-playing (RPG),"PlayStation 4, Nintendo Switch",Science fiction,"post-apocalyptic, anime, roguelike, robots, artificial intelligence, alternate costumes, mystery dungeon","Nippon Ichi Software, NIS America","Bird view / Isometric, Side view",Single player
Monster Girls and the Mysterious Adventure,2020-01-18,,"Role-playing (RPG), Indie",PC (Microsoft Windows),Fantasy,"3d, roguelike, mythology, single-player only, creature collector, monstergirl",NEKOTOKAGE GAMES,,Single player
DungeonTop: Spell Sword Cards,2020-01-16,70.0,"Role-playing (RPG), Strategy, Adventure, Indie, Card & Board Game","PlayStation 4, PC (Microsoft Windows), Nintendo Switch",Fantasy,"2d, roguelike, deck-building","One Up Plus Entertainment, Qubic Games",,Single player
Isleward,2020-01-13,,"Role-playing (RPG), Indie","Web browser, Linux, Android, PC (Microsoft Windows), Mac",Fantasy,roguelike,Big Bad Waffle,Bird view / Isometric,"Multiplayer, Co-operative, Massively Multiplayer Online (MMO)"
Tower of Arcana,2020-01-10,,"Role-playing (RPG), Strategy, Adventure, Indie, Card & Board Game",PC (Microsoft Windows),"Action, Fantasy","roguelite, deck-building, deckbuilder",,Bird view / Isometric,Single player
Seven Scrolls,2020-01-01,,"Role-playing (RPG), Tactical, Indie","Android, iOS","Fantasy, Historical","magic, roguelike, procedural generation",Jesse Venbrux,Bird view / Isometric,Single player
Mortacrust,2019-12-31,,"Platform, Puzzle, Turn-based strategy (TBS), Indie",PC (Microsoft Windows),,"ninja, weird, turn-based, roguelike",Z. Bill,,Single player
Space Grunts 2,2019-12-31,,"Strategy, Turn-based strategy (TBS), Indie, Arcade, Card & Board Game","Linux, Android, PC (Microsoft Windows), iOS, Mac",Science fiction,"roguelike, card battler","Orangepixel, HandyGames",Bird view / Isometric,Single player
Star of Providence: Relics of the Past,2019-12-25,,"Shooter, Indie, Arcade","Linux, PC (Microsoft Windows)","Action, Science fiction","procedural generation, roguelite, action roguelike",Team D-13,Bird view / Isometric,Single player
Outpost,2019-12-20,,"Strategy, Adventure, Indie","Linux, PC (Microsoft Windows), Mac",Action,"tower defense, roguelike, open world survival craft",Open Mid Interactive,Bird view / Isometric,Single player
Roguescape,2019-12-14,,"Platform, Adventure, Indie, Arcade","Linux, PC (Microsoft Windows), Mac",Fantasy,"wizards, roguelike, pixel art, procedurally generated, dungeon crawler",MissingTech,Side view,"Single player, Multiplayer"
Roguelike Simulator,2019-12-09,,Adventure,Web browser,,roguelike,eevee,,
Black Future '88,2019-11-21,60.0,"Shooter, Adventure, Indie","PC (Microsoft Windows), Nintendo Switch","Action, Science fiction","cyberpunk, roguelike","Good Shepherd Entertainment, SUPERSCARYSNAKES, Gambitious",Side view,"Single player, Multiplayer, Co-operative, Split screen"
Labyrinth of the Witch,2019-11-13,,"Puzzle, Role-playing (RPG)","PC (Microsoft Windows), Nintendo Switch",Fantasy,"2d, roguelike, pixel graphics",ORANGE CUBE,Third person,Single player
The Pit: Infinity,2019-11-12,,"Shooter, Indie",PC (Microsoft Windows),"Action, Science fiction, Horror, Survival","aliens, roguelike, online co-op, roguelite",Kerberos Productions,First person,"Single player, Multiplayer, Co-operative"
DemonCrawl,2019-11-05,80.0,"Puzzle, Role-playing (RPG), Strategy, Adventure, Indie","Android, PC (Microsoft Windows)",Fantasy,"roguelike, minesweeper",Therefore Games,Bird view / Isometric,Single player
Legioncraft,2019-11-01,,"Puzzle, Role-playing (RPG), Strategy, Adventure, Indie",PC (Microsoft Windows),Fantasy,"hand-drawn, tile based, modding support, roguelite, cards","INDIECN, SilverBlade, Way York",Bird view / Isometric,Single player
Ratropolis,2019-11-01,80.0,"Role-playing (RPG), Strategy, Indie, Card & Board Game","PC (Microsoft Windows), iOS, Mac","Survival, Warfare","tower defense, casual, real time tactics, roguelite, deck-building",Cassel Games,Side view,Single player
Magic Survival,2019-10-31,,"Puzzle, Strategy, Hack and slash/Beat 'em up",Android,Action,"wizards, demon, magic, 2d, artifacts, leveling, character select screen, upgradeable weapons, item combination, optional lore, in-game advertising, roguelite, in-app purchases, endless mode, lore rich",Leme,Bird view / Isometric,Single player
Tower of 100 Floors,2019-10-25,,Indie,PC (Microsoft Windows),Fantasy,roguelike,"Estúdio Vaca Roxa, Lastone",Bird view / Isometric,"Single player, Multiplayer, Co-operative"
Space Gladiators,2019-10-22,,"Fighting, Platform, Role-playing (RPG), Hack and slash/Beat 'em up, Indie, Arcade","PlayStation 4, Android, PC (Microsoft Windows), iOS, Xbox One, Nintendo Switch","Action, Science fiction","roguelike, roguelite",Blobfish,Side view,Single player
The Forgettable Dungeon,2019-10-21,,"Role-playing (RPG), Adventure, Indie",PC (Microsoft Windows),Action,"roguelike, action-adventure, digital distribution, pax east 2016","Happy Box Games LLC, Anthony Rotondo, hyperunknown",Bird view / Isometric,"Single player, Multiplayer, Co-operative, Split screen"
Battle Planet: Judgement Day,2019-10-16,70.0,"Shooter, Indie, Arcade","PlayStation 4, PC (Microsoft Windows), Nintendo Switch",Action,roguelite,"THR3AKS, Wild River Games, THREAKS",Bird view / Isometric,"Single player, Multiplayer, Co-operative"
Tower Hunter: Erza's Trial,2019-10-12,50.0,"Platform, Role-playing (RPG), Adventure, Indie","PC (Microsoft Windows), iOS","Action, Fantasy","2.5d, roguelite",IceSitruuna,Side view,Single player
Rook,2019-09-22,,"Puzzle, Indie, Card & Board Game",Web browser,,"chess, browser-based, freeware, game jam, free-to-play, chessboard, roguelite, alakajam, alakajam 7",Raindrinker,Bird view / Isometric,Single player
Devil's Deck,2019-09-18,60.0,"Role-playing (RPG), Strategy, Adventure, Indie","Linux, PC (Microsoft Windows)",Mystery,"roguelike, steam cloud, steam leaderboards, roguelike deckbuilder",Chengdu zhidianshidai Technology Limited company,,Single player
Crying Suns,2019-09-18,59.3,"Role-playing (RPG), Simulator, Strategy, Tactical, Indie","Android, PC (Microsoft Windows), iOS, Mac, Nintendo Switch",Science fiction,roguelike,"Humble Bundle, Alt Shift, Humble Games",,Single player
Just Random Squares,2019-08-23,,"Role-playing (RPG), Indie",PC (Microsoft Windows),Action,"roguelike, bullet hell",,Bird view / Isometric,Single player
Plunge,2019-08-23,70.0,"Puzzle, Strategy, Tactical, Adventure, Indie","PC (Microsoft Windows), Mac, Nintendo Switch",Action,"medieval, roguelike, traps, digital distribution, pax west 2017, escaping imprisonment",Spooky Buns,Bird view / Isometric,Single player
Dead Cells: Action Game of the Year,2019-08-20,,"Platform, Adventure, Indie","PlayStation 4, Nintendo Switch","Action, Fantasy","metroidvania, roguelite, soulslike","Merge Games, Motion Twin, Evil Empire",Side view,Single player
Rad,2019-08-20,64.9,"Role-playing (RPG), Hack and slash/Beat 'em up, Adventure, Indie, Arcade","PlayStation 4, PC (Microsoft Windows), Xbox One, Nintendo Switch",Action,"post-apocalyptic, mutation, mutants, roguelite","Bandai Namco Entertainment America, Double Fine Productions, Bandai Namco Entertainment","Third person, Bird view / Isometric",Single player
Card Wizard,2019-08-18,,"Puzzle, Strategy, Turn-based strategy (TBS), Indie","Android, iOS",Fantasy,"wizards, magic, dungeon crawling, turn-based tactics, magic staff, roguelite, bosses, cards",111Percent,Bird view / Isometric,Single player
Rogue Rocks,2019-08-15,,"Shooter, Indie, Arcade","Linux, PC (Microsoft Windows)",Action,"shoot 'em up, procedural generation, space, asteroids, roguelite",AUX-IN Games,Bird view / Isometric,Single player
Emberlight,2019-08-13,,"Role-playing (RPG), Strategy, Indie","Linux, PC (Microsoft Windows), Mac",Fantasy,"exploration, procedural generation, permadeath, dungeon crawler, roguelite",Quarter Onion Games,Bird view / Isometric,Single player
Dicey Dungeons,2019-08-13,71.3,"Role-playing (RPG), Strategy, Adventure, Indie, Card & Board Game","Xbox Series X|S, PlayStation 4, Linux, Android, PC (Microsoft Windows), iOS, PlayStation 5, Mac, Xbox One, Nintendo Switch","Fantasy, Comedy","casual, thief, turn-based, roguelike, procedural generation, cute, dungeon crawling, dice, dungeon crawler, colorful, great soundtrack, battle, roguelite, mouse only, deck-building, roguelike deckbuilder, replayability, warrior, dungeon, deckbuilder, cartoon, card battler, replay value, monster","Distractionware, Terry Cavanagh",Side view,Single player
Portals of Phereon,2019-08-12,,"Role-playing (RPG), Strategy, Tactical, Indie",PC (Microsoft Windows),"Fantasy, Erotic","adult, roguelike, breeding, robots, procedural generation, permadeath, resource management, mythology, multiple endings, pixel graphics, nudity, procedurally generated, mermaid, hand-drawn, sexual content, tactical turn-based combat, centaurs, save file unlockables, in-game achievements, randomly generated maps, unlockable difficulty level, secret areas within secret areas, spirits, party customization, unlockable characters, adjustable difficulty, unlockable gallery, dating simulation, hexagon tiles, monster tamer, turn-based rpg, multiple playable characters, hex grid, creature collector, monstergirl",,Bird view / Isometric,Single player
Rogue Legacy: Wanderer Edition,2019-08-08,,"Platform, Indie",iOS,"Action, Fantasy",roguelite,Cellar Door Games,Side view,Single player
Yokai Dungeon,2019-08-08,,"Puzzle, Indie","Android, iOS","Action, Fantasy","roguelike, yokai, random level generation",Neutronized,Bird view / Isometric,Single player
Phantom Rose,2019-08-08,60.0,"Strategy, Indie, Card & Board Game","PC (Microsoft Windows), Mac",Fantasy,"anime, roguelike, deck-building","makaroll, Studio Maka, Maple Whispering Limited",Side view,Single player
Labyrinth Life,2019-08-01,,Role-playing (RPG),"PlayStation 4, Nintendo Switch",Fantasy,"roguelike, dungeon crawler","D3 Publisher, Matrix Software","Third person, Bird view / Isometric",Single player
Azazel,2019-07-31,,Role-playing (RPG),"Linux, PC (Microsoft Windows), Mac",,"roguelike, goat, animal protagonist, short, biblical quotes",Seth Alter,Bird view / Isometric,Single player
Omega Labyrinth Life,2019-07-31,60.0,"Role-playing (RPG), Adventure","PlayStation 4, PC (Microsoft Windows), Nintendo Switch",Fantasy,"roguelike, dungeon crawler, partial nudity, suggestive themes","D3 Publisher, Matrix Software","Third person, Bird view / Isometric",Single player
Alfal's Grove,2019-07-29,,"Shooter, Indie",PC (Microsoft Windows),"Action, Science fiction","roguelike, 3d platformer, roguelite",Ryan Scott,First person,Single player
Hells Divide,2019-07-28,,"Hack and slash/Beat 'em up, Indie","Linux, PC (Microsoft Windows)","Action, Horror","hell, roguelite",,First person,Single player
Dead Hand,2019-07-26,70.0,"Role-playing (RPG), Strategy, Tactical, Indie",PC (Microsoft Windows),,"vehicular combat, roguelike, robots, difficult, dungeon crawler, tactical turn-based combat",One Man Army Games,,Single player
Elemental War,2019-07-19,60.0,"Strategy, Indie","Xbox Series X|S, PlayStation 4, Linux, PC (Microsoft Windows), PlayStation 5, Mac, Xbox One",Fantasy,"tower defense, roguelike, pvp, steampunk, leaderboard",Clockwork Origins,Bird view / Isometric,"Single player, Multiplayer, Co-operative"
Nowhere Prophet,2019-07-19,77.5,"Puzzle, Role-playing (RPG), Strategy, Turn-based strategy (TBS), Adventure, Indie, Arcade, Card & Board Game","PlayStation 4, Linux, PC (Microsoft Windows), Mac, Xbox One, Nintendo Switch",Science fiction,"post-apocalyptic, roguelike, dystopian, procedural generation, deck-building","Sharkbomb Studios, No More Robots",Bird view / Isometric,Single player
Touhou Genso Wanderer: Lotus Labyrinth - Miko Rabbit-chan 1-gou,2019-07-18,,"Role-playing (RPG), Indie","PlayStation 4, Nintendo Switch","Action, Fantasy","anime, vampire, magic, 3d, 2d, roguelike, robots, frog, rabbit, village, fairy, cute, japan, snow, random level generation, dungeon crawler, youkai, manic shooter, maid, great soundtrack, magical girl, battle, human, poisoning, phantom, touhou project, bunny, fangame, conversation, faith, touhou fangame, magician, level up, half-human, doujin game","AQUA STYLE, Phoenixx Inc.",Bird view / Isometric,Single player
Touhou Genso Wanderer: Lotus Labyrinth - Reimu Hakurei Blue,2019-07-18,,"Role-playing (RPG), Adventure, Indie","PlayStation 4, Nintendo Switch","Action, Fantasy","anime, vampire, magic, 3d, 2d, roguelike, frog, rabbit, village, fairy, dracula, cute, japan, random level generation, dungeon crawler, youkai, manic shooter, maid, great soundtrack, magical girl, battle, human, poisoning, touhou project, bunny, fangame, conversation, faith, touhou fangame, level up, half-human, doujin game","AQUA STYLE, Phoenixx Inc.",Bird view / Isometric,Single player
Eagle Island Twist,2019-07-18,,"Platform, Adventure, Indie","PlayStation 4, PC (Microsoft Windows), Xbox One, Nintendo Switch","Action, Fantasy","16-bit, roguelike, cute, pixel art, colorful","Pixelnicks, Screenwave Media",Third person,Single player
Fate Hunters,2019-07-18,56.8,"Strategy, Adventure, Indie, Card & Board Game","Linux, PC (Microsoft Windows), Mac",Fantasy,roguelike,Tower Games,First person,Single player
Touhou Genso Wanderer: Lotus Labyrinth,2019-07-18,,"Role-playing (RPG), Adventure, Indie","PlayStation 4, PC (Microsoft Windows), Nintendo Switch","Action, Fantasy","zombies, anime, wizards, vampire, magic, 3d, 2d, turn-based, roguelike, robots, frog, doctor, rabbit, village, fairy, bird, dracula, cute, japan, snow, wolf, camera, shanghai, dog, random level generation, mermaid, youkai, puppet, devil, maid, great soundtrack, spider, cat, human, mouse, heterochromia, poisoning, phoenix, phantom, touhou project, tiger, bug, bunny, fangame, conversation, nuclear, faith, touhou fangame, magician, third eye, level up, half-human, doujin game","AQUA STYLE, AQUA STYLE, Phoenixx Inc.",Bird view / Isometric,Single player
Streets of Rogue,2019-07-11,65.3,"Shooter, Role-playing (RPG), Hack and slash/Beat 'em up, Adventure, Indie","PlayStation 4, Linux, PC (Microsoft Windows), Mac, Xbox One, Nintendo Switch","Action, Stealth, Comedy, Sandbox","roguelike, procedural generation, action-adventure, procedurally generated, pax west 2017, pax south 2017, pax west 2016, roguelite, speedrun mode","Matt Dabrowski, tinyBuild, Pingle Game Studio",Bird view / Isometric,"Single player, Multiplayer, Co-operative, Split screen"
Eagle Island,2019-07-10,60.0,"Platform, Adventure, Indie","Linux, PC (Microsoft Windows), Mac, Nintendo Switch","Action, Fantasy","roguelike, metroidvania, crowdfunding - kickstarter, roguelite, speedrun mode","Pixelnicks, Screenwave Media",Side view,Single player
Order of Fate,2019-07-03,,Role-playing (RPG),"Android, iOS",Fantasy,roguelike,,,Single player
Bumpin' Dungeon,2019-07-03,,"Puzzle, Indie","Android, iOS",Fantasy,"turn-based, roguelike, grid-based movement, dungeon crawler, free-to-play, in-app purchases",Moby Pixel,Bird view / Isometric,Single player
Zorbus,2019-06-30,,"Role-playing (RPG), Turn-based strategy (TBS), Indie",PC (Microsoft Windows),Fantasy,"magic, roguelike",Joonas Hirvonen,"Third person, Bird view / Isometric",Single player
The World is Your Weapon,2019-06-27,70.0,"Role-playing (RPG), Indie",PC (Microsoft Windows),Action,"roguelike, roguelite","kagaya, DWANGO",Bird view / Isometric,Single player
Soulash,2019-06-21,,"Role-playing (RPG), Turn-based strategy (TBS), Indie",PC (Microsoft Windows),"Fantasy, Survival, Open world","turn-based, roguelike, crafting",Wizards of the Code,"Bird view / Isometric, Text",Single player
Gunslugs: Rogue Tactics,2019-06-20,,"Shooter, Platform, Role-playing (RPG), Strategy, Tactical, Indie, Arcade","Linux, Android, PC (Microsoft Windows), iOS, Mac","Action, Stealth","procedural generation, pixel art, roguelite","Orangepixel, HandyGames",Side view,Single player
No Delivery,2019-06-15,,"Role-playing (RPG), Indie","PC (Microsoft Windows), Mac",Horror,"retro, roguelike, procedural generation, pixel art, pizza, roguelite",oates,"First person, Bird view / Isometric",Single player
Golden Fall,2019-06-14,,"Role-playing (RPG), Adventure, Indie","Linux, PC (Microsoft Windows)",Fantasy,"retro, roguelike",Ofer Rubinstein,Bird view / Isometric,Single player
Dungeon Tales: RPG Card Game,2019-06-13,,Role-playing (RPG),"Android, iOS",Fantasy,"card based combat, roguelite, deck-building",Homecooked Games,"First person, Side view",Single player
P1 Select,2019-06-09,,"Puzzle, Strategy, Tactical, Indie","Web browser, PC (Microsoft Windows), iOS",,roguelike,Michael Brough,Bird view / Isometric,Single player
Void Bastards,2019-05-28,72.6,"Shooter, Strategy, Arcade","PlayStation 4, PC (Microsoft Windows), Mac, Xbox One, Nintendo Switch","Action, Science fiction","spaceship, roguelite","Blue Manchu, Humble Games",First person,Single player
Vambrace: Cold Soul,2019-05-28,60.6,"Role-playing (RPG), Strategy, Turn-based strategy (TBS), Adventure, Indie","PlayStation 4, Linux, PC (Microsoft Windows), Mac, Xbox One, Nintendo Switch",Fantasy,"exploration, dark, 2d, roguelike, difficult, female protagonist, demons, atmospheric, dungeon crawler, story rich, roguelite","Devespresso Games, Headup Games",,Single player
"I'm Just Popping Down the Dungeon, Does Anybody Want Anything?",2019-05-24,,"Role-playing (RPG), Hack and slash/Beat 'em up, Adventure, Indie","Web browser, PC (Microsoft Windows)",Fantasy,roguelite,cephalopodunk,Bird view / Isometric,Single player
Blood Card,2019-05-24,70.0,"Role-playing (RPG), Strategy, Indie","Android, PC (Microsoft Windows), iOS",,"2d, turn-based, dungeon crawler, roguelite, deck-building",,,Single player
Conglomerate 451,2019-05-23,70.0,"Role-playing (RPG), Turn-based strategy (TBS), Indie",PC (Microsoft Windows),Science fiction,"cyberpunk, roguelike, dystopian, grid-based movement, dungeon crawler, clone, cyberpunk rpg, previously on - utomik","RuneHeads, 1C Entertainment",First person,Single player
Druidstone: The Secret of the Menhir Forest,2019-05-15,77.9,"Puzzle, Role-playing (RPG), Strategy, Turn-based strategy (TBS), Tactical, Adventure, Indie",PC (Microsoft Windows),Fantasy,"level editor, character customization, roguelike, procedural generation, party-based combat, grid-based movement, party-based, turn-based combat, party customization",Ctrl Alt Ninja,Bird view / Isometric,Single player
Blazing Beaks,2019-05-10,64.2,"Shooter, Role-playing (RPG), Adventure, Indie","PlayStation 4, PC (Microsoft Windows), Xbox One, Nintendo Switch","Action, Party",roguelite,"Qubic Games, Applava",Bird view / Isometric,"Single player, Multiplayer, Co-operative"
Infected Shelter,2019-05-08,70.0,"Role-playing (RPG), Hack and slash/Beat 'em up, Adventure, Indie","PlayStation 4, Linux, PC (Microsoft Windows), Mac, Xbox One, Nintendo Switch",Action,roguelite,Dark Blue Games,Side view,"Single player, Multiplayer, Co-operative"
Omeganaut,2019-05-02,,"Shooter, Arcade","Android, PC (Microsoft Windows)","Action, Science fiction","roguelike, space, on-rails",Txori,"Third person, Virtual Reality",Single player
Mr Moneybag,2019-05-01,,"Role-playing (RPG), Strategy, Indie",PC (Microsoft Windows),"Action, Fantasy","roguelike, roguelite, ludum dare 44",Daniel Linssen,Bird view / Isometric,Single player
Cope Island: Adrift,2019-04-30,,"Role-playing (RPG), Adventure, Indie",PC (Microsoft Windows),Action,"surreal, roguelite",zDS,Bird view / Isometric,Single player
Dark Blood: Beyond the Darkness,2019-04-25,,Role-playing (RPG),"Android, iOS",Fantasy,"roguelike, pixel art, card based combat",Toihaus Games,,Single player
Lost King's Lullaby,2019-04-25,,"Role-playing (RPG), Adventure, Indie","PC (Microsoft Windows), Nintendo Switch",Action,roguelike,"Avance, Storeen Games, Tesura Games",Side view,Single player
The Swords of Ditto: Mormo's Curse,2019-04-24,68.4,"Role-playing (RPG), Adventure, Arcade","PlayStation 4, PC (Microsoft Windows), Nintendo Switch",Action,"roguelite, previously on - pc gamepass","onebitbeyond, Devolver Digital",Bird view / Isometric,"Single player, Co-operative"
Desert Kill,2019-04-17,,"Shooter, Role-playing (RPG), Indie",PC (Microsoft Windows),Action,"roguelike, steam, roguelite",,Side view,Single player
Papercraft,2019-04-11,70.0,"Role-playing (RPG), Strategy, Turn-based strategy (TBS), Adventure, Indie","PC (Microsoft Windows), iOS, Mac",Fantasy,"multiple endings, grid-based movement, turn-based combat, roguelite, deck-building, grid-based","Overture, Shenzhen Tanyu Interactive Entertainment Co., Ltd.","Bird view / Isometric, Side view",Single player
Bow to Blood,2019-04-02,,"Racing, Simulator, Sport, Strategy, Indie",PC (Microsoft Windows),"Action, Fantasy, Science fiction","flight simulator, arena, bloody, bow and arrow, combat racing, cel-shading, airship, roguelite, action roguelike, high fantasy, vehicle crew, science-fantasy",Tribetoy,First person,Single player
Tiny Klepto,2019-03-29,,"Tactical, Adventure",Android,Stealth,"retro, roguelike",chemariz,Bird view / Isometric,Single player
Dead Cells: Rise of the Giant,2019-03-28,81.1,"Platform, Adventure, Indie","Xbox Series X|S, PlayStation 4, Linux, Android, PC (Microsoft Windows), iOS, PlayStation 5, Mac, Xbox One, Nintendo Switch","Action, Fantasy","metroidvania, roguelite, soulslike",Motion Twin,Side view,Single player
Lostx Dungeon II,2019-03-21,,"Role-playing (RPG), Adventure",Android,Action,"roguelike, action-adventure","Woollygame, lostxdungeon",Third person,Single player
The Deepest House,2019-03-18,,"Shooter, Role-playing (RPG), Hack and slash/Beat 'em up, Indie","PC (Microsoft Windows), Mac","Action, Fantasy","roguelike, action-adventure",Mr. Thee,Bird view / Isometric,"Single player, Multiplayer, Co-operative"
Wait For It,2019-03-10,,Tactical,"Linux, PC (Microsoft Windows), Mac",Science fiction,"cyberpunk, roguelike, turn-based tactics, game jam",Darren Grey,Bird view / Isometric,Single player
Teocalli,2019-03-10,,"Role-playing (RPG), Adventure, Indie",PC (Microsoft Windows),Action,"turn-based, roguelike, pixel art",Coldrice Games,Bird view / Isometric,Single player
Forward: Escape the Fold,2019-03-09,,"Point-and-click, Puzzle, Strategy, Indie, Card & Board Game","Web browser, Android, PC (Microsoft Windows), iOS, Mac","Fantasy, Horror","roguelike, dungeon crawler, card based combat","Asylum Labs, Two Tiny Dice","Text, Auditory",Single player
Rogue Star Rescue,2019-03-08,70.0,"Shooter, Role-playing (RPG), Strategy, Adventure, Indie","Linux, PC (Microsoft Windows), Mac, Xbox One, Nintendo Switch","Action, Science fiction","tower defense, shoot 'em up, roguelike, procedural generation, bullet hell, roguelite",Chute Apps Inc.,"Third person, Bird view / Isometric","Single player, Multiplayer, Co-operative"
Cantrip,2019-03-06,,"Strategy, Indie, Card & Board Game","PC (Microsoft Windows), Mac",,"roguelike, roguelike deckbuilder",,,Single player
Bard's Gold: Nintendo Switch Edition,2019-03-05,,"Platform, Role-playing (RPG), Indie, Arcade",Nintendo Switch,"Action, Fantasy, Historical","medieval, roguelike, old school, difficult, traps, unfair deaths, bats, digital distribution, throwing weapons, language selection, shopping, treasure chest","Erdem Sen, Pixel Lantern, Eastasiasoft",Side view,Single player
Moss Destruction,2019-03-01,70.0,"Shooter, Indie",PC (Microsoft Windows),"Action, Fantasy","twin stick control, roguelite",Shotgun with Glitters,Bird view / Isometric,Single player
ToeJam & Earl: Back in the Groove,2019-03-01,57.2,"Music, Adventure, Indie","PlayStation 4, Linux, PC (Microsoft Windows), Mac, Xbox One, Nintendo Switch","Action, Fantasy, Science fiction, Comedy","aliens, roguelike, sequel, reboot, crowdfunding - kickstarter, hip-hop, digital distribution, music and rhythm, pax west 2017, pax west 2016","HumaNature Studios, Adult Swim Games, 22nd Century Toys, HumaNature Studios",Bird view / Isometric,"Single player, Multiplayer, Co-operative, Split screen"
RemiLore: Lost Girl in the Lands of Lore,2019-02-26,60.0,"Hack and slash/Beat 'em up, Adventure","PlayStation 4, PC (Microsoft Windows), Xbox One, Nintendo Switch",Action,"roguelite, twin stick","Nicalis, Inc., REMIMORY, PixelLore",Bird view / Isometric,"Single player, Multiplayer, Co-operative"
Immortal Rogue,2019-02-20,,"Role-playing (RPG), Hack and slash/Beat 'em up, Indie","Android, iOS","Action, Fantasy",roguelite,Kyle Barrett,Bird view / Isometric,Single player
DemonsTier,2019-02-19,,"Role-playing (RPG), Adventure, Indie",PC (Microsoft Windows),"Action, Fantasy",roguelike,"Diabolical Mind, Daniel Fernandez Chavez",Bird view / Isometric,"Single player, Co-operative"
Alchemic Dungeons DX,2019-02-14,,"Role-playing (RPG), Adventure","PC (Microsoft Windows), iOS, Nintendo Switch",,"roguelike, roguelite","Flyhigh Works, Q-Cumber Factory",,Single player
Crypts of Death,2019-02-11,,"Role-playing (RPG), Indie",Android,"Fantasy, Horror",roguelike,GameRealmMadness,"Bird view / Isometric, Side view",Single player
Away: Journey to the Unexpected,2019-02-05,50.0,"Shooter, Platform, Role-playing (RPG), Hack and slash/Beat 'em up, Adventure, Indie","PlayStation 4, PC (Microsoft Windows), Xbox One, Nintendo Switch","Action, Fantasy, Kids","anime, roguelike, action-adventure, digital distribution, pax west 2017, pax east 2017, developed by one person, xbox one x enhanced, real-time combat, roguelite, previously on - utomik","Playdius, Dear Villagers, Aurelien Regard Games, Plug In Digital",First person,Single player
Soul Chomper,2019-02-02,,Adventure,"Linux, PC (Microsoft Windows), Mac",Action,"magic, 2d, roguelike, pixel art",Just2D,,
Lovecraft's Untold Stories,2019-01-31,64.1,"Shooter, Role-playing (RPG), Strategy, Adventure, Indie, Arcade","PlayStation 4, Android, PC (Microsoft Windows), iOS, Mac, Xbox One, Nintendo Switch","Action, Horror, Mystery","roguelike, lovecraftian","BadLand Publishing, Blini Games, Fulqrum Publishing",Bird view / Isometric,Single player
Sunless Skies,2019-01-31,84.2,"Role-playing (RPG), Adventure, Indie","Linux, PC (Microsoft Windows), Mac","Fantasy, Science fiction, Horror, Historical","roguelike, steampunk, crowdfunding - kickstarter",Failbetter Games,Bird view / Isometric,Single player
Genesis Alpha One,2019-01-29,50.0,"Shooter, Role-playing (RPG), Simulator, Adventure, Indie","PlayStation 4, PC (Microsoft Windows), Xbox One","Action, Science fiction, Survival","base building, random level generation, digital distribution, pax west 2017, roguelite","Radiation Blue, Team17",Third person,Single player
Rogue Empire,2019-01-25,60.0,"Role-playing (RPG), Tactical, Indie","Linux, PC (Microsoft Windows), Mac",Fantasy,"turn-based, roguelike, permadeath, grid-based movement, dungeon crawler",Portal Entertainment,Bird view / Isometric,Single player
Slay the Spire,2019-01-23,84.7,"Role-playing (RPG), Strategy, Turn-based strategy (TBS), Adventure, Indie, Card & Board Game","PlayStation 4, Linux, Android, PC (Microsoft Windows), iOS, Mac, Xbox One, Nintendo Switch",Fantasy,"management, vaporware, hip-hop, roguelite, deck-building","Humble Games, Mega Crit Games",Side view,Single player
Seikimatsu Days: Our Era's End,2018-12-31,,"Role-playing (RPG), Turn-based strategy (TBS)","Android, iOS",Fantasy,"turn-based, roguelike, grid-based movement, random level generation, dungeon crawler","Spike Chunsoft, DeNA",Bird view / Isometric,Single player
Rogue Fable III,2018-12-28,70.0,"Role-playing (RPG), Strategy, Adventure, Indie","PC (Microsoft Windows), Mac",,roguelike,,Bird view / Isometric,Single player
Path of Adventure,2018-12-19,,"Role-playing (RPG), Turn-based strategy (TBS), Adventure","Android, iOS",Fantasy,roguelike,Keeweed,Text,Single player
Numgeon,2018-12-15,70.0,"Role-playing (RPG), Adventure, Indie",PC (Microsoft Windows),Fantasy,"assassin, 2d, pixel art, roguelite",FobTi interactive,Side view,Single player
Diminutive,2018-12-14,,"Shooter, Role-playing (RPG), Adventure, Indie, Arcade",PC (Microsoft Windows),"Action, Science fiction","space combat, space, local multiplayer, twin stick control, roguelite",Boundless Studios,Bird view / Isometric,"Single player, Multiplayer, Co-operative, Split screen"
Below,2018-12-14,72.5,"Role-playing (RPG), Adventure, Indie","PlayStation 4, PC (Microsoft Windows), Xbox One","Action, Fantasy, Survival, Open world","exploration, 2d, roguelike, permadeath, self-discovery, difficult, action-adventure, steam, achievements, digital distribution, xbox one x enhanced, pax east 2016, gamescom 2014, pax east 2014, pax prime 2015, ambient music, previously on - xbox gamepass","Capybara Games, Microsoft Studios","Bird view / Isometric, Side view",Single player
Twinfold,2018-12-12,,"Strategy, Indie","Android, PC (Microsoft Windows), iOS, Mac",,roguelike,Kenny Sun,,Single player
Fear & Hunger,2018-12-11,74.4,"Role-playing (RPG), Turn-based strategy (TBS), Indie","PC (Microsoft Windows), Mac","Fantasy, Horror, Survival","bloody, dark, 2d, dark fantasy, gore, atmospheric, survival horror, nudity, dungeon crawler, fear, sexual content, gore system, strategic dismemberment, roguelite, sexual themes, sexual violence, dungeon","Miro Haverinen, Happy Paintings",Bird view / Isometric,Single player
Kraken's Curse,2018-12-08,,"Role-playing (RPG), Adventure, Indie","PC (Microsoft Windows), Mac",Action,"pirates, roguelike, achievements, cute, steam achievements, controller support",Sokpop Collective,Bird view / Isometric,Single player
Endhall,2018-12-04,70.0,"Strategy, Turn-based strategy (TBS), Indie","Linux, PC (Microsoft Windows), Mac",,"turn-based, roguelike",Heartbeast,Bird view / Isometric,Single player
Whimsical Quest,2018-12-03,,Adventure,PC (Microsoft Windows),Action,"retro, roguelite",Stealthygolem,Bird view / Isometric,Single player
Yuuna and the Haunted Hot Springs: Steam Dungeon,2018-11-15,,Role-playing (RPG),PlayStation 4,,"anime, roguelike",FuRyu,Bird view / Isometric,Single player
Trip Troupe,2018-11-06,,"Role-playing (RPG), Strategy, Turn-based strategy (TBS), Tactical, Adventure, Indie",PC (Microsoft Windows),"Fantasy, Science fiction, Kids, Party","turn-based tactics, roguelite, streamer game",Topstitch Games,,"Multiplayer, Co-operative, Massively Multiplayer Online (MMO)"
Trigger Heroes,2018-10-31,,"Shooter, Indie","Android, iOS","Action, Science fiction",roguelite,Lucky Kat Studios,Bird view / Isometric,Single player
Touhou Genso Wanderer Reloaded: Complete Edition,2018-10-26,,"Role-playing (RPG), Adventure, Indie",PC (Microsoft Windows),"Action, Fantasy","zombies, vampire, magic, 3d, roguelike, robots, frog, doctor, rabbit, forest, village, fairy, bird, dracula, traps, japan, snow, wolf, camera, shanghai, mermaid, youkai, puppet, devil, maid, spider, cat, human, mouse, vending machine interaction, trophies, clone, heterochromia, poisoning, phoenix, phantom, touhou project, tiger, bug, bunny, fangame, conversation, nuclear, touhou fangame, magician, third eye, doujin game",AQUA STYLE,Bird view / Isometric,Single player
Shortest Trip to Earth,2018-10-09,60.0,"Real Time Strategy (RTS), Simulator, Strategy, Adventure, Indie",PC (Microsoft Windows),"Action, Science fiction, Survival","roguelike, spaceship","Iceberg Interactive, Interactive Fate",Bird view / Isometric,Single player
Mad Crown,2018-09-28,50.0,"Role-playing (RPG), Strategy, Adventure, Indie",PC (Microsoft Windows),Fantasy,"post-apocalyptic, roguelike, procedural generation, dieselpunk, visible encounters, turn-based combat, unlockable characters",S-Game,"Bird view / Isometric, Side view",Single player
Depth of Extinction,2018-09-27,60.0,"Role-playing (RPG), Strategy, Turn-based strategy (TBS), Tactical","PlayStation 4, Linux, PC (Microsoft Windows), Mac, Xbox One, Nintendo Switch","Action, Science fiction","16-bit, turn-based, roguelike, procedural generation, pixel art, roguelite",HOF Studios,Bird view / Isometric,Single player
Never Split the Party,2018-09-14,51.8,"Role-playing (RPG), Simulator, Adventure, Indie",PC (Microsoft Windows),Action,"roguelike, free-to-play",Legend Studio,,"Multiplayer, Co-operative"
Adios Amigos,2018-09-12,70.0,"Platform, Simulator, Strategy, Adventure, Indie","PC (Microsoft Windows), Xbox One","Action, Science fiction, Kids","space simulation, exploration, physics, roguelike, discovery, space, space exploration, procedurally generated",Cosmic Picnic,Side view,"Single player, Multiplayer, Co-operative, Split screen"
Mini Rogue,2018-09-10,,"Role-playing (RPG), Card & Board Game",Arduboy,Fantasy,"gothic, roguelite, turn-based rpg",Press Play on Tape,,Single player
Endless Road,2018-09-10,,"Role-playing (RPG), Strategy, Adventure, Indie",PC (Microsoft Windows),Fantasy,roguelike,掌烛文化,,Single player
Empyrean Frontier,2018-08-31,,"Real Time Strategy (RTS), Strategy, Indie",PC (Microsoft Windows),"Action, Science fiction, 4X (explore, expand, exploit, and exterminate)","roguelike, procedural generation, base building",Galdor Studios,Bird view / Isometric,Single player
Dungeon Faster,2018-08-29,,"Turn-based strategy (TBS), Card & Board Game","Android, iOS",Fantasy,"roguelike, card based combat",Old Oak Den,Bird view / Isometric,"Single player, Multiplayer"
Hypergun,2018-08-23,50.0,"Shooter, Indie","PlayStation 4, PC (Microsoft Windows), Xbox One","Action, Science fiction","cyberpunk, fast paced, procedural generation, roguelite",NVYVE Studios,First person,Single player
Card Game Bundle Vol.1,2018-08-21,,"Role-playing (RPG), Strategy, Turn-based strategy (TBS), Adventure, Arcade, Card & Board Game","PlayStation 4, Xbox One, Nintendo Switch","Fantasy, Survival, Drama","roguelike, hand-drawn, deck-building","Digerati Distribution, Studio des Ténèbres, Nerdook Productions",Third person,Single player
Socketeer,2018-08-21,70.0,Indie,"PlayStation 4, PC (Microsoft Windows), Mac, Xbox One","Action, Science fiction",roguelike,"Alliance Digital Media, Ice BEAM Ltd.",Bird view / Isometric,Single player
In Your Realm,2018-08-17,,"Role-playing (RPG), Indie",PC (Microsoft Windows),Action,roguelike,,Bird view / Isometric,Single player
Polygod,2018-08-17,70.0,"Shooter, Strategy, Adventure, Indie","Linux, PC (Microsoft Windows), Mac, Xbox One, Nintendo Switch",Action,roguelike,Krafted Games,First person,"Single player, Multiplayer, Co-operative"
Dys: Eternal Space Jail RPG,2018-08-14,,"Role-playing (RPG), Indie",PC (Microsoft Windows),Science fiction,"cyberpunk, roguelike, jrpg, space, freeware, surreal, roguelite",L.O.V.E. Games,First person,Single player
We Happy Few,2018-08-10,61.4,"Shooter, Adventure, Indie","PlayStation 4, Linux, PC (Microsoft Windows), Mac, Xbox One","Action, Fantasy, Horror, Survival, Historical, Stealth, Open world","psychological horror, roguelike, dystopian, procedurally generated, crowdfunding - kickstarter, xbox play anywhere, xbox one x enhanced, pax east 2016, 4k ultra hd, steam families","Gearbox Publishing, Compulsion Games",First person,Single player
Dead Cells,2018-08-06,83.0,"Platform, Adventure, Indie","PlayStation 4, Linux, Android, PC (Microsoft Windows), iOS, PlayStation 5, Mac, Xbox One, Nintendo Switch","Action, Fantasy","roguelike, metroidvania, permadeath, action-adventure, steam, pixel art, random level generation, teleportation, wall jump, steam achievements, digital distribution, steam cloud, pax west 2017, pax east 2017, pre-release public testing, steam workshop, shopping, skill points in game, bow and arrow, parrying, roguelite, the game awards - best action game - winner, the game awards - best independent game - nominee","Motion Twin, Evil Empire",Side view,Single player
Chasm,2018-07-30,68.6,"Platform, Role-playing (RPG), Adventure, Indie","PlayStation 4, Linux, PC (Microsoft Windows), Mac, PlayStation Vita, Xbox One, Nintendo Switch","Action, Fantasy","anime, retro, 2d, 16-bit, roguelike, metroidvania, side-scrolling, pixel art, crowdfunding - kickstarter, steam greenlight, crowdfunding, digital distribution, pax west 2017, playstation experience 2016, playstation experience 2015, pax east 2016, pax west 2016, crowd funded, pax prime 2014, pax east 2014, pax prime 2015","Bit Kid, Inc., Sickhead Games, Leadman Games",Side view,Single player
Touhou Genso Wanderer Reloaded: Elegance Edition,2018-07-17,,"Role-playing (RPG), Adventure, Indie","PC (Microsoft Windows), Nintendo Switch","Action, Fantasy","zombies, hell, vampire, magic, 3d, turn-based, roguelike, robots, frog, rabbit, village, fairy, bird, dracula, traps, japan, snow, wolf, camera, shanghai, mermaid, youkai, puppet, maid, spider, cat, human, mouse, vending machine interaction, trophies, clone, heterochromia, poisoning, phantom, touhou project, tiger, bug, bunny, fangame, conversation, nuclear, touhou fangame, magician, third eye, level up, doujin game",AQUA STYLE,Bird view / Isometric,Single player
Mothergunship,2018-07-17,66.5,"Shooter, Indie","PlayStation 4, PC (Microsoft Windows), Xbox One","Action, Science fiction","aliens, crafting, bullet hell, random level generation, digital distribution, pax west 2017, pax east 2017, titular antagonist, roguelite","Terrible Posture Games, Grip Digital",First person,"Single player, Multiplayer, Co-operative"
Chogue,2018-07-12,,"Strategy, Turn-based strategy (TBS), Indie","Web browser, Android, PC (Microsoft Windows), iOS, Mac",,"roguelike, random level generation, dungeon crawler, chessboard gameplay","Jonathan Lessard, Pippin Barr",Bird view / Isometric,Single player
Roguebreaker,2018-07-10,70.0,"Indie, Arcade",PC (Microsoft Windows),Action,"retro, 1980s, roguelike, fast paced, short, vaporware, deliberately retro",The World Outside,Side view,Single player
The Persistence,2018-06-24,79.7,"Adventure, Indie","PlayStation 4, PlayStation VR, PC (Microsoft Windows), Xbox One, Nintendo Switch","Action, Science fiction, Horror, Survival","procedural generation, spaceship, roguelite",Firesprite Ltd,"First person, Virtual Reality","Single player, Multiplayer, Co-operative"
Prey: Mooncrash,2018-06-10,78.3,"Shooter, Adventure","PlayStation 4, PC (Microsoft Windows), Xbox One","Action, Science fiction, Horror","aliens, 3d, action-adventure, multiple protagonists, psychic abilities, single-player only, skill tree, roguelite, multiple playable characters, interconnected-world","Arkane Studios, Bethesda Softworks",First person,Single player
Robothorium,2018-06-07,70.0,"Role-playing (RPG), Simulator, Strategy, Turn-based strategy (TBS), Tactical, Adventure, Indie","Linux, PC (Microsoft Windows), Mac, Nintendo Switch","Fantasy, Science fiction","roguelike, futuristic","WhisperGames, Goblinz Studio, Goblinz Publishing",Side view,"Single player, Multiplayer"
In Memory of Titan,2018-06-02,60.0,"Real Time Strategy (RTS), Role-playing (RPG), Strategy, Adventure, Indie",PC (Microsoft Windows),"Action, Science fiction","turn-based, roguelike, space, real-time combat, fusion, space battles","Valhalla Universe, Inc.",Bird view / Isometric,Single player
Die for Valhalla!,2018-05-29,70.0,"Fighting, Role-playing (RPG), Hack and slash/Beat 'em up, Adventure, Indie, Arcade","PlayStation 4, Linux, PC (Microsoft Windows), Mac, Xbox One, Nintendo Switch","Action, Fantasy","norse mythology, procedural generation, vikings, lovecraftian, roguelite, previously on - utomik, previously on - pc gamepass, available on - blacknut",Monster Couch,Side view,"Single player, Multiplayer, Co-operative"
Moonlighter,2018-05-29,70.6,"Role-playing (RPG), Simulator, Hack and slash/Beat 'em up, Adventure, Indie","Google Stadia, PlayStation 4, Linux, Android, PC (Microsoft Windows), iOS, Mac, Xbox One, Nintendo Switch","Action, Fantasy, Business","roguelike, crafting, store management, random level generation, crowdfunding - kickstarter, digital distribution, pax west 2017, merchants, roguelite, previously on - stadia pro, available on - netflix","Digital Sun Games, Netflix, 11 bit studios",Bird view / Isometric,Single player
Bunker Punks,2018-05-28,80.0,"Shooter, Indie",PC (Microsoft Windows),Action,"post-apocalyptic, mech, 3d, roguelike, dystopian, robots, 2.5d, pixel graphics, base building, attributes, voice acting, loot gathering, randomly generated dungeons, randomly generated maps, elevator ambush, punks, elevators that mask loading times",Ninja Robot Dinosaur,First person,Single player
Sir Questionnaire,2018-05-24,,"Point-and-click, Puzzle, Role-playing (RPG), Strategy, Turn-based strategy (TBS), Adventure, Indie","Android, PC (Microsoft Windows), iOS, Nintendo Switch",Fantasy,"turn-based combat, roguelite",Orangepixel,Side view,Single player
I Hate Running Backwards,2018-05-22,70.0,"Shooter, Indie, Arcade","PlayStation 4, Linux, PC (Microsoft Windows), Xbox One, Nintendo Switch","Action, Party","shoot 'em up, roguelite","Croteam, Binx Interactive, Devolver Digital",Bird view / Isometric,"Single player, Multiplayer, Co-operative"
Wizard of Legend,2018-05-15,70.6,"Role-playing (RPG), Hack and slash/Beat 'em up, Adventure, Indie, Arcade","PlayStation 4, Linux, PC (Microsoft Windows), iOS, Mac, Xbox One, Nintendo Switch","Action, Fantasy","magic, 2d, fast paced, procedural generation, action-adventure, couch co-op, pixel art, dungeon crawler, crowdfunding - kickstarter, steam greenlight, roguelite","Contingent99, Humble Games",Bird view / Isometric,"Single player, Multiplayer, Co-operative"
Water's Fine,2018-05-12,,"Indie, Arcade",PC (Microsoft Windows),"Action, Horror","procedural generation, roguelite, diving",OWCH,Side view,Single player
Last Encounter,2018-05-08,70.0,"Role-playing (RPG), Adventure, Indie","PlayStation 4, PC (Microsoft Windows), Mac, Xbox One, Nintendo Switch","Action, Party","roguelike, space, twin stick control","Exordium Games, Silesia Games",Side view,"Single player, Multiplayer, Co-operative"
City of Brass,2018-05-04,40.2,"Shooter, Adventure, Indie","PlayStation 4, PC (Microsoft Windows), Xbox One, Nintendo Switch","Action, Fantasy","thief, melee, roguelite","Uppercut Games, Uppercut Games",First person,Single player
Reignman,2018-05-03,,"Strategy, Adventure, Indie","PC (Microsoft Windows), iOS",Fantasy,roguelite,Winturn Games,Bird view / Isometric,Single player
Juicy Realm,2018-05-03,50.0,"Shooter, Role-playing (RPG), Adventure, Indie, Arcade","PlayStation 4, Android, PC (Microsoft Windows), iOS, PlayStation 5, Mac, Nintendo Switch",Action,roguelike,"SpaceCan, X.D. Network Inc.",,"Single player, Multiplayer, Co-operative"
Beacon,2018-04-30,70.0,"Shooter, Indie",PC (Microsoft Windows),"Action, Science fiction","twin stick control, roguelite, previously on - utomik",monothetic,Bird view / Isometric,Single player
Survive! Mr. Cube,2018-04-26,,Adventure,"PlayStation 4, Nintendo Switch",Action,"voxel, roguelite",Intragames,Bird view / Isometric,Single player
Dungeon Stars,2018-04-26,,"Role-playing (RPG), Hack and slash/Beat 'em up, Adventure, Indie","PC (Microsoft Windows), Nintendo Switch","Action, Fantasy","side-scrolling, roguelite","Riposte Games & Co, Furnace games",Side view,Single player
Swap Swamp,2018-04-24,,"Puzzle, Role-playing (RPG), Turn-based strategy (TBS), Indie",PC (Microsoft Windows),,"turn-based, ludum dare, game jam, tile matching, ludum dare 41, roguelite, turn-based rpg",Le Slo,Side view,Single player
Sword and Plow,2018-04-24,,Role-playing (RPG),PC (Microsoft Windows),Fantasy,"roguelike, farming, ludum dare 41",FrankieSmileShow,"First person, Bird view / Isometric",Single player
Dark Soil,2018-04-24,,"Simulator, Hack and slash/Beat 'em up, Adventure, Arcade",Web browser,"Action, Survival","farming, ludum dare, pixel art, ludum dare 41, roguelite",,Bird view / Isometric,Single player
The Swords of Ditto,2018-04-24,68.3,"Role-playing (RPG), Hack and slash/Beat 'em up, Adventure, Indie, Arcade","PlayStation 4, Linux, Android, PC (Microsoft Windows), iOS, Mac, Nintendo Switch","Action, Fantasy","roguelike, procedural generation, overworld, digital distribution, pax west 2017, roguelite","onebitbeyond, Devolver Digital",Bird view / Isometric,"Single player, Multiplayer, Co-operative"
Vyperspace,2018-04-23,,"Strategy, Turn-based strategy (TBS)",Web browser,,roguelike,iLKke,Bird view / Isometric,Single player
For the King,2018-04-19,69.4,"Role-playing (RPG), Strategy, Turn-based strategy (TBS), Adventure, Indie, Card & Board Game","PlayStation 4, Linux, PC (Microsoft Windows), Mac, Xbox One, Nintendo Switch","Action, Fantasy","turn-based, roguelike, online, low-poly, hexagon, turn-based combat, crowdfunding - kickstarter, digital distribution, pax east 2017, pax west 2016, previously on - utomik, available on - blacknut","IronOak Games, Curve Digital","Bird view / Isometric, Side view","Single player, Multiplayer, Co-operative"
Rogue Aces,2018-04-12,69.9,"Shooter, Arcade","PlayStation 4, PlayStation Vita, Nintendo Switch",Action,"roguelike, planes","Infinite State Games, Curve Digital",Side view,Single player
Ash of Gods: Redemption,2018-03-23,65.7,"Role-playing (RPG), Strategy, Turn-based strategy (TBS), Tactical, Adventure, Indie, Card & Board Game","PlayStation 4, Linux, PC (Microsoft Windows), Mac, Xbox One, Legacy Mobile Device, Nintendo Switch","Fantasy, Thriller, Drama",roguelike,"WhisperGames, AurumDust, Koch Media",Bird view / Isometric,"Single player, Multiplayer"
Touhou Genso Wanderer Reloaded: Tenshi Hinanawi,2018-03-15,,"Role-playing (RPG), Adventure, Indie","PlayStation 4, PC (Microsoft Windows), Nintendo Switch","Action, Fantasy","magic, roguelike, frog, rabbit, japan, youkai, human, mouse, touhou project, fangame, conversation, touhou fangame, level up, doujin game","AQUA STYLE, AQUA STYLE, Mediascape",Bird view / Isometric,Single player
Synthetik: Legion Rising,2018-03-15,70.2,"Shooter, Indie",PC (Microsoft Windows),"Action, Science fiction","mech, fast paced, androids, bullet hell, crowdfunding - kickstarter, steam greenlight, roguelite, kickstarter unsuccessful",Flow Fire Games,Bird view / Isometric,"Single player, Multiplayer, Co-operative"
Polybot-7,2018-03-12,,"Strategy, Turn-based strategy (TBS), Tactical, Indie",PC (Microsoft Windows),Science fiction,roguelike,Grid Sage Games,Bird view / Isometric,Single player
Zealot's Curse,2018-03-11,,"Shooter, Indie, Arcade",PC (Microsoft Windows),Action,"cyberpunk, roguelike, permadeath, neon",ToothandClaw,Bird view / Isometric,Single player
xNetHack,2018-03-10,,Role-playing (RPG),"Linux, PC (Microsoft Windows), DOS",Fantasy,"turn-based, roguelike, procedural generation, permadeath, ascii, open-source, pets, traps, freeware, attributes, game reference, randomly generated dungeons, minotaurs, potion, black market, regenerating health, sleeping enemies, movement penalty, divine punishment, games released for unsupported platforms",,"Bird view / Isometric, Text",Single player
Tower Noire,2018-03-09,,"Role-playing (RPG), Turn-based strategy (TBS), Indie","Web browser, Linux, PC (Microsoft Windows), Mac",,"turn-based, roguelike, pixel art","Cow, Sheldon Ketterer",Bird view / Isometric,Single player
Touhou Genso Wanderer Reloaded: Cirno,2018-03-06,,"Role-playing (RPG), Adventure, Indie","PlayStation 4, PC (Microsoft Windows), PlayStation Vita, Nintendo Switch","Action, Fantasy","magic, roguelike, forest, village, fairy, japan, youkai, human, mouse, touhou project, bug, fangame, conversation, touhou fangame, level up, doujin game","AQUA STYLE, AQUA STYLE, Mediascape",Bird view / Isometric,Single player
Touhou Genso Wanderer Reloaded: Daiyosei,2018-03-06,,"Role-playing (RPG), Adventure, Indie","PlayStation 4, PC (Microsoft Windows), Nintendo Switch","Action, Fantasy","magic, roguelike, fairy, japan, youkai, human, mouse, phantom, touhou project, fangame, conversation, touhou fangame, level up, half-human, doujin game","AQUA STYLE, AQUA STYLE, Mediascape",Bird view / Isometric,Single player
King of the Sandcastle,2018-02-28,,"Strategy, Turn-based strategy (TBS), Indie","PC (Microsoft Windows), Mac",,"animals, turn-based, achievements, dungeon crawler, turn-based combat, steam achievements, roguelite",Sokpop Collective,,"Single player, Massively Multiplayer Online (MMO)"
Into the Breach,2018-02-27,82.7,"Puzzle, Role-playing (RPG), Simulator, Strategy, Turn-based strategy (TBS), Indie","Google Stadia, Linux, Android, PC (Microsoft Windows), iOS, Mac, Nintendo Switch",Science fiction,"aliens, monsters, mech, roguelike, mecha, randomly generated dungeons, previously on - stadia pro",Subset Games,Bird view / Isometric,Single player
Vagante,2018-02-21,80.8,"Platform, Role-playing (RPG), Adventure, Indie","PlayStation 4, Linux, PC (Microsoft Windows), Mac, Xbox One, Nintendo Switch","Action, Fantasy","procedural generation, digital distribution, pax east 2015, roguelite","Nuke Nine, BlitWorks",Side view,"Single player, Multiplayer, Co-operative"
Castle Adventure,2018-02-14,,"Role-playing (RPG), Adventure, Indie",PC (Microsoft Windows),Action,"roguelike, ascii, text adventure",,Text,Single player
The Wild Eight,2018-02-08,70.1,"Role-playing (RPG), Simulator, Adventure, Indie","Xbox Series X|S, PlayStation 4, PC (Microsoft Windows), Xbox One","Action, Science fiction, Horror, Survival, Mystery","crafting, action-adventure, season winter, atmospheric, snow, roguelite","HypeTrain Digital, Fntastic",Bird view / Isometric,"Single player, Multiplayer, Co-operative"
Dig Dog,2018-02-06,70.0,"Platform, Adventure, Indie, Arcade","PC (Microsoft Windows), iOS, Mac, Xbox One, Nintendo Switch",Action,"dog, roguelite","Rusty Moyher, Matt Grimm, Wild Rooster",Side view,Single player
Tangledeep,2018-02-01,62.9,"Role-playing (RPG), Strategy, Turn-based strategy (TBS), Adventure, Indie","PlayStation 4, Linux, PC (Microsoft Windows), Mac, Nintendo Switch",Fantasy,"16-bit, roguelike, dungeon crawler, crowdfunding - kickstarter, steam greenlight",Impact Gameworks,Bird view / Isometric,Single player
Touhou Genso Wanderer Reloaded: Kokoro Hata,2018-01-26,,"Role-playing (RPG), Adventure, Indie","PlayStation 4, PC (Microsoft Windows), Nintendo Switch","Action, Fantasy","magic, turn-based, roguelike, rabbit, japan, dancing, youkai, human, mouse, touhou project, fangame, conversation, touhou fangame, level up, doujin game","AQUA STYLE, AQUA STYLE, Mediascape",Bird view / Isometric,Single player
Scrapper,2018-01-25,,"Racing, Simulator, Adventure, Indie",PC (Microsoft Windows),"Action, Science fiction","flight, roguelite",Ghostbolt Games,Third person,Single player
Meteorfall: Journey,2018-01-24,79.0,"Role-playing (RPG), Strategy, Indie, Card & Board Game","Android, iOS",Fantasy,"card based combat, roguelite, deck-building",Slothwerks,Bird view / Isometric,Single player
Unlikely Heroes,2018-01-10,,Adventure,iOS,Fantasy,"roguelike, action-adventure, roguelite",Cyberlodge Interactive,Side view,Single player
Survived By,2018-01-05,,"Shooter, Role-playing (RPG), Indie",PC (Microsoft Windows),Action,"shoot 'em up, roguelike, permadeath, bullet hell, online, pax west 2017","Human Head Studios, Digital Extremes",,"Multiplayer, Co-operative, Massively Multiplayer Online (MMO)"
Crypt of Darne,2017-12-31,,Role-playing (RPG),PC (Microsoft Windows),,"roguelike, pixel art, dungeon crawler, roguelite",Skale Games,Bird view / Isometric,Single player
Huang Ye Ri Ji: Gu Dao,2017-12-31,,"Simulator, Strategy, Adventure, Indie, Visual Novel","Android, iOS","Survival, Open world, Mystery","roguelike, text adventure","Sector3 Studios, DaYu",Text,Single player
Way Beyond,2017-12-30,,"Role-playing (RPG), Hack and slash/Beat 'em up, Indie","Linux, PC (Microsoft Windows), Mac","Action, Open world","procedurally generated, dungeon crawler, roguelite",Bálint Magyar,Bird view / Isometric,Single player
Dragon Fang Z: The Rose & Dungeon of Time,2017-12-26,83.0,"Role-playing (RPG), Strategy, Indie","PlayStation 4, PC (Microsoft Windows), Xbox One, Nintendo Switch",,roguelike,Toydea,Bird view / Isometric,Single player
Cinco Paus,2017-12-25,,"Strategy, Adventure, Indie","PC (Microsoft Windows), iOS, Mac",Fantasy,roguelike,Michael Brough,Bird view / Isometric,Single player
Xenon Valkyrie+,2017-12-19,70.0,"Platform, Role-playing (RPG), Adventure, Arcade","PlayStation 4, PlayStation 5, PlayStation Vita, Xbox One, Nintendo Switch",Action,roguelike,"Diabolical Mind, COWCAT",,Single player
Touhou Genso Wanderer Reloaded: Satori Komeiji,2017-12-04,,"Role-playing (RPG), Adventure, Indie","PlayStation 4, PC (Microsoft Windows), Nintendo Switch","Action, Fantasy","turn-based, roguelike, fairy, japan, memory, youkai, battle, cat, human, touhou project, fangame, conversation, nuclear, touhou fangame, third eye, level up, doujin game","AQUA STYLE, AQUA STYLE, Mediascape",Bird view / Isometric,Single player
Touhou Genso Wanderer Reloaded: Rei'sen,2017-12-04,,"Role-playing (RPG), Adventure, Indie","PlayStation 4, PC (Microsoft Windows), Nintendo Switch","Action, Fantasy","magic, turn-based, roguelike, rabbit, fairy, japan, dancing, youkai, spider, human, touhou project, bunny, fangame, conversation, touhou fangame, third eye, level up, doujin game","AQUA STYLE, Mediascape, AQUA STYLE",Bird view / Isometric,Single player
Haque,2017-11-22,70.0,"Role-playing (RPG), Strategy, Indie","Linux, PC (Microsoft Windows), Mac",Fantasy,roguelike,SuperTry Studios,Bird view / Isometric,Single player
Star Traders: Frontiers,2017-11-14,80.0,"Role-playing (RPG), Strategy, Indie","Linux, Android, PC (Microsoft Windows), iOS, Mac","Science fiction, Sandbox","space simulation, turn-based, roguelike, space, trading, turn-based tactics, turn-based rpg",Trese Brothers,"Bird view / Isometric, Side view, Text",Single player
Kemono Labyrinth,2017-11-11,,"Role-playing (RPG), Adventure, Indie",PC (Microsoft Windows),"Action, Fantasy","exploration, 2d, turn-based, roguelike, female protagonist, labyrinth, cute, pixel graphics, dungeon crawler, owl, battle, based on - anime, human, fangame, conversation, level up",Sound Cross,Bird view / Isometric,Single player
Heckpoint,2017-10-31,70.0,"Hack and slash/Beat 'em up, Indie",PC (Microsoft Windows),"Action, Science fiction","metroidvania, bullet hell, roguelite","Rooster Republic LLC, Rooster Republic LLC, Nodacoy Games, Jadan Bliss",Side view,Single player
Touhou Genso Wanderer Reloaded: Tojiko Soga,2017-10-30,,"Role-playing (RPG), Adventure, Indie","PlayStation 4, PC (Microsoft Windows), Nintendo Switch","Action, Fantasy","magic, turn-based, roguelike, fairy, japan, youkai, mouse, phantom, touhou project, fangame, conversation, touhou fangame, level up, doujin game","AQUA STYLE, AQUA STYLE, Mediascape",Bird view / Isometric,Single player
Touhou Genso Wanderer Reloaded: Kasen Ibaraki,2017-10-30,,"Role-playing (RPG), Adventure, Indie","PlayStation 4, PC (Microsoft Windows), Nintendo Switch","Action, Fantasy","magic, turn-based, roguelike, dragon, fairy, japan, youkai, human, mouse, touhou project, fangame, conversation, touhou fangame, level up, doujin game","AQUA STYLE, Mediascape, AQUA STYLE",Bird view / Isometric,Single player
Warlock Quest II,2017-10-29,,Shooter,Web browser,Survival,roguelike,Einar Odinn Holm,Bird view / Isometric,Single player
Everspace: Ultimate Edition,2017-10-24,,,PC (Microsoft Windows),"Action, Science fiction","roguelike, crafting, space, roguelite",ROCKFISH Games,"First person, Third person",Single player
Freaky Awesome,2017-10-18,60.0,"Shooter, Role-playing (RPG), Simulator, Strategy, Adventure, Indie, Arcade","PlayStation 4, Linux, PC (Microsoft Windows), Mac, Nintendo Switch",Action,roguelite,"Mandragora, BadLand Publishing",Bird view / Isometric,"Single player, Multiplayer, Co-operative"
Cogmind,2017-10-16,80.0,"Role-playing (RPG), Strategy, Adventure, Indie",PC (Microsoft Windows),Science fiction,"turn-based, roguelike, ascii, grid-based movement",Grid Sage Games,Bird view / Isometric,Single player
Sil-Q,2017-10-04,,Role-playing (RPG),"Linux, PC (Microsoft Windows), Mac",Fantasy,"orcs, monsters, dragons, turn-based, roguelike, tolkien, lord of the rings, permadeath, open-source, dungeon crawler, traditional roguelike",,Bird view / Isometric,Single player
Heat Signature,2017-09-21,77.7,"Simulator, Strategy, Adventure, Indie",PC (Microsoft Windows),"Action, Science fiction, Stealth","murder, roguelike, procedural generation, permadeath, spaceship, space battle, time limit, abstract, teleportation, developed by one person, character select screen, daily challenge, mission briefing, randomly generated maps, pacifist playthrough, pausable real time combat, breaking through windows, sneaking mission, cold open, roguelite",Suspicious Developments,Bird view / Isometric,Single player
A Robot Named Fight,2017-09-07,81.8,"Shooter, Platform, Adventure, Indie","PlayStation 4, Linux, PC (Microsoft Windows), Mac, Nintendo Switch","Action, Science fiction, Horror","post-apocalyptic, roguelike, metroidvania, action-adventure","Hitcents, Morningstar Game Studio",Side view,"Single player, Multiplayer, Co-operative, Split screen"
Karradash: The Lost Dungeons,2017-09-01,,"Shooter, Role-playing (RPG), Indie",PC (Microsoft Windows),"Action, Fantasy","permadeath, real-time, character creation, roguelite, action roguelike",68k Studios,Bird view / Isometric,Single player
Etrian Mystery Dungeon 2: Etrian Odyssey 10th Anniversary Box,2017-08-31,,"Role-playing (RPG), Adventure",Nintendo 3DS,Fantasy,"anime, character customization, roguelike, random level generation, dungeon crawler","Spike Chunsoft, Atlus",Bird view / Isometric,Single player
Etrian Mystery Dungeon 2,2017-08-31,,"Role-playing (RPG), Adventure",Nintendo 3DS,Fantasy,"character customization, roguelike, grid-based movement, random level generation","Atlus, Spike Chunsoft",Bird view / Isometric,Single player
XSpelunker,2017-08-26,,Platform,MSX,,roguelike,"Santiago Ontañón Villar, MSXdev",Side view,Single player
Touhou Genso Wanderer Reloaded: Suwako Moriya,2017-08-24,,"Role-playing (RPG), Adventure, Indie","PlayStation 4, PC (Microsoft Windows), PlayStation Vita","Action, Fantasy","magic, roguelike, frog, japan, youkai, touhou project, fangame, touhou fangame, doujin game","AQUA STYLE, AQUA STYLE, Mediascape",Bird view / Isometric,Single player
Undervault,2017-08-21,,"Role-playing (RPG), Strategy, Turn-based strategy (TBS), Adventure","Linux, Android, PC (Microsoft Windows), iOS, Mac",,roguelike,Angry Kid,Side view,Single player
Indeep,2017-08-17,,"Role-playing (RPG), Adventure, Indie",PC (Microsoft Windows),Fantasy,"roguelike, grid-based movement, high score, turn-based combat, randomly generated dungeons, potion",Bernhard Potuzak,First person,Single player
20XX,2017-08-16,70.2,"Shooter, Platform, Adventure, Indie, Arcade","PlayStation 4, PC (Microsoft Windows), Xbox One, Nintendo Switch","Action, Science fiction","steam, online, random level generation, unlockable items, digital distribution, pre-release public testing, pax east 2016, pax west 2016, pax east 2014, pax prime 2015, pax east 2015, roguelite, mega man clone","Fire Hose Games, Batterystaple Games",Side view,"Single player, Multiplayer, Co-operative"
Nullpointer,2017-08-15,,"Shooter, Indie","Linux, PC (Microsoft Windows), Mac","Action, Science fiction","cyberpunk, procedural generation, synthwave, roguelite",prophet goddess,First person,Single player
Phantom Trigger,2017-08-10,71.0,"Role-playing (RPG), Hack and slash/Beat 'em up, Adventure, Indie","PlayStation 4, PC (Microsoft Windows), Xbox One, Nintendo Switch","Action, Fantasy, Science fiction","digital distribution, roguelite","tinyBuild, Bread Team",Bird view / Isometric,"Single player, Multiplayer, Co-operative"
Enlightenment,2017-08-04,70.0,"Shooter, Indie",PC (Microsoft Windows),Action,"post-apocalyptic, roguelike, steam achievements, digital distribution, pax east 2017",,Bird view / Isometric,Single player
Lab Escape!,2017-07-27,,Indie,Android,Science fiction,roguelike,Owings,Side view,Single player
Touhou Genso Wanderer Reloaded: Sakuya Izayoi,2017-07-27,,"Role-playing (RPG), Adventure, Indie","PlayStation 4, PC (Microsoft Windows), Nintendo Switch","Action, Fantasy","magic, roguelike, japan, youkai, maid, human, mouse, touhou project, fangame, touhou fangame, third eye, level up, doujin game","AQUA STYLE, AQUA STYLE, Mediascape",Bird view / Isometric,Single player
Omega Labyrinth Z,2017-07-06,,"Role-playing (RPG), Adventure","PlayStation 4, PlayStation Vita",Fantasy,"roguelike, partial nudity, suggestive themes","Matrix Software, D3 Publisher",Bird view / Isometric,Single player
868-Hack: Plan.B,2017-06-23,,"Strategy, Indie","PC (Microsoft Windows), Mac",Science fiction,"cyberpunk, roguelike",Michael Brough,Bird view / Isometric,Single player
Touhou Genso Wanderer Reloaded: Utsuho Reiuji,2017-06-22,,"Role-playing (RPG), Adventure, Indie","PlayStation 4, PC (Microsoft Windows), Nintendo Switch","Action, Fantasy","hell, turn-based, roguelike, fairy, japan, youkai, battle, fireworks, touhou project, fangame, conversation, nuclear, touhou fangame, third eye, level up, doujin game","AQUA STYLE, Mediascape, AQUA STYLE",Bird view / Isometric,Single player
Cryptark,2017-06-20,79.5,"Shooter, Strategy, Adventure, Indie","PlayStation 4, Linux, PC (Microsoft Windows), Mac","Action, Science fiction","space combat, mech, 2d, roguelike, difficult, procedurally generated, random level generation, great soundtrack, digital distribution, playstation experience 2016, pax east 2016, pax west 2016, twin stick control, roguelite",Alientrap Games Inc,Side view,"Single player, Multiplayer, Co-operative"
Witchinour,2017-06-12,70.0,"Shooter, Indie, Arcade",PC (Microsoft Windows),Action,"2d, twin stick control, roguelite",Mahojigoku,Bird view / Isometric,Single player
Star of Providence,2017-06-07,70.1,"Shooter, Indie, Arcade","Linux, PC (Microsoft Windows), Nintendo Switch","Action, Science fiction","procedural generation, roguelite, action roguelike","Team D-13, Bigmode",Bird view / Isometric,Single player
Rezrog,2017-05-31,50.0,"Role-playing (RPG), Tactical, Adventure, Indie","Linux, PC (Microsoft Windows), Mac",Fantasy,"roguelike, procedural generation, steam trading cards, grid-based movement, dungeon crawler, turn-based combat","Soaphog Game Studio, Kasedo Games",Bird view / Isometric,Single player
Touhou Genso Wanderer Reloaded: Season Pass Elegance,2017-05-26,,"Role-playing (RPG), Adventure, Indie","PlayStation 4, PlayStation Vita","Action, Fantasy","zombies, hell, vampire, magic, 3d, turn-based, roguelike, robots, frog, doctor, rabbit, forest, village, fairy, bird, dracula, traps, japan, dancing, snow, wolf, camera, shanghai, mermaid, youkai, puppet, devil, maid, battle, spider, cat, human, mouse, vending machine interaction, trophies, clone, heterochromia, poisoning, phoenix, phantom, touhou project, tiger, bug, bunny, fangame, conversation, nuclear, touhou fangame, magician, third eye, level up, half-human, doujin game","AQUA STYLE, Mediascape",Bird view / Isometric,Single player
Touhou Genso Wanderer Reloaded: Alice Margatroid,2017-05-26,,"Role-playing (RPG), Adventure, Indie","PlayStation 4, PC (Microsoft Windows), Nintendo Switch","Action, Fantasy","magic, roguelike, rabbit, forest, fairy, japan, shanghai, youkai, puppet, battle, human, mouse, touhou project, fangame, touhou fangame, magician, third eye, level up, doujin game","AQUA STYLE, AQUA STYLE, Mediascape",Bird view / Isometric,Single player
MidBoss,2017-05-25,80.0,"Role-playing (RPG), Strategy, Indie","Linux, PC (Microsoft Windows), Mac",Fantasy,"turn-based, roguelike, pixel graphics",Kitsune Games,Bird view / Isometric,Single player
Everspace,2017-05-25,72.1,"Fighting, Shooter, Simulator, Indie","Google Stadia, PlayStation 4, Linux, PC (Microsoft Windows), SteamVR, Mac, Xbox One","Action, Science fiction","roguelike, crafting, space, crowdfunding - kickstarter, steam greenlight, pre-release public testing, xbox play anywhere, xbox one x enhanced, xbox live, 4k ultra hd, xbox live achievements, roguelite, previously on - stadia pro",ROCKFISH Games,"First person, Third person, Virtual Reality",Single player
Plague Road,2017-05-23,73.0,"Role-playing (RPG), Strategy, Adventure, Indie, Card & Board Game","PlayStation 4, PC (Microsoft Windows), Mac, PlayStation Vita, Xbox One, Nintendo Switch",Fantasy,"roguelike, turn-based combat, crowdfunding - kickstarter, hand-drawn, roguelite",Arcade Distillery,Side view,Single player
Skillshot City,2017-05-23,70.0,"Shooter, Role-playing (RPG), Indie","Linux, PC (Microsoft Windows)",Action,"roguelike, skillshot, roguelite",Ben Johnson (bencelot),Bird view / Isometric,"Single player, Multiplayer, Co-operative, Battle Royale"
StarCrawlers,2017-05-23,70.0,"Role-playing (RPG), Adventure, Indie","Linux, PC (Microsoft Windows), Mac",Science fiction,"cyberpunk, turn-based, roguelike, robots, procedural generation, permadeath, androids, espionage, procedurally generated, crowdfunding - kickstarter, crowdfunding, digital distribution, single-player only, pre-release public testing, party system, pax east 2016, pax west 2016, crowd funded, pax prime 2014, telekinesis, player created party",Juggernaut Games,First person,Single player
Oafmatch,2017-05-19,70.0,"Role-playing (RPG), Indie",PC (Microsoft Windows),,"pirates, assassin, wizards, demon, magic, turn-based, roguelike, goat, level selection, resurrection, explosion, anthropomorphism, shopping, block matching, treasure chest, potion, shielded enemies, shaky camera, multi-phase boss, survival mode, crab, temporary invincibility, multiple enemy boss fights, new game plus, paladins, airship",,,Single player
Strafe,2017-05-09,59.2,"Shooter, Indie, Arcade","PlayStation 4, Linux, PC (Microsoft Windows), Mac","Action, Science fiction","retro, bloody, parody, roguelike, fast paced, procedural generation, crowdfunding - kickstarter, daily challenge, deliberately retro, extreme violence, playstation experience 2016, pax east 2016, pax west 2016, live-action cutscene","Pixel Titans, Devolver Digital, 22nd Century Toys","First person, Virtual Reality",Single player
Atomine,2017-05-04,60.0,"Shooter, Role-playing (RPG), Indie, Arcade","PlayStation 4, PC (Microsoft Windows), Xbox One, Nintendo Switch",Action,"roguelike, procedural generation, minimalism, twin stick control, roguelite","Broken Arms Games, MixedBag",Bird view / Isometric,Single player
TumbleSeed,2017-05-02,80.0,"Adventure, Indie","PlayStation 4, PC (Microsoft Windows), Mac, Nintendo Switch",Action,"roguelike, procedural generation, steam, steam achievements, digital distribution, daily challenge, side quests, pax west 2016, roguelite","Team TumbleSeed, aeiowu",Side view,Single player
Next jump: Shmup Tactics,2017-04-28,70.0,"Strategy, Turn-based strategy (TBS), Tactical, Indie","Linux, PC (Microsoft Windows), Mac","Action, Science fiction","shoot 'em up, roguelike, permadeath",Post Mortem Pixels,Bird view / Isometric,Single player
灵文西游,2017-04-27,,"Strategy, Adventure, Indie","Android, PC (Microsoft Windows), iOS","Fantasy, Historical","gods, roguelite, trading card game",Winturn Games,Side view,Single player
Ruin of the Reckless,2017-04-26,70.0,"Role-playing (RPG), Adventure, Indie",PC (Microsoft Windows),"Action, Fantasy","fast paced, difficult, steam, steam trading cards, melee combat, crowdfunding - kickstarter, digital distribution, steam cloud, roguelite",Faux-Operative Games,Bird view / Isometric,"Single player, Multiplayer, Co-operative"
Immortal Redneck,2017-04-25,55.0,"Shooter, Indie, Arcade","PlayStation 4, Linux, PC (Microsoft Windows), Mac, Xbox One, Nintendo Switch","Action, Fantasy","roguelike, ancient egypt, procedural generation, frog, mummy, egypt, steam, steam greenlight, steam achievements, digital distribution, steam cloud, voice acting, xbox one x enhanced, bow and arrow, sprinting mechanics, 4k ultra hd, roguelite, twitch integration",CremaGames,First person,Single player
Pako 2,2017-04-21,80.0,"Shooter, Racing, Simulator, Arcade","Android, PC (Microsoft Windows), iOS, Mac",Action,"helicopter, roguelike, achievements, bullet time, crime, drifting, snow, digital distribution, customization, leveling up, color customization, skill points in game, photo mode, unlockables, falling damage, pax east 2016, videotape, stat tracking, difficulty level, twin stick control, robbery, destructible environment, leaderboard, upgradeable vehicles, car chase, police chase",Tree Men Games,,Single player
Red Obsidian Remnant,2017-04-20,70.0,"Role-playing (RPG), Adventure, Indie",PC (Microsoft Windows),Action,"roguelike, action-adventure, steam, achievements, steam achievements, single-player only, steam cloud, pre-release public testing",,,Single player
Flinthook,2017-04-18,79.8,"Shooter, Platform, Adventure, Indie, Arcade","PlayStation 4, Linux, PC (Microsoft Windows), Mac, Xbox One, Nintendo Switch","Action, Science fiction","pirates, roguelike, permadeath, time manipulation, digital distribution, protagonist's name in the title, daily challenge, playstation experience 2016, pax east 2016, pax west 2016, grapple, bounty hunting",Tribute Games,Side view,Single player
Asura,2017-04-13,80.0,"Hack and slash/Beat 'em up, Indie","Linux, PC (Microsoft Windows), Mac","Action, Fantasy","demon, roguelike, procedural generation, difficult, steam, steam trading cards, random level generation, steam achievements, digital distribution, steam cloud, steam leaderboards, pax east 2017, pax west 2016, reincarnation, roguelite","Ogre Head Studio, Coconut Island Games",Bird view / Isometric,Single player
Crawl,2017-04-11,65.8,"Role-playing (RPG), Hack and slash/Beat 'em up, Indie, Arcade","PlayStation 4, Linux, PC (Microsoft Windows), Mac, Xbox One, Nintendo Switch","Action, Fantasy, Horror, Party","roguelike, bullet hell, brawler, pixel graphics",Powerhoof,Bird view / Isometric,"Single player, Multiplayer, Co-operative"
Youdanji,2017-04-05,,"Role-playing (RPG), Simulator, Strategy, Adventure, Indie","Android, PC (Microsoft Windows), iOS, Nintendo Switch","Action, Fantasy","roguelike, youkai",Kemco,Bird view / Isometric,Single player
Feral Fury,2017-04-02,60.0,"Shooter, Adventure, Indie, Arcade","PlayStation 4, Linux, PC (Microsoft Windows), Mac, Xbox One, Nintendo Switch","Action, Science fiction","shoot 'em up, roguelike, procedurally generated, steam cloud, 60 fps on consoles, daily challenge, twin stick control, controller support, unlockable characters, previously on - utomik",Skandivania Games,Bird view / Isometric,Single player
Has-Been Heroes,2017-03-27,80.0,"Role-playing (RPG), Strategy, Adventure, Indie, Arcade","PlayStation 4, PC (Microsoft Windows), Xbox One, Nintendo Switch","Action, Fantasy","roguelike, robots, side-scrolling, steam, achievements, dwarves, steam achievements, digital distribution, steam cloud, playstation trophies, professional wrestler, pax south 2017, bards, roguelite","Frozenbyte, GameTrust",Side view,Single player
Battle Brothers,2017-03-24,79.0,"Role-playing (RPG), Simulator, Strategy, Turn-based strategy (TBS), Tactical, Adventure, Indie","PlayStation 4, PC (Microsoft Windows), Xbox One, Nintendo Switch","Action, Fantasy, Historical, Open world","orcs, medieval, turn-based, roguelike, undead, procedurally generated, tactical turn-based combat, mercenary","Overhype Studios, Ukiyo Publishing",Bird view / Isometric,Single player
Dungeon Scoundrel,2017-03-23,,"Role-playing (RPG), Turn-based strategy (TBS)",Web browser,Fantasy,roguelike,,,
Monster Slayers,2017-03-23,80.0,"Role-playing (RPG), Strategy, Adventure, Indie, Arcade, Card & Board Game","PlayStation 4, PC (Microsoft Windows), Mac, PlayStation Vita, Xbox One, Nintendo Switch","Action, Fantasy","roguelike, deck-building","Nerdook Productions, Digerati Distribution, Stage Clear Studios",Side view,Single player
Gar's Den,2017-03-20,,Adventure,Web browser,,roguelike,"Rémy ""Trasevol_Dog"" Devaux",,
Cthon,2017-03-17,70.0,"Shooter, Indie",PC (Microsoft Windows),"Action, Science fiction","procedural generation, cosmic horror, roguelite",GravityGames,First person,Single player
Gob!,2017-03-11,,"Shooter, Strategy, Indie, Arcade","Web browser, PC (Microsoft Windows), Mac",Action,"roguelike, bullet time, game jam, high score",st33d,Bird view / Isometric,Single player
Space Jammers,2017-03-08,,"Shooter, Hack and slash/Beat 'em up, Adventure, Indie, Arcade","Linux, PC (Microsoft Windows), Mac",Action,"roguelike, procedural generation, steam, local co-op",Spread Shot Studios,Bird view / Isometric,"Single player, Multiplayer, Co-operative"
Loot Rascals,2017-03-07,69.5,"Role-playing (RPG), Strategy, Adventure, Indie","PlayStation 4, PC (Microsoft Windows)",Science fiction,"roguelike, loot gathering, pax south 2017, playstation experience 2016",Hollow Ponds,Bird view / Isometric,Single player
Sokogeon,2017-03-04,,"Puzzle, Indie","Web browser, Linux, PC (Microsoft Windows), Mac",,"retro, roguelike, pixel art, dungeon crawler, 8-bit",VolcanoBytes,Bird view / Isometric,Single player
Fury Unleashed,2017-02-24,70.0,"Shooter, Platform, Role-playing (RPG), Adventure, Indie","PlayStation 4, Linux, Android, PC (Microsoft Windows), iOS, Mac, Xbox One, Nintendo Switch","Action, Fantasy, Science fiction","exploration, medieval, ninja, shoot 'em up, vampire, magic, roguelike, metroidvania, fast paced, death, procedural generation, permadeath, doctor, time manipulation, female protagonist, action-adventure, side-scrolling, steam, multiple protagonists, traps, steam trading cards, pixel art, pixel graphics, easter egg, teleportation, devil, darkness, boss fight, comic book, guest character, explosion, steam achievements, digital distribution, xbox controller support for pc, steam cloud, spider, pax east 2017, pre-release public testing, steam workshop, 60 fps on consoles, skill points in game, breaking the fourth wall, pop culture reference, game reference, randomly generated dungeons, unlockables, non-player character, treasure chest, potion, pax west 2016, stat tracking, secret area, shielded enemies, multi-phase boss, nonexistent light source, movie reference, violent plants, randomly generated maps, temporary invincibility, roguelite, male protagonist, monk, available on - google play pass","Awesome Games Studio, Beawesome Games, Happinet Indie Collection",Side view,"Single player, Multiplayer, Co-operative"
Unexplored,2017-02-22,80.0,"Puzzle, Role-playing (RPG), Simulator, Adventure, Indie","PlayStation 4, Linux, PC (Microsoft Windows), Mac, Xbox One, Nintendo Switch","Action, Stealth","bloody, roguelike, procedural generation, action-adventure, steam, achievements, steam trading cards, snow, steam achievements, single-player only, steam cloud, bow and arrow, randomly generated dungeons, original soundtrack release, treasure chest, potion, melee, real-time combat, rpg elements, roguelite","Ludomotion, Digerati Distribution, Nephilim Game Studios",Bird view / Isometric,Single player
Orbiz,2017-02-16,,"Hack and slash/Beat 'em up, Adventure, Indie","Linux, PC (Microsoft Windows), Mac",Action,"roguelike, action-adventure, pre-release public testing, 4 player co-op",,,"Single player, Multiplayer, Co-operative"
Holy Potatoes! We're in Space?!,2017-02-14,80.0,"Puzzle, Role-playing (RPG), Simulator, Strategy, Adventure, Indie","PlayStation 4, Linux, PC (Microsoft Windows), iOS, Mac, Nintendo Switch","Science fiction, Comedy","roguelike, digital distribution, pax west 2017, tactical turn-based combat, pax south 2017, pax west 2016","Daylight Studios, Daedalic Entertainment, Rising Star Games","Bird view / Isometric, Side view",Single player
The Curse of Yendor,2017-02-12,70.0,"Role-playing (RPG), Strategy, Adventure, Indie","Android, PC (Microsoft Windows)","Action, Fantasy",roguelike,Ibology,Bird view / Isometric,Single player
We Need to Go Deeper,2017-02-08,67.8,"Simulator, Strategy, Adventure, Indie","PC (Microsoft Windows), Mac, Nintendo Switch","Action, Science fiction, Survival, Party","roguelike, action-adventure, aquatic",Deli Interactive LLC,Side view,"Single player, Multiplayer, Co-operative"
SummonerRL,2017-02-02,,"Role-playing (RPG), Turn-based strategy (TBS)","PC (Microsoft Windows), Mac",Fantasy,"monsters, turn-based, roguelike, permadeath, female protagonist, artificial intelligence, dungeon crawler, traditional roguelike",,Bird view / Isometric,Single player
The Flame in the Flood: Complete Edition,2017-01-17,,"Simulator, Adventure, Indie","PlayStation 4, Nintendo Switch","Action, Survival","post-apocalyptic, exploration, crafting, female protagonist, roguelite","Curve Digital, The Molasses Flood",Third person,Single player
Ethernalis,2017-01-16,,"Role-playing (RPG), Adventure, Indie",Android,Fantasy,roguelike,"NSNC Software Studios Ltd, NSNC Software Studios Ltd",,
Low Magic Age,2017-01-10,80.0,"Role-playing (RPG), Strategy, Turn-based strategy (TBS), Tactical, Adventure, Indie",PC (Microsoft Windows),Fantasy,"medieval, turn-based, roguelike, turn-based tactics, dungeons & dragons, dungeon crawler, steam greenlight",Low Magic Studios,,Single player
The Binding of Isaac: Afterbirth+,2017-01-03,85.0,"Shooter, Role-playing (RPG), Adventure, Indie","PlayStation 4, Linux, PC (Microsoft Windows), Mac, Nintendo Switch","Action, Fantasy, Horror, Comedy","multiple endings, random level generation, mod support, roguelite","Edmund McMillen, Nicalis, Inc.",Bird view / Isometric,"Single player, Multiplayer, Co-operative"
Crimson Nights,2017-01-02,,"Adventure, Indie",PC (Microsoft Windows),"Action, Historical","medieval, roguelike",,,"Single player, Multiplayer, Co-operative"
Forced: Eternal Arenas,2016-12-31,,,PC (Microsoft Windows),Action,"roguelike, tournament, digital distribution, card collection, pax east 2015",BetaDwarf,Bird view / Isometric,Single player
Tiny Heist,2016-12-31,,,"Web browser, PC (Microsoft Windows), Mac",Stealth,roguelike,Terry Cavanagh,Bird view / Isometric,Single player
To the Capital,2016-12-28,70.0,Role-playing (RPG),"Linux, PC (Microsoft Windows)",Open world,"roguelike, jrpg",Kormishenkov Anton,Bird view / Isometric,Single player
Touhou Genso Wanderer Reloaded,2016-12-22,70.0,"Role-playing (RPG), Turn-based strategy (TBS), Adventure, Indie, Visual Novel","PlayStation 4, PC (Microsoft Windows), PlayStation Vita, Nintendo Switch","Action, Fantasy","zombies, anime, wizards, vampire, magic, 3d, roguelike, robots, frog, rabbit, difficult, female protagonist, village, fairy, bird, dracula, traps, cute, japan, snow, wolf, camera, shanghai, dungeon crawler, mermaid, youkai, puppet, devil, maid, great soundtrack, magical girl, spider, cat, human, mouse, trophies, clone, heterochromia, poisoning, phantom, touhou project, tiger, bug, bunny, fangame, mystery dungeon, conversation, nuclear, faith, touhou fangame, magician, third eye, level up, half-human, doujin game","AQUA STYLE, Mediascape, NIS America",Bird view / Isometric,Single player
Roguze,2016-12-18,,Adventure,Uzebox,,"roguelike, open-source, gplv3","Yllawwally, Belogic",Bird view / Isometric,Single player
Expect the Unexpected,2016-12-08,60.0,"Role-playing (RPG), Strategy, Adventure, Indie","Linux, PC (Microsoft Windows), Mac",Fantasy,"roguelike, steam trading cards, turn-based combat, steam cloud, free demo, hexagon tiles",GoldenGod Games,Bird view / Isometric,Single player
Let It Die,2016-12-03,74.3,Hack and slash/Beat 'em up,"PlayStation 4, PC (Microsoft Windows)","Action, Horror, Comedy","roguelike, permadeath, online, survival horror, free-to-play, leveling up, loot gathering, collectibles, non-player character, playstation experience 2016, side quests, pax east 2016, pax west 2016, melee, arcade cabinet, merchants, wrestling moves in non-wrestling games, tokyo game show 2014, in-app purchases","GungHo Online Entertainment America, Inc., Grasshopper Manufacture",Third person,"Single player, Multiplayer"
Dungeon Souls,2016-12-02,63.2,"Role-playing (RPG), Hack and slash/Beat 'em up, Adventure, Indie","Linux, PC (Microsoft Windows), Mac",Action,"roguelike, action-adventure, multiple protagonists, local co-op, pixel art, pixel graphics, deliberately retro","Lamina Studios, Black Shell Media",Bird view / Isometric,"Single player, Multiplayer, Co-operative, Split screen"
A Magical High School Girl,2016-11-22,70.0,"Role-playing (RPG), Adventure, Indie","Android, PC (Microsoft Windows), iOS, Nintendo Switch","Action, Fantasy","anime, magic, roguelike, female protagonist, grid-based movement, random level generation","illuCalab, Sekai Project, Sekai Games",Bird view / Isometric,Single player
Stellar Interface,2016-11-21,70.0,"Shooter, Indie, Arcade","Xbox Series X|S, PlayStation 4, Linux, PC (Microsoft Windows), PlayStation 5, Mac, Xbox One, Nintendo Switch","Action, Science fiction","retro, shoot 'em up, shmup, bullet hell, space, roguelite","ImaginationOverflow, ImaginationOverflow",Bird view / Isometric,Single player
Moonshades,2016-11-11,,"Role-playing (RPG), Adventure","Android, iOS, Nintendo Switch","Action, Fantasy","roguelike, dungeons & dragons",,First person,Single player
Hero's Song,2016-11-07,50.0,"Role-playing (RPG), Simulator","PC (Microsoft Windows), Mac","Action, Fantasy, Historical","medieval, roguelike, canceled games",Pixelmage Games,Bird view / Isometric,"Single player, Multiplayer, Co-operative"
Dead Age,2016-11-04,56.9,"Role-playing (RPG), Simulator, Strategy, Turn-based strategy (TBS), Adventure, Indie","PlayStation 4, Linux, PC (Microsoft Windows), Mac, Xbox One","Action, Horror, Survival","zombies, management, turn-based combat, humble bundle, roguelite, previously on - utomik","Headup Games, Silent Dreams",Side view,Single player
1-Bit Rogue,2016-10-20,,"Role-playing (RPG), Indie","Android, iOS",Fantasy,roguelike,Skipmore,,
Killing Room,2016-10-20,50.0,"Shooter, Role-playing (RPG), Indie",PC (Microsoft Windows),Action,"roguelike, game show, steam, traps, dark humor",Alda Games,First person,Single player
Gonner,2016-10-12,70.0,"Shooter, Platform, Adventure, Indie, Arcade","PlayStation 4, Linux, PC (Microsoft Windows), Mac, Nintendo Switch",Action,"fast paced, procedural generation, roguelite, previously on - utomik","Art in Heart, Raw Fury",Side view,Single player
Rogue Wizards,2016-09-27,60.0,"Role-playing (RPG), Strategy, Turn-based strategy (TBS), Adventure, Indie","PlayStation 4, PC (Microsoft Windows), iOS, Mac, Xbox One, Nintendo Switch","Action, Fantasy","roguelike, crowdfunding - kickstarter, digital distribution, pax west 2016",Spellbind Studios,Bird view / Isometric,Single player
Toy Odyssey: The Lost and Found,2016-09-20,60.0,"Platform, Hack and slash/Beat 'em up, Adventure, Indie","PlayStation 4, PC (Microsoft Windows), Mac, Xbox One","Action, Fantasy","metroidvania, crafting, random level generation, upgradable equipment, base defense, roguelite","Digital Smash, Hiker Games, Hiker Games",Side view,Single player
Necropolis: Brutal Edition,2016-09-06,,"Role-playing (RPG), Hack and slash/Beat 'em up, Adventure",PC (Microsoft Windows),"Action, Fantasy","roguelike, procedurally generated, melee combat, dungeon crawler, soulslike",Harebrained Schemes,Third person,"Single player, Co-operative"
Curious Expedition,2016-09-02,77.3,"Real Time Strategy (RTS), Role-playing (RPG), Simulator, Strategy, Adventure, Indie, Card & Board Game","PlayStation 4, Linux, PC (Microsoft Windows), Mac, Xbox One, Nintendo Switch","Fantasy, Survival, Historical","exploration, turn-based, roguelike, pixel graphics, mod support","Maschinen-Mensch, Thunderful","Bird view / Isometric, Side view","Single player, Multiplayer"
Lost Castle,2016-08-31,57.2,"Fighting, Role-playing (RPG), Adventure, Indie, Arcade","PlayStation 4, PC (Microsoft Windows), Mac, Nintendo Switch","Action, Fantasy","roguelike, previously on - origin access","Another Indie, Another Indie Studio, Hunter Studio",Side view,"Single player, Multiplayer, Co-operative"
NeuroVoider,2016-08-31,79.0,"Shooter, Real Time Strategy (RTS), Role-playing (RPG), Indie, Arcade","PlayStation 4, Linux, PC (Microsoft Windows), Mac, PlayStation Vita, Xbox One, Nintendo Switch","Action, Science fiction","roguelike, robots, procedural generation, bullet hell, steam, multiple protagonists, pixel graphics, boss fight, steam achievements, digital distribution, xbox controller support for pc, steam cloud, steam leaderboards, daily challenge, licensed soundtrack, 4 player co-op, twin stick control","Flying Oak Games, Plug In Digital",Bird view / Isometric,"Single player, Multiplayer, Co-operative"
The Storm Guard: Darkness is Coming,2016-08-25,80.0,"Role-playing (RPG), Strategy, Adventure, Indie","PC (Microsoft Windows), Mac","Action, Fantasy","turn-based, roguelike",Bitmen Studios,Bird view / Isometric,Single player
Okhlos: Omega,2016-08-18,60.0,"Strategy, Indie","Linux, PC (Microsoft Windows), Mac",Action,"greek mythology, roguelike",Devolver Digital,,Single player
Pylon: Rogue,2016-08-15,70.0,"Role-playing (RPG), Indie","Super NES CD-ROM System, PC (Microsoft Windows), Xbox One",Action,"roguelike, digital distribution, pax west 2017, pre-release public testing, pax south 2017",QuantumSquid Interactive,Bird view / Isometric,Single player
In Celebration of Violence,2016-08-12,70.0,"Role-playing (RPG), Hack and slash/Beat 'em up, Adventure, Indie","PlayStation 4, Linux, PC (Microsoft Windows), PlayStation 5, Mac, Xbox One, Nintendo Switch","Action, Fantasy, Historical","medieval, roguelike","Eastasiasoft, Dolores Entertainment, Dolores Entertainment, Julian Edison, HIDDEN TRAP",Third person,"Single player, Multiplayer"
Siralim 2,2016-08-12,80.0,"Role-playing (RPG), Strategy, Adventure, Indie","PlayStation 4, Linux, PC (Microsoft Windows), iOS, Mac, PlayStation Vita",Fantasy,"roguelike, procedural generation, pixel graphics, dungeon crawler, turn-based combat, monster catching",Thylacine Studios LLC,Bird view / Isometric,Single player
Buriedbornes,2016-08-11,,Role-playing (RPG),"Web browser, Android, PC (Microsoft Windows), iOS",,"roguelike, free-to-play",,,"Single player, Multiplayer"
Brut@l,2016-08-09,50.0,"Fighting, Role-playing (RPG), Adventure","PlayStation 4, PC (Microsoft Windows)",Action,"retro, brutal, roguelike, ascii, action-adventure, gore, procedurally generated, pax east 2016","Stormcloud Games, Rising Star Games","Third person, Bird view / Isometric","Single player, Multiplayer, Co-operative"
The Wizard's Lair,2016-08-03,,"Role-playing (RPG), Adventure, Indie","Linux, PC (Microsoft Windows)",Mystery,"roguelike, procedural generation",Magicbane,Bird view / Isometric,Single player
Broken Armor,2016-08-01,50.0,"Adventure, Indie",PC (Microsoft Windows),"Action, Historical","bloody, medieval, roguelike, action-adventure, steam, steam trading cards, snake, bats, steam greenlight, steam achievements, digital distribution, steam cloud, deliberately retro",,,Single player
Laser Disco Defenders,2016-07-26,,"Shooter, Indie, Arcade","PlayStation 4, PC (Microsoft Windows), Mac, PlayStation Vita","Action, Science fiction","shoot 'em up, roguelike, robots, procedural generation, procedurally generated, twin stick control, roguelite","Excalibur Publishing, Out Of Bounds Games",Side view,Single player
Death Road to Canada,2016-07-21,64.7,"Role-playing (RPG), Adventure, Indie","PlayStation 4, Linux, Android, PC (Microsoft Windows), iOS, Mac, Xbox One, Nintendo Switch","Action, Horror, Survival","zombies, post-apocalyptic, roguelike, dialogue trees, pixel graphics, steam greenlight, digital distribution, recruitable characters, pax prime 2013, randomly generated maps, pax prime 2015","Ukiyo Publishing, Rocketcat Games, Noodlecake Studios, Rocketcat Games",Bird view / Isometric,"Single player, Multiplayer, Co-operative"
Necropolis,2016-07-12,69.9,"Puzzle, Adventure, Indie","PlayStation 4, PC (Microsoft Windows), Mac, Xbox One","Action, Fantasy","roguelike, procedural generation, action-adventure, undead, original soundtrack release, pax east 2016, pax west 2016, real-time combat, pax prime 2015","Bandai Namco Entertainment, Harebrained Schemes",Third person,"Single player, Multiplayer, Co-operative"
Super Mutant Alien Assault,2016-07-11,70.0,"Shooter, Platform, Indie, Arcade","PlayStation 4, PC (Microsoft Windows), PlayStation Vita, Xbox One, Nintendo Switch","Action, Science fiction","aliens, monsters, permadeath, action-adventure, steam, achievements, steam trading cards, pixel graphics, random level generation, steam achievements, digital distribution, steam leaderboards, playstation trophies, super-ness, single-screen level, robot protagonist, pax east 2016, roguelite","Surprise Attack Games, Cybernate, Fellow Traveller",Side view,"Single player, Multiplayer, Co-operative"
Star Honor,2016-07-01,,Adventure,Arduboy,,roguelike,,,
Steredenn: Binary Stars,2016-06-27,90.0,"Fighting, Shooter, Indie, Arcade","PlayStation 4, Linux, PC (Microsoft Windows), PlayStation 5, Mac, Nintendo Switch","Action, Science fiction, Party","roguelike, shmup","Plug In Digital, Pixelnest Studio",Side view,"Single player, Multiplayer, Co-operative"
Heart&Slash,2016-06-24,80.0,"Fighting, Role-playing (RPG), Hack and slash/Beat 'em up, Adventure, Indie, Arcade","PlayStation 4, Linux, PC (Microsoft Windows), Mac, Xbox One, Nintendo Switch","Action, Science fiction","post-apocalyptic, cyberpunk, roguelike, robots, procedural generation, permadeath, brawler, apocalypse, crowdfunding, boss fight, digital distribution, pre-release public testing, alternate costumes, robot protagonist, crowd funded, randomly generated maps, pax east 2015","AHEARTFULOFGAMES, BadLand Publishing",Third person,Single player
.Exe,2016-06-16,,"Platform, Indie","Linux, PC (Microsoft Windows), Mac",Action,"pax west 2017, pax south 2017, pax east 2016, pax west 2016, roguelite",,,Single player
Wasted,2016-06-07,42.6,"Shooter, Role-playing (RPG), Indie",PC (Microsoft Windows),"Action, Comedy","post-apocalyptic, roguelike, digital distribution, daily challenge, pax east 2016, pax prime 2015","Adult Swim Games, Mr. Podunkian",First person,Single player
Captain Forever Remix,2016-06-03,80.0,"Shooter, Indie, Arcade","Linux, PC (Microsoft Windows), Mac","Action, Science fiction","roguelike, female protagonist, space, steam, spaceship customization, digital distribution, pax prime 2015","Pixelsaurus Games, Future Crayon",Bird view / Isometric,Single player
Brigador,2016-06-02,81.2,"Shooter, Strategy, Tactical, Indie","Linux, PC (Microsoft Windows), Mac","Action, Science fiction","vehicular combat, cyberpunk, mech, roguelike, steam, vehicle combat, explosion, digital distribution, humble bundle, vehicle customization, pax east 2016, pax prime 2015",Stellar Jockeys,Bird view / Isometric,Single player
Blacksea Odyssey,2016-06-01,80.0,"Shooter, Role-playing (RPG), Indie","PlayStation 4, Linux, PC (Microsoft Windows), Mac, Xbox One, Nintendo Switch","Action, Science fiction","shoot 'em up, roguelike, space, pax south 2017","Spiral Summit Games, Blacksea Odyssey, Digerati Distribution, Blacksea Odyssey",Bird view / Isometric,Single player
Renowned Explorers: International Society - More to Explore,2016-05-31,,"Role-playing (RPG), Strategy, Adventure, Indie","Linux, PC (Microsoft Windows), Mac","Fantasy, Historical","exploration, turn-based tactics, procedurally generated, roguelite",Abbey Games,Bird view / Isometric,Single player
Imbroglio,2016-05-18,,Strategy,iOS,Fantasy,"turn-based, roguelike, permadeath, grid-based movement, upgradeable weapons",Michael Brough,Bird view / Isometric,Single player
Duskers,2016-05-18,63.4,"Simulator, Strategy, Indie","Linux, PC (Microsoft Windows), Mac","Science fiction, Horror, Survival, Stealth","aliens, roguelike, robots, procedural generation, permadeath, space, traps, atmospheric, survival horror, teleportation, motion sensor, radiation, shopping, upgradeable weapons, resource gathering, real-time combat, fuel management, inconvenient malfunction, upgradeable vehicles, previously on - origin access",Misfits Attic,"Bird view / Isometric, Text",Single player
Overfall,2016-05-17,80.0,"Role-playing (RPG), Strategy, Indie","Linux, PC (Microsoft Windows), Mac",Fantasy,"exploration, roguelike, multiple endings, turn-based combat, pre-release public testing","Pera Games, Gathering Tree",Bird view / Isometric,Single player
Wayward,2016-04-22,80.0,"Role-playing (RPG), Strategy, Adventure, Indie","Linux, PC (Microsoft Windows), Mac","Fantasy, Survival, Sandbox, Open world","roguelike, crafting, online co-op, pixel graphics, base building, tile based",Unlok,Bird view / Isometric,"Single player, Multiplayer, Co-operative"
March of the Living,2016-04-20,60.0,"Strategy, Adventure, Indie","PC (Microsoft Windows), Mac","Horror, Survival","zombies, post-apocalyptic, roguelike, female protagonist, multiple protagonists, pixel art, male protagonist","Creaky Corpse, Machine 22",Side view,Single player
A Matter of Murder,2016-04-18,70.0,"Point-and-click, Puzzle, Adventure, Indie","Linux, Android, PC (Microsoft Windows), iOS",Mystery,"roguelike, murder mystery, roguelite, logic puzzle",Worthing & Moncrieff,First person,Single player
Kill to Collect,2016-04-06,60.0,"Hack and slash/Beat 'em up, Adventure, Indie",PC (Microsoft Windows),"Action, Science fiction","cyberpunk, roguelike, procedurally generated",Pieces Interactive,Bird view / Isometric,"Single player, Multiplayer, Co-operative"
Dead Star,2016-04-05,59.8,"Shooter, Real Time Strategy (RTS), Strategy, Indie, Arcade","PlayStation 4, PC (Microsoft Windows)","Action, Science fiction","space simulation, roguelike, space, crime, playstation plus, playstation experience 2015, twin stick control",Armature Studio,Bird view / Isometric,"Single player, Multiplayer"
Good Robot,2016-04-05,80.0,"Shooter, Role-playing (RPG), Indie",PC (Microsoft Windows),"Action, Science fiction, Comedy","shoot 'em up, robots, procedural generation, dark humor, twin stick control, roguelite",Pyrodactyl Games,Side view,Single player
Enter the Gungeon,2016-04-05,76.7,"Shooter, Adventure, Indie, Arcade","Google Stadia, PlayStation 4, Linux, Android, PC (Microsoft Windows), iOS, Mac, Xbox One, Nintendo Switch","Action, Fantasy","shoot 'em up, difficult, bullet hell, female protagonist, steam, multiple protagonists, pixel art, dungeon crawler, boss fight, steam achievements, digital distribution, xbox controller support for pc, steam cloud, pax west 2017, dualshock 4 support for pc, windows store, xbox play anywhere, game reference, original soundtrack release, playstation experience 2015, pax west 2016, xbox live, secret area, twin stick control, pax prime 2015, pax east 2015, active reload, roguelite, male protagonist, multiple playable characters, you can pet the dog, previously on - stadia pro","22nd Century Toys, Devolver Digital, Dodge Roll",Bird view / Isometric,"Single player, Multiplayer, Co-operative"
Chkn,2016-04-01,80.0,"Platform, Adventure, Indie","Linux, PC (Microsoft Windows), Mac",Action,"anime, roguelike, metroidvania, side-scrolling, crowdfunding - kickstarter, steam greenlight, crowdfunding, digital distribution, pax west 2017, playstation experience 2016, playstation experience 2015, pax east 2016, pax west 2016, crowd funded, pax prime 2014, pax east 2014, pax prime 2015",,,"Single player, Multiplayer, Co-operative"
Leap of Fate,2016-03-30,80.0,"Hack and slash/Beat 'em up, Indie","PlayStation 4, PC (Microsoft Windows)",Action,"cyberpunk, roguelike, digital distribution, card based combat, pax prime 2015, twin stick",Clever Plays Studio,,Single player
Hypersensitive Bob,2016-03-29,60.0,"Shooter, Adventure, Indie","Linux, PC (Microsoft Windows), Mac",Action,"roguelike, cartoon graphics, low-poly, steam cloud, protagonist's name in the title, polygonal 3d",SIEIDI,Bird view / Isometric,Single player
Forced Showdown,2016-03-29,80.0,"Role-playing (RPG), Strategy, Indie","Linux, PC (Microsoft Windows), Mac","Action, Science fiction","roguelike, game show, crowdfunding - kickstarter, tournament, digital distribution, card collection, pax east 2016, pax east 2015",BetaDwarf,Bird view / Isometric,Single player
Borstal,2016-03-22,40.0,"Role-playing (RPG), Adventure, Indie","Linux, PC (Microsoft Windows), Mac",,roguelike,The Secret Pie,Bird view / Isometric,Single player
Cursed Loot,2016-03-15,,"Role-playing (RPG), Adventure",iOS,Fantasy,"orcs, magic, roguelike, rats, permadeath, giants, potions, xbox live indie games, shopping, randomly generated dungeons, rpg elements, merchants, poisoning, spiders",Eyehook,Bird view / Isometric,Single player
Zealot,2016-03-13,,Shooter,PC (Microsoft Windows),Horror,"roguelike, ps1 inspired, demons, ps1",ToothandClaw,First person,Single player
Bit Dungeon,2016-03-10,70.0,"Role-playing (RPG), Adventure, Indie","Android, PC (Microsoft Windows)","Action, Fantasy","roguelike, digital distribution",KintoGames,Bird view / Isometric,Single player
Bit Dungeon+,2016-03-10,40.0,"Role-playing (RPG), Adventure, Indie, Arcade","PlayStation 4, Nintendo 3DS, PC (Microsoft Windows), PlayStation 5, Mac, Wii U, PlayStation Vita, Xbox One, Nintendo Switch","Action, Fantasy","roguelike, procedural generation, multiple endings, boss fight, digital distribution, wii u pro controller support, wii remote support on wii u, wii nunchuk support on wii u, wii classic controller support","Dolores Entertainment, HIDDEN TRAP, KintoGames, Dolores Entertainment",Bird view / Isometric,"Single player, Multiplayer, Co-operative"
The Flame in the Flood,2016-02-24,75.5,"Adventure, Indie","PlayStation 4, PC (Microsoft Windows), Mac, Xbox One, Nintendo Switch","Action, Survival","post-apocalyptic, exploration, roguelike, crafting, procedural generation, female protagonist, atmospheric, crowdfunding - kickstarter, crowdfunding, famous quotes, original soundtrack release, playstation experience 2016, pax east 2016, crowd funded, animal companions, survival mode, randomly generated maps, camping, random encounter, roguelite","The Molasses Flood, Curve Digital, The Molasses Flood",Third person,Single player
Gnomoria,2016-02-23,86.5,"Simulator, Strategy, Turn-based strategy (TBS), Indie","Linux, PC (Microsoft Windows), Mac","Fantasy, Survival, Sandbox","16-bit, roguelike, crafting, management, steam, steam trading cards, steam greenlight, digital distribution, pax prime 2015",Robotronic Games,Bird view / Isometric,Single player
Tofu Tower,2016-02-11,,"Role-playing (RPG), Turn-based strategy (TBS), Indie, Card & Board Game",Web browser,Fantasy,"roguelike, witches",,Bird view / Isometric,Single player
Demon's Sword,2016-02-02,,Role-playing (RPG),PC (Microsoft Windows),Fantasy,roguelike,Cannibal Cat,Bird view / Isometric,Single player
Amazing Discoveries In Outer Space,2016-02-02,,"Platform, Simulator, Adventure, Indie",PlayStation 4,"Action, Science fiction","exploration, physics, roguelike, discovery, space, space exploration, procedurally generated",Cosmic Picnic,Side view,Single player
Darkest Dungeon,2016-01-19,81.5,"Role-playing (RPG), Strategy, Turn-based strategy (TBS), Tactical, Adventure, Indie","PlayStation 4, Linux, PC (Microsoft Windows), iOS, Mac, PlayStation Vita, Xbox One, Nintendo Switch","Fantasy, Horror, Historical, Mystery","medieval, turn-based, roguelike, procedural generation, permadeath, female protagonist, insanity, side-scrolling, multiple protagonists, undead, crowdfunding - kickstarter, crowdfunding, digital distribution, single-player only, pre-release public testing, alternate costumes, loot gathering, skeletons, game reference, party system, treasure chest, playstation experience 2015, pax west 2016, crowd funded, pax prime 2014, pax east 2014, pax prime 2015, depression, camping, iron maiden, plague doctor, boar, masochism, skull for a head, male protagonist","BlitWorks, Red Hook Studios",Side view,Single player
Temple of Yog,2015-12-16,70.0,"Puzzle, Role-playing (RPG)",Wii U,Action,"roguelike, action-adventure, digital distribution, randomly generated maps",,,
Waves 2: Notorious,2015-12-16,70.0,"Shooter, Indie, Arcade","Linux, PC (Microsoft Windows)",Action,"cyberpunk, bullet hell, hacking, twin stick control, roguelite, cyberspace",Squid In A Box,Bird view / Isometric,"Single player, Multiplayer"
Into the Dim,2015-12-15,,"Role-playing (RPG), Adventure",iOS,,"roguelike, skeleton, dog",Happymagenta,Side view,Single player
Nuclear Throne,2015-12-05,72.5,"Shooter, Adventure, Indie, Arcade","PlayStation 4, Linux, PC (Microsoft Windows), Mac, PlayStation Vita, Xbox One, Nintendo Switch","Action, Science fiction","post-apocalyptic, roguelike, difficult, steam, multiple protagonists, pixel graphics, darkness, explosion, steam achievements, digital distribution, xbox controller support for pc, steam cloud, steam leaderboards, pax west 2017, pre-release public testing, daily challenge, pax south 2017, humble bundle, playstation experience 2015, pax east 2016, pax west 2016, melee, pax prime 2013, gamescom 2013, pax prime 2014, gamescom 2014, pax east 2014, pax prime 2015, daily content, consolation achievements, pax east 2015, playing dead, random character selection",Vlambeer,Bird view / Isometric,"Single player, Multiplayer, Co-operative"
Earth Overclocked,2015-12-04,70.0,"Adventure, Indie","PC (Microsoft Windows), Mac",Action,"2d, pixel art, twin stick control, roguelite, twin stick",,Bird view / Isometric,"Single player, Multiplayer, Co-operative"
Sunken,2015-12-03,40.0,"Role-playing (RPG), Indie","Linux, PC (Microsoft Windows)","Action, Fantasy","roguelike, crafting, permadeath","Defy Media, Hit the Crow",Bird view / Isometric,Single player
One More Dungeon,2015-11-23,60.0,"Shooter, Role-playing (RPG), Indie","PlayStation 4, Linux, PC (Microsoft Windows), Mac, PlayStation Vita, Xbox One, Nintendo Switch","Action, Fantasy","roguelike, pixel graphics","Stately Snail, Stately Snail, Ratalaika Games",First person,Single player
The Consuming Shadow,2015-11-20,80.0,Adventure,PC (Microsoft Windows),Horror,"roguelike, death, steam, multiple protagonists, multiple endings, survival horror, steam achievements, digital distribution, single-player only, developed by one person, randomly generated dungeons, randomly generated maps, daily content, consolation achievements, suicide","Ben ""Yahtzee"" Croshaw","Side view, Text",Single player
Omega Labyrinth,2015-11-19,,Role-playing (RPG),PlayStation Vita,,roguelike,"D3 Publisher, Matrix Software",Bird view / Isometric,Single player
ADOM: Ancient Domains of Mystery,2015-11-16,68.1,"Role-playing (RPG), Strategy, Turn-based strategy (TBS), Adventure, Indie","Linux, PC (Microsoft Windows), Mac","Fantasy, Historical","roguelike, permadeath, indiegogo, sequel, crowdfunding, crowd funded",Thomas Biskup,Bird view / Isometric,Single player
Roguelands,2015-11-06,80.0,"Platform, Role-playing (RPG), Adventure, Indie","Linux, PC (Microsoft Windows), Mac","Action, Fantasy, Science fiction","cyberpunk, roguelike, procedural generation, permadeath, action-adventure, pixel art, pixel graphics, deliberately retro",SmashGames,Side view,"Single player, Multiplayer, Co-operative"
Hurtful Tower,2015-11-01,,Indie,"Web browser, iOS","Action, Fantasy",roguelike,Quikding,,Single player
The Binding of Isaac: Afterbirth,2015-10-30,89.1,"Shooter, Role-playing (RPG), Adventure, Indie","PlayStation 4, Linux, PC (Microsoft Windows), Mac, Xbox One","Action, Fantasy, Horror, Comedy","monsters, roguelike, religion, multiple protagonists, child protagonist, multiple endings, roguelite","Nicalis, Inc., Edmund McMillen",Bird view / Isometric,"Single player, Multiplayer, Co-operative"
Kingdom: Classic,2015-10-21,68.4,"Simulator, Strategy, Adventure, Indie","Linux, PC (Microsoft Windows), Mac","Fantasy, Survival, Historical","monsters, medieval, 2d, kingdom, roguelike, permadeath, horse, rabbit, deer, management, side-scrolling, abstract, pixel art, base building, dog, day/night cycle, city builder, digital distribution, pax west 2017, bow and arrow, treasure chest, pax east 2016, pax west 2016, pax prime 2015, catapult, merchants, monarchy, flash game origin, seasons","Licorice, Noio, Raw Fury",Side view,Single player
Deathstate,2015-10-19,80.0,"Shooter, Role-playing (RPG), Indie","PlayStation 4, PC (Microsoft Windows), Mac","Action, Science fiction","shoot 'em up, roguelike, bullet hell, digital distribution, pax east 2016, rpg elements, pax east 2015","Black Shell Media, Bread Machine Games",,Single player
Spellrazor,2015-10-16,,Shooter,"PC (Microsoft Windows), Mac",Action,roguelike,Fluttermind LLC,,
Flamebreak,2015-10-16,80.0,"Hack and slash/Beat 'em up, Indie, Arcade","Linux, PC (Microsoft Windows), Mac",Action,"medieval, roguelike, daily challenge",Nimbly Games,,Single player
Eternal Step,2015-10-16,50.0,"Role-playing (RPG), Adventure, Indie","Linux, PC (Microsoft Windows), Mac",Action,"roguelike, action-adventure","Green Man Loaded, Global Business Concept",Bird view / Isometric,"Single player, Multiplayer"
Downwell,2015-10-14,75.7,"Shooter, Platform, Adventure, Indie, Arcade","PlayStation 4, Android, PC (Microsoft Windows), iOS, PlayStation Vita, Nintendo Switch","Action, Fantasy, Science fiction","ghosts, bloody, shoot 'em up, roguelike, procedural generation, frog, time manipulation, steam, time limit, traps, pixel art, vertical platforming, wall jump, turtle, boss fight, explosion, steam achievements, digital distribution, countdown timer, developed by one person, leveling up, cat, shopping, upgradeable weapons, pop culture reference, deliberately retro, unlockables, minimalism, treasure chest, vertical scrolling, stat tracking, randomly generated maps, falling sequence, jellyfish, unlockable difficulty level, water level, pax east 2015, sleeping, temporary invincibility, giant squid, roguelite, previously on - pc gamepass","Devolver Digital, Moppin, Red Phantom Games",Side view,Single player
Skyhill,2015-10-06,64.0,"Role-playing (RPG), Simulator, Strategy, Adventure, Indie","PlayStation 4, Linux, Android, PC (Microsoft Windows), iOS, Mac, Xbox One, Nintendo Switch","Action, Horror, Survival","post-apocalyptic, exploration, dark, 3d, story driven, turn-based, roguelike, dystopian, crafting, procedural generation, permadeath, resource management, difficult, character development, atmospheric, survival horror, combat, melee combat, inventory management, choices matter, moral decisions, meaningful choices","Mandragora, Daedalic Entertainment, Mandragora, Klabater",Side view,Single player
Dragon Fin Soup,2015-10-02,50.0,"Role-playing (RPG), Turn-based strategy (TBS), Adventure, Indie","PlayStation 3, PlayStation 4, Linux, PC (Microsoft Windows), Mac, PlayStation Vita","Action, Stealth, Comedy","turn-based, roguelike, fishing, crafting, procedural generation, permadeath, steampunk, mythology, female protagonist, multiple protagonists, campaign, billiards, mining, simultaneous turns, crowdfunding - kickstarter, crowdfunding, digital distribution, single-player only, tactical turn-based combat, loot gathering, playstation plus, pax east 2016, crowd funded, animal companions, survival mode, pax prime 2013, pax prime 2014, gamescom 2014, pax east 2014, pax prime 2015","Grimm Bros, LLC",Bird view / Isometric,Single player
Steredenn,2015-10-01,63.5,"Shooter, Indie, Arcade","PlayStation 3, PlayStation 4, Linux, PC (Microsoft Windows), Mac, Xbox One","Action, Science fiction","shoot 'em up, roguelike, space shooter, steam, pixel graphics, steam achievements, xbox controller support for pc, pre-release public testing","Pixelnest Studio, Plug In Digital",Side view,"Single player, Multiplayer, Co-operative"
TowerClimb,2015-09-22,80.0,"Platform, Role-playing (RPG), Adventure, Indie",PC (Microsoft Windows),Action,"roguelike, procedural generation, permadeath, steam greenlight",Davioware and Quazi,,"Single player, Multiplayer"
Subaeria,2015-09-22,,"Puzzle, Adventure, Indie","PlayStation 4, PC (Microsoft Windows), Xbox One",Action,"roguelike, robots, digital distribution, pax east 2016, pax prime 2015",Illogika Studios,Bird view / Isometric,Single player
Rampage Knights,2015-09-04,77.7,"Fighting, Role-playing (RPG), Hack and slash/Beat 'em up, Adventure, Indie, Arcade","PC (Microsoft Windows), Mac, Nintendo Switch","Action, Fantasy","roguelike, humble bundle, lock picking",Rake in Grass,"Bird view / Isometric, Side view","Single player, Multiplayer, Co-operative"
Renowned Explorers: International Society,2015-09-02,79.6,"Role-playing (RPG), Strategy, Turn-based strategy (TBS), Adventure, Indie","Linux, PC (Microsoft Windows), Mac","Fantasy, Historical","exploration, procedural generation, management, turn-based tactics, 19th century, digital distribution, tactical turn-based combat, pax east 2015, roguelite",Abbey Games,Bird view / Isometric,Single player
Shadow of the Wyrm,2015-08-31,,"Role-playing (RPG), Indie","Linux, PC (Microsoft Windows)","Fantasy, Open world","roguelike, traditional roguelike",,Bird view / Isometric,Single player
"Mobs, Inc.",2015-08-26,,"Role-playing (RPG), Simulator, Adventure","Web browser, Linux, PC (Microsoft Windows), Mac","Action, Survival","2d, 16-bit, roguelike, ludum dare, pixel art",OVERBOY,Bird view / Isometric,Single player
Nova-111,2015-08-25,70.3,"Puzzle, Strategy, Tactical, Adventure, Indie","PlayStation 3, PlayStation 4, PC (Microsoft Windows), Mac, Wii U, PlayStation Vita, Xbox One, Nintendo Switch","Action, Science fiction","turn-based, roguelike, real time tactics, turn-based tactics, science, digital distribution, playstation plus, pax prime 2014","Funktronic Labs, Curve Digital",Side view,Single player
Death of a Lich,2015-08-24,,"Platform, Role-playing (RPG), Strategy, Indie","PC (Microsoft Windows), Mac",Fantasy,"roguelike, ludum dare 33","Daniel Linssen, Managore",Bird view / Isometric,Single player
RymdResa,2015-08-20,60.0,"Role-playing (RPG), Adventure, Indie","Linux, PC (Microsoft Windows), Mac",Science fiction,"roguelike, procedural generation, space, space exploration",Morgondag,Bird view / Isometric,Single player
Touhou Genso Wanderer: Mononobe no Futo to Nanatsu no Shiren - Fushigi no Gensoukyou TOD Another Story,2015-08-14,,"Role-playing (RPG), Adventure, Indie","PC (Microsoft Windows), PlayStation Vita","Action, Fantasy","zombies, wizards, vampire, magic, turn-based, roguelike, robots, frog, rabbit, fairy, dracula, traps, japan, wolf, shanghai, mermaid, youkai, manic shooter, puppet, devil, maid, magical girl, battle, spider, cat, human, mouse, difficulty level, phoenix, phantom, touhou project, tiger, bug, bunny, fangame, conversation, nuclear, touhou fangame, magician, third eye, level up, half-human, doujin game, rokuro head","AQUA STYLE, Melonbooks, Toranoana",Bird view / Isometric,Single player
Bard's Gold,2015-08-14,70.0,"Platform, Role-playing (RPG), Indie","Xbox Series X|S, PlayStation 4, Linux, PC (Microsoft Windows), PlayStation 5, Mac, PlayStation Vita, Xbox One","Action, Fantasy, Historical","medieval, roguelike, old school, difficult, steam, achievements, traps, steam trading cards, unfair deaths, bats, steam greenlight, steam achievements, digital distribution, steam leaderboards, throwing weapons, language selection, shopping, treasure chest, steam play","Erdem Sen, Erdem Sen, Eastasiasoft",Side view,Single player
Illuminascii,2015-08-11,50.0,"Shooter, Indie","Linux, PC (Microsoft Windows), Mac",Action,"roguelike, ascii",DDD Wares,First person,Single player
Galak-Z: The Dimensional,2015-08-04,79.6,"Shooter, Simulator, Strategy, Indie, Arcade","PlayStation 4, Linux, PC (Microsoft Windows), Mac","Action, Science fiction","anime, shoot 'em up, mech, 2d, roguelike, robots, spaceship, steam, mecha, steam trading cards, steam achievements, digital distribution, steam cloud, playstation trophies, language selection, cartoon cutscene, playstation plus, pax east 2016, pax west 2016, pax prime 2013, pax prime 2014, pax east 2014, pax prime 2015, banter during gameplay, planet",17-BIT,Bird view / Isometric,Single player
Mystery Chronicle: One Way Heroics,2015-07-30,50.0,"Role-playing (RPG), Strategy","PlayStation 4, PC (Microsoft Windows), PlayStation Vita",Fantasy,"anime, roguelike, jrpg",Spike Chunsoft,Bird view / Isometric,"Single player, Multiplayer"
Transcendence,2015-07-24,70.0,"Role-playing (RPG), Simulator, Strategy, Indie",PC (Microsoft Windows),Action,"roguelike, permadeath, randomly generated maps",,,Single player
Rogue Stormers,2015-07-17,70.0,"Shooter, Platform, Adventure, Indie","PlayStation 4, PC (Microsoft Windows), Xbox One",Action,"orcs, shoot 'em up, roguelike, run and gun, dieselpunk, digital distribution, pax east 2016, twin stick, available on - blacknut",Black Forest Games,Side view,"Single player, Multiplayer, Co-operative"
Choice Chamber,2015-07-16,70.0,"Platform, Hack and slash/Beat 'em up, Indie",PC (Microsoft Windows),Action,"roguelike, twitch plays",Studio Bean,Side view,"Single player, Multiplayer, Co-operative, Split screen, Massively Multiplayer Online (MMO)"
Guild of Dungeoneering: Ultimate Edition,2015-07-14,,"Role-playing (RPG), Strategy, Indie, Card & Board Game","PC (Microsoft Windows), Nintendo Switch","Fantasy, Comedy","turn-based, roguelike, dungeon crawler, family friendly, mouse only",Gambrinous,Bird view / Isometric,Single player
Girlfriend Rescue,2015-07-10,50.0,"Role-playing (RPG), Strategy, Hack and slash/Beat 'em up, Adventure, Indie",PC (Microsoft Windows),Action,"anime, casual, brawler, action-adventure, pixel graphics, roguelite",Aldorlea Games,Bird view / Isometric,Single player
Touhou Genso Wanderer: Momiji Inubashiri,2015-06-25,,"Role-playing (RPG), Adventure, Indie","PC (Microsoft Windows), PlayStation Vita","Action, Fantasy","magic, roguelike, female protagonist, forest, japan, wolf, camera, youkai, phantom, touhou project, fangame, conversation, touhou fangame, level up, doujin game","AQUA STYLE, AQUA STYLE, Mediascape",Bird view / Isometric,Single player
Touhou Genso Wanderer,2015-06-24,,"Role-playing (RPG), Adventure, Indie","PlayStation 4, PC (Microsoft Windows), PlayStation Vita","Action, Fantasy","zombies, anime, vampire, magic, 3d, roguelike, frog, rabbit, fairy, traps, snow, wolf, camera, shanghai, mermaid, devil, maid, battle, spider, cat, poisoning, phantom, touhou project, bug, fangame, nuclear, touhou fangame, magician, doujin game","AQUA STYLE, NIS America",Bird view / Isometric,Single player
Barony,2015-06-23,72.1,"Fighting, Role-playing (RPG), Adventure, Indie","Linux, PC (Microsoft Windows), Mac, Nintendo Switch","Action, Fantasy, Stealth","zombies, ghosts, exploration, monsters, hell, retro, bloody, wizards, animals, level editor, demon, vampire, magic, sword, 3d, thief, roguelike, artifacts, crafting, insects, archery, bullet hell, goblin, online co-op, action-adventure, skeleton, demons, leveling, achievements, undead, traps, portals, steam trading cards, dungeon crawling, local multiplayer, pixel art, bugs, giant insects, castle, melee combat, underworld, resurrection, dungeon crawler, swimming, potions, alchemy, vampires, trolls, boss fight, explosion, steam achievements, xbox controller support for pc, steam workshop, leveling up, mind control, bow and arrow, explosives, loot gathering, goblins, skeletons, rat, armor, 4 player co-op, minotaurs, potion, melee, a.i. companion, friendly fire, shielded enemies, games with gold, difficulty level, boulder, randomly generated maps, merchants, multiple enemy boss fights, stealth kill, scorpion, invisibility, portal, gnome, burning, creature compendium, status effects, slideshow cutscene, vampirism, remote play, controller support, immersive, gems, curse, bug, retro graphics, pixel art game, bossfight, food, online coop, spell caster, bombs, coins, ranged combat, shield, buy and sell, lava, library, health, monster, spells, immersive sim, eating, literary reference, axe, steam families, ghost, money, hidden secrets, gold, spear, books, explosive, swamp, healing, bestiary, steam remote play, coin",Turning Wheel LLC,First person,"Single player, Multiplayer, Co-operative, Split screen"
Alchemic Dungeons,2015-06-20,,"Role-playing (RPG), Strategy, Adventure","Nintendo 3DS, iOS",,"roguelike, digital distribution, deliberately retro","CIRCLE Entertainment, Rogue Ninja, Q-Cumber Factory",Bird view / Isometric,Single player
Avalanche 2: Super Avalanche,2015-06-11,70.0,"Platform, Indie",PC (Microsoft Windows),Action,"roguelike, digital distribution, collectibles, pax prime 2013, pax prime 2014, pax east 2014","Midnight City, Beast Games",,"Single player, Multiplayer"
Shiren the Wanderer: The Tower of Fortune and the Dice of Fate,2015-06-04,,Role-playing (RPG),PlayStation Vita,Fantasy,"roguelike, mystery dungeon","Chunsoft, Spike Chunsoft",Bird view / Isometric,Single player
Monstrum,2015-05-20,72.0,Indie,"PlayStation 4, Linux, PC (Microsoft Windows), Mac, Xbox One, Nintendo Switch","Action, Horror, Survival, Stealth","roguelike, procedural generation, permadeath, survival horror, procedurally generated","Team Junkfish, SOEDESCO Publishing","First person, Virtual Reality",Single player
"Invisible, Inc.",2015-05-12,76.3,"Strategy, Turn-based strategy (TBS), Tactical, Adventure, Indie","PlayStation 4, Linux, PC (Microsoft Windows), iOS, Mac, Nintendo Switch","Action, Science fiction, Stealth","assassin, spy, cyberpunk, turn-based, dystopian, procedural generation, permadeath, steam, espionage, hacking, turn-based tactics, teleportation, digital distribution, steam cloud, tactical turn-based combat, steam workshop, playstation plus, playstation experience 2015, resistance, pax prime 2013, pax prime 2014, pax east 2014, pax prime 2015, communism, british accent, evil organization, stealth kill, color blind assist, roguelite",Klei Entertainment,Bird view / Isometric,Single player
Bloom Shrooms,2015-05-08,40.0,"Role-playing (RPG), Adventure, Indie","Linux, PC (Microsoft Windows)","Action, Fantasy","pixel art, roguelite",Hey Bud Games,Side view,"Single player, Multiplayer, Co-operative"
Dungeon Amanojaku,2015-05-06,,"Role-playing (RPG), Adventure, Indie",PC (Microsoft Windows),"Action, Fantasy","wizards, magic, sword, 2d, turn-based, roguelike, jrpg, girls, doctor, female protagonist, labyrinth, fairy, bird, youkai, boss fight, magical girl, battle, human, randomly generated dungeons, randomly generated maps, heterochromia, random encounter, touhou project, fangame, conversation, bossfight, touhou fangame, magician, doujin game, bosses",Morisover,Bird view / Isometric,Single player
The Binding of Isaac: Eternal Edition,2015-05-05,,"Shooter, Indie","PC (Microsoft Windows), Mac","Action, Horror, Comedy","roguelike, religion, multiple protagonists, child protagonist, multiple endings, roguelite, free, monster",Florian Himsl,Bird view / Isometric,Single player
Phantasmal: City of Darkness,2015-04-30,50.0,Indie,"PC (Microsoft Windows), Xbox One","Horror, Survival, Stealth","roguelike, difficult, lovecraftian, atmospheric",Eyemobi,First person,Single player
The Weaponographist,2015-04-29,50.0,"Role-playing (RPG), Hack and slash/Beat 'em up, Indie","PC (Microsoft Windows), Mac","Action, Fantasy, Comedy",roguelike,"Mastertronic, Puuba",Bird view / Isometric,Single player
Siralim,2015-04-24,80.0,"Role-playing (RPG), Indie","PlayStation 4, Linux, PC (Microsoft Windows), Mac, PlayStation Vita",Fantasy,"medieval, roguelike",Thylacine Studios LLC,Bird view / Isometric,Single player
Crypt of the NecroDancer,2015-04-23,77.1,"Music, Role-playing (RPG), Adventure, Indie","PlayStation 4, Linux, PC (Microsoft Windows), iOS, Mac, PlayStation Vita, Xbox One, Nintendo Switch","Action, Fantasy","magic, turn-based, roguelike, procedural generation, permadeath, female protagonist, traps, custom soundtrack, dancing, pixel art, grid-based movement, singing, digital distribution, music and rhythm, pre-release public testing, voice acting, daily challenge, shopping, unlockables, playstation experience 2015, potion, pax prime 2013, pax east 2014, daily content, game developers choice awards 2016, online multiplayer achievements, male protagonist, available on - crunchyroll game vault","Spike Chunsoft, BlitWorks, Brace Yourself Games, Klei Entertainment",Bird view / Isometric,"Single player, Multiplayer, Co-operative"
The Enchanted Cave 2,2015-04-16,70.0,"Role-playing (RPG), Adventure, Indie","Linux, Android, PC (Microsoft Windows), iOS, Mac","Fantasy, Mystery",roguelike,,Bird view / Isometric,Single player
Pathos: Nethack Codex,2015-04-13,,"Role-playing (RPG), Turn-based strategy (TBS), Adventure","Windows Phone, Android, PC (Microsoft Windows), iOS, Xbox One",Fantasy,"turn-based, roguelike, hero, turn-based rpg",Callan Hodgskin,Bird view / Isometric,Single player
Atai no Gensoukyou Shunkashuutou,2015-04-01,,"Role-playing (RPG), Adventure, Indie",PC (Microsoft Windows),"Action, Fantasy","magic, turn-based, roguelike, fairy, traps, japan, season winter, snow, youkai, battle, spider, human, fusion, phoenix, touhou project, fangame, conversation, april fools, touhou fangame, level up, doujin game, rokuro head",AQUA STYLE,Bird view / Isometric,Single player
A Healer Only Lives Twice,2015-03-25,60.0,"Role-playing (RPG), Strategy, Indie","PlayStation 4, PC (Microsoft Windows), PlayStation Vita","Fantasy, Survival","dungeon crawler, roguelite","Pon Pon Games, PLAYISM, Mediascape",Third person,Single player
Occidental Heroes,2015-03-09,,"Role-playing (RPG), Strategy, Turn-based strategy (TBS), Indie","Android, iOS",Fantasy,"exploration, roguelike, permadeath, pixel art, hexagon tiles, low fantasy, quest, strategy rpg",Ensit Media,Bird view / Isometric,Single player
Etrian Mystery Dungeon,2015-03-05,79.0,Role-playing (RPG),Nintendo 3DS,Fantasy,"anime, character customization, roguelike, female protagonist, crossover, grid-based movement, random level generation, digital distribution, attributes, leveling up, polygonal 3d, party system, touch controls, young protagonist, character creation, fictional currencies, male protagonist, streetpass support","NIS America, Atlus, Spike Chunsoft, Sega",Bird view / Isometric,Single player
Tallowmere,2015-03-03,80.0,"Platform, Strategy, Hack and slash/Beat 'em up, Indie","Linux, Android, PC (Microsoft Windows), Mac, Wii U, Nintendo Switch","Action, Fantasy, Party","violence, roguelike, digital distribution","Chris McFarland, Teyon",Side view,"Single player, Multiplayer, Co-operative"
Runestone Keeper,2015-03-02,60.1,"Role-playing (RPG), Strategy, Indie","PlayStation 4, PC (Microsoft Windows), iOS, Mac, Xbox One, Nintendo Switch",Historical,"medieval, turn-based, roguelike, dungeon crawler","Blackfire, Cimugames, CIRCLE Entertainment",,Single player
Hand of Fate,2015-02-17,70.8,"Role-playing (RPG), Strategy, Turn-based strategy (TBS), Hack and slash/Beat 'em up, Adventure, Indie, Card & Board Game","PlayStation 4, Linux, PC (Microsoft Windows), Mac, Xbox One","Action, Fantasy, Historical","medieval, magic, roguelike, action-adventure, steam, achievements, steam trading cards, random level generation, crowdfunding - kickstarter, crowdfunding, digital distribution, xbox controller support for pc, steam cloud, spider, human, skeletons, rat, humble bundle, card collection, minotaurs, treasure chest, pax west 2016, crowd funded, games with gold, pax prime 2014, pax east 2014, merchants, reptilian humanoid, roguelite, available on - iwin all access",Defiant Development,Third person,Single player
SanctuaryRPG: Black Edition,2015-02-13,80.0,"Role-playing (RPG), Strategy, Adventure, Indie",PC (Microsoft Windows),"Action, Fantasy, Comedy","retro, roguelite","Black Shell Media, Black Shell Games",Text,Single player
FranknJohn,2015-02-03,,"Role-playing (RPG), Indie",PC (Microsoft Windows),"Action, Horror","roguelike, procedural generation, action-adventure, mad scientist, collectibles, randomly generated maps, camera control",bitSmith Games,,"Single player, Multiplayer, Co-operative"
Endless Depths 2 RPG,2015-01-11,,,iOS,Fantasy,"roguelike, elves, ogres, gnome, dwarf",,Bird view / Isometric,Single player
4089: Ghost Within,2015-01-09,50.0,"Shooter, Role-playing (RPG), Indie","Linux, PC (Microsoft Windows), Mac","Action, Science fiction",roguelike,Phr00t's Software,"First person, Virtual Reality",Single player
The Depths of Tolagal,2015-01-05,70.0,"Role-playing (RPG), Strategy, Indie","Linux, PC (Microsoft Windows), Mac",,"roguelike, steam, steam greenlight, digital distribution, steam play",,,Single player
SilverQuest: Gaiden,2014-12-29,,"Role-playing (RPG), Indie",PC (Microsoft Windows),,"orcs, roguelike, fishing, procedural generation, permadeath, billiards, dungeon crawler, shopping, deliberately retro, character creation, indie royale",Wolfgame,,Single player
NEO Scavenger,2014-12-15,78.5,"Role-playing (RPG), Turn-based strategy (TBS), Indie","Linux, PC (Microsoft Windows), Mac","Science fiction, Survival","post-apocalyptic, turn-based, roguelike, crafting, apocalypse, hexagon, steam greenlight, digital distribution, pre-release public testing, pax east 2015",Blue Bottle Games,Bird view / Isometric,Single player
Deadnaut,2014-11-27,60.0,"Real Time Strategy (RTS), Role-playing (RPG), Strategy, Indie","Linux, PC (Microsoft Windows), Mac",Science fiction,"roguelike, permadeath, morale, real-time combat, squad tactics",Screwfly Studios,,Single player
Fushigi no Gensoukyou: Another Face,2014-11-24,,"Role-playing (RPG), Adventure, Indie",PC (Microsoft Windows),"Action, Fantasy","vampire, magic, 3d, turn-based, roguelike, frog, doctor, rabbit, forest, village, fairy, bird, dracula, japan, snow, wolf, camera, shanghai, youkai, puppet, spider, cat, human, shopping, heterochromia, poisoning, phoenix, phantom, touhou project, bug, bunny, fangame, conversation, touhou fangame, magician, half-human, doujin game",AQUA STYLE,Bird view / Isometric,Single player
Crowntakers,2014-11-07,58.6,"Role-playing (RPG), Strategy, Indie","Linux, Android, PC (Microsoft Windows), iOS, Mac",Historical,"medieval, turn-based, roguelike, steam, achievements, steam trading cards, steam achievements, digital distribution, single-player only, steam cloud, rpg elements","Kasedo Games, Bulwark Studios",Bird view / Isometric,Single player
The Binding of Isaac: Rebirth,2014-11-04,87.6,"Shooter, Puzzle, Role-playing (RPG), Adventure, Indie, Arcade","PlayStation 4, Linux, Nintendo 3DS, PC (Microsoft Windows), iOS, Mac, Wii U, PlayStation Vita, New Nintendo 3DS, Xbox One","Action, Fantasy, Horror, Comedy","ghosts, monsters, cybernetics, bloody, time travel, murder, drugs, magic, virus, roguelike, summoning support, death, robots, procedural generation, permadeath, elves, slot machine, frog, gambling, pets, time manipulation, christmas, bullet hell, flight, action-adventure, cyborg, religion, steam, multiple protagonists, bird, nightmare, child protagonist, multiple endings, mutants, traps, princess, portals, steam trading cards, revenge, pixel art, worm, amnesia, easter egg, nudity, random level generation, teleportation, giant insects, slow-motion, silent protagonist, dungeon crawler, bats, gods, darkness, boss fight, explosion, steam achievements, digital distribution, steam cloud, anthropomorphism, throwing weapons, countdown timer, challenges, spider, playing cards, 60 fps on consoles, character select screen, voice acting, scatological humor, protagonist's name in the title, cat, mind control, daily challenge, shopping, bow and arrow, upgradeable weapons, breaking the fourth wall, pop culture reference, transforming boss, game reference, deliberately retro, cameo appearance, priest, non-humanoid protagonist, touch controls, original soundtrack release, unlockables, wasd movement, white noise, color separation, non-player character, extreme violence, descendants of other characters, corpse, young protagonist, playstation plus, distaff counterpart, treasure chest, downloadable content, black market, melee, real-time combat, environmental puzzles, gravity control, a.i. companion, blindness, stat tracking, instant kill, secret area, infinite ammo, invisible enemy, unbeatable enemies, betrayal, vision obstruction, shielded enemies, optional boss, difficulty level, shaky camera, multi-phase boss, nonexistent light source, internet culture reference, fake glitch, self-referential humor, female antagonist, subtitled silence, asymmetric co-op, multiple gameplay perspectives, movie reference, inconvenient malfunction, rpg elements, twin stick control, cross-save, pax prime 2015, falling sequence, video game characters that play video games, developer cameo, christianity, bread, destructible environment, daily content, sequence breaking, real-time waiting, consolation achievements, recurring boss, water level, sleeping, item combination, suicide, difficulty achievement, pacifist playthrough, tentacles, trophies, clone, game with chapters, temporary invincibility, mod support, multiple enemy boss fights, dynamic soundtrack, versus screen, boss assistance, valuable garbage, ouija board, spiky-haired protagonist, regenerating health, splash damage, overweight character, cross-dressing, environmental kill, poisoning, invisibility, new game plus, resized enemy, trail of death, aggressive door-opening, air strike, lock picking, severed limbs, dream sequence, infinite spawn, barbarians, hidden character, context sensitive, living inventory, secret achievements, heal over time, restoration, game cartridge, swarming enemies, foreshadowing, point of no return, hidden room, flash game origin, flip screen, product placement, music speed up, passive ability, vampirism, selective invincibility, monsters that look suspiciously like genitalia, conga line party, demonic protagonist, 3-d glasses, roguelite, male protagonist","Edmund McMillen, Nicalis, Inc.",Bird view / Isometric,"Single player, Multiplayer, Co-operative"
Dungeon of the Endless: Definitive Edition,2014-10-27,,"Platform, Real Time Strategy (RTS), Role-playing (RPG), Strategy, Adventure, Indie",PC (Microsoft Windows),"Action, Science fiction","tower defense, roguelike, procedural generation, permadeath, real time tactics, steam, online multiplayer, digital distribution, deliberately retro, unlockables, pax prime 2014, pax east 2014, pausable real time combat, random character selection, online multiplayer achievements, online coop","Amplitude Studios, Amplitude Studios, Sega",Bird view / Isometric,"Single player, Multiplayer, Co-operative"
Dungeon of the Endless,2014-10-27,77.1,"Platform, Real Time Strategy (RTS), Role-playing (RPG), Strategy, Adventure, Indie","PlayStation 4, PC (Microsoft Windows), iOS, Mac, Xbox One, Nintendo Switch","Action, Science fiction","tower defense, roguelike, procedural generation, permadeath, real time tactics, steam, digital distribution, deliberately retro, unlockables, pax prime 2014, pax east 2014, pausable real time combat, random character selection, online multiplayer achievements","Amplitude Studios, Playdigious",Bird view / Isometric,"Single player, Multiplayer, Co-operative"
Sproggiwood,2014-10-24,80.0,"Role-playing (RPG), Strategy, Tactical, Indie","Linux, Android, PC (Microsoft Windows), iOS, Mac",Fantasy,"turn-based, roguelike, steam, achievements, steam trading cards, steam achievements, digital distribution, single-player only",Freehold Games,Bird view / Isometric,Single player
Ziggurat,2014-10-23,67.8,"Shooter, Role-playing (RPG), Indie","PlayStation 4, Linux, PC (Microsoft Windows), Mac, Wii U, Xbox One, Nintendo Switch","Action, Fantasy, Science fiction","post-apocalyptic, wizards, magic, roguelike, procedural generation, steam, multiple protagonists, achievements, steam trading cards, steam achievements, digital distribution, xbox controller support for pc, single-player only, steam cloud, steam leaderboards, shielded enemies, creature compendium","SOEDESCO Publishing, Milkstone Studios",First person,Single player
Paranautical Activity,2014-10-20,53.0,"Shooter, Role-playing (RPG), Adventure","PlayStation 4, PC (Microsoft Windows), Wii U, PlayStation Vita, Xbox One, Nintendo Switch","Action, Horror","ninja, roguelike, fast paced, procedural generation, permadeath, voxel, undead, teleportation, steam greenlight, boss fight, digital distribution, attributes, pre-release public testing, pop culture reference, game reference, aquatic, gravity control, infinite ammo, optional boss, scary children, rpg elements, starfish, removed from steam, controversy, multiple enemy boss fights, boss assistance, nazis, single item inventory, moth, roguelite","Code Avarice, Digerati Distribution",First person,Single player
The Awakened Fate: Ultimatum,2014-09-25,,Role-playing (RPG),PlayStation 3,Fantasy,"anime, roguelike, sequel, human, new protagonist in sequel, fate, male protagonist","Nippon Ichi Software, NIS America","Third person, Bird view / Isometric",Single player
The Demons Down Under,2014-09-18,,"Adventure, Arcade",Web browser,Action,roguelike,,Bird view / Isometric,Single player
Heavy Bullets,2014-09-18,61.5,"Shooter, Indie","Linux, PC (Microsoft Windows), Mac","Action, Science fiction, Comedy","retro, roguelike, death, procedural generation, permadeath, steam, multiple endings, hacking, steam trading cards, teleportation, darkness, boss fight, explosion, steam achievements, digital distribution, single-player only, steam leaderboards, developed by one person, pre-release public testing, language selection, polygonal 3d, shopping, upgradeable weapons, deliberately retro, color separation, faceless protagonist, potion, melee, stat tracking, secret area, shielded enemies, vending machine interaction, leaderboard, consolation achievements, surveillance camera, speedrun, boss assistance, poisoning, victory music, single item inventory, movement penalty, point of no return, passive ability","Devolver Digital, Terri Vellmann",First person,Single player
Shattered Pixel Dungeon,2014-09-15,70.1,"Role-playing (RPG), Turn-based strategy (TBS), Adventure, Indie","Android, PC (Microsoft Windows), iOS","Fantasy, Survival","roguelike, pixel art",,Bird view / Isometric,Single player
Claustrophobia: The Downward Struggle,2014-09-09,40.0,"Role-playing (RPG), Strategy, Indie",PC (Microsoft Windows),,roguelike,The Indie Forge,,Single player
Runers,2014-09-02,80.0,"Shooter, Role-playing (RPG), Indie",PC (Microsoft Windows),Fantasy,"orcs, vampire, magic, roguelike, elves, steam, achievements, dwarves, steam achievements, digital distribution, single-player only, steam cloud, steam leaderboards, leveling up, human, randomly generated dungeons, creature compendium","Mastertronic, LGK Games",Bird view / Isometric,"Single player, Multiplayer, Co-operative"
Fushigi no Gensoukyou 3 Plus,2014-08-16,,"Role-playing (RPG), Adventure, Indie",PC (Microsoft Windows),Fantasy,"zombies, wizards, vampire, magic, 3d, turn-based, roguelike, robots, doctor, rabbit, labyrinth, forest, village, fairy, bird, dracula, japan, wolf, shanghai, mermaid, youkai, puppet, devil, maid, magical girl, battle, spider, cat, human, mouse, heterochromia, poisoning, phoenix, phantom, touhou project, tiger, bug, bunny, fangame, conversation, nuclear, touhou fangame, magician, third eye, half-human, doujin game",AQUA STYLE,Bird view / Isometric,Single player
Gensouband,2014-08-15,,"Adventure, Indie",PC (Microsoft Windows),Fantasy,"roguelike, youkai, touhou project, touhou fangame, doujin game",Miyamasa,Bird view / Isometric,Single player
Roguelight,2014-08-13,,"Platform, Hack and slash/Beat 'em up, Indie, Arcade","PC (Microsoft Windows), Mac","Action, Fantasy","retro, roguelike, procedural generation, female protagonist",Daniel Linssen,Side view,Single player
Road Not Taken,2014-08-05,59.9,"Puzzle, Adventure, Indie","PlayStation 4, PC (Microsoft Windows), iOS, Mac",Drama,"roguelike, crafting, procedural generation, steam, achievements, steam trading cards, snow, steam achievements, digital distribution, single-player only, steam cloud, steam leaderboards, cameo appearance, playstation plus, potion, steam play",Spry Fox,Bird view / Isometric,Single player
Vertical Drop Heroes HD,2014-07-25,70.0,"Platform, Role-playing (RPG), Strategy, Adventure, Indie","PlayStation 4, PC (Microsoft Windows), Mac, PlayStation Vita, Xbox One, Nintendo Switch","Action, Fantasy","2d, roguelike","Nerdook Productions, Digerati Distribution",Third person,"Single player, Multiplayer, Co-operative, Split screen"
The Nightmare Cooperative,2014-07-16,60.0,"Strategy, Indie","Linux, PC (Microsoft Windows), iOS, Mac",,"turn-based, roguelike, permadeath, steam, multiple protagonists, steam trading cards, snake, digital distribution, single-player only, steam leaderboards, single-screen level, ice stage, treasure chest, potion, tooltips, single item inventory",Lucky Frame,,Single player
Probability 0,2014-06-12,70.0,"Platform, Indie","PC (Microsoft Windows), Mac","Action, Horror","roguelike, death, permadeath, blocks, steam greenlight, developed by one person, leveling up, falling damage, skill tree",Droqen,Side view,Single player
Magicite,2014-06-09,66.3,"Platform, Role-playing (RPG), Adventure, Indie","Linux, PC (Microsoft Windows), Mac","Action, Fantasy, Survival","roguelike, action-adventure, steam, pixelated, digital distribution, leveling up, card collection, creature compendium",SmashGames,Side view,"Single player, Multiplayer, Co-operative"
Mononobe no Futo to Muttsu no Shiren,2014-05-11,,"Role-playing (RPG), Adventure, Indie",PC (Microsoft Windows),"Action, Fantasy","zombies, wizards, vampire, magic, turn-based, roguelike, robots, fairy, dracula, traps, japan, snow, wolf, shanghai, mermaid, youkai, manic shooter, puppet, devil, maid, magical girl, battle, spider, cat, human, mouse, difficulty level, phoenix, phantom, touhou project, tiger, bug, bunny, fangame, conversation, touhou fangame, magician, third eye, level up, half-human, doujin game",AQUA STYLE,Bird view / Isometric,Single player
Ascendant,2014-05-06,60.0,"Platform, Role-playing (RPG), Hack and slash/Beat 'em up, Adventure, Indie","PlayStation 4, Linux, PC (Microsoft Windows), Mac",Action,"roguelike, brawler, action-adventure, steam, steam trading cards, steam achievements, digital distribution",Hapa Games,,"Single player, Multiplayer, Co-operative"
SanctuaryRPG,2014-04-29,78.8,"Role-playing (RPG), Strategy, Adventure, Indie",PC (Microsoft Windows),Action,"retro, turn-based, roguelike, ascii","Plug In Digital, Black Shell Games",Text,Single player
Wayward Souls: Curse of Shadow,2014-04-24,70.0,"Role-playing (RPG), Adventure, Indie, Arcade","Android, PC (Microsoft Windows), iOS",Action,"roguelike, permadeath, digital distribution, randomly generated dungeons, pax east indie showcase, pax east 2014",Rocketcat Games,Bird view / Isometric,Single player
Depths of Fear: Knossos,2014-04-24,60.0,"Adventure, Indie","PC (Microsoft Windows), Mac","Action, Horror","ancient greece, greek mythology, roguelike, steam, steam trading cards, steam achievements, digital distribution","Digital Tribe, Dirigo Games",First person,Single player
The Dungeoning,2014-04-05,50.0,"Platform, Role-playing (RPG), Indie","PC (Microsoft Windows), Mac","Action, Historical","medieval, magic, roguelike, action-adventure, attributes, combat-based platformer",Nick Donnelly,,Single player
Malevolence: The Sword of Ahkranox,2014-04-05,50.0,"Role-playing (RPG), Adventure, Indie",PC (Microsoft Windows),"Action, Historical","medieval, turn-based, roguelike, crowdfunding - kickstarter, steam greenlight, crowdfunding, crowd funded",Visual Outbreak,,Single player
Full Mojo Rampage,2014-04-04,56.5,"Shooter, Role-playing (RPG), Indie","PlayStation 4, PC (Microsoft Windows), Xbox One",Action,"magic, roguelike, skeleton, steam, witches, achievements, steam trading cards, digital distribution, upgradeable weapons, randomly generated dungeons, treasure chest, abstract art style, secret area, difficulty level, twin stick control, randomly generated maps","Over the Top Games, Nicalis, Inc.",Bird view / Isometric,"Single player, Multiplayer, Co-operative"
FTL: Advanced Edition,2014-04-03,84.5,Strategy,"Linux, PC (Microsoft Windows), iOS, Mac",Science fiction,"roguelike, space combat","Subset Games, Subset Games",Bird view / Isometric,Single player
Dungeon Pets,2014-03-25,,"Role-playing (RPG), Simulator, Indie","Android, iOS",,"roguelike, pixel art, virtual pet simulation, ai-generated artwork, creature collector, free, monster collector",,Bird view / Isometric,Single player
Cardinal Quest 2,2014-03-20,70.0,"Role-playing (RPG), Turn-based strategy (TBS), Tactical, Hack and slash/Beat 'em up, Indie","Web browser, Linux, Android, PC (Microsoft Windows), iOS, Mac","Action, Fantasy, Stealth",roguelike,randomnine,Bird view / Isometric,Single player
Devious Dungeon,2014-03-06,70.0,"Platform, Role-playing (RPG), Adventure, Indie, Arcade","PlayStation 4, Android, PC (Microsoft Windows), iOS, PlayStation Vita, Xbox One, Nintendo Switch","Action, Historical","orcs, medieval, roguelike, achievements, boss fight, digital distribution, leveling up, bow and arrow, upgradeable weapons, loot gathering, microtransaction, skeletons, touch controls","Noodlecake Studios, Ravenous Games Inc., Woblyware, Ratalaika Games",Side view,Single player
Rogue Shooter: The FPS Roguelike,2014-03-04,60.0,Shooter,PC (Microsoft Windows),"Action, Science fiction, Comedy","ninja, minigames, roguelike, crafting, death, soldier, robots, procedural generation, permadeath, 2.5d, time limit, multiple endings, hacking, dancing, camera, dog, teleportation, high score, darkness, boss fight, explosion, countdown timer, platform exclusive, leveling up, upgradeable weapons, breaking the fourth wall, unlockables, wasd movement, non-player character, hologram, corpse, melee, invisible enemy, vision obstruction, shielded enemies, difficulty level, vending machine interaction, violent plants, randomly generated maps, scientist, healer, item combination, trophies, mechanic, poisoning, dual wielding, workbench mechanics, on-site procurement",Hippomancer,First person,Single player
Soul Fjord,2014-03-03,,Music,Ouya,Action,"roguelike, procedural generation, mythology, digital distribution, music and rhythm, platform exclusive, rock music",,,
One Way Heroics,2014-02-28,69.9,"Role-playing (RPG), Indie",PC (Microsoft Windows),Fantasy,"anime, 2d, roguelike, procedural generation, permadeath, side-scrolling, steam, online, steam trading cards, pixel graphics, dog, bats, steam achievements, digital distribution, xbox controller support for pc, steam cloud, bow and arrow, randomly generated maps, pax east 2015, auto-scrolling levels","SmokingWOLF, PLAYISM",Bird view / Isometric,Single player
Out There,2014-02-16,75.5,"Role-playing (RPG), Strategy, Adventure, Indie","Android, iOS",Science fiction,"roguelike, resource management, space exploration, text adventure",Mi-Clos Studio,"Side view, Text",Single player
Rogue's Tale,2014-02-05,50.0,"Role-playing (RPG), Indie","Linux, PC (Microsoft Windows)",Historical,"medieval, roguelike",Epixx.org,,Single player
Quest of Dungeons,2014-02-02,76.0,"Role-playing (RPG), Strategy, Adventure, Indie","PlayStation 4, Linux, Nintendo 3DS, Android, PC (Microsoft Windows), iOS, Mac, Wii U, Xbox One, Nintendo Switch",Action,"retro, wizards, roguelike, procedural generation, steam, steam trading cards, pixel art, dungeon crawler, steam achievements, digital distribution, steam cloud, steam leaderboards, deliberately retro, humble bundle",Upfall Studios,Bird view / Isometric,Single player
Tower of Guns,2014-02-02,60.0,"Shooter, Indie","PlayStation 3, PlayStation 4, Linux, PC (Microsoft Windows), Mac, Xbox One","Action, Science fiction, Comedy","roguelike, death, robots, procedural generation, permadeath, maze, bullet hell, female protagonist, steam, multiple protagonists, steam trading cards, teleportation, steam greenlight, darkness, boss fight, explosion, steam achievements, digital distribution, 60 fps on consoles, leveling up, polygonal 3d, shopping, upgradeable weapons, breaking the fourth wall, pop culture reference, game reference, randomly generated dungeons, unlockables, motion blur, falling damage, stat tracking, secret area, infinite ammo, shielded enemies, walking through walls, tooltips, movie reference, pax east 2014, falling sequence, scientist, consolation achievements, level cap, multiple enemy boss fights, boss assistance, completion percentage, reset button, first-person platforming, single item inventory, pax east 2013, nameless protagonist, outside of the map, male protagonist","Terrible Posture Games, Grip Digital, Versus Evil",First person,Single player
Fushigi no Gensoukyou 3,2014-01-31,,"Role-playing (RPG), Adventure, Indie",PC (Microsoft Windows),"Action, Fantasy","wizards, vampire, magic, 3d, turn-based, roguelike, frog, rabbit, forest, village, fairy, dracula, traps, japan, wolf, camera, shanghai, mermaid, youkai, manic shooter, puppet, devil, maid, magical girl, battle, cat, human, poisoning, phantom, touhou project, tiger, bunny, fangame, conversation, nuclear, touhou fangame, magician, third eye, level up, half-human, doujin game","AQUA STYLE, Melonbooks, Toranoana",Bird view / Isometric,Single player
Our Darker Purpose,2014-01-29,80.0,"Role-playing (RPG), Indie",PC (Microsoft Windows),"Action, Horror","roguelike, death, female protagonist, achievements, time limit, steam trading cards, crowdfunding - kickstarter, crowdfunding, darkness, digital distribution, anthropomorphism, countdown timer, platform exclusive, leveling up, ranking system, pop culture reference, wasd movement, crowd funded, vending machine interaction",Avidly Wild Games,,Single player
Hero Siege,2014-01-29,73.5,"Role-playing (RPG), Hack and slash/Beat 'em up, Adventure, Indie","Linux, Android, PC (Microsoft Windows), iOS, PlayStation 5, Mac","Action, Fantasy, Historical","medieval, roguelike, female protagonist, skeleton, pixel art, heroes, boss fight, spider, leveling up, bow and arrow, skeletons, rat, twin stick control",Panic Art Studios,Bird view / Isometric,"Single player, Multiplayer, Co-operative, Massively Multiplayer Online (MMO)"
Abyssus,2014-01-26,,Adventure,PC (Microsoft Windows),Survival,"roguelike, dungeon crawling, dungeon, top-down",Graile Games,Bird view / Isometric,Single player
A Wizard's Lizard,2014-01-22,70.2,"Shooter, Role-playing (RPG), Adventure, Indie, Arcade","PC (Microsoft Windows), Mac","Action, Fantasy, Historical","ghosts, medieval, roguelike, procedural generation, steam, steam trading cards, darkness, steam achievements, digital distribution, shopping, humble bundle, twin stick control, violent plants",Lost Decade Games,Bird view / Isometric,Single player
Dungeon of Slyn,2014-01-17,,Role-playing (RPG),"Windows Phone, Android, PC (Microsoft Windows)",,"roguelike, traditional roguelike",Phishsoft,,Single player
Quarries of Scred,2014-01-15,70.0,Indie,PC (Microsoft Windows),Action,"roguelike, permadeath, pixel art, teleportation, bats, platform exclusive, developed by one person, deliberately retro, sprinting mechanics, cga graphics, daily content, suicide, speedrun, falling object, male protagonist",,,Single player
Wasteland Kings,2013-12-31,,"Shooter, Arcade",PC (Microsoft Windows),Action,"post-apocalyptic, mutants, roguelite, wasteland",Vlambeer,Bird view / Isometric,Single player
Endless Nights RPG,2013-12-30,,"Role-playing (RPG), Adventure",iOS,Fantasy,"vampire, elves, procedurally generated, turn-based combat, gnome, roguelite, dwarf",,Bird view / Isometric,Single player
Fushigi no Daibouken: Cirno Kenzan! 2+1,2013-12-30,,"Role-playing (RPG), Strategy, Indie",PC (Microsoft Windows),"Action, Fantasy","zombies, wizards, vampire, magic, roguelike, frog, doctor, rabbit, female protagonist, fairy, bird, dracula, traps, japan, snow, wolf, shanghai, mermaid, youkai, puppet, devil, maid, magical girl, spider, cat, human, mouse, difficulty level, heterochromia, poisoning, phantom, touhou project, tiger, bug, bunny, fangame, touhou fangame, magician, third eye, level up, half-human, doujin game, rokuro head",crosslodge,Bird view / Isometric,Single player
Fushigi no Daibouken: Cirno Kenzan! 2,2013-12-30,,"Role-playing (RPG), Strategy, Indie",PC (Microsoft Windows),"Action, Fantasy","zombies, wizards, vampire, magic, roguelike, frog, doctor, rabbit, female protagonist, fairy, bird, dracula, traps, japan, snow, wolf, shanghai, mermaid, youkai, puppet, devil, maid, magical girl, spider, cat, human, mouse, difficulty level, heterochromia, poisoning, phantom, touhou project, tiger, bug, bunny, fangame, touhou fangame, magician, third eye, level up, half-human, doujin game, rokuro head",crosslodge,Bird view / Isometric,Single player
Not the Robots,2013-12-12,45.1,"Simulator, Strategy, Indie","Linux, PC (Microsoft Windows), Mac","Action, Science fiction, Stealth","roguelike, robots, steam, traps, steam achievements, digital distribution, xbox controller support for pc, steam cloud, wasd movement, steam play, randomly generated maps","tinyBuild, 2DArray",Bird view / Isometric,Single player
Adventure Time: Explore the Dungeon Because I Don't Know!,2013-11-15,40.6,Adventure,"PlayStation 3, Nintendo 3DS, PC (Microsoft Windows), Wii U, Xbox 360","Action, Comedy","roguelike, cartoon network, based on - tv show, steam, achievements, princess, satire, dog, talking animals, dungeon crawler, playstation network, cartoony, digital distribution, anthropomorphism, playstation trophies, human, 4 player co-op, young protagonist, xbox live, pax prime 2013, playstation now, games on demand","Bandai Namco Entertainment, D3 Publisher, WayForward","Third person, Bird view / Isometric",Single player
A Dark Room,2013-11-08,61.0,"Point-and-click, Role-playing (RPG), Simulator, Strategy, Adventure, Indie","Web browser, Linux, Android, PC (Microsoft Windows), iOS, Mac, Nintendo Switch",Survival,"roguelike, browser-based, ascii, open-source, free-to-play, digital distribution","Doublespeak Games, CIRCLE Entertainment",Text,Single player
Risk of Rain,2013-11-08,77.3,"Shooter, Platform, Role-playing (RPG), Hack and slash/Beat 'em up, Adventure, Indie","PlayStation 4, Linux, PC (Microsoft Windows), Mac, PlayStation Vita, Xbox One, Nintendo Switch","Action, Fantasy, Science fiction, Survival","roguelike, 8-bit style, permadeath, difficult, steam, time limit, steam trading cards, pixel art, random level generation, crowdfunding - kickstarter, steam greenlight, crowdfunding, boss fight, xbox controller support for pc, bow and arrow, crowd funded, in-game achievement menu, in-game achievements, pax prime 2014, consolation achievements, igf awards, arrival by crash landing, infinite spawn, roguelite","Hopoo Games, Chucklefish Games, Code Mystics, Hopoo Games",Side view,"Single player, Multiplayer, Co-operative"
Desktop Dungeons,2013-11-07,73.7,"Puzzle, Role-playing (RPG), Turn-based strategy (TBS), Adventure, Indie","Linux, Android, PC (Microsoft Windows), iOS, Mac",,"turn-based, roguelike, steam trading cards, attributes, randomly generated dungeons, unlockables, single-screen level, leaderboard, igf awards",QCF Design,Bird view / Isometric,Single player
Eldritch,2013-10-21,66.6,"Shooter, Role-playing (RPG), Adventure, Indie","Linux, PC (Microsoft Windows), Mac","Action, Fantasy, Science fiction, Horror, Survival, Stealth","roguelike, summoning support, death, procedural generation, voxel, female protagonist, steam, bird, backtracking, lovecraftian, multiple endings, traps, steam trading cards, pixel art, snow, snake, survival horror, easter egg, teleportation, level selection, airplane, darkness, explosion, steam achievements, digital distribution, single-player only, throwing weapons, platform exclusive, language selection, polygonal 3d, shopping, non-player character, corpse, ice stage, falling damage, unstable platforms, melee, grapple, unbeatable enemies, robbery, destructible environment, fetch quests, new game plus, falling object, male protagonist",Minor Key Games,First person,Single player
Monster Adventures,2013-10-10,,"Role-playing (RPG), Adventure",iOS,,"roguelike, action-adventure, digital distribution, touch controls, character creation, rpg elements",,,
Bionic Dues,2013-10-08,80.0,"Role-playing (RPG), Strategy, Indie","Linux, PC (Microsoft Windows), Mac",Science fiction,"mech, turn-based, roguelike, steam, steam trading cards, steam achievements, digital distribution, pax prime 2013",Arcen Games,Bird view / Isometric,Single player
Legend of Dungeon,2013-09-13,67.5,"Role-playing (RPG), Adventure, Indie","Linux, PC (Microsoft Windows), Mac","Action, Fantasy","magic, roguelike, permadeath, action-adventure, steam, pixelated, traps, steam trading cards, crowdfunding - kickstarter, steam greenlight, crowdfunding, digital distribution, 4 player co-op, pax east 2016, crowd funded, steam play, pax prime 2013, randomly generated maps, indiedb, random encounter, pax east 2013",Robot Loves Kitty,"Side view, Virtual Reality","Single player, Multiplayer, Co-operative"
Delver,2013-09-06,79.9,"Shooter, Role-playing (RPG), Strategy, Hack and slash/Beat 'em up, Adventure, Indie","Linux, Android, PC (Microsoft Windows), Mac","Action, Fantasy, Science fiction, Survival","cyberpunk, 3d, 2d, roguelike, permadeath, androids, steam, hacking, pixel art, steam greenlight, single-player only, bow and arrow, randomly generated dungeons, potion, bread",Priority Interrupt,First person,Single player
Heroes of Loot,2013-09-04,50.0,"Shooter, Role-playing (RPG), Adventure, Indie, Arcade","Ouya, Linux, Android, PC (Microsoft Windows), iOS, Mac, PlayStation Vita, Nintendo Switch","Action, Fantasy","roguelike, procedural generation, action-adventure, pixel art, digital distribution, twin stick control","Abstraction Games, Orangepixel, HandyGames",Bird view / Isometric,"Single player, Multiplayer, Co-operative"
Bad Smell,2013-08-12,,"Shooter, Adventure, Arcade","PC (Microsoft Windows), Mac",,roguelike,magicdweedoo,Bird view / Isometric,Single player
868-Hack,2013-08-12,70.0,"Strategy, Indie","PC (Microsoft Windows), iOS, Mac",,"cyberpunk, roguelike",Michael Brough,,Single player
Super House of Dead Ninjas: True Ninja Pack,2013-08-06,,"Platform, Indie",PC (Microsoft Windows),"Action, Fantasy","martial arts, ninja, roguelike","Megadev, Adult Swim Games",Side view,Single player
Rogue Legacy,2013-06-27,75.6,"Platform, Puzzle, Role-playing (RPG), Adventure, Indie","PlayStation 3, PlayStation 4, Linux, PC (Microsoft Windows), Mac, PlayStation Vita, Xbox One, Nintendo Switch","Action, Fantasy, Comedy","ghosts, exploration, medieval, ninja, magic, minigames, 16-bit, roguelike, metroidvania, death, procedural generation, permadeath, elves, horse, gambling, time manipulation, female protagonist, flight, action-adventure, side-scrolling, steam, multiple protagonists, bird, time limit, traps, steam trading cards, pixel art, wolf, pixel graphics, easter egg, teleportation, phobia, darkness, boss fight, explosion, steam achievements, digital distribution, xbox controller support for pc, countdown timer, clowns, 60 fps on consoles, bow and arrow, breaking the fourth wall, pop culture reference, game reference, randomly generated dungeons, unlockables, non-player character, profanity, descendants of other characters, cross buy, treasure chest, royalty, potion, xbox live, stat tracking, secret area, shielded enemies, multi-phase boss, nonexistent light source, movie reference, pax prime 2013, cross-save, playstation tv support, violent plants, randomly generated maps, canonical death, punctuation mark above head, evolving title screen, disorientation, temporary invincibility, onlive, boss assistance, psn play, new game plus, color blindness, fire manipulation, jumping puzzle, paladins, blacksmith, resized enemy, trail of death, runes, iron maiden, drawbridge, lgbtq+, male protagonist","Abstraction Games, Cellar Door Games",Side view,Single player
Teleglitch: Die More Edition,2013-06-24,59.0,"Shooter, Adventure, Indie","Linux, PC (Microsoft Windows)","Action, Survival","roguelike, pixelated","Test3 Projects, Paradox Interactive",Bird view / Isometric,Single player
Cataclysm: Dark Days Ahead,2013-06-01,90.0,"Role-playing (RPG), Simulator, Adventure, Indie","Web browser, Linux, PC (Microsoft Windows), Mac","Action, Horror, Survival, Sandbox, Open world, 4X (explore, expand, exploit, and exterminate)","zombies, post-apocalyptic, roguelike, crafting, death, ascii, time limit, freeware, pixel art, instant replay, countdown timer, deliberately retro, collectibles, puzzle platformer, original soundtrack release, secret area, unreliable narrator, leaderboard, realism, speedrun",,"Bird view / Isometric, Text",Single player
Receiver,2013-04-29,68.6,"Shooter, Simulator, Indie","Linux, PC (Microsoft Windows), Mac",Action,"cyberpunk, roguelike, robots, procedural generation, steam, steam greenlight, digital distribution, single-player only, voice acting, game reference, audio logs, realism, no-reticle aiming, realistic ballistics",Wolfire Games,First person,Single player
Don't Starve,2013-04-23,76.0,"Simulator, Adventure, Indie","PlayStation 4, Linux, PC (Microsoft Windows), Mac, Xbox One, Nintendo Switch","Action, Fantasy, Horror, Survival, Sandbox, Open world","ghosts, exploration, roguelike, crafting, robots, permadeath, cooking, rabbit, insanity, action-adventure, steam, bird, steam trading cards, day/night cycle, playstation network, digital distribution, xbox controller support for pc, steam cloud, spider, pre-release public testing, steam workshop, wasd movement, cross buy, playstation plus, resource gathering, downloadable content, pax east 2016, pax west 2016, pax prime 2013, pax east 2014, playstation tv support, pax prime 2015, pax east 2015, pax east 2013, pc to console port, controller support, bees, steam families, steam remote play",Klei Entertainment,Bird view / Isometric,Single player
Miracle Chou Party Plus: Sanae to Tenshi no Gensou Labyrinth,2013-04-06,,"Role-playing (RPG), Adventure, Indie",PC (Microsoft Windows),"Action, Fantasy","zombies, wizards, vampire, magic, roguelike, doctor, rabbit, labyrinth, village, bird, dracula, traps, japan, snow, camera, youkai, puppet, devil, maid, magical girl, spider, cat, human, mouse, heterochromia, poisoning, phoenix, phantom, touhou project, tiger, bug, bunny, fangame, touhou fangame, magician, third eye, half-human, doujin game",AQUA STYLE,Bird view / Isometric,Single player
Magic Chou Party: Marisa to Marisa no Gensou Hanabi,2013-04-01,,"Role-playing (RPG), Adventure, Indie",PC (Microsoft Windows),"Fantasy, Comedy","wizards, magic, roguelike, female protagonist, forest, japan, magical girl, human, touhou project, fangame, conversation, april fools, touhou fangame, magician, level up, doujin game",AQUA STYLE,Bird view / Isometric,Single player
Sorcery Saga: Curse of the Great Curry God,2013-03-28,60.0,"Role-playing (RPG), Strategy, Adventure","PC (Microsoft Windows), PlayStation Vita","Fantasy, Comedy","roguelike, dungeon crawling","Ghostlight Ltd., Idea Factory, Aksys Games, Compile Heart, Rising Star Games, ZeroDiv",Bird view / Isometric,Single player
Weird Worlds: Return to Infinite Space,2013-03-19,60.0,"Simulator, Strategy, Adventure, Indie","Linux, PC (Microsoft Windows), Mac","Action, Science fiction","aliens, casual, roguelike, death, spaceship, steam, teleportation, mission briefing, loot gathering, difficulty level, regenerating health, indie royale, planet destruction",Digital Eel,,Single player
Hoplite,2013-03-16,60.0,"Puzzle, Role-playing (RPG), Strategy, Indie","Android, PC (Microsoft Windows), iOS","Action, Historical","greek mythology, wizards, medieval, turn-based, roguelike, permadeath, randomly generated dungeons",Magma Fortress,,Single player
99 Levels to Hell,2013-02-26,50.0,"Platform, Indie","Linux, PC (Microsoft Windows), Mac",Action,"roguelike, steam trading cards, steam greenlight, digital distribution","B-Evil, Zaxis Games",Side view,Single player
Sword of the Stars: The Pit,2013-02-22,77.6,"Role-playing (RPG), Turn-based strategy (TBS), Tactical, Indie","Linux, PC (Microsoft Windows), Mac","Action, Science fiction, Survival","bloody, 2d, turn-based, roguelike, crafting, death, robots, procedural generation, permadeath, cooking, doctor, female protagonist, indiegogo, steam, multiple protagonists, achievements, traps, steam trading cards, easter egg, nudity, high score, crowdfunding, explosion, radiation, steam achievements, leveling up, voice acting, human, skill points in game, breaking the fourth wall, loot gathering, pop culture reference, game reference, randomly generated dungeons, retail games with steam activation, sabotage, melee, crowd funded, blindness, stat tracking, difficulty level, in-game achievements, tooltips, bread, punctuation mark above head, consolation achievements, item combination, hotkey, weapon modification, regenerating health, poisoning, aggressive door-opening, lock picking, restoration, status effects, retrievable traps, male protagonist",Kerberos Productions,Bird view / Isometric,Single player
The Guided Fate Paradox,2013-01-24,,"Role-playing (RPG), Strategy",PlayStation 3,"Action, Fantasy","anime, turn-based, roguelike, grid-based movement","Nippon Ichi Software, NIS America",Bird view / Isometric,Single player
Dary's Legend,2012-12-31,,Role-playing (RPG),"PC (Microsoft Windows), Mac",Fantasy,"roguelike, dungeon crawler",Different Pixel,Bird view / Isometric,
Tiny Plumbers,2012-12-31,,Platform,"PC (Microsoft Windows), Mac","Action, Fantasy","procedural generation, procedurally generated, 2d platformer, plumber, roguelite",Robot Loves Kitty,Side view,"Single player, Split screen"
Tales of Maj'Eyal,2012-12-31,78.0,"Role-playing (RPG), Tactical, Adventure, Indie","Linux, PC (Microsoft Windows), Mac","Fantasy, Open world","time travel, turn-based, roguelike, procedural generation, permadeath, steampunk, steam, overworld, sword & sorcery, unlockables, difficulty level, skill tree, respawn justification, traditional roguelike",Netcore Games,Bird view / Isometric,Single player
Miracle Chou Party: Sanae to Tenshi no Gensou Labyrinth,2012-12-30,,"Role-playing (RPG), Adventure, Indie",PC (Microsoft Windows),"Action, Fantasy","zombies, vampire, magic, turn-based, roguelike, robots, doctor, rabbit, labyrinth, village, fairy, dracula, traps, japan, snow, camera, shanghai, youkai, puppet, maid, battle, spider, cat, human, mouse, heterochromia, poisoning, phoenix, phantom, touhou project, tiger, bug, bunny, fangame, conversation, nuclear, touhou fangame, third eye, half-human, doujin game",AQUA STYLE,Bird view / Isometric,Single player
Dungelot,2012-12-08,,Strategy,"Web browser, Android, iOS",Fantasy,"roguelike, permadeath",Red Winter,,Single player
Red Rogue,2012-12-04,,Platform,"Web browser, Linux, PC (Microsoft Windows), Mac",Horror,"roguelike, procedural generation, permadeath, digital distribution, randomly generated maps",st33d,Side view,Single player
Pixel Dungeon,2012-12-04,73.6,"Role-playing (RPG), Adventure, Indie","Android, PC (Microsoft Windows), iOS","Fantasy, Survival","roguelike, androids, digital distribution",Watabou,Bird view / Isometric,Single player
Teleglitch,2012-11-24,,Shooter,PC (Microsoft Windows),"Science fiction, Horror","roguelike, steam, steam trading cards, steam achievements, digital distribution, steam cloud, steam play","Paradox Interactive, Test3 Projects",Bird view / Isometric,Single player
Pokémon Mystery Dungeon: Gates to Infinity,2012-11-23,66.1,"Role-playing (RPG), Strategy, Tactical",Nintendo 3DS,Fantasy,"evolution, pikachu, turn-based, roguelike, augmented reality, crossover, grid-based movement, polygonal 3d, party system, randomly generated dungeons, treasure chest, pick your gender, recruitable characters, downloadable content, randomly generated maps, dream sequence, pax east 2013, legendary pokémon, streetpass support","The Pokémon Company, Nintendo, Spike Chunsoft",Bird view / Isometric,"Single player, Multiplayer, Co-operative"
Towns,2012-11-07,40.0,"Role-playing (RPG), Simulator, Strategy, Indie","Linux, PC (Microsoft Windows), Mac","Fantasy, Sandbox","crafting, resource management, management, steam, building, steam greenlight, digital distribution, randomly generated maps, roguelite","SMP, Xavi Canal, Ben Palgi",Bird view / Isometric,Single player
Cargo Commander,2012-11-01,80.0,"Shooter, Platform, Adventure, Indie","Linux, PC (Microsoft Windows), Mac","Action, Science fiction, Survival","gravity, collecting, death, upgradable weapons, robots, procedural generation, permadeath, spaceship, side-scrolling, steam, achievements, steam trading cards, explosion, steam achievements, digital distribution, upgradeable weapons, white noise, profanity, retail games with steam activation, melee, destructible environment, leaderboard, suicide, compact disc, in-game e-mail, workbench mechanics, indie royale, wormhole, wave attack, roguelite, male protagonist, previously on - utomik","Serious Brew, Digital Tribe, Missing Link Games",Side view,Single player
FTL: Faster Than Light,2012-09-14,83.9,"Role-playing (RPG), Simulator, Strategy, Indie","Linux, PC (Microsoft Windows), iOS, Mac",Science fiction,"aliens, pirates, space simulation, roguelike, death, robots, procedural generation, permadeath, spaceship, space battle, achievements, steam trading cards, pixel art, teleportation, giant insects, high score, crowdfunding - kickstarter, crowdfunding, boss fight, explosion, pre-release public testing, leveling up, human, shopping, original soundtrack release, unlockables, humble bundle, black market, real-time combat, crowd funded, difficulty level, multi-phase boss, in-game achievements, tooltips, steam play, mercenary, rebels, igf awards, merchants, color blind assist, pausable real time combat, upgradeable vehicles, game developers choice awards 2013, acronym titles",Subset Games,Bird view / Isometric,Single player
Diehard Dungeon,2012-09-11,60.0,"Role-playing (RPG), Adventure, Indie","PC (Microsoft Windows), Xbox 360",Action,"roguelike, steam, steam trading cards, steam achievements, digital distribution, steam leaderboards",Tricktale,Bird view / Isometric,Single player
Fushigi no Gensoukyou Chronicle,2012-08-11,,"Role-playing (RPG), Strategy, Adventure, Indie",PC (Microsoft Windows),"Action, Fantasy, Mystery","zombies, exploration, wizards, vampire, magic, sword, 3d, 2d, turn-based, roguelike, jrpg, robots, frog, girls, rabbit, female protagonist, action-adventure, village, fairy, bird, dracula, traps, dungeon crawling, japan, snow, camera, shanghai, random level generation, high score, dungeon crawler, youkai, puppet, maid, great soundtrack, magical girl, explosion, battle, spider, cat, human, mouse, shopping, randomly generated dungeons, treasure chest, fusion, randomly generated maps, item combination, mechanic, heterochromia, poisoning, phantom, touhou project, tiger, goddess, japanese rpg, bug, bunny, japanese culture, fruits, fangame, dungeon fighter, mystery dungeon, conversation, nuclear, touhou fangame, magician, half-human, doujin game, dungeon, women, weapons, shield, dolls, spelling, spells",AQUA STYLE,"Bird view / Isometric, Side view",Single player
WazHack,2012-07-23,80.0,"Role-playing (RPG), Strategy, Indie","Linux, Android, PC (Microsoft Windows), Mac",Action,"roguelike, procedural generation, permadeath, steam, steam trading cards, steam greenlight, steam achievements, digital distribution, steam cloud, randomly generated dungeons, rpg elements","Waz, Waz Games",,"Single player, Multiplayer, Co-operative"
Ultima Ratio Regum,2012-07-09,,"Role-playing (RPG), Simulator",PC (Microsoft Windows),"Historical, Sandbox, Open world, Mystery",roguelike,Mark Johnson,Bird view / Isometric,Single player
Spelunky,2012-07-04,85.7,"Platform, Adventure, Indie","PlayStation 3, PlayStation 4, PC (Microsoft Windows), PlayStation Vita, Xbox 360, Nintendo Switch","Action, Fantasy, Survival","exploration, roguelike, roguelite, previously on - xbox gamepass","Microsoft Studios, Jon Perry, BlitWorks, Mossmouth, BlitWorks, Mossmouth, Eirik Suhrke",Side view,"Single player, Multiplayer, Co-operative"
Fushigi no Daibouken: Cirno Kenzan!,2012-06-14,,"Role-playing (RPG), Strategy, Turn-based strategy (TBS), Indie",PC (Microsoft Windows),"Action, Fantasy","wizards, vampire, magic, 2d, roguelike, frog, doctor, rabbit, female protagonist, forest, fairy, bird, dracula, traps, japan, snow, pixel graphics, shanghai, dungeon crawler, free-to-play, turn-based combat, youkai, puppet, maid, magical girl, spider, cat, human, mouse, mechanic, heterochromia, poisoning, phantom, touhou project, tiger, bug, bunny, fangame, mystery dungeon, conversation, faith, touhou fangame, magician, third eye, level up, half-human, doujin game",crosslodge,Bird view / Isometric,Single player
Long Live the Queen,2012-06-02,66.6,"Role-playing (RPG), Simulator, Strategy, Adventure, Indie, Visual Novel","Xbox Series X|S, PlayStation 4, Linux, PC (Microsoft Windows), PlayStation 5, Mac, Xbox One, Nintendo Switch","Fantasy, Survival, Historical","assassin, life simulation, medieval, murder, magic, roguelike, dark fantasy, death, military, pets, female protagonist, princess, steam trading cards, dialogue trees, steam greenlight, alternate costumes, skill points in game, royalty, depression, cross-dressing, poisoning, tactician, lgbtq+","Hanako Games, Ratalaika Games",Text,Single player
The Binding of Isaac: Wrath of the Lamb,2012-05-28,83.8,"Shooter, Indie","PC (Microsoft Windows), Mac","Action, Horror, Comedy","monsters, roguelike, religion, multiple protagonists, child protagonist, multiple endings, roguelite",Edmund McMillen,Bird view / Isometric,Single player
Miracle Party Plus: Fushigi no Gensoukyou 2,2012-05-27,,"Role-playing (RPG), Adventure, Indie",PC (Microsoft Windows),Fantasy,"vampire, magic, turn-based, roguelike, frog, doctor, rabbit, labyrinth, fairy, dracula, traps, japan, camera, shanghai, youkai, puppet, cat, human, mouse, heterochromia, poisoning, phoenix, phantom, touhou project, bug, bunny, fangame, conversation, touhou fangame, magician, level up, half-human, doujin game",AQUA STYLE,Bird view / Isometric,Single player
HyperRogue,2012-05-03,61.8,"Puzzle, Indie","Linux, Android, PC (Microsoft Windows), Mac",,"exploration, experimental, roguelike, procedural generation, math, procedurally generated, turn-based combat, traditional roguelike, endless",Zeno Rogue,Bird view / Isometric,"Single player, Multiplayer, Co-operative"
"Hack, Slash, Loot",2012-04-05,50.0,"Role-playing (RPG), Strategy, Hack and slash/Beat 'em up, Indie","Linux, Android, PC (Microsoft Windows), iOS, Mac",,"casual, turn-based, roguelike, steam, pixelated, steam achievements, digital distribution, questing, steam play, gamersgate, indievania, indie royale",David Williamson,,Single player
Zaga-33,2012-03-17,,"Strategy, Tactical, Adventure, Indie","PC (Microsoft Windows), iOS, Mac",Science fiction,"roguelike, action-adventure, game jam, digital distribution",Michael Brough,Bird view / Isometric,Single player
Puella Magi Madoka Magica Portable,2012-03-15,,"Role-playing (RPG), Adventure, Visual Novel",PlayStation Portable,"Action, Science fiction","anime, time travel, roguelike, time manipulation, female protagonist, multiple protagonists, multiple endings, magical girl, based on - anime, students, branching storyline, alternate reality","Nitro Plus, Namco Bandai Games","First person, Third person",Single player
Pineapple Smash Crew,2012-02-02,80.0,"Shooter, Indie",PC (Microsoft Windows),"Action, Science fiction","aliens, roguelike, robots, steam, leveling up, deliberately retro, twin stick control, randomly generated maps, onlive, indie royale",RichMakeGame,Bird view / Isometric,Single player
Forays into Norrendrin,2012-01-28,,Role-playing (RPG),"Linux, PC (Microsoft Windows)",Fantasy,"roguelike, dungeon crawler",,,
Sil,2012-01-03,,Role-playing (RPG),PC (Microsoft Windows),Fantasy,"orcs, monsters, dragons, turn-based, roguelike, tolkien, lord of the rings, permadeath, open-source, dungeon crawler, traditional roguelike",,,
Furmins,2011-12-31,,"Platform, Puzzle","PlayStation 3, iOS, PlayStation Vita",Action,"wizards, magic, roguelike, permadeath, teleportation, giant insects, family friendly, digital distribution, spider, leveling up, werewolves, original soundtrack release, minotaurs, treasure chest, potion, playstation tv support, sleeping, hotkey, invisibility, sleeping enemies",Housemarque,Side view,Single player
Miracle Party: Fushigi no Gensoukyou 2,2011-12-30,,"Role-playing (RPG), Adventure, Indie",PC (Microsoft Windows),"Action, Fantasy","zombies, wizards, vampire, magic, roguelike, robots, doctor, rabbit, fairy, dracula, traps, japan, camera, shanghai, youkai, manic shooter, magical girl, battle, spider, cat, human, mouse, sleeping, heterochromia, poisoning, phoenix, phantom, touhou project, tiger, bug, bunny, fangame, touhou fangame, magician, half-human, doujin game",AQUA STYLE,Bird view / Isometric,Single player
Endless Depths,2011-11-11,,Role-playing (RPG),iOS,,"roguelike, randomly generated dungeons",,Bird view / Isometric,Single player
Fushigi no Gensoukyou Origin: Hajimari no Kamikakushi-hen,2011-10-01,,"Role-playing (RPG), Adventure, Indie",PC (Microsoft Windows),"Action, Fantasy","vampire, magic, 3d, turn-based, roguelike, doctor, forest, village, dracula, japan, castle, youkai, manic shooter, battle, human, poisoning, phoenix, touhou project, bug, fangame, conversation, touhou fangame, magician, level up, doujin game",AQUA STYLE,Bird view / Isometric,Single player
Kerkerkruip,2011-10-01,,"Hack and slash/Beat 'em up, Adventure","Web browser, Linux, PC (Microsoft Windows), Mac",Fantasy,"interactive fiction, roguelike, text adventure",Victor Gijsbers,Text,Single player
The Binding of Isaac,2011-09-28,78.8,"Shooter, Role-playing (RPG), Adventure, Indie","PC (Microsoft Windows), Mac","Action, Horror, Comedy, Drama","ghosts, monsters, bloody, wizards, murder, drugs, magic, roguelike, summoning support, death, robots, procedural generation, permadeath, slot machine, horse, gambling, bullet hell, action-adventure, religion, steam, multiple protagonists, bird, achievements, child protagonist, multiple endings, traps, steam trading cards, based on - book, revenge, worm, easter egg, dice, nudity, teleportation, giant insects, silent protagonist, dungeon crawler, bats, gods, darkness, boss fight, explosion, steam achievements, digital distribution, single-player only, anthropomorphism, throwing weapons, challenges, spider, alternate costumes, playing cards, voice acting, protagonist's name in the title, cat, shopping, bow and arrow, upgradeable weapons, pop culture reference, transforming boss, deliberately retro, cameo appearance, original soundtrack release, unlockables, wasd movement, white noise, humble bundle, non-player character, extreme violence, descendants of other characters, retail games with steam activation, young protagonist, single-screen level, distaff counterpart, treasure chest, downloadable content, black market, melee, a.i. companion, instant kill, secret area, infinite ammo, vision obstruction, optional boss, difficulty level, multi-phase boss, internet culture reference, fake glitch, self-referential humor, female antagonist, movie reference, steam play, video game characters that play video games, developer cameo, christianity, destructible environment, consolation achievements, evolving title screen, suicide, game with chapters, temporary invincibility, multiple enemy boss fights, boss assistance, valuable garbage, ouija board, super speed, ambient music, cross-dressing, flashback, poisoning, resized enemy, trail of death, aggressive door-opening, air strike, severed limbs, hidden character, context sensitive, status effects, swarming enemies, foreshadowing, point of no return, hidden room, flash game origin, passive ability, vampirism, monsters that look suspiciously like genitalia, conga line party, roguelite, male protagonist","Edmund McMillen, Florian Himsl",Bird view / Isometric,Single player
Cladun X2,2011-08-30,80.0,"Music, Role-playing (RPG), Indie","PC (Microsoft Windows), PlayStation Vita, PlayStation Portable","Action, Party","anime, retro, roguelike, jrpg, action-adventure, steam, traps, dancing, pixel graphics, high score, digital distribution, music and rhythm, polygonal 3d, motion control, deliberately retro, character creation, difficulty level, musical peripherals, playstation tv support, mana, j-pop, dance mat","NIS America, System Prisma",,Single player
Cardinal Quest,2011-08-11,,Role-playing (RPG),"Web browser, Linux, Android, PC (Microsoft Windows), iOS, Mac","Action, Fantasy","wizards, roguelike, permadeath, teleportation, giant insects, digital distribution, spider, leveling up, werewolves, original soundtrack release, minotaurs, treasure chest, potion, sleeping, hotkey, invisibility, sleeping enemies","tametick, Joshua Day, randomnine",Bird view / Isometric,Single player
Dungeons of Dredmor,2011-07-13,69.9,"Role-playing (RPG), Turn-based strategy (TBS), Indie","Linux, PC (Microsoft Windows), Mac","Action, Fantasy, Comedy","pirates, baseball, bloody, wizards, medieval, magic, grinding, parody, turn-based, roguelike, summoning support, crafting, death, robots, procedural generation, permadeath, steampunk, math, steam, bird, achievements, undead, traps, steam trading cards, grid-based movement, teleportation, high score, bats, alchemy, warriors, gods, one-man army, explosion, steam achievements, digital distribution, steam leaderboards, anthropomorphism, genie, throwing weapons, attributes, customizable characters, customization, steam workshop, leveling up, voice acting, shopping, skill points in game, bow and arrow, upgradeable weapons, loot gathering, pop culture reference, game reference, randomly generated dungeons, ea app, humble bundle, non-player character, homage box art, bards, treasure chest, side quests, titular antagonist, potion, melee, auto-saving, a.i. companion, invisible enemy, difficulty level, spellcaster, internet culture reference, fake glitch, movie reference, steam play, vending machine interaction, rpg elements, randomly generated maps, video game characters that play video games, bread, communism, nuclear bomb, punctuation mark above head, dart, consolation achievements, hotkey, difficulty achievement, tentacles, skill tree, merchants, color blind assist, quest tracking, banter during gameplay, weapon modification, invisibility, fire manipulation, aggressive door-opening, dual wielding, lock picking, propaganda, sleeping enemies, workbench mechanics, pax prime 2012, status effects, berserkers, swarming enemies, archeology, battle mage, shaman, fictional currencies, reciting movie lines, environment as weapons, psychics, objectivism, vampirism, fury, male protagonist, suggestive themes",Gaslamp Games,"Third person, Bird view / Isometric",Single player
Realm of the Mad God,2011-06-20,54.1,"Role-playing (RPG), Indie","Web browser, PC (Microsoft Windows), Mac","Action, Fantasy, Historical","assassin, wizards, medieval, ninja, shoot 'em up, roguelike, 8-bit style, permadeath, shmup, bullet hell, steam, online, steam trading cards, pixel art, free-to-play, manic shooter, warriors, steam achievements, digital distribution, bow and arrow, deliberately retro, priest, downloadable content, steam play, paladins, text dialogue, roguelite, massively multiplayer","Deca Games, Kabam, Wild Shadow Studios, Spry Fox",Bird view / Isometric,"Multiplayer, Co-operative, Massively Multiplayer Online (MMO)"
Infra Arcana,2011-06-05,,Role-playing (RPG),"Linux, PC (Microsoft Windows)","Horror, Mystery","aliens, monsters, turn-based, roguelike, 20th century, permadeath, open-source, insanity, occult, lovecraftian, dungeon crawler, cult, spooky, exorcism, h. p. lovecraft, eldritch horror, traditional roguelike",Martin Tornqvist,Bird view / Isometric,Single player
Pitman,2011-05-13,,Role-playing (RPG),iOS,Fantasy,"roguelike, digital distribution",Rat King Entertainment,,Single player
Motto!? Atai no Gensoukyou alpha,2011-05-08,,"Role-playing (RPG), Adventure, Indie",PC (Microsoft Windows),"Action, Fantasy","magic, turn-based, roguelike, robots, frog, fairy, japan, youkai, cat, human, touhou project, fangame, conversation, april fools, touhou fangame, level up, doujin game",AQUA STYLE,Bird view / Isometric,Single player
Motto!? Fushigi no Gensoukyou Plus: The Dungeon of Dreams and Magic,2011-05-08,,"Role-playing (RPG), Adventure, Indie",PC (Microsoft Windows),"Action, Fantasy","wizards, vampire, magic, turn-based, roguelike, robots, frog, doctor, rabbit, village, fairy, bird, dracula, traps, japan, snow, camera, shanghai, castle, youkai, puppet, maid, magical girl, battle, spider, cat, human, mouse, shopping, heterochromia, poisoning, phantom, touhou project, tiger, bug, bunny, fangame, conversation, touhou fangame, magician, third eye, level up, half-human, doujin game",AQUA STYLE,Bird view / Isometric,Single player
Cladun: This is an RPG,2010-12-31,,Role-playing (RPG),PlayStation Portable,Fantasy,"roguelike, time limit, traps, playstation network, digital distribution, customizable characters, loot gathering, deliberately retro, party system, randomly generated dungeons, character creation, playstation tv support, declarative title, content editor, mana",Nippon Ichi Software,Bird view / Isometric,Single player
Motto!? Atai no Gensoukyou,2010-12-30,,"Role-playing (RPG), Adventure, Indie",PC (Microsoft Windows),"Action, Fantasy","magic, turn-based, roguelike, frog, rabbit, female protagonist, fairy, japan, youkai, touhou project, fangame, conversation, april fools, touhou fangame, level up, doujin game",AQUA STYLE,Bird view / Isometric,Single player
Motto!? Fushigi no Gensoukyou: Under the Moonlight,2010-12-30,,"Role-playing (RPG), Adventure, Indie",PC (Microsoft Windows),"Action, Fantasy","vampire, magic, turn-based, roguelike, robots, frog, rabbit, forest, village, fairy, bird, dracula, traps, japan, snow, camera, shanghai, youkai, puppet, maid, magical girl, spider, cat, human, mouse, heterochromia, poisoning, phoenix, phantom, touhou project, tiger, bug, bunny, fangame, conversation, touhou fangame, magician, third eye, level up, half-human, doujin game",AQUA STYLE,Bird view / Isometric,Single player
Shiren the Wanderer: The Tower of Fortune and the Dice of Fate,2010-12-09,,Role-playing (RPG),Nintendo DS,Fantasy,"3d, roguelike, jrpg, pixel graphics, mystery dungeon",Spike Chunsoft,Bird view / Isometric,Single player
Epic Dungeon,2010-12-01,,"Role-playing (RPG), Adventure",Xbox 360,Fantasy,"orcs, magic, roguelike, permadeath, giants, xbox live indie games, spider, shopping, rat, randomly generated dungeons, potion, rpg elements, merchants, poisoning",Eyehook,Bird view / Isometric,Single player
Motto!? Fushigi no Gensoukyou Prologue: Chijou kara no Kyoui,2010-08-14,,"Role-playing (RPG), Adventure, Indie",PC (Microsoft Windows),"Action, Fantasy","magic, turn-based, roguelike, frog, doctor, rabbit, village, fairy, traps, japan, camera, youkai, maid, spider, cat, human, poisoning, phantom, touhou project, fangame, conversation, touhou fangame, magician, third eye, level up, doujin game",AQUA STYLE,Bird view / Isometric,Single player
Tengu no Kassha: Shoot and Embodiment!,2010-06-20,,Role-playing (RPG),PC (Microsoft Windows),,roguelike,disfact,Bird view / Isometric,Single player
100 Rogues,2010-05-04,,"Role-playing (RPG), Strategy, Indie","Ouya, iOS",Action,"roguelike, digital distribution, deliberately retro, randomly generated dungeons","Dinofarm Games, Fusion Reactions",Bird view / Isometric,Single player
Atai no Gensoukyou,2010-04-01,,"Role-playing (RPG), Adventure, Indie",PC (Microsoft Windows),Fantasy,"magic, roguelike, fairy, japan, snow, touhou project, fangame, conversation, april fools, touhou fangame, doujin game",AQUA STYLE,Bird view / Isometric,Single player
Flotilla,2010-03-25,80.0,"Strategy, Turn-based strategy (TBS), Tactical, Adventure, Indie","Linux, PC (Microsoft Windows), Mac, Xbox 360",Science fiction,"turn-based, roguelike, spaceship, space, space battle, steam, short, abstract, talking animals, simultaneous turns, xbox controller support for pc, split-screen multiplayer, upgradeable weapons, moral decisions, randomly generated maps, planet jumping, onlive, upgradeable vehicles",Blendo Games,Bird view / Isometric,"Single player, Multiplayer, Co-operative"
Sol Survivor,2010-03-15,80.0,"Strategy, Indie",PC (Microsoft Windows),"Science fiction, Horror, Survival","tower defense, roguelike, death, military, procedural generation, steam trading cards, grid-based movement, high score, day/night cycle, steam achievements, single-player only, steam cloud, attributes, customizable characters, leveling up, skill points in game, skeletons, rat, non-player character, sprinting mechanics, character creation, shielded enemies, real-time waiting, sleeping, nurse, mod support, evil organization, reincarnation",Cadenza Interactive,,"Single player, Multiplayer, Co-operative"
Sanae no Chou Tokkyuu: TheExpressTrial,2010-03-14,,"Role-playing (RPG), Adventure, Indie",PC (Microsoft Windows),"Action, Fantasy","vampire, magic, roguelike, robots, frog, doctor, rabbit, village, fairy, bird, dracula, traps, japan, snow, wolf, camera, shanghai, youkai, puppet, maid, spider, cat, human, octopus, heterochromia, poisoning, phantom, touhou project, bug, bunny, fangame, conversation, touhou fangame, magician, half-human, doujin game",AQUA STYLE,Bird view / Isometric,Single player
A Quest Too Far,2010-03-13,,Role-playing (RPG),"Linux, PC (Microsoft Windows)",Fantasy,roguelike,,,Single player
Fushigi no Dungeon: Fuurai no Shiren 3 Portable,2010-01-28,,Role-playing (RPG),PlayStation Portable,"Fantasy, Historical","monsters, roguelike, fan translation - english, dungeon","Spike, Chunsoft","Third person, Bird view / Isometric",Single player
Nanaka: Fushigi no Meikyuuroku,2010-01-21,,Role-playing (RPG),PC (Microsoft Windows),Fantasy,roguelike,Takehisa Kikaku,Bird view / Isometric,
Fushigi no Gensoukyou,2009-12-30,,"Role-playing (RPG), Adventure, Indie",PC (Microsoft Windows),"Action, Fantasy","vampire, magic, roguelike, robots, frog, doctor, rabbit, forest, village, fairy, bird, dracula, traps, japan, snow, wolf, camera, shanghai, castle, youkai, puppet, maid, battle, spider, cat, human, heterochromia, poisoning, phantom, touhou project, bug, bunny, fangame, conversation, touhou fangame, magician, half-human, doujin game",AQUA STYLE,Bird view / Isometric,Single player
Brogue,2009-11-27,,"Role-playing (RPG), Adventure","Linux, PC (Microsoft Windows), Mac",Fantasy,"minigames, roguelike, ascii, minigame collection",,"Bird view / Isometric, Text",Single player
Sanae no Gensoukyou,2009-09-28,,"Role-playing (RPG), Adventure, Indie",PC (Microsoft Windows),"Action, Fantasy","magic, turn-based, roguelike, female protagonist, japan, youkai, magical girl, human, touhou project, fangame, conversation, touhou fangame, level up, doujin game",AQUA STYLE,Bird view / Isometric,Single player
Pokémon Mystery Dungeon: Explorers of Sky,2009-04-18,83.1,"Role-playing (RPG), Turn-based strategy (TBS)","Wii U, Nintendo DS","Fantasy, Kids","time travel, roguelike, jrpg, dungeon crawler, monster capturing, retroachievements","Chunsoft, Nintendo, Kouyousha",Bird view / Isometric,"Single player, Co-operative"
Prospector,2009-02-18,,Strategy,"Linux, PC (Microsoft Windows)",Science fiction,roguelike,,,
Spelunky Classic,2008-12-21,85.7,"Platform, Puzzle, Indie",PC (Microsoft Windows),"Action, Fantasy, Science fiction, Survival","open-source, treasure hunt, freeware, roguelite",Derek Yu,Side view,Single player
Far Cry 2,2008-10-21,72.4,"Shooter, Adventure","PlayStation 3, PC (Microsoft Windows), Xbox 360","Action, Stealth, Sandbox, Open world","modern warfare, helicopter, vehicular combat, hunting, bloody, disease, murder, drugs, photography, roguelike, death, permadeath, run and gun, chicken, goat, flight, steam, multiple protagonists, bird, achievements, online, artificial intelligence, jungle, camera, africa, sequel, silent protagonist, swimming, day/night cycle, playstation network, airplane, one-man army, darkness, user generated content, vehicle combat, death match, digital distribution, xbox controller support for pc, zebra, playstation trophies, rivaling factions, modern military, character select screen, voice acting, bink video, polygonal 3d, mission briefing, pop culture reference, unlockables, motion blur, wasd movement, non-player character, profanity, fake in-game advertising, corpse, tape recorder, save point, playstation plus, sniping, downloadable content, melee, kill feed, real-time combat, useable vehicles, a.i. companion, in-game map editor, instant kill, friendly fire, betrayal, vision obstruction, difficulty level, quicksaving, quickloading, audio logs, mercenary, randomly generated maps, digital rights management, destructible environment, rebels, theft, no hud, dart, licensed cars, changing sides, gamersgate, sleeping, suicide, disorientation, games on demand, realism, car accident, high definition graphics, dynamic soundtrack, plot twist, team deathmatch, stealth kill, unskippable tutorial, guerilla warfare, banter during gameplay, gliding, regenerating health, dedicated servers, new protagonist in sequel, scripted events, zero to hero, working for the enemy, journalist, guided by radio, in-game advertising, escaping imprisonment, waking up captured, private military company, context sensitive, disc streaming, optional objective, close quarters combat, developer commentary, behind the waterfall, point of no return, conquest mode, playstation home tie-in, persistent enemy, no wrong choice, carjacking, steelbook, bounty hunting, product placement, dark second act, greatest hits, collection marathon, surgery in game, stealth camouflage, pc to console port, anti-cheat system, sixaxis support, buddy system, neutral, pax 2008, tokyo game show 2008, securom, immersive, male protagonist","Ubisoft Montreal, Ubisoft Entertainment",First person,"Single player, Multiplayer"
Mega Man 9: Endless Attack Mode,2008-10-09,,Platform,"PlayStation 3, Wii, Xbox 360","Action, Science fiction","retro, roguelike, robots, side-scrolling, 8-bit, mega man","Capcom, Inti Creates",Side view,Single player
Hinterland,2008-08-02,60.0,"Real Time Strategy (RTS), Role-playing (RPG), Strategy, Adventure",PC (Microsoft Windows),,"roguelike, steam, base building, steam achievements, digital distribution, leveling up, bow and arrow, loot gathering, non-player character, resource gathering, randomly generated maps, status effects",Tilted Mill Entertainment,,Single player
Shiren the Wanderer,2008-06-05,,"Role-playing (RPG), Strategy",Wii,"Fantasy, Historical","magic, roguelike, grid-based movement, talking animals, silent protagonist, boss fight, tactical turn-based combat, nintendo power, leveling up, world map, shopping, upgradeable weapons, breaking the fourth wall, loot gathering, randomly generated dungeons, fan translation, non-player character, a.i. companion, animal companions, randomly generated maps, wii classic controller support, merchants, status effects, on-the-fly character switching, male protagonist","Chunsoft, Sega, Atlus",Bird view / Isometric,Single player
Dramatic Dungeon: Sakura Taisen - Kimi Arugatame,2008-03-19,,"Role-playing (RPG), Turn-based strategy (TBS)",Nintendo DS,Drama,roguelike,,"Bird view / Isometric, Text",Single player
From the Abyss,2008-01-17,53.0,Role-playing (RPG),Nintendo DS,"Action, Fantasy","anime, character customization, dungeon crawler, randomly generated dungeons, character creation, randomly generated maps, roguelite, dungeon","Aksys Games, Sonic Powered, Nobilis",Bird view / Isometric,"Single player, Multiplayer"
Save Scummer,2007-12-31,,Role-playing (RPG),"Linux, PC (Microsoft Windows), Mac, PlayStation Portable",Fantasy,"experimental, roguelike, ascii, time manipulation, traditional roguelike",Jeff Lait,,
Final Fantasy Fables: Chocobo's Dungeon,2007-12-13,,Role-playing (RPG),Wii,Fantasy,"magic, minigames, roguelike, traps, amnesia, grid-based movement, dreams, boss fight, card based combat, tactical turn-based combat, voice acting, cat, cow, shopping, special attacks, randomly generated dungeons, original soundtrack release, non-player character, card collection, potion, nintendo wi-fi connection, wii classic controller support, one-handed gameplay, dream sequence, fictional currencies, class change","h.a.n.d. Inc., Square Enix",Third person,Single player
Elona,2007-08-31,81.0,"Role-playing (RPG), Adventure, Indie",PC (Microsoft Windows),"Fantasy, Open world","magic, roguelike, jrpg, combat",Noa,Bird view / Isometric,Single player
Catloaf 2600,2007-08-06,,"Puzzle, Adventure, Indie","Web browser, PC (Microsoft Windows)",,"minigames, roguelike, ascii, maze, sokoban",Delta Code,"Bird view / Isometric, Text",Single player
Nanafushigi: Nanase to Fushigi no Otome-dou,2007-08-05,,Role-playing (RPG),PC (Microsoft Windows),Fantasy,roguelike,Takehisa Kikaku,Bird view / Isometric,
Baroque,2007-06-28,,"Role-playing (RPG), Adventure","PlayStation 3, Wii, iOS, PlayStation 2","Action, Fantasy, Horror","post-apocalyptic, magic, roguelike, death, time limit, artificial intelligence, survival horror, amnesia, playstation network, boss fight, digital distribution, customizable characters, leveling up, upgradeable weapons, loot gathering, collectibles, randomly generated dungeons, original soundtrack release, save point, character growth, infinite ammo, multiple gameplay perspectives, rock music, nuclear bomb, wii classic controller support, healer, hallucination, speedrun, linear gameplay, weapon workshops, finishing move, poisoning, dual wielding, status effects, police chase, groundhog day scenario, mute character, damage over time, ps2 classics","Atlus, Rising Star Games, Sting","First person, Third person",Single player
ChessRogue,2007-02-20,,"Puzzle, Indie","Linux, PC (Microsoft Windows)",,"chess, turn-based, roguelike",Chris Morris,Text,Single player
Mystery Dungeon: Shiren the Wanderer,2006-12-14,77.0,Strategy,Nintendo DS,Fantasy,"roguelike, grid-based movement, silent protagonist, shopping, upgradeable weapons, breaking the fourth wall, loot gathering, randomly generated dungeons, non-player character, a.i. companion, randomly generated maps, on-the-fly character switching","Chunsoft, Sega",Bird view / Isometric,Single player
Dungeon Crawl Stone Soup,2006-09-19,90.4,"Role-playing (RPG), Strategy","Web browser, Linux, Android, PC (Microsoft Windows), Mac",,"assassin, orcs, wizards, vampire, magic, turn-based, roguelike, procedural generation, permadeath, elves, ascii, open-source, mummy, pets, religion, fairy, traps, freeware, dwarves, free-to-play, hunter, gladiators, gods, trolls, ogres, attributes, leveling up, human, skill points in game, goblins, priest, randomly generated dungeons, centaurs, minotaurs, melee, healer, summoners, paladins, heal over time, ghoul, dark elves, berserkers, divine punishment",,Bird view / Isometric,Single player
Kobold Quest,2006-09-10,,"Strategy, Tactical","PC (Microsoft Windows), Mac",Fantasy,"roguelike, ascii",Bay 12 Games,Bird view / Isometric,Single player
Rengoku II: The Stairway to H.E.A.V.E.N.,2006-04-27,,"Hack and slash/Beat 'em up, Adventure",PlayStation Portable,Action,"roguelike, boss fight, digital distribution, leveling up, upgradeable weapons, loot gathering","Neverland, Hudson Soft, Konami",Third person,
Dragon Quest: Shounen Yangus to Fushigi no Dungeon,2006-04-20,,Role-playing (RPG),PlayStation 2,"Action, Fantasy","roguelike, mystery dungeon","Square Enix, Cavia, Square Enix Product Development Division 9, Armor Project, Bird Studio","Third person, Bird view / Isometric",Single player
Power Pocket Dash,2006-03-23,,Sport,"Game Boy Advance, Nintendo Switch",Action,"baseball, roguelike",Konami,Third person,Single player
Tao's Adventure: Curse of the Demon Seal,2006-01-22,23.0,Role-playing (RPG),Nintendo DS,,roguelike,Konami,,
Pokémon Mystery Dungeon: Blue Rescue Team,2005-11-17,75.9,"Role-playing (RPG), Turn-based strategy (TBS), Adventure","Wii U, Nintendo DS",Kids,"roguelike, nintendo ds tag mode","Chunsoft, Nintendo",Bird view / Isometric,Single player
Pokémon Mystery Dungeon: Red Rescue Team,2005-11-17,71.4,"Role-playing (RPG), Turn-based strategy (TBS), Adventure","Wii U, Game Boy Advance","Fantasy, Kids","roguelike, wii u virtual console, fan translation - portuguese, nintendo switch online - expansion pack","Chunsoft, Nintendo, Kouyousha",Bird view / Isometric,Single player
Legerdemain,2005-07-02,,"Role-playing (RPG), Adventure","Linux, PC (Microsoft Windows), Mac","Fantasy, Open world","interactive fiction, 2d, roguelike, crpg, ascii, surreal, traditional roguelike",,Bird view / Isometric,Single player
3059,2004-12-31,,Role-playing (RPG),PC (Microsoft Windows),Science fiction,roguelike,Phr00t's Software,,Single player
The Nightmare of Druaga: Fushigino Dungeon,2004-07-29,,"Role-playing (RPG), Strategy, Adventure",PlayStation 2,Action,"roguelike, mythology, superhero, randomly generated dungeons, real-time combat, historical figures in fictional settings, western published japanese games","Namco, Chunsoft, Matrix Software, Arika",Third person,Single player
Eternal Quest,2004-06-21,,Role-playing (RPG),PlayStation 2,,"roguelike, randomly generated dungeons","Tamsoft, D3 Publisher, Midas Interactive Entertainment",Bird view / Isometric,Single player
Euotopia,2003-12-31,,"Role-playing (RPG), Hack and slash/Beat 'em up",PC (Microsoft Windows),"Fantasy, Survival, Open world","grinding, roguelike",,Bird view / Isometric,Massively Multiplayer Online (MMO)
Rammy No Daibouken Ⅱ,2003-12-31,,,PC (Microsoft Windows),,roguelike,DATT JAPAN INC.‬,,Single player
Slaves to Armok: God of Blood,2003-12-31,,Role-playing (RPG),PC (Microsoft Windows),Fantasy,"roguelike, freeware",Bay 12 Games,Third person,Single player
Powder,2003-07-01,,Role-playing (RPG),"Linux, Windows Phone, PC (Microsoft Windows), Mac, PlayStation Portable, Game Boy Advance, Nintendo DS","Fantasy, Survival","orcs, wizards, turn-based, roguelike, traps, grid-based movement, high score, gods, trolls, bow and arrow, randomly generated dungeons, potion, spellcaster, barbarians, rangers, retroachievements",Jeff Lait,Bird view / Isometric,Single player
Decker,2002-12-02,,Strategy,PC (Microsoft Windows),Science fiction,"cyberpunk, roguelike, hacking",,,Single player
DRL,2002-11-08,,"Shooter, Role-playing (RPG), Tactical, Indie","Linux, PC (Microsoft Windows), Mac","Science fiction, Horror","bloody, roguelike, death, permadeath, undead, freeware, artificial intelligence, pixel art, easter egg, teleportation, high score, silent protagonist, one-man army, boss fight, explosion, platform exclusive, demon invasion, human, upgradeable weapons, randomly generated dungeons, profanity, melee, difficulty level, internet culture reference, rock music, item combination, temporary invincibility, mod support, multiple enemy boss fights, dimension travel, boss assistance, satanism, hidden room, another world, crowd control, selective invincibility, isolation, easy mode, lost soul, male protagonist","Derek Yu, Kornel Kisielewicz",Bird view / Isometric,Single player
Dragon Quest Characters: Torneko no Daibouken 3,2002-10-31,,Role-playing (RPG),"Game Boy Advance, PlayStation 2",Fantasy,"grinding, roguelike, horse, based on - tv show, backtracking, kid friendly, sequel, cartoony, platform exclusive, randomly generated dungeons, non-player character, stat tracking, randomly generated maps, fetch quests, poisoning, random encounter, status effects, damage over time","Square Enix, Matrix Software, Chunsoft, Enix Corporation, Rakish, Square Enix Product Development Division 9, Bird Studio, Armor Project",,Single player
Strange Adventures in Infinite Space,2002-03-15,,"Role-playing (RPG), Strategy, Adventure","PC (Microsoft Windows), Mac",Science fiction,roguelike,"Digital Eel, Cheapass Games",Bird view / Isometric,Single player
Dark Woods 2,2002-02-17,,"Strategy, Adventure",DOS,"Action, Fantasy","turn-based, roguelike",,"Bird view / Isometric, Text",
Fushigi no Dungeon: Fuurai no Shiren Gaiden - Onna Kenshi Asuka Kenzan!,2002-02-07,,Role-playing (RPG),"PC (Microsoft Windows), Dreamcast",,roguelike,"Sega, Neverland Co., Chunsoft",Bird view / Isometric,Single player
Rammy No Daibouken,2001-12-31,,,PC (Microsoft Windows),,roguelike,DATT JAPAN INC.‬,,Single player
Iter Vehemens Ad Necem,2001-12-10,,"Role-playing (RPG), Indie","Linux, PC (Microsoft Windows), Mac, DOS","Fantasy, Comedy","roguelike, dungeon crawler, surreal comedy",,Bird view / Isometric,Single player
Diablo II: Lord of Destruction,2001-06-27,88.8,"Role-playing (RPG), Hack and slash/Beat 'em up","PC (Microsoft Windows), Mac","Action, Fantasy, Horror","ghosts, assassin, bloody, wizards, magic, grinding, construction, roguelike, summoning support, procedural generation, permadeath, horse, pets, female protagonist, skeleton, multiple protagonists, online, traps, stacking, portals, teleportation, sword & sorcery, rituals, boss fight, necromancy, customization, leveling up, voice acting, demon invasion, shopping, bow and arrow, upgradeable weapons, loot gathering, skeletons, party system, randomly generated dungeons, original soundtrack release, unlockables, active ability, non-player character, extreme violence, treasure chest, titular antagonist, potion, player vs player, player vs environment, melee, real-time combat, a.i. companion, difficulty level, spellcaster, rpg elements, randomly generated maps, catapult, destructible environment, villain, item combination, shape-shifting, controversy, skill tree, never-ending, merchants, multiple enemy boss fights, mana, recurring character, griefing, poisoning, paladins, blacksmith, runes, fast traveling, satanism, status effects, battle.net, fully customizable controls, swarming enemies, respawn justification, corruption, barbarian protagonist, armageddon, damage over time, professional gaming, lycanthropy","Blizzard North, Blizzard Entertainment",Bird view / Isometric,"Single player, Multiplayer, Co-operative"
Doraemon 3: Makai no Dungeon,2000-12-14,,,PlayStation,Fantasy,"anime, roguelike, based on - anime, licensed game",Epoch,Bird view / Isometric,Single player
Fushigi no Dungeon: Fuurai no Shiren 2 - Oni Shuurai! Shiren-jou!,2000-09-27,,Role-playing (RPG),"Nintendo 64, 64DD",Fantasy,"roguelike, grid-based movement, randomly generated dungeons, randomly generated maps, japan only, controller pak, fan translation - english, nintendo 64 exclusive","Chunsoft, Nintendo",Bird view / Isometric,Single player
Hengband,2000-06-17,,"Role-playing (RPG), Hack and slash/Beat 'em up, Adventure",PC (Microsoft Windows),"Fantasy, Science fiction, Open world","roguelike, permadeath, randomly generated dungeons, turn-based rpg",,"Bird view / Isometric, Text",Single player
Fushigi no Dungeon: Fuurai no Shiren - Tsukikage-mura no Kaibutsu,1999-12-08,,"Role-playing (RPG), Turn-based strategy (TBS)",PC (Microsoft Windows),,roguelike,"Aquamarin, DigiCube",Bird view / Isometric,
Time Stalkers,1999-10-15,,"Role-playing (RPG), Adventure",Dreamcast,,"roguelike, crossover, multiple protagonists, randomly generated dungeons, randomly generated maps, monster capturing, another world, vmu support","Climax Entertainment, Sega, T's Music, Salamander Factory",Bird view / Isometric,Single player
Chocobo no Fushigi na Dungeon for WonderSwan,1999-03-04,,Tactical,WonderSwan,Fantasy,"roguelike, mystery dungeon","Bandai, Squaresoft, Tose",Bird view / Isometric,Single player
Tales of Middle Earth,1998-12-31,,Role-playing (RPG),"Linux, PC (Microsoft Windows)","Fantasy, Open world","roguelike, unofficial, fangame",,Bird view / Isometric,Single player
Chocobo's Dungeon 2,1998-12-23,,"Role-playing (RPG), Strategy, Adventure","PlayStation 3, PlayStation, PlayStation Portable",Action,"magic, roguelike, summoning support, playstation network, digital distribution, psone classics, randomly generated dungeons, playstation tv support, pom-pom, backwards compatibility","Squaresoft, Square Electronic Arts, Square Enix",Bird view / Isometric,"Single player, Multiplayer, Co-operative"
Elder Blaze,1998-07-24,,Role-playing (RPG),PC (Microsoft Windows),,roguelike,Nihon Create,Bird view / Isometric,Single player
Baroque,1998-05-21,,Role-playing (RPG),"PlayStation 3, Sega Saturn, PlayStation, PlayStation Portable, Nintendo Switch","Action, Horror","roguelike, playstation network, digital distribution, psone classics, playstation tv support, backwards compatibility, retroachievements, fan translation - english","Entertainment Software Publishing Inc., Sting, Sting, Falcon",First person,Single player
Waku-waku Puyo Puyo Dungeon,1998-04-02,,Role-playing (RPG),"Sega Saturn, PlayStation",Comedy,"roguelike, female protagonist, turn-based rpg",Compile,Bird view / Isometric,Single player
Chocobo no Fushigi na Dungeon,1997-12-22,,"Role-playing (RPG), Adventure","PlayStation 3, PlayStation, PlayStation Portable",Fantasy,"magic, roguelike, grid-based movement, playstation network, digital distribution, psone classics, non-humanoid protagonist, randomly generated dungeons, playstation tv support, randomly generated maps, pom-pom, backwards compatibility","Banpresto, Square Enix, Squaresoft, Digital Media Lab",Bird view / Isometric,Single player
Diablo: Hellfire,1997-11-24,81.5,"Role-playing (RPG), Hack and slash/Beat 'em up, Adventure",PC (Microsoft Windows),"Action, Fantasy","magic, roguelike, procedural generation, horse, skeleton, sword & sorcery, rituals, leveling up, demon invasion, human, shopping, non-player character, potion, melee, real-time combat, randomly generated maps, never-ending, mana, new game plus, satanism, status effects, swarming enemies, corruption, damage over time, professional gaming","Sierra On-Line, Synergistic Software, Inc.",Bird view / Isometric,"Single player, Multiplayer"
Azure Dreams,1997-11-13,33.3,Role-playing (RPG),PlayStation,Fantasy,"minigames, roguelike, pets, easter egg, boss fight, anthropomorphism, leveling up, upgradeable weapons, save point, treasure chest, side quests, randomly generated maps, bread, villain, creature compendium",Konami,Third person,Single player
Linley Henzell's Dungeon Crawl,1997-10-02,,Role-playing (RPG),DOS,Fantasy,"roguelike, freeware, homebrew, traditional roguelike",,Text,Single player
Milandra,1997-02-03,,Role-playing (RPG),Super Famicom,,"roguelike, princess, kidnapping","Tomcat System, ASCII Entertainment",,Single player
Diablo,1996-12-31,83.9,"Role-playing (RPG), Strategy","PC (Microsoft Windows), Mac, PlayStation","Action, Fantasy, Horror, Historical","bloody, medieval, magic, grinding, roguelike, procedural generation, horse, female protagonist, skeleton, online, stacking, artificial intelligence, nudity, economy, resurrection, sword & sorcery, rituals, boss fight, attributes, customizable characters, leveling up, voice acting, cow, demon invasion, human, shopping, bow and arrow, loot gathering, skeletons, party system, randomly generated dungeons, original soundtrack release, active ability, non-player character, extreme violence, treasure chest, titular antagonist, potion, player vs player, player vs environment, melee, real-time combat, rpg elements, mercenary, randomly generated maps, villain, controversy, skill tree, never-ending, merchants, multiple enemy boss fights, mana, recurring character, meme origin, griefing, splash damage, book tie-in, new game plus, blacksmith, fast traveling, satanism, status effects, battle.net, fully customizable controls, swarming enemies, trilogy, crowd control, corruption, hero turned evil, damage over time, professional gaming, pc to console port, external character creation, available on - pc gamepass","Electronic Arts, Blizzard Entertainment, Blizzard North, Sourcenext, Square Electronic Arts, Climax Group",Bird view / Isometric,"Single player, Multiplayer, Co-operative"
Fushigi no Dungeon: Fuurai no Shiren GB - Tsukikage-mura no Kaibutsu,1996-11-22,,Role-playing (RPG),Game Boy,"Action, Fantasy","roguelike, super game boy enhancement","Aquamarin, Chunsoft",Bird view / Isometric,Single player
BS Fuurai no Shiren: Surara wo Sukue,1996-04-28,,"Role-playing (RPG), Adventure",Satellaview,Fantasy,"roguelike, digital distribution, broadcast, japan only, satellaview soundlink support","St. GIGA, Chunsoft",Bird view / Isometric,Single player
Fushigi no Dungeon 2: Fuurai no Shiren,1995-12-01,,Role-playing (RPG),"Wii, Super Famicom",Fantasy,"roguelike, japanese rpg, japan only, wii virtual console, fan translation - english",Chunsoft,Bird view / Isometric,Single player
AlphaMan,1995-06-01,,Role-playing (RPG),DOS,Science fiction,"post-apocalyptic, roguelike, ascii, freeware, traditional roguelike",,Bird view / Isometric,Single player
Robotica,1995-03-24,,Shooter,Sega Saturn,"Action, Science fiction, Survival","exploration, roguelike, maze, action-adventure, survival horror, polygonal 3d, non-humanoid protagonist, randomly generated dungeons, randomly generated maps, evil organization","Sega Enterprises, Ltd., Acclaim Entertainment, Genki, Micronet",First person,Single player
ADOM: Ancient Domains of Mystery,1994-12-31,,"Role-playing (RPG), Adventure, Indie","Linux, PC (Microsoft Windows), DOS, Amiga",Fantasy,"roguelike, permadeath",Thomas Biskup,Bird view / Isometric,Single player
Castle of the Winds 2,1994-12-31,,Role-playing (RPG),PC (Microsoft Windows),Fantasy,"ghosts, magic, ants, turn-based, roguelike, abandonware, traps, wolf, snake, teleportation, bats, giants, darkness, trolls, ogres, spider, goblins, skeletons, randomly generated dungeons, character creation, pick your gender, potion, sleeping, mana, poisoning, platinum","Monkey Business, SaadaSoft",Bird view / Isometric,Single player
Boss: Beyond Moria,1993-12-01,,Role-playing (RPG),Mac,Science fiction,"roguelike, new york, randomly generated dungeons, character creation, seattle",,Bird view / Isometric,Single player
Fushigi no Dungeon: Torneko no Daibouken,1993-09-19,,Role-playing (RPG),"Super Nintendo Entertainment System, Super Famicom",Fantasy,"roguelike, procedural generation, nintendo power, randomly generated dungeons, randomly generated maps, book adaptation, japan only",Chunsoft,Bird view / Isometric,Single player
Angband,1993-04-11,99.1,"Role-playing (RPG), Hack and slash/Beat 'em up","Linux, Android, PC (Microsoft Windows), Mac, DOS, Amiga",Fantasy,"exploration, roguelike, tolkien, lord of the rings, permadeath, ascii, open-source, dungeon crawling, free-to-play, fangame",,"Bird view / Isometric, Text",Single player
Local Area Dungeon,1993-01-06,,Role-playing (RPG),PC (Microsoft Windows),Fantasy,"roguelike, time limit, freeware",,,Single player
UnReal World,1992-06-17,84.3,"Role-playing (RPG), Simulator, Strategy, Adventure, Indie","Linux, PC (Microsoft Windows), Mac, DOS","Fantasy, Survival, Historical, Sandbox, Open world","hunting, medieval, roguelike, shareware","Enormous Elk, Erkka Lehmus, Sami Maaranen",Bird view / Isometric,Single player
Moraff's World,1991-12-31,,Adventure,DOS,,"exploration, roguelike, shareware, dwarves, resurrection, ogres, leveling up, human, loot gathering, randomly generated dungeons, character creation, split screen event, gnome",,,
Cave Noire,1991-04-19,,"Strategy, Adventure",Game Boy,Historical,"medieval, roguelike, platform exclusive, randomly generated dungeons, fan translation - english",Konami,Bird view / Isometric,Single player
ToeJam & Earl,1991-03-12,82.6,"Role-playing (RPG), Adventure","PlayStation 3, Linux, Wii, Sega Mega Drive/Genesis, PC (Microsoft Windows), Mac","Action, Fantasy, Science fiction, Survival, Comedy","aliens, 16-bit, roguelike, 1990s, spaceship, side-scrolling, steam, multiple protagonists, xbox controller support for pc, bonus stage, platform exclusive, virtual console, underwater gameplay, onlive, alien protagonist, trilogy, wii virtual console, fan translation - portuguese, nintendo switch online - expansion pack","Tec Toy, Sega of America, Sega, Sega Corporation, Johnson Voorsanger Productions",Bird view / Isometric,"Single player, Multiplayer, Co-operative, Split screen"
Dragon Crystal,1990-12-22,70.2,"Role-playing (RPG), Adventure","Nintendo 3DS, Sega Game Gear, Legacy Mobile Device",Fantasy,"roguelike, death, procedural generation, permadeath, pets, teleportation, silent protagonist, anthropomorphism, leveling up, virtual console, snail, potion, violent plants, poisoning, status effects, male protagonist, nintendo 3ds virtual console","Sega of America, M2, Sega, Sega Enterprises, Ltd.",Bird view / Isometric,Single player
Fatal Labyrinth,1990-11-19,69.2,Role-playing (RPG),"Linux, Sega Mega Drive/Genesis, PC (Microsoft Windows), Mac",Fantasy,"ghosts, ninja, magic, shark, turn-based, roguelike, robots, permadeath, labyrinth, steam, traps, pixel art, teleportation, bats, darkness, boss fight, digital distribution, xbox controller support for pc, single-player only, throwing weapons, bow and arrow, randomly generated dungeons, non-player character, snail, potion, instant kill, secret area, sega channel, sleeping, onlive, regenerating health, sleeping enemies, secret areas within secret areas, sega meganet, male protagonist","Sega of America, Sega Europe, Sega Enterprises, Ltd., Sega Corporation, Sega Games, Sega",Bird view / Isometric,Single player
MAG,1988-12-31,,Role-playing (RPG),DOS,Fantasy,"roguelike, procedural generation",,First person,Single player
Scarab of Ra,1987-12-31,,Adventure,Mac,,"roguelike, ancient egypt, maze",Semicolon Software,First person,Single player
Omega,1987-12-31,,Role-playing (RPG),"Linux, PC (Microsoft Windows), DOS, Amiga","Fantasy, Open world","turn-based, roguelike, procedural generation, permadeath, grid-based movement",,"Bird view / Isometric, Text",Single player
Kingdom of Kroz II,1987-12-31,,Adventure,DOS,Action,roguelike,,Bird view / Isometric,Single player
NetHack,1987-07-28,92.8,Role-playing (RPG),"Linux, PC (Microsoft Windows), DOS",Fantasy,"turn-based, roguelike, procedural generation, permadeath, ascii, open-source, pets, traps, freeware, attributes, game reference, randomly generated dungeons, minotaurs, potion, black market, regenerating health, sleeping enemies, movement penalty, divine punishment, games released for unsupported platforms",,"Bird view / Isometric, Text",Single player
Tower of Doom,1987-02-01,,Role-playing (RPG),Intellivision,"Action, Fantasy","roguelike, class-based, dungeon crawling, real-time combat, maze crawler, action-rpg","Mattel Electronics, Realtime Associates, INTV Corporation",Bird view / Isometric,
Larn,1986-12-31,,Role-playing (RPG),DOS,Fantasy,"magic, roguelike, traps, loot gathering, randomly generated dungeons, treasure chest, potion, random encounter",,Text,Single player
The Dungeon of Doom,1985-12-31,,Role-playing (RPG),Mac,Fantasy,roguelike,,Bird view / Isometric,Single player
Zarth,1984-08-01,,"Adventure, Visual Novel","PC-9800 Series, PC-8800 Series, FM-7, MSX","Action, Science fiction, Survival, Open world","post-apocalyptic, anime, mech, time travel, roguelike, death, robots, ascii, caveman, apocalypse, dialogue trees, pixel art, day/night cycle, text adventure, human, branching storyline, nuclear bomb, sleeping, plot twist, optional objective, slideshow cutscene, persistent world, nuclear war, nuclear holocaust, hostile a.i., nuclear fallout, extinction",,Text,
Hack,1984-01-17,,"Shooter, Role-playing (RPG)",DOS,"Fantasy, Science fiction","1980s, roguelike, dos, platform exclusive, developed by one person",Jay Fenlason,"Bird view / Isometric, Text",Single player
Advanced Dungeons & Dragons: Treasure of Tarmin,1983-12-31,,"Role-playing (RPG), Adventure",Intellivision,Fantasy,"greek mythology, monsters, roguelike, maze, undead, dungeon crawler, giants, bow and arrow, minotaurs, treasure chest, melee, based on - tabletop rpg, tile-based first-person crpg","APh Technological Consulting, Mattel Electronics",First person,Single player
The Valley,1982-12-31,,Role-playing (RPG),"Commodore VIC-20, BBC Microcomputer System, Atari 8-bit, Dragon 32/64, Commodore C64/128/MAX, ZX Spectrum, Acorn Electron","Action, Fantasy",roguelike,ASP Software Ltd.,Bird view / Isometric,Single player
Kaiv,1982-12-31,,Role-playing (RPG),"Atari 8-bit, Commodore C64/128/MAX, Apple II, TRS-80",Fantasy,roguelike,"Screenplay, Intelligent Statements, Inc.",Bird view / Isometric,Single player
Telengard,1982-12-31,72.9,"Role-playing (RPG), Adventure","Atari 8-bit, PC-9800 Series, PC-8800 Series, Commodore C64/128/MAX, Commodore PET, DOS, Apple II, TRS-80, FM-7",Fantasy,"magic, roguelike, teleportation, attributes, skeletons, treasure chest, potion, cga graphics, rpg elements, merchants, sleeping enemies","The Avalon Hill Game Company, Orion Software, Inc., Kiya Overseas Industry, Microcomputer Games, Inc.",Bird view / Isometric,Single player
Dunzhin,1982-12-31,,Role-playing (RPG),"Atari 8-bit, Commodore C64/128/MAX, DOS, Apple II, TRS-80",Fantasy,roguelike,"Computer Applications Unlimited, Screenplay, Intelligent Statements, Inc.",Bird view / Isometric,Single player
Rogue,1980-12-31,78.0,"Role-playing (RPG), Strategy, Adventure","PDP-11, Atari 8-bit, PC-8800 Series, Commodore C64/128/MAX, ZX Spectrum, TRS-80 Color Computer, Atari ST/STE, PC (Microsoft Windows), Mac, DOS, Amiga, Amstrad CPC",Fantasy,"orcs, magic, turn-based, roguelike, procedural generation, permadeath, ascii, backtracking, traps, snake, trolls, leveling up, bow and arrow, goblins, randomly generated dungeons, centaurs, single-screen level, potion, secret area, yeti, dart, disorientation, real time game clock","Epyx, Mastertronic, Artificial Intelligence Design, ASCII Entertainment","Bird view / Isometric, Text",Single player
StarQuest: Rescue at Rigel,1980-12-31,59.3,Role-playing (RPG),"Commodore VIC-20, Atari 8-bit, Commodore PET, DOS, Apple II, TRS-80",Science fiction,"roguelike, real-time, cga graphics","Epyx, Automated Simulations, Automated Simulations",Bird view / Isometric,Single player
Dunjonquest: Temple of Apshai,1979-08-01,74.6,Role-playing (RPG),"Commodore VIC-20, Atari 8-bit, Commodore C64/128/MAX, Commodore PET, DOS, Apple II, TRS-80","Action, Fantasy","turn-based, roguelike, dungeon crawling, cga graphics, dungeon","Automated Simulations, Epyx",Bird view / Isometric,Single player
Beneath Apple Manor,1978-09-30,64.1,Role-playing (RPG),"Atari 8-bit, DOS, Apple II",Fantasy,"medieval, roguelike, cga graphics","Quality Software, The Software Factory",Bird view / Isometric,Single player
Trust Your Gut,,,"Strategy, Indie","Linux, PC (Microsoft Windows)",Horror,"dark, roguelike, gambling, roguelite",Caspianborn Publishing,First person,Single player
Little Devil,,,"Adventure, Indie",PC (Microsoft Windows),"Action, Horror, Comedy","retro, roguelike, 1990s, procedural generation, permadeath, demons, supernatural, pixel art, dark humor, dungeon crawler, single-player only, indie developer, boss battle, top down view",MI Pixel,Bird view / Isometric,Single player
Terraclysm Survivors,,,"Platform, Role-playing (RPG), Adventure, Indie",PC (Microsoft Windows),Action,"roguelike, terraria, vampire survivors",DeadPixel,Side view,"Single player, Co-operative"
Exuvia,,,"Shooter, Indie","Linux, PC (Microsoft Windows)",Action,"surreal, roguelite",Garden of Steel,First person,Single player
Necrofall,,,Indie,PC (Microsoft Windows),"Action, Fantasy","medieval, roguelike, skeleton, undead, melee combat, close quarters combat",Gabriele Dolcemascolo,First person,Single player
Warlondor,,,"Role-playing (RPG), Strategy, Turn-based strategy (TBS), Tactical, Adventure, Indie",PC (Microsoft Windows),Fantasy,"2d, turn-based, roguelike, dark fantasy, difficult, online co-op, turn-based tactics, turn-based combat, turn-based rpg",,Side view,"Single player, Multiplayer, Co-operative"
Pin-Crawl,,,"Pinball, Arcade",PC (Microsoft Windows),"Action, Fantasy","dungeon crawler, roguelite",So Romantic,Bird view / Isometric,Single player
Squadika,,,"Role-playing (RPG), Simulator, Hack and slash/Beat 'em up, Indie",PC (Microsoft Windows),"Action, Fantasy","roguelike, action roguelike, top down shooter",,Bird view / Isometric,Single player
Eldritch Tactics: Apocalypse Rising,,,"Role-playing (RPG), Simulator, Strategy, Indie",PC (Microsoft Windows),Fantasy,"roguelike, villain protagonist, auto battler",Malvexis Games,Bird view / Isometric,Single player
Meteor Rush,,,Arcade,PC (Microsoft Windows),"Action, Science fiction","bullet hell, space shooter, roguelite, bullet heaven",Outpost Games,Bird view / Isometric,Single player
The Journey of the Gnomes: The Battle of the Elder Isles,,,Arcade,PC (Microsoft Windows),"Action, Fantasy","roguelike, arena shooter, roguelite, bullet heaven, action roguelike",House of Imaginarium,Bird view / Isometric,Single player
Jinx it,,,"Strategy, Turn-based strategy (TBS), Indie, Card & Board Game",PC (Microsoft Windows),"Fantasy, Comedy","roguelike, dice, roguelike deckbuilder, boss rush, deckbuilder, yahtzee",Manabrew Studios,Bird view / Isometric,Single player
Black Powder Magic,,,"Shooter, Indie",PC (Microsoft Windows),Action,roguelite,Teekond,Bird view / Isometric,Single player
Dusklander,,,"Adventure, Indie",PC (Microsoft Windows),"Action, Survival","roguelite, open world survival craft, isometric, crafting survival",,Bird view / Isometric,Single player
Black Flower,,,"Simulator, Adventure, Indie","Linux, PC (Microsoft Windows), Mac",,roguelike,Triomatica Games,,Single player
Drill Deep,,,Strategy,PC (Microsoft Windows),Action,"lovecraftian, clicker, roguelite, idler, idle",Crossbridge Game Studios,,Single player
Charlatan,,,"Puzzle, Strategy, Indie, Arcade, Card & Board Game","PC (Microsoft Windows), Mac",Comedy,"roguelike, gambling, roguelite, roguelike deckbuilder, roguelike horror, action roguelike, slots","HypeTrain Digital, Gumgo",,Single player
Slay the Q,,,"Strategy, Indie, Card & Board Game",,Fantasy,"roguelike, deck-building, autobattler",,,Single player
Grain Rot,,,"Simulator, Indie",PC (Microsoft Windows),"Action, Science fiction, Horror, Survival, Comedy","post-apocalyptic, exploration, monsters, 3d, physics, robots, online co-op, building, survival horror, online multiplayer, roguelite, die and retry, looter, roguelike horror, ai-generated voices, proximity voice chat, loot, upgrades, decorating, multiplayer",Beck & Branch Games,First person,"Single player, Co-operative"
Sushiamo,,,"Strategy, Indie",PC (Microsoft Windows),,"roguelike, roguelite, roguelike deckbuilder, deckbuilder",,,Single player
Skinator,,,"Strategy, Indie",PC (Microsoft Windows),Action,roguelite,Glowtox Games,,Single player
Revenant Survivors,,,"Role-playing (RPG), Hack and slash/Beat 'em up, Indie",PC (Microsoft Windows),"Action, Fantasy, Survival","roguelite, bullet heaven, ai-generated marketing",Mongma Studio,Bird view / Isometric,Single player
Flaghead,,,"Shooter, Role-playing (RPG), Strategy, Indie",PC (Microsoft Windows),"Action, Survival","roguelike, bullet hell, roguelite, roguelike deckbuilder, action roguelike",Doodle Tech LLC,Bird view / Isometric,Single player
Looplash,,,"Indie, Arcade",PC (Microsoft Windows),Action,"retro, skill-based, procedural generation, time manipulation, bullet hell, abstract, controller recommendation, wasd movement, abstract art style, skill tree, controller support, roguelite, minimalist, movement shooter, skill system, action roguelite",Nova Shard Games,Bird view / Isometric,Single player
Lootspire,,,"Role-playing (RPG), Indie","Linux, PC (Microsoft Windows)","Action, Party","roguelite, online coop, action-rpg",Schwammerl,Bird view / Isometric,"Single player, Multiplayer, Co-operative, Split screen"
Leafborn,,,"Platform, Adventure, Arcade",PC (Microsoft Windows),Action,"fast paced, runner, roguelite",,Third person,Single player
Scaledeep,,,Role-playing (RPG),"Linux, PC (Microsoft Windows), Mac",Fantasy,"roguelike, dungeon crawler",Dark Gnosis,Bird view / Isometric,"Single player, Multiplayer, Co-operative"
Arm the Hero,,,"Strategy, Indie",PC (Microsoft Windows),"Action, Fantasy","roguelite, deck building",,,Single player
Shot One Fighters,,,"Fighting, Indie",PC (Microsoft Windows),"Action, Science fiction","crowdfunding - kickstarter, roguelite",Red Moon Workshop,Side view,Single player
SlotsNStocks,,,"Simulator, Strategy, Indie, Arcade, Card & Board Game",,Business,"roguelike, slot machine, gambling, capitalism, economy, roguelike deckbuilder, deckbuilder, gambling simulation, slots, stock market","Nightforge Studios, 2 Left Thumbs",,Single player
Onsento,,,"Strategy, Tactical, Indie, Card & Board Game",PC (Microsoft Windows),Fantasy,"roguelike, party-based, collecting card game - ccg, roguelike deckbuilder, deckbuilder",Prog'z,Side view,Single player
MeowRig,,,Indie,,,"2d, clicker, roguelite, idler",,Bird view / Isometric,Single player
Shadows Must Fall,,,"Role-playing (RPG), Strategy, Indie",PC (Microsoft Windows),"Action, Fantasy",roguelite,Little Big Studio,Bird view / Isometric,Single player
Torch Keeper,,,"Role-playing (RPG), Adventure, Indie",PC (Microsoft Windows),Fantasy,"roguelike, dungeon crawler, dungeon",RPGames,Bird view / Isometric,Single player
Hell Wait,,,"Strategy, Indie, Card & Board Game",PC (Microsoft Windows),Horror,"roguelike, mahjong, deck building",Mondbekker,,Single player
Eternal Curse,,,"Adventure, Indie",PC (Microsoft Windows),"Action, Fantasy","roguelite, bullet heaven",,Bird view / Isometric,Single player
Skaz,,,"Adventure, Indie",PC (Microsoft Windows),Action,"roguelike, ai-generated artwork, action roguelike",Gremushka,Side view,Single player
RealmWalker,,,"Role-playing (RPG), Hack and slash/Beat 'em up, Indie",PC (Microsoft Windows),"Action, Fantasy","roguelike, roguelite, arpg, action roguelike",Thauma Creations,Third person,Single player
Robustation,,,Shooter,PC (Microsoft Windows),Action,"roguelike, fast paced, arena shooter, pixel art, action roguelike, top-down, top down shooter",Geglo 14/85,Bird view / Isometric,Single player
Arkhe,,,Indie,PC (Microsoft Windows),"Action, Fantasy","roguelike, action roguelike",Studio52,Bird view / Isometric,"Single player, Multiplayer, Co-operative"
Natsiliani,,,"Role-playing (RPG), Strategy, Adventure, Indie, Card & Board Game","PC (Microsoft Windows), Mac",Fantasy,"roguelike, mythology, hand-drawn, roguelite, deck-building, roguelike deckbuilder",9 Mountains Studio,,Single player
Bastyrion: Endless Tide,,,"Strategy, Adventure, Indie",PC (Microsoft Windows),"Action, Science fiction, Survival","tower defense, roguelike, voxel, base building, physics-based",Ryuusu's Mate Party,"First person, Third person",Single player
Tokigeon,,,"Role-playing (RPG), Simulator, Strategy, Indie",PC (Microsoft Windows),Fantasy,"roguelike, dungeon crawler",,,Single player
Hand of Daggers,,,"Strategy, Adventure, Indie, Card & Board Game",PC (Microsoft Windows),,"roguelike, deck-building",Cranktrain,First person,Single player
Ward: Descent,,,"Role-playing (RPG), Adventure, Indie",PC (Microsoft Windows),Science fiction,"roguelike, dungeon crawler",,,Single player
Triuno Ascend,,,"Strategy, Indie, Card & Board Game",PC (Microsoft Windows),,"roguelike, deck-building","Nuntius Games, statera studio",,
Lootale Slash,,,"Hack and slash/Beat 'em up, Adventure, Indie",Web browser,"Action, Survival","roguelike, roguelite, action roguelike",Lootale Slash,Bird view / Isometric,Single player
Loot Dungeon,,,"Role-playing (RPG), Strategy, Indie",PC (Microsoft Windows),Fantasy,"roguelike, dark fantasy, dungeon crawling, incremental",Electric Kite,Side view,Single player
Dice Tavern: Farkle Roguelike,,,"Strategy, Indie",PC (Microsoft Windows),,"roguelike, dice, dice game",Cavi Studio,,Single player
Killer of Kings,,,"Strategy, Indie",PC (Microsoft Windows),Fantasy,"roguelike, pvp, turn-based tactics, indie developer, autobattler, turn based strategy",OPAF GAMES,,Multiplayer
Koshmar: The Last Reverie,,,"Hack and slash/Beat 'em up, Adventure","Xbox Series X|S, PC (Microsoft Windows), PlayStation 5","Action, Fantasy","female protagonist, roguelite",Purple Ray Studio,Third person,Single player
Deviled Dice,,,"Strategy, Indie, Card & Board Game",Web browser,,"dice, roguelite",,,
Stolen Heart,,,"Role-playing (RPG), Strategy, Adventure, Indie, Card & Board Game","PC (Microsoft Windows), Mac",Fantasy,"roguelite, turn-based strateg, deck building",Mgtt Studio,,Single player
Frogmancer,,,Indie,PC (Microsoft Windows),"Action, Fantasy","frog, roguelite",,Bird view / Isometric,Single player
Scratch Off!,,,"Simulator, Indie",PC (Microsoft Windows),,"roguelike, gambling",Juice Store Studios,,Single player
Ascenders: Beyond the Peak,,,"Role-playing (RPG), Strategy, Indie",PC (Microsoft Windows),,"lovecraftian, climbing, roguelite","Ludogram, Twin Sails Interactive",,Single player
WoofWatch,,,"Hack and slash/Beat 'em up, Adventure, Indie",PC (Microsoft Windows),"Action, Science fiction","mech, procedural generation, dog, roguelite, action roguelike",,Bird view / Isometric,Single player
Saikiri,,,"Adventure, Indie",PC (Microsoft Windows),"Action, Survival","roguelite, ai-generated translations",IGT Games,Bird view / Isometric,Single player
Archangel Demon Rush,,,"Strategy, Indie, Arcade",PC (Microsoft Windows),"Action, Fantasy","tower defense, roguelike, demons, demon hunter, deckbuilder, action roguelike",Dont Know Studios,Third person,Single player
Smashmak,,,"Hack and slash/Beat 'em up, Indie",PC (Microsoft Windows),Action,"cyberpunk, roguelike, brawler, robot protagonist",Magnix Games,Third person,Single player
Amalgam,,,"Shooter, Adventure, Indie",PC (Microsoft Windows),Action,"roguelite, movement shooter",Triple Kill Interactive,First person,Single player
Anvil Survivors,,,Indie,"PC (Microsoft Windows), Mac","Action, Survival","crafting, cats, roguelite, pixelart, anvil",Trina Interactive,Bird view / Isometric,Single player
Hero Like,,,"Adventure, Indie",,"Action, Fantasy","2d, roguelike, female protagonist, pixel graphics",SinPoDo,Bird view / Isometric,Single player
Into the Crypt,,,"Strategy, Indie, Card & Board Game",PC (Microsoft Windows),"Action, Fantasy","roguelike, roguelike deckbuilder, deckbuilder, turn based strategy","Megaglope Studios, Megaglope Studios",First person,Single player
Riftella,,,Indie,PC (Microsoft Windows),Action,"2.5d, roguelite",Roughly Rendered Games,Bird view / Isometric,Single player
Crimson Broadcast,,,"Role-playing (RPG), Indie, Arcade",PC (Microsoft Windows),Action,"roguelike, bullet hell, wave attack, endless waves, action roguelike",,"Third person, Bird view / Isometric",Single player
Loopbreaker,,,"Strategy, Indie",PC (Microsoft Windows),Action,roguelike,Cody Gordon,Third person,"Single player, Multiplayer, Co-operative"
Rogue Shell,,,"Role-playing (RPG), Adventure, Indie","Linux, PC (Microsoft Windows)",Action,"roguelike, robot protagonist, action roguelike, megastructure",FrogBird Games,Bird view / Isometric,Single player
Veiled Vents,,,"Point-and-click, Real Time Strategy (RTS), Role-playing (RPG), Simulator, Adventure, Indie",PC (Microsoft Windows),,"roguelike, procedural generation, dungeon crawling, text-based, semi-active idle",TMC Studios,Text,Single player
Mine or Burn,,,"Simulator, Strategy, Indie",,Science fiction,"roguelite, incremental game, incremental",Heavy Pepper,Bird view / Isometric,Single player
Soulsworn,,,"Role-playing (RPG), Strategy, Indie, Card & Board Game","PC (Microsoft Windows), Mac",,"roguelike, deck-building",,,"Single player, Multiplayer, Co-operative"
Claim thy Land,,,"Strategy, Turn-based strategy (TBS), Tactical, Indie",PC (Microsoft Windows),Fantasy,"medieval, 2d, kingdom, turn-based, roguelike, resource management, turn-based tactics, base building, turn-based combat, inventory management, hand-drawn, cozy, roguelike deckbuilder, auto battler, deckbuilder, autobattler, replay value",,Side view,Single player
The Last Kich Of Us,,,"Shooter, Indie, Arcade",PC (Microsoft Windows),"Action, Survival, Comedy","zombies, post-apocalyptic, casual, parody, cute, funny, hand-drawn, colorful, passive ability, roguelite, twitch integration, bullet heaven, food, 25d, top down shooter",,Bird view / Isometric,Single player
ReVamp,,,Strategy,PC (Microsoft Windows),Fantasy,"dracula, roguelite",Digital Sun Games,Side view,Single player
Void Nebula,,,"Strategy, Turn-based strategy (TBS), Indie",,Science fiction,"roguelite, deck-building, roguelike deckbuilder",,Side view,Single player
Exponent: The Scaling Tower Defense,,,"Strategy, Arcade",PC (Microsoft Windows),Action,"tower defense, roguelike, procedural generation, resource management, pixel art, base building, clicker, relaxing, great soundtrack, incremental game, minimalist",Retromagine,,Single player
Cosmo Cargo,,,Strategy,"Linux, PC (Microsoft Windows), Mac",Science fiction,"inventory management, roguelite, autobattler",Pixelnest Studio,Side view,Single player
Hexistence,,,Strategy,PC (Microsoft Windows),Fantasy,"tower defense, roguelike, voxel, family friendly, deck building",Xufa Games,Bird view / Isometric,Single player
End of End,,,"Role-playing (RPG), Strategy","Web browser, PC (Microsoft Windows)",Fantasy,"2d, roguelike, dungeon crawler, single-player only, roguelite, autobattler, top down view",Squidboat,Bird view / Isometric,Single player
Echo Zero,,,"Strategy, Indie","PC (Microsoft Windows), Mac","Action, Science fiction","tower defense, roguelike",Wildboy Studios,Side view,"Single player, Multiplayer, Co-operative"
Hand Almighty,,,Indie,PC (Microsoft Windows),Fantasy,"medieval, roguelike, whimsical",,,Single player
Stolen Heart,,,"Fighting, Adventure, Indie",PC (Microsoft Windows),"Action, 4X (explore, expand, exploit, and exterminate)","roguelike, online coop, action roguelike",Game-id,Bird view / Isometric,"Single player, Multiplayer, Co-operative"
Poker Monsters,,,"Strategy, Indie, Card & Board Game",PC (Microsoft Windows),Fantasy,"poker, roguelike, boardgame adaptation, paper aesthetic",Un-Lock Studio,First person,Single player
Topdeck Automat,,,"Strategy, Indie, Card & Board Game",,"Science fiction, Comedy","roguelike, roguelite, roguelike deckbuilder, deckbuilder, autobattler",Ludokultur,,Single player
HuntCore,,,"Role-playing (RPG), Strategy, Indie",PC (Microsoft Windows),Fantasy,"roguelike, 2.5d, crowdfunding - kickstarter, monster capturing",Hexa Project,,Single player
Gobelinus: The Cursed Deck,,,"Strategy, Card & Board Game",PC (Microsoft Windows),Fantasy,"roguelike, roguelike deckbuilder, deck building",,,Single player
Helmet Head,,,"Platform, Adventure, Indie",PC (Microsoft Windows),"Action, Fantasy","roguelike, pixel art, pixel graphics, soulslike",Hedge Knight Games,Side view,Single player
The Garden of Garden Gnome,,,"Role-playing (RPG), Simulator, Strategy, Adventure, Indie, Card & Board Game","PC (Microsoft Windows), Mac",Fantasy,"roguelike, roguelike deckbuilder, deck building",,Bird view / Isometric,Single player
Taromancy,,,"Strategy, Indie, Card & Board Game",PC (Microsoft Windows),Fantasy,"roguelike, roguelike deckbuilder, tarot, deck building",Cyber Mouse,,Single player
Mega Deal Card,,,"Role-playing (RPG), Strategy, Indie, Card & Board Game",PC (Microsoft Windows),,"roguelike, steam greenlight, roguelite, roguelike deckbuilder, deckbuilder","The Bat Flight, Spoonbox Studio",First person,Single player
Goddess of Strategy,,,"Role-playing (RPG), Strategy, Tactical, Indie","PC (Microsoft Windows), Mac",Fantasy,"turn-based tactics, srpg, roguelite",Lost Grace Games,Bird view / Isometric,Single player
SacriFrogos,,,"Strategy, Indie, Card & Board Game",PC (Microsoft Windows),"Action, Survival","roguelike, frog",Uóki Games,Bird view / Isometric,Single player
The Ashen Oz,,,"Platform, Indie",PC (Microsoft Windows),"Action, Fantasy","dark fantasy, fairytale, roguelite",Ashbone Games,Side view,Single player
Ecrazeus Castle,,,"Role-playing (RPG), Indie, Arcade",PC (Microsoft Windows),Action,"anime, 3d, mythology, female protagonist, roguelite, endless, ai-generated coding",,Third person,Single player
Nekoclaw: Waifu Catcher,,,"Simulator, Strategy, Turn-based strategy (TBS), Arcade",PC (Microsoft Windows),"Action, Fantasy, Erotic","tower defense, anime, physics, roguelike, simulation, autobattler, claw machine, nextfest february 2026",Catsprout,Side view,Single player
Cardtonia,,,"Role-playing (RPG), Strategy, Indie, Card & Board Game",PC (Microsoft Windows),,"roguelike, roguelike deckbuilder, deck building",,First person,Single player
No Conclusions Yet,,,"Simulator, Indie, Arcade",,Fantasy,"detective, roguelite, autobattler, deck building",Crazish Games,Side view,Single player
Survivors Guild,,,Indie,PC (Microsoft Windows),"Action, Fantasy","roguelike, roguelite, bullet heaven, action roguelike",,Bird view / Isometric,"Single player, Multiplayer, Co-operative"
Demonbane: Ascension,,,"Role-playing (RPG), Adventure, Indie",PC (Microsoft Windows),"Action, Fantasy",roguelite,,Bird view / Isometric,Single player
Atlanta TD,,,"Strategy, Indie","PC (Microsoft Windows), Mac",,"tower defense, roguelite",Tin Man Games,Bird view / Isometric,Single player
The Pink Robot,,,Indie,PC (Microsoft Windows),Action,roguelite,Take Five Studios,Bird view / Isometric,Single player
Backseat Champions,,,"Racing, Simulator, Strategy, Indie","Linux, PC (Microsoft Windows)",,"physics, real time tactics, racing simulator, simulation, cartoony, roguelite, machine learning, online coop, autobattler",f13rce,"First person, Third person, Bird view / Isometric","Single player, Multiplayer, Co-operative"
Heavy Duty Inc.,,,"Role-playing (RPG), Strategy, Indie","PC (Microsoft Windows), Mac",Science fiction,"space station, turn-based tactics, roguelite",,Bird view / Isometric,"Single player, Multiplayer, Co-operative"
Dominot,,,"Point-and-click, Strategy, Indie",PC (Microsoft Windows),Mystery,roguelike,Tropos Interactive,,Single player
Everise,,,"Role-playing (RPG), Turn-based strategy (TBS), Adventure, Indie",,"Fantasy, 4X (explore, expand, exploit, and exterminate)","medieval, roguelike, dungeon crawler",,Side view,Single player
Void Salvage,,,"Role-playing (RPG), Simulator, Strategy, Adventure, Indie",PC (Microsoft Windows),"Action, Science fiction","roguelike, spaceship, space, spaceship customization, roguelite, auto battler, incremental",bohfam games,Bird view / Isometric,Single player
Woo Woo,,,"Puzzle, Indie",PC (Microsoft Windows),"Action, Horror","roguelike, pixel art, pixel graphics",Inomi,Bird view / Isometric,Single player
The Swashbugglers,,,"Strategy, Adventure, Indie",PC (Microsoft Windows),,roguelike,,,Single player
Cue Room,,,"Indie, Arcade",,Horror,"roguelike, billiards",,,Single player
"Father, Son & Holy Guns",,,"Role-playing (RPG), Hack and slash/Beat 'em up, Adventure",PC (Microsoft Windows),"Action, Fantasy","roguelike, colorful, roguelite",Jumbo Jumps,Bird view / Isometric,"Single player, Multiplayer, Co-operative"
Ruins of Blackspire,,,"Role-playing (RPG), Strategy, Adventure, Indie",PC (Microsoft Windows),"Action, Fantasy","roguelike, dungeon crawler, dungeon",,Bird view / Isometric,Single player
Alchemortis,,,"Strategy, Indie","Linux, PC (Microsoft Windows), Mac",Fantasy,"dark fantasy, pixel art, pixel graphics, inventory management, alchemy, roguelite, auto battler",Firebelley,,Single player
Djinn Scrolls,,,Indie,"Linux, PC (Microsoft Windows)","Action, Fantasy","roguelike, action roguelike",Sabahjar Studio,Bird view / Isometric,Single player
Hell Architect: Survivors,,,"Indie, Arcade",PC (Microsoft Windows),"Action, Fantasy, Comedy","bullet hell, roguelite",Leonardo Interactive,Bird view / Isometric,Single player
Armita's Search,,,"Role-playing (RPG), Strategy, Tactical, Adventure, Indie, Card & Board Game",PC (Microsoft Windows),,"post-apocalyptic, roguelite, deck-building",Raiders World Studio,,Single player
Arcane Mayhem,,,Hack and slash/Beat 'em up,PC (Microsoft Windows),"Action, Fantasy","magic, 3d, roguelike, roguelite, action roguelike",TorksGame,Bird view / Isometric,Single player
Tome of Talis: A Dice Conquest Game,,,"Strategy, Indie","Linux, PC (Microsoft Windows), Mac",Fantasy,"dice, roguelite",,,Single player
Newton's Promise,,,"Shooter, Indie, Arcade",PC (Microsoft Windows),Action,"monsters, retro, sword, 2d, side-scrolling, giant monsters, farming, leveling, achievements, upgrade, pixel art, pixel graphics, combat, upgradable equipment, unlockable items, boss fight, steam achievements, xbox controller support for pc, steam cloud, dualshock 4 support for pc, mouse, bow and arrow, skeletons, laser, magic staff, status effects, horde, controller support, increasing difficulty, roguelite, retro graphics, adjustable difficulty, bossfight, steam deck, farm, health, steam families, sidescroller, dualsense support for pc, upgrades, 2d-side-scroller, gold, stereo sound, nextfest february 2026",Johnson V.,Side view,Single player
Stack Order,,,"Strategy, Indie, Card & Board Game","Linux, PC (Microsoft Windows), Mac",Fantasy,"roguelite, comicbook style, deck-building",Panflip Studio,Side view,Single player
Snekromancy,,,Indie,"Linux, PC (Microsoft Windows), Mac","Action, Fantasy","undead, pixel art, snake, pixel graphics, necromancy, roguelite",Final Screw,Bird view / Isometric,Single player
Bumpers & Dragons,,,"Role-playing (RPG), Strategy, Indie","Linux, PC (Microsoft Windows), Mac",Fantasy,"pachinko, pixel art, pixel graphics, roguelite",Lunheim Studios,,Single player
Brazzante,,,"Strategy, Indie, Card & Board Game",PC (Microsoft Windows),,roguelike,,,Single player
Bard’s Fault,,,Indie,PC (Microsoft Windows),Action,"roguelike, roguelite, bullet heaven",Sunabi Studios,Bird view / Isometric,"Single player, Multiplayer, Co-operative"
Steel Swarm: Survivor,,,Indie,PC (Microsoft Windows),Action,"roguelite, bullet heaven",Clay Token Game Studio,Bird view / Isometric,"Single player, Multiplayer, Co-operative"
Rodent Company,,,"Shooter, Adventure, Indie, Arcade",PC (Microsoft Windows),Action,"roguelike, action roguelike","Pixel Rodents, Judatone Studios",Bird view / Isometric,"Single player, Multiplayer, Co-operative"
Shadow Rush,,,"Role-playing (RPG), Hack and slash/Beat 'em up, Indie",PC (Microsoft Windows),"Action, Fantasy","roguelike, fast paced",Andrew Teo,Bird view / Isometric,Single player
Aposis: Infinity Hero,,,"Role-playing (RPG), Adventure, Indie","Linux, PC (Microsoft Windows)","Action, Science fiction","roguelike, pixel art, pixel graphics, roguelite",Games2See,,Single player
Wrath of the Arcane Realms,,,"Role-playing (RPG), Strategy, Turn-based strategy (TBS), Indie",PC (Microsoft Windows),Fantasy,"roguelike, hexagon",Dedicade Studios,Bird view / Isometric,Single player
Sealbreakers,,,Adventure,PC (Microsoft Windows),"Action, Fantasy","hand-to-hand combat, brawler, roguelite",Fire Sparrow Studio,Bird view / Isometric,Single player
Gotogra,,,"Strategy, Tactical, Indie, Card & Board Game",PC (Microsoft Windows),Fantasy,"roguelike, pixel art, pixel graphics, deck-building, roguelike deckbuilder",,Side view,Single player
Echoes of Agony,,,Role-playing (RPG),PC (Microsoft Windows),Fantasy,"pixel art, pixel graphics, roguelite",,Bird view / Isometric,Single player
Shattered Paradise,,,"Role-playing (RPG), Adventure, Indie",PC (Microsoft Windows),Fantasy,"roguelike, pixel art, pixel graphics, crowdfunding - kickstarter",One More Turn Studios,Bird view / Isometric,"Single player, Multiplayer"
Koromeke,,,Indie,"Linux, PC (Microsoft Windows)",,"casual, roguelike","Jack Turpitt, Strange Mood",,Single player
Ignoble,,,"Fighting, Platform, Simulator, Hack and slash/Beat 'em up, Adventure, Indie, Arcade",PC (Microsoft Windows),Action,"retro, bloody, gore, 2d platformer, violent, roguelite, incremental game, pixelart, action roguelite",Retromagine,Side view,Single player
Dicegeon Whispers,,,"Role-playing (RPG), Strategy, Indie, Card & Board Game",PC (Microsoft Windows),Fantasy,"roguelike, dice, deck-building, dungeon",Enchanted Code Sheep,Bird view / Isometric,Single player
Ball Busters,,,Indie,PC (Microsoft Windows),Action,roguelike,Daitomodachi Labs,Third person,Single player
Vow of the Wordlocks,,,"Role-playing (RPG), Turn-based strategy (TBS), Adventure, Indie",PC (Microsoft Windows),Fantasy,"roguelike, word game, strategy rpg",,Bird view / Isometric,Single player
Zaria,,,"Role-playing (RPG), Turn-based strategy (TBS), Adventure, Indie",PC (Microsoft Windows),Mystery,"roguelike, turn-based combat",Zaap,Side view,Single player
DUD Bounce World,,,Indie,PC (Microsoft Windows),,roguelike,,,Single player
Golden Self,,,"Adventure, Indie",PC (Microsoft Windows),"Action, Fantasy","roguelike, pixel art, pixel graphics, action roguelike",Lightning Oath,Bird view / Isometric,Single player
DeeSicks,,,Indie,PC (Microsoft Windows),Action,"insects, bullet hell, dice, roguelite",ByteRockers' Games,Third person,Single player
SCP Containment Breach: HD Edition,,,"Simulator, Adventure",PC (Microsoft Windows),"Horror, Thriller, Survival","roguelike, survival horror, fan remake, scp",,First person,Single player
Gambit Maestro,,,"Puzzle, Real Time Strategy (RTS), Indie",PC (Microsoft Windows),,"chess, roguelike",Autowin,First person,Single player
Stardust Frontier,,,"Strategy, Adventure, Indie","Linux, PC (Microsoft Windows)","Science fiction, Party","mech, roguelike, pixel art, pixel graphics, micro games",Effort Games,,"Single player, Multiplayer, Co-operative"
PokéPlunder,,,Strategy,PC (Microsoft Windows),Action,"pokemon, turn-based, roguelike, unofficial, fangame, pokemon fangame, replayability, loot",,Third person,Single player
Fully Automated,,,"Role-playing (RPG), Indie","Linux, PC (Microsoft Windows)",Action,"martial arts, fast paced, cyborg, pixel art, pixel graphics, roguelite",Thierry Brim,Bird view / Isometric,Single player
Deckum Demonium,,,"Strategy, Indie",PC (Microsoft Windows),Fantasy,"roguelike, demons, alchemy, deck-building, roguelike deckbuilder",,,Single player
Nightcap Witch,,,"Strategy, Indie, Card & Board Game",PC (Microsoft Windows),Fantasy,"female protagonist, pixel art, pixel graphics, roguelite, deck-building, witch",,,Single player
Bound By Havoc,,,"Indie, Arcade",,Fantasy,"roguelike, roguelite, jump game",Broken Midnight Studio,Side view,Single player
Antivirus Survivors 2003 Professional,,,"Role-playing (RPG), Indie","Linux, PC (Microsoft Windows), Mac","Action, Survival","roguelite, bullet heaven, nextfest february 2026",Shaun Hammond Business Solutions Limited,,Single player
Rogue Signal Protocol,,,"Role-playing (RPG), Tactical, Indie","Linux, PC (Microsoft Windows)","Science fiction, Stealth","cyberpunk, retro, roguelike, procedural generation, permadeath, hacking, pixel art, tactical turn-based combat, cyberspace, cyberpunk rpg, turn-based rpg, traditional roguelike, steam deck",,Bird view / Isometric,Single player
Who the Hell Opened the Portal?!,,,"Role-playing (RPG), Simulator, Strategy, Indie",,"Fantasy, Comedy","pixel art, roguelite",,,Single player
Accursed,,,"Role-playing (RPG), Adventure, Indie",,"Fantasy, Horror",roguelike,,,Single player
Down We Go,,,"Strategy, Indie",PC (Microsoft Windows),,"psychological horror, dystopian, roguelite",Vaemira,First person,"Single player, Multiplayer, Co-operative"
Cole Hunter: Payback,,,"Shooter, Indie, Arcade","PC (Microsoft Windows), Mac",Action,"shoot 'em up, shmup, bullet hell, space, pixel art, pixel graphics, roguelite, pixelart",Oldways Studios,Side view,Single player
Appetite of the Abyss,,,"Role-playing (RPG), Simulator, Strategy, Indie",PC (Microsoft Windows),"Fantasy, Survival","resource management, roguelite",Mighty Tide Games,Bird view / Isometric,Single player
Rune Gunner,,,Shooter,PC (Microsoft Windows),Action,roguelite,False Summit,Third person,"Single player, Multiplayer, Co-operative"
Keepers of Vyrellia,,,"Role-playing (RPG), Strategy, Indie, Card & Board Game",PC (Microsoft Windows),Fantasy,"roguelike, pixel art, pixel graphics, 8-bit, deck-building, roguelike deckbuilder",Ghost Pixel,,Single player
Backpack Raiders,,,Indie,PC (Microsoft Windows),Action,"inventory management, roguelite, top down shooter",,,Single player
DreadBound,,,Indie,PC (Microsoft Windows),"Action, Fantasy, Stealth","roguelike, low-poly, action roguelike, immersive sim",Killnaprimer,First person,Single player
Aether League,,,"Strategy, Indie",,Fantasy,"turn-based, roguelite",,,
Down the Darkest Pit,,,"Role-playing (RPG), Strategy, Indie","Linux, PC (Microsoft Windows), Mac",Fantasy,"turn-based tactics, roguelite",Hipocampo Game Studio,Bird view / Isometric,Single player
Match Morphosis,,,"Role-playing (RPG), Strategy",PC (Microsoft Windows),Science fiction,"retro, roguelike, match 3, pixel graphics, roguelite, roguelike deckbuilder, deckbuilder, turn based strategy",,Side view,Single player
Hypernet Explorer,,,"Role-playing (RPG), Simulator","Linux, PC (Microsoft Windows)","Fantasy, Science fiction","roguelike, pixel art, pixel graphics, dungeon crawler, roguelite, immersive sim",Nocoldiz,Bird view / Isometric,"Single player, Multiplayer, Co-operative, Split screen"
Kundara: Art of Cards,,,"Strategy, Adventure, Indie",PC (Microsoft Windows),Action,"samurai, roguelite, deck-building",Mikan Game Studio,Side view,Single player
Myths & Rites,,,"Turn-based strategy (TBS), Indie, Card & Board Game",PC (Microsoft Windows),Action,"roguelike, deck-building",Team Guaraná,Side view,
Cannon Keep,,,"Strategy, Indie",PC (Microsoft Windows),Action,"tower defense, roguelike, pixel art, pixel graphics, roguelite",Brainflick,Side view,Single player
RevolverRouge,,,Shooter,PC (Microsoft Windows),,roguelike,,Bird view / Isometric,Single player
Hierosaga Overture,,,"Role-playing (RPG), Strategy, Tactical, Adventure, Indie",PC (Microsoft Windows),Fantasy,"pixel art, pixel graphics, roguelite",,Bird view / Isometric,Single player
Pesky Orcs!,,,"Role-playing (RPG), Strategy, Adventure, Indie",PC (Microsoft Windows),"Action, Fantasy","roguelike, pixel art, pixel graphics",Johannes Lott,Bird view / Isometric,Single player
Grafted,,,Indie,PC (Microsoft Windows),Action,"roguelike, pixel art, pixel graphics, action roguelike",Foglight Games,Bird view / Isometric,Single player
Ad Iterum,,,"Role-playing (RPG), Strategy, Indie",Mac,"Action, Fantasy","roguelike, dungeon crawler",Gabriel Maldonado Almendra,Bird view / Isometric,Single player
King's Haven,,,"Strategy, Indie, Card & Board Game",PC (Microsoft Windows),Fantasy,"roguelike, pixel art, pixel graphics, deck-building, roguelike deckbuilder",Wooden Crow,Bird view / Isometric,Single player
Red Cell,,,"Shooter, Strategy",PC (Microsoft Windows),Action,roguelike,SIEGE4entertainment,First person,Single player
Umbra Survivors,,,"Role-playing (RPG), Simulator, Indie, Arcade",PC (Microsoft Windows),"Action, Fantasy, Survival","dark fantasy, bullet hell, procedurally generated, roguelite, horde survival, ai-generated concepts",,Bird view / Isometric,Single player
Tetra Rise,,,"Platform, Indie",PC (Microsoft Windows),Action,"pixel art, pixel graphics, roguelite",Tora Games,Side view,Single player
Mutation Overload,,,Indie,PC (Microsoft Windows),Action,roguelite,FrameRat Studio,Bird view / Isometric,Single player
Void Rush,,,Arcade,PC (Microsoft Windows),"Action, Fantasy","roguelike, boss rush",Little Roots,,
Prerolled,,,"Puzzle, Strategy, Indie","Web browser, PC (Microsoft Windows)",Action,"casual, roguelike, cute, dice, roguelite, cozy, deck-building, roguelike deckbuilder, dice game, upgrades, combo",,Side view,Single player
Paddle Legends,,,"Sport, Indie",PC (Microsoft Windows),Action,"2d, roguelite, action roguelike, pong clone, retro arcade",glasshalfmoon,Bird view / Isometric,Single player
Randel's Quest,,,"Role-playing (RPG), Indie, Card & Board Game",PC (Microsoft Windows),Fantasy,"roguelike, slot machine, wordle",LCB Game Studio,,Single player
Card Conquest,,,"Strategy, Card & Board Game",PC (Microsoft Windows),Fantasy,"tower defense, roguelite, deck-building",YaxWorks,Bird view / Isometric,Single player
Whispers of Elenrod,,,"Role-playing (RPG), Strategy, Card & Board Game","Linux, PC (Microsoft Windows)",Fantasy,"roguelike, deck-building, roguelike deckbuilder",Quick Turn Games,Bird view / Isometric,Single player
Godscale,,,"Platform, Indie",PC (Microsoft Windows),"Action, Fantasy","roguelike, ancient egypt, pixel art, pixel graphics, 2d platformer, controller support, egyptian mythology, action roguelike",PixelCrown Games,Side view,Single player
Operation Dartness,,,"Simulator, Strategy, Indie",PC (Microsoft Windows),,"roguelike, dart, ussr",,First person,Single player
Bashnya,,,Indie,PC (Microsoft Windows),Action,roguelike,Dustpan Games,Bird view / Isometric,Multiplayer
Luminas: Parasite Reign,,,"Role-playing (RPG), Arcade",PC (Microsoft Windows),Action,"casual, roguelike, party-based, roguelite",Soto Game Studio,Third person,Single player
The Solace of Flowers,,,"Strategy, Indie, Card & Board Game",PC (Microsoft Windows),Fantasy,"post-apocalyptic, roguelike, apocalypse, apocalyptic, deck-building, ecological, roguelike deckbuilder, flowers, postapocalyptic",Ceiling Games,Bird view / Isometric,Single player
Last Watchtower,,,"Strategy, Indie",PC (Microsoft Windows),Fantasy,roguelite,Nija Games,Bird view / Isometric,Single player
Little Old One and the Witch,,,"Role-playing (RPG), Indie",PC (Microsoft Windows),"Action, Fantasy","female protagonist, lovecraftian, roguelite",Mimustudio,Side view,Single player
Sweep Strike,,,Strategy,PC (Microsoft Windows),Fantasy,roguelike,Zarc Attack,,Single player
Harvest Dice: Abundia’s Blessing,,,"Role-playing (RPG), Strategy, Indie, Card & Board Game",PC (Microsoft Windows),,"roguelike, dice","SingularMeasure Studio, Thermite Games",,Single player
Evocation,,,"Strategy, Indie, Card & Board Game",PC (Microsoft Windows),,"roguelike, occult, demons, deck-building",vodkakaa,,"Single player, Multiplayer"
Undead Night Crew,,,"Strategy, Indie, Arcade",PC (Microsoft Windows),Action,"zombies, bullet hell, zombie survival, roguelite, survivors like",Dummy Dojo,Bird view / Isometric,Single player
Mochi Conquest,,,"Role-playing (RPG), Strategy",PC (Microsoft Windows),Fantasy,roguelike,Mochi Moshi Games,Bird view / Isometric,Single player
Balltopia,,,"Racing, Simulator, Strategy, Indie",PC (Microsoft Windows),Sandbox,"roguelike, deck-building, marbles, nextfest february 2026",,Side view,Single player
Defiant Ascent,,,"Point-and-click, Role-playing (RPG), Simulator, Adventure, Indie",PC (Microsoft Windows),Survival,"zombies, post-apocalyptic, roguelike, crafting, turn-based combat, inventory management, sidescroller",Mentis Interactive,Side view,Single player
Oblivium,,,"Adventure, Indie","Linux, PC (Microsoft Windows)","Action, Fantasy","roguelike, spellcaster",,Bird view / Isometric,Single player
Unconventional Fantasy,,,"Strategy, Adventure, Indie, Card & Board Game",PC (Microsoft Windows),Fantasy,"multiple endings, cute, psychedelic, relaxing, cartoony, card based combat, roguelite, deck-building, roguelike deckbuilder, vtuber, deckbuilder, card battler",,Side view,Single player
Timeater,,,"Adventure, Indie",PC (Microsoft Windows),"Action, Fantasy","roguelike, pixel art, pixel graphics, controller support, sidescroller",GFCreativeLab,Side view,"Single player, Multiplayer, Co-operative, Split screen"
Dungeon Holdem,,,"Role-playing (RPG), Strategy, Card & Board Game","Linux, PC (Microsoft Windows)",Fantasy,"poker, roguelike, dungeon crawler, deck-building, roguelike deckbuilder",MicroProse,,Single player
Runix: Pinball Roguelike,,,"Role-playing (RPG), Strategy, Pinball, Indie, Arcade",PC (Microsoft Windows),"Action, Fantasy","roguelike, pinball, digital pinball",Meteor Forge,Bird view / Isometric,Single player
Clinical Marshmallows,,,"Strategy, Indie, Card & Board Game","Linux, PC (Microsoft Windows), Mac",,"roguelike, hospital, dark humor, dice, steam achievements, steam cloud, deck-building, card battler, nextfest october 2025",System 9 Games,,Single player
Winter Hunting,,,"Puzzle, Strategy, Indie",PC (Microsoft Windows),Survival,"casual, match 3, steam achievements, rpg elements, roguelite, accessibility options, winter, playable without timed input, mouse only option, custom volume controls, nextfest october 2025",,,Single player
The Vow: Vampire's Curse,,,"Strategy, Turn-based strategy (TBS), Tactical, Indie",PC (Microsoft Windows),"Fantasy, Mystery","tactical turn-based combat, roguelite, collecting card game - ccg, roguelike deckbuilder",Mimyr Games,Bird view / Isometric,Single player
Die By Die,,,"Role-playing (RPG), Adventure, Indie","PC (Microsoft Windows), Mac",Fantasy,"dice, roguelite",Hudol House,Text,"Single player, Multiplayer, Co-operative"
Doombox,,,"Role-playing (RPG), Adventure, Indie",PC (Microsoft Windows),"Action, Fantasy, Survival","roguelike, 2.5d, pixel art, pixel graphics, controller support, bullet heaven",,Bird view / Isometric,Single player
"Beki, Do You Copy?",,,"Strategy, Adventure, Indie",PC (Microsoft Windows),"Action, Science fiction",roguelite,"Two Tiny Dice, Indie Asylum",First person,Single player
Warlocks Maze,,,"Role-playing (RPG), Strategy, Indie",PC (Microsoft Windows),Fantasy,"dungeon crawler, roguelite, nextfest october 2025",Teutonic Games,Bird view / Isometric,"Single player, Multiplayer"
Spell Fragments,,,"Shooter, Role-playing (RPG), Hack and slash/Beat 'em up, Indie",PC (Microsoft Windows),"Action, Fantasy","magic, dungeon crawling, roguelite, online coop, spell caster, action roguelike, loot, hack'n'slash",Cocoro Software,Third person,"Single player, Co-operative"
Match! The 12 CZ Wars,,,"Role-playing (RPG), Strategy, Indie",PC (Microsoft Windows),Fantasy,"roguelike, match 3, chinese zodiac, nextfest october 2025",CorvusCorax Studio,,Single player
IAH: Internet War,,,"Real Time Strategy (RTS), Simulator, Strategy, Turn-based strategy (TBS), Indie",PC (Microsoft Windows),Action,roguelike,,,Single player
Lo and Behold,,,"Adventure, Indie",PC (Microsoft Windows),"Action, Fantasy","roguelike, owl, steam achievements, xbox controller support for pc, cozy, action roguelike",Soulcraft Games,Bird view / Isometric,Single player
Iron Shadow: Survival Protocol,,,"Platform, Indie",PC (Microsoft Windows),"Action, Survival","roguelike, 2d platformer, xbox controller support for pc, action roguelike, sidescroller",,Side view,Single player
Of Grit & Graves,,,"Role-playing (RPG), Strategy, Turn-based strategy (TBS), Indie","Linux, PC (Microsoft Windows), Mac",Fantasy,"roguelike, turn-based tactics, dice, dungeon crawler, tactical rpg ( trpg ), steam achievements, roguelite",Melted Monster Game Studio,Bird view / Isometric,Single player
Shrike,,,"Role-playing (RPG), Strategy, Indie, Card & Board Game",PC (Microsoft Windows),Stealth,"medieval, roguelike, procedural generation, pixel art, pixel graphics, deck-building, roguelike deckbuilder",Quirx Games,,Single player
Hell Bug,,,"Shooter, Adventure, Indie, Arcade",PC (Microsoft Windows),"Action, Comedy","roguelike, insects, permadeath, difficult, bullet hell, funny, pixel art, pixel graphics, dungeon crawler, roguelite, bug, action roguelike",,Bird view / Isometric,Single player
Fabulous Fool,,,"Strategy, Indie, Arcade",PC (Microsoft Windows),Fantasy,"roguelike, solitaire, deck-building, roguelike deckbuilder",Diamond Head,,Single player
Mythokyn Nightfall,,,Indie,PC (Microsoft Windows),"Action, Fantasy","roguelike, pixel art, pixel graphics, creature collector",Alternal,Bird view / Isometric,Single player
The Hollow Alchemist,,,"Strategy, Indie, Card & Board Game",PC (Microsoft Windows),Fantasy,"roguelike, dice, alchemy, deck-building, roguelike deckbuilder",,Third person,Single player
Eye of Khaos,,,Role-playing (RPG),"Linux, PC (Microsoft Windows)",Fantasy,"turn-based, roguelike, permadeath, pixel art, pixel graphics, grid-based movement, sword & sorcery",Seven Eons,Bird view / Isometric,Single player
The Severed Gods,,,"Role-playing (RPG), Strategy, Indie",PC (Microsoft Windows),Fantasy,"turn-based tactics, roguelite, turn-based rpg, party-based rpg, nextfest february 2026",Topebox Co. Ltd.,,Single player
Astra Vortex,,,"Indie, Arcade",,Science fiction,"roguelike, pixel art, pixel graphics, steam achievements, controller support",,,Single player
Arcane Overdrive,,,"Role-playing (RPG), Indie",PC (Microsoft Windows),"Action, Fantasy, Survival","roguelite, bullet heaven, nextfest october 2025",Nords,Bird view / Isometric,Single player
Moongrave,,,"Role-playing (RPG), Strategy, Adventure, Indie","Linux, PC (Microsoft Windows)","Action, Fantasy","tower defense, roguelite",,Bird view / Isometric,Single player
Glass x Cannon,,,"Shooter, Indie",PC (Microsoft Windows),Action,"roguelike, pixel art, pixel graphics","Dominoka, Pudzh115",Bird view / Isometric,Single player
Cursed Legacy,,,Indie,PC (Microsoft Windows),"Action, Fantasy","dark fantasy, pixel art, pixel graphics, steam achievements, steam cloud, roguelite",GrinSmile Studio,Bird view / Isometric,Single player
Kyvos,,,"Strategy, Indie, Card & Board Game",PC (Microsoft Windows),Fantasy,"roguelike, dice",Chiklin Studio,,Single player
Exorcist: Oldest Tongue,,,"Point-and-click, Simulator, Indie",PC (Microsoft Windows),Horror,"psychological horror, dark, 3d, resource management, mythology, simulation, single-player only, roguelite, deck-building, ai-generated artwork, card battler",727 Not Hound,First person,Single player
Blood Crucible,,,"Strategy, Indie, Card & Board Game",PC (Microsoft Windows),"Action, Fantasy","roguelike, crowdfunding - kickstarter, kickstarter unsuccessful, deck-building",Glass Cannon Craft,,Single player
Toadled: Eating Frenzy,,,"Shooter, Indie, Arcade","PC (Microsoft Windows), Mac","Action, Survival, Comedy","roguelike, frog, bullet hell, cartoon graphics, funny, dark humor, villain protagonist, villain, roguelite, comicbook style, dark comedy, playable character - toad, bullet heaven, toad, you play as the villain, action roguelike",Giant Fox Studios,Side view,Single player
Last Card Dungeon,,,"Role-playing (RPG), Strategy, Indie, Card & Board Game",PC (Microsoft Windows),Fantasy,"roguelike, pixel art, pixel graphics, steam achievements, xbox controller support for pc, steam cloud, steam leaderboards, auto battler",CarloC,Bird view / Isometric,Single player
Hopfall,,,"Strategy, Indie",PC (Microsoft Windows),Fantasy,"roguelike, frog, pixel art, pixel graphics, auto battler",Classical Frog,Side view,Single player
Mario's Challenge Gala,,,"Platform, Adventure",PC (Microsoft Windows),,"unofficial, roguelite, fangame, mario fangame, mfgg hall of fame - top 10 games of 2025",,Side view,Single player
Die or Die,,,"Strategy, Indie, Arcade",PC (Microsoft Windows),Action,"roguelike, arcade shooter, action roguelike, dice game",,Bird view / Isometric,Single player
Maple and Aluna,,,Role-playing (RPG),PC (Microsoft Windows),"Action, Fantasy","anime, roguelike, female protagonist, pixel art, pixel graphics, controller support, action roguelike",Agon Interactive,Bird view / Isometric,Single player
Alchemickal,,,Indie,"Linux, PC (Microsoft Windows)","Action, Fantasy","alchemy, roguelite",Rodbot,Bird view / Isometric,Single player
Sparrow Warfare,,,"Strategy, Indie, Card & Board Game","PC (Microsoft Windows), Mac",,"mahjong, nature, roguelite, deckbuilder",NEON AURELIUS,Side view,Single player
Lunar Crypt,,,"Role-playing (RPG), Turn-based strategy (TBS)",,Fantasy,roguelike,,Bird view / Isometric,Single player
Wartheon,,,"Role-playing (RPG), Adventure, Indie",PC (Microsoft Windows),Action,"retro, roguelike, dark fantasy, combat, cartoon, 2d rpg, top-down",,Bird view / Isometric,Single player
Gemmiferous,,,"Puzzle, Role-playing (RPG), Strategy, Adventure, Indie","PC (Microsoft Windows), Mac","Action, Fantasy","casual, medieval, dark, 2d, resource management, match 3, difficult, atmospheric, pixel graphics, dungeon crawler, tile matching, resource gathering, roguelite, puzzles",JslovieDev,Third person,Single player
Shifting Sands,,,"Role-playing (RPG), Strategy, Adventure, Indie","PC (Microsoft Windows), Mac","Action, Science fiction","roguelike, pixel art, pixel graphics, controller support, desert",Silent Sun,Bird view / Isometric,Single player
Zalozhnik,,,Point-and-click,PC (Microsoft Windows),,"detective, roguelike",SPGS GAMES,"First person, Third person",Single player
Rogue Skies,,,"Strategy, Tactical, Indie, Card & Board Game",PC (Microsoft Windows),Fantasy,"roguelike, steampunk, airship, deck-building, roguelike deckbuilder",Mythtales Interactive,Side view,Single player
Rochinko,,,"Role-playing (RPG), Strategy, Pinball, Indie, Card & Board Game",PC (Microsoft Windows),"Fantasy, Mystery","casual, physics, roguelike, dark fantasy, permadeath, single-player only, roguelite, roguelike deckbuilder, ai-generated artwork",IronDrop Studios,Bird view / Isometric,Single player
Flask,,,Strategy,"PC (Microsoft Windows), Mac",Fantasy,"roguelike, dark fantasy, alchemy, controller support, deck-building, auto battler, asynchronous multiplayer","Chop Chop Games, Ghost Ship Publishing",Side view,"Single player, Multiplayer"
Legacy of Pandora,,,"Role-playing (RPG), Turn-based strategy (TBS), Indie",PC (Microsoft Windows),Action,"greek mythology, roguelike, mythology, monster tamer",OPP Studios,Side view,Single player
Delve Down Under,,,"Adventure, Indie",PC (Microsoft Windows),Action,"bullet hell, australia, roguelite",Viking Roo,,Single player
Desinformator,,,Strategy,,Mystery,"3d, roguelike, management, economy, single-player only, first person horror",,First person,Single player
Gold & Ruin,,,"Adventure, Indie",Web browser,Action,"roguelike, action roguelike",VolatileCoder,Bird view / Isometric,Single player
The Atlas Problem,,,"Shooter, Strategy, Indie","Linux, PC (Microsoft Windows)","Action, Science fiction, Survival","tower defense, roguelike, steam achievements, steam cloud, steam leaderboards, ai-generated voices, ai-generated sound effects, nextfest october 2025",,First person,Single player
Withdrawal,,,"Shooter, Indie",PC (Microsoft Windows),Action,roguelike,arijxn,First person,Single player
Donkey Jump: In the Loop,,,"Role-playing (RPG), Strategy, Indie",PC (Microsoft Windows),,"level editor, steam cloud, controller support, roguelite, loops, ai-generated marketing, playable without timed input",Nue Games,Bird view / Isometric,Single player
Pinball Paladins,,,"Role-playing (RPG), Adventure, Indie",PC (Microsoft Windows),"Action, Fantasy","roguelike, roguelite, action roguelike",,Bird view / Isometric,Single player
Floramino,,,"Puzzle, Indie, Arcade",PC (Microsoft Windows),,"casual, gardening, cute, relaxing, garden, roguelite, cozy",Studio Lavacado,Bird view / Isometric,Single player
Basalt: The Cursed Vein,,,"Puzzle, Strategy, Indie",PC (Microsoft Windows),,"match 3, creepy, steam cloud, controller support, roguelite, digging, crt filter",Games People Play,,Single player
Delveborn,,,"Simulator, Strategy, Indie",Web browser,Fantasy,"roguelike, creature collector, autobattler",SaturnSaint,Side view,Single player
Waterjacked!,,,"Puzzle, Strategy","Linux, PC (Microsoft Windows), Mac",Science fiction,"western, robots, procedural generation, grid-based movement, turn-based combat, roguelite",A Frog's Pond,Side view,Single player
Slumber Realm,,,"Strategy, Turn-based strategy (TBS), Indie, Card & Board Game",PC (Microsoft Windows),Fantasy,"roguelike, 1990s, dice, dreams, dream world, roguelite, roguelike deckbuilder, dreamlike, dice game",Chugga Games,Side view,Single player
We Build Below,,,Strategy,PC (Microsoft Windows),Science fiction,"tower defense, procedural generation, voxel, resource management, automation, roguelite, alien world, underground, factory",Everheart,Bird view / Isometric,"Single player, Multiplayer, Co-operative"
Rewilders: The Lost Spring,,,"Adventure, Indie",PC (Microsoft Windows),"Action, Open world","steam achievements, roguelite, creature collector, action roguelike, monster collector, language support - catalan, closed captions",Herobeat Studios,Third person,Single player
Everlen: The Volgran Torment,,,"Shooter, Adventure, Indie",PC (Microsoft Windows),"Action, Science fiction","procedurally generated, controller support, roguelite",Goblin Studios,Third person,"Single player, Multiplayer, Co-operative"
The Lost Meowgician,,,Indie,"PC (Microsoft Windows), Mac",,"tower defense, roguelike, match 3, match 3 game",TopoLand,Bird view / Isometric,Single player
Slampunks,,,"Shooter, Role-playing (RPG), Indie","PC (Microsoft Windows), Mac",Action,"bullet hell, online co-op, pve, team-based, party-based, twin stick control, roguelite, action roguelike, horde survival",Hale Gameworks,Bird view / Isometric,"Single player, Multiplayer, Co-operative"
Carnaval Marbles,,,"Role-playing (RPG), Simulator, Strategy, Indie","Linux, PC (Microsoft Windows), Mac",,"pool, billiards, steam cloud, steam leaderboards, controller support, roguelite",Summoning Systems,Bird view / Isometric,Single player
Casualties: Unknown,,,"Simulator, Adventure, Indie",PC (Microsoft Windows),"Action, Survival","hell, bloody, dark, physics, 2d, crafting, procedural generation, permadeath, resource management, simulation, pixel art, scavenging, violent, loot gathering, ragdoll physics, realism, furry, roguelite","Orsonik's Studio, Oro Interactive",Side view,Single player
Deadboot,,,Shooter,PC (Microsoft Windows),Action,"retro, roguelike, deliberately retro",Thinking Frog,First person,Single player
Darklord's Tower,,,"Strategy, Indie",PC (Microsoft Windows),Action,"tower defense, procedural generation, traps, pixel graphics, controller support, roguelite",Mugigo,Side view,Single player
Mark My Words,,,"Strategy, Indie",,,"roguelike, word game, roguelike deckbuilder, deckbuilder",Liurnity,,Single player
Chronicles IV: Ebonheim,,,"Role-playing (RPG), Strategy, Adventure, Indie","Linux, PC (Microsoft Windows), Mac",Fantasy,"dark fantasy, pixel graphics, dungeon crawler, turn-based combat, deliberately retro, roguelite, playable without timed input",Brianna Townsend,Bird view / Isometric,Single player
Starforged Legacy,,,"Indie, Arcade",PC (Microsoft Windows),"Action, Science fiction, Survival","bullet hell, roguelite, bullet heaven, action roguelike",Second Shift Games,Bird view / Isometric,Single player
Roadside In Hell,,,Role-playing (RPG),PC (Microsoft Windows),Horror,roguelike,,Side view,Single player
To The Grave: The Hunters of Faenora,,,"Role-playing (RPG), Strategy, Turn-based strategy (TBS), Tactical","Web browser, Android, iOS",Fantasy,"jrpg, turn-based tactics, pixel art, pixel graphics, tactical rpg ( trpg ), squad tactics, roguelite, blockchain, turn-based rpg, crypto, nft",2TG Entertainment,Bird view / Isometric,Single player
Destiny Code,,,"Role-playing (RPG), Strategy, Indie, Card & Board Game",PC (Microsoft Windows),"Fantasy, Science fiction","anime, xbox controller support for pc, roguelite, deck-building, steam families, nextfest october 2025","Project.L.A, Anchor Inc",,Single player
Seasons of Solitude,,,"Strategy, Turn-based strategy (TBS), Indie",PC (Microsoft Windows),Survival,"prehistoric, hexagon, steam cloud, roguelite, hexagon tiles, hex grid, steam families",Ninjarithm,Bird view / Isometric,Single player
It's Breaking Out,,,"Strategy, Indie, Card & Board Game",PC (Microsoft Windows),Fantasy,"roguelike, lovecraftian, dice, steam achievements, roguelike deckbuilder, steam families",BrewWhale,,Single player
Pax Autocratica,,,"Shooter, Simulator, Indie",PC (Microsoft Windows),"Action, Science fiction, Warfare","crafting, satire, dark humor, base building, automation, roguelite, colony simulator, mechs, totalitarianism simulator",Multiverse,First person,Single player
Hear The Bell Toll,,,Strategy,PC (Microsoft Windows),,"gothic, procedural generation, resource management, city builder, roguelite, synergies",Syphono4,Bird view / Isometric,Single player
Grosseries,,,"Adventure, Indie",PC (Microsoft Windows),"Action, Horror","survival horror, roguelite","Arcadia's Creations, ZEDOKO",First person,"Single player, Multiplayer, Co-operative"
Rune Dungeon,,,"Strategy, Indie",PC (Microsoft Windows),Fantasy,"procedural generation, upgradable equipment, roguelite, autobattler, ai-generated translations, ai-generated marketing",Rune Mason,Side view,Single player
The Heart of Anathema,,,"Role-playing (RPG), Strategy",PC (Microsoft Windows),Fantasy,"dark fantasy, forest, steam cloud, roguelite, card battler",Box Collider Game Studios,Bird view / Isometric,Single player
Edenwound,,,Role-playing (RPG),PC (Microsoft Windows),Horror,"dark fantasy, female protagonist, multiple endings, pixel graphics, dungeon crawler, turn-based combat, controller support, roguelite",NoEye-Soft,"First person, Bird view / Isometric",Single player
Hearthguard,,,"Strategy, Indie",PC (Microsoft Windows),Fantasy,"tower defense, steam cloud, controller support, roguelite",Sleepy Creepy Studio,Bird view / Isometric,Single player
Battles of Cardista,,,Strategy,PC (Microsoft Windows),Fantasy,"pirates, procedural generation, elves, goblins, roguelite, deck-building, card battler",Curious Fury,,"Single player, Multiplayer"
Supersonic Highway Defenders,,,"Strategy, Indie",PC (Microsoft Windows),,"vehicular combat, time loop, vehicle customization, roguelite",,Bird view / Isometric,Single player
Cloudbreaker,,,"Role-playing (RPG), Strategy, Indie",PC (Microsoft Windows),"Action, Fantasy","pixel art, pixel graphics, inventory management, xbox controller support for pc, airship, roguelite, bullet heaven",Ballast Games,,Single player
Mythswayer,,,"Adventure, Indie",PC (Microsoft Windows),"Action, Fantasy","roguelite, action roguelite",Angry Cat Studios,Bird view / Isometric,Single player
The Matter of Being,,,"Role-playing (RPG), Strategy, Indie, Visual Novel","PC (Microsoft Windows), Mac",,"level editor, magic, management, multiple endings, abstract, choices matter, roguelite",,Text,Single player
Bear Defence Situation,,,"Strategy, Indie, Card & Board Game","Linux, PC (Microsoft Windows)",Action,"tower defense, bear, controller support, roguelite, adjustable difficulty",,Bird view / Isometric,Single player
Summoner's Gambit,,,"Role-playing (RPG), Strategy, Indie",PC (Microsoft Windows),,"roguelike, autobattler, card battler",Billion Studio,,"Single player, Multiplayer"
Space Miner,,,Indie,PC (Microsoft Windows),"Action, Science fiction","shoot 'em up, roguelite, highscore",,,Single player
Seven Squad,,,"Strategy, Indie",PC (Microsoft Windows),Action,"roguelike, action roguelike",Baxter Games Studio,Bird view / Isometric,Single player
Wicked Little Witch,,,"Adventure, Indie",PC (Microsoft Windows),"Action, Fantasy","casual, female protagonist, pixel art, pixel graphics, xbox controller support for pc, controller support, roguelite, bullet heaven",Aliu,Bird view / Isometric,Single player
Domini,,,"Puzzle, Strategy",PC (Microsoft Windows),,"roguelike, domino, nextfest october 2025",Death by Chicken,,Single player
Perish Parade,,,"Role-playing (RPG), Strategy, Turn-based strategy (TBS), Adventure",,Fantasy,"roguelite, turn-based rpg",,Side view,Single player
4Dead,,,,PC (Microsoft Windows),Action,roguelike,,Bird view / Isometric,Single player
Nightmare Invasion,,,"Strategy, Indie, Card & Board Game",PC (Microsoft Windows),Fantasy,"pixel art, pixel graphics, roguelite, nextfest october 2025",ANArKH,Bird view / Isometric,Single player
The Serpent and the Crow,,,Role-playing (RPG),PC (Microsoft Windows),"Action, Fantasy","steam achievements, steam cloud, controller support, roguelite, action roguelite","Megafauna Games, Aerie Digital",Bird view / Isometric,Single player
Cascade,,,"Platform, Indie",PC (Microsoft Windows),Action,"fast paced, abstract art style, roguelite",Silicon Souls,First person,Single player
Sin & Siege,,,"Strategy, Indie",PC (Microsoft Windows),Fantasy,"hell, pixel graphics, roguelite","Nova xPress, HeroCraft PC",Side view,Single player
Awaking Beauty,,,"Hack and slash/Beat 'em up, Adventure, Indie",PC (Microsoft Windows),"Action, Fantasy, Science fiction","female protagonist, mecha, roguelite, action roguelike, action roguelite",,Side view,"Single player, Multiplayer, Co-operative"
Soul Machine,,,"Shooter, Adventure, Indie",PC (Microsoft Windows),Action,roguelike,Cherlie,First person,Single player
Vexbox,,,"Puzzle, Strategy","Linux, PC (Microsoft Windows)",,"roguelike, minimalist, logic","Table 9 Studio, LLC",Bird view / Isometric,Single player
The Stochastic Dungeons of Apogee,,,"Role-playing (RPG), Indie","Android, PC (Microsoft Windows)","Action, Fantasy","roguelike, procedural generation, roguelite",Mechanical Hands,Bird view / Isometric,Single player
Love Sick Cats,,,"Shooter, Indie",PC (Microsoft Windows),Action,"roguelike, cats, zombie apocalypse",Pockolas,Third person,Single player
Dead on Delivery,,,Shooter,PC (Microsoft Windows),Comedy,"zombies, shoot 'em up, roguelike, bullet hell, pizza, action roguelike",LabZene Games,Bird view / Isometric,Single player
Crystal Calamity,,,"Strategy, Card & Board Game",PC (Microsoft Windows),Fantasy,"anime, roguelike, turn-based tactics, hexagon, tactical turn-based combat, hexagon tiles, deck-building, roguelike deckbuilder, hex grid",Jump Out of Box,Bird view / Isometric,Single player
Dwarfs Descent,,,"Role-playing (RPG), Hack and slash/Beat 'em up, Adventure, Indie",PC (Microsoft Windows),"Action, Fantasy","casual, procedural generation, stylized, dungeon crawling, procedurally generated, developed by one person, rpg elements, randomly generated maps, roguelite, action roguelike",,Third person,Single player
Hollow Host,,,Adventure,PC (Microsoft Windows),"Fantasy, Horror","retro, roguelike, procedural generation, old school, deliberately retro, controller support","Crit42 Studio, The Bueno Interactive",First person,"Single player, Multiplayer, Co-operative"
Scorchwalkers,,,"Strategy, Card & Board Game",PC (Microsoft Windows),,"kaiju, roguelite, deck-building, mechs",Fatal Fawn Games,Bird view / Isometric,Single player
Tumbles,,,"Platform, Adventure, Indie",PC (Microsoft Windows),,"physics, roguelike, cute, speedrun, foddian",Stout Heart Games,Side view,Single player
Reply All,,,"Strategy, Card & Board Game",PC (Microsoft Windows),Comedy,"roguelike, capitalism, deck-building, roguelike deckbuilder, office",Peculiar Path Productions,Bird view / Isometric,Single player
Berserker's Domain,,,"Shooter, Indie",PC (Microsoft Windows),"Action, Fantasy, Science fiction","retro, roguelike, fast paced, procedural generation, old school, quake, low-poly, deliberately retro, boomer shooter, ultrakill",breakky,First person,Single player
Blade and Madness,,,"Role-playing (RPG), Strategy, Indie, Card & Board Game",PC (Microsoft Windows),Fantasy,"dark fantasy, lovecraftian, roguelite, deck-building",Crimson Birds Studio,First person,Single player
Cards n' Varmints,,,"Strategy, Turn-based strategy (TBS), Tactical, Arcade",,Action,"roguelike, autobattler",,Side view,Single player
Nightpyre,,,"Adventure, Indie",PC (Microsoft Windows),Fantasy,"magic, dungeon crawling, dungeon crawler, roguelite, soulslike",Silveil,,Single player
Pathogenic,,,"Shooter, Role-playing (RPG), Simulator, Indie","Linux, PC (Microsoft Windows), Mac",Action,"roguelike, controller support, action roguelike, microbiology","Aberrant Labs, Slug Disco",Bird view / Isometric,"Single player, Multiplayer, Co-operative"
Fight-Quest,,,"Role-playing (RPG), Hack and slash/Beat 'em up, Indie, Arcade",PC (Microsoft Windows),"Action, Fantasy, Survival","fast paced, steam achievements, gnome, roguelite, steam families, action roguelite, ultrakill, nextfest october 2025",Carl Carpenter,First person,Single player
You Do Not Exist,,,"Adventure, Indie",PC (Microsoft Windows),"Action, Science fiction","bounty hunting, roguelite",Thirteenth Month,Bird view / Isometric,Single player
Dead Station Files,,,"Puzzle, Strategy, Tactical, Indie",PC (Microsoft Windows),"Science fiction, Survival","space station, investigation, turn-based, roguelike, nextfest june 2025",DaringNova,"First person, Text",Single player
Goblin Journal,,,"Role-playing (RPG), Strategy, Adventure, Indie",PC (Microsoft Windows),Fantasy,"turn-based, procedural generation, goblin, roguelite, auto battler, nextfest june 2025",,,Single player
Into The Unwell,,,Indie,PC (Microsoft Windows),Action,"1930s, cartoony, roguelite, cartoon, action roguelike","Coffee Stain Publishing, She Was Such A Good Horse",Third person,"Single player, Multiplayer, Co-operative"
Rogue Rollers,,,"Role-playing (RPG), Strategy, Pinball, Adventure, Indie",PC (Microsoft Windows),"Action, Fantasy","summoning support, procedural generation, permadeath, class-based, pixel graphics, boss fight, steam leaderboards, controller support, roguelite",,,Single player
Montabi,,,"Strategy, Indie",PC (Microsoft Windows),,"roguelite, creature collector, deckbuilder","Akupara Games, Mankibo",Bird view / Isometric,Single player
Escalating Duel,,,Fighting,PC (Microsoft Windows),Action,"roguelike, versus, local multiplayer, deck-building",Federico Calchera,Side view,"Multiplayer, Split screen"
Monuments to Ruin,,,"Strategy, Indie",PC (Microsoft Windows),Fantasy,"tower defense, roguelite",Ohnsinn,Bird view / Isometric,Single player
Exark,,,Strategy,PC (Microsoft Windows),Fantasy,"roguelike, inventory management, city builder, rougelite, auto battler","Robot Cat Limited, Goblinz Publishing",Bird view / Isometric,Single player
No Way Home: Blammo!,,,Indie,PC (Microsoft Windows),"Action, Science fiction","female protagonist, space, colorful, steam leaderboards, controller recommendation, controller support, roguelite, twin stick",SMG Studio,,Single player
Ex Sanguis,,,Strategy,PC (Microsoft Windows),Fantasy,roguelite,"Lightbulb Crew, Firesquid",,Single player
Crit Happens!,,,"Role-playing (RPG), Strategy, Indie",PC (Microsoft Windows),Fantasy,"knights, turn-based, roguelike, dice, turn-based combat, roguelite, deck-building, roguelike deckbuilder, deckbuilder, dice game",Studio Alone,,Single player
Downtown Shuffle,,,Strategy,,,"turn-based, free-to-play, vampires, city builder, controller support, roguelite, roguelike deckbuilder, card battler",,Bird view / Isometric,Single player
UnderMire,,,"Adventure, Indie",PC (Microsoft Windows),Action,"magic, crafting, procedural generation, stylized, spooky, cartoony, cat, hallucination, controller support, roguelite, proximity voice chat, loot",Table Knight Games,First person,"Single player, Multiplayer, Co-operative"
Empty Shell 2,,,"Shooter, Adventure, Indie",PC (Microsoft Windows),"Action, Horror",roguelike,CC Arts,Bird view / Isometric,Single player
Liha,,,"Shooter, Indie",PC (Microsoft Windows),"Action, Science fiction","vehicular combat, procedural generation, roguelite, action roguelike",Game Kombinat,First person,Single player
Lunaraxia: Magpie Sings of the World's End,,,"Role-playing (RPG), Adventure, Indie",PC (Microsoft Windows),Action,"female protagonist, roguelite","Iron Deer Games, DAID Games",Third person,Single player
Bonebuilder,,,"Role-playing (RPG), Adventure, Indie",PC (Microsoft Windows),"Action, Fantasy","roguelike, dark fantasy, skeleton, skeletons",VECTOR WARRIOR,Third person,Single player
PokeVoid,,,"Role-playing (RPG), Strategy, Indie",Web browser,Action,"roguelike, unofficial, roguelite, fangame, pokemon fangame, fanmade",SmittyNugget,"Third person, Bird view / Isometric",
Polygon Survivors,,,Indie,PC (Microsoft Windows),"Action, Survival","bullet hell, roguelite, action roguelike",,Bird view / Isometric,Single player
Eldritch 2,,,"Shooter, Role-playing (RPG), Indie","Linux, PC (Microsoft Windows)","Action, Fantasy, Horror, Stealth","procedural generation, lovecraftian, roguelite, h. p. lovecraft",Minor Key Games,First person,Single player
Remnants of Yore,,,"Role-playing (RPG), Hack and slash/Beat 'em up, Adventure, Indie",PC (Microsoft Windows),"Action, Romance","roguelite, cozy",Harakka Studio,Bird view / Isometric,Single player
Dwarrf: A Pinball Roguelike,,,Role-playing (RPG),"Linux, PC (Microsoft Windows)",Action,"roguelike, pinball",Sam Stubbings,Bird view / Isometric,Single player
Gear Up Einstein!,,,Strategy,PC (Microsoft Windows),"Science fiction, Historical","roguelike, turn-based tactics, inventory management, roguelite, online coop, autobattler",No Deadlines,Side view,"Single player, Multiplayer, Co-operative"
Cumdor no Tou: Zetsubou no Majo,,,Role-playing (RPG),,,roguelike,Chikyuu no Ousetsuma,First person,Single player
OrbGuard,,,"Strategy, Indie",PC (Microsoft Windows),"Action, Fantasy, Science fiction, Survival","tower defense, roguelike, relaxing, auto-aim, wave attack, roguelite",Twigstick,Side view,Single player
Atlas Brave,,,"Role-playing (RPG), Hack and slash/Beat 'em up, Indie",PC (Microsoft Windows),"Action, Fantasy","2d, roguelike, dungeon crawling, pixel graphics, dungeon crawler, action-rpg",Flow Forge Studios,Bird view / Isometric,"Single player, Multiplayer, Co-operative"
Drill Space,,,"Simulator, Adventure, Indie","PC (Microsoft Windows), Mac","Action, Science fiction","aliens, space mining, space, randomly generated maps, planet, roguelite, drill",,Side view,Single player
GrimKeep,,,"Role-playing (RPG), Adventure, Indie","Linux, PC (Microsoft Windows), PlayStation 5, Mac",Fantasy,"roguelike, dice, roguelite, dice game",Resolution Games,Side view,Single player
Pay Your Crimes,,,Strategy,PC (Microsoft Windows),,"organized crime, roguelike, management, time management",PLGames,,Single player
Blanksword,,,"Role-playing (RPG), Turn-based strategy (TBS), Indie","Linux, PC (Microsoft Windows)",,"dark, roguelike, procedural generation, pixel graphics, turn-based combat, story rich",Quinn K.,Bird view / Isometric,Single player
Cartomantic,,,"Role-playing (RPG), Strategy, Indie, Card & Board Game",PC (Microsoft Windows),Fantasy,"pixel graphics, steam achievements, roguelite, deck-building, tarot, deckbuilder, card battler","Ash Makes Games, HypeTrain Digital",,Single player
Chromatic Odyssey,,,"Real Time Strategy (RTS), Strategy",PC (Microsoft Windows),,"roguelike, adjustable difficulty, accessibility options, save anytime, color alternatives, custom volume controls",Exopixel Studio,,"Single player, Multiplayer, Co-operative"
Throne of Marrow,,,Adventure,PC (Microsoft Windows),"Action, Fantasy","medieval, roguelike, metroidvania, dark fantasy, action-adventure, pixel art, roguelite, pixel art game, action-rpg",Mr Sheriffen,Side view,Single player
Sheeple,,,"Real Time Strategy (RTS), Strategy, Indie","Linux, PC (Microsoft Windows), Mac","Action, Fantasy","roguelike, pixel art, pixel graphics, steam achievements, steam cloud, remote play, controller support, deck-building, auto battler, deckbuilder, steam families",Ill-Fated Studios,Bird view / Isometric,"Single player, Multiplayer, Split screen"
Spellloom,,,"Role-playing (RPG), Adventure, Indie, Arcade",PC (Microsoft Windows),"Action, Fantasy","retro, 1980s, 2d, roguelike, crafting, difficult, bullet hell, dungeon crawling, pixel graphics, combat, dungeon crawler, twin stick control, bullet heaven, action roguelike",Byte Jazz Games,Bird view / Isometric,Single player
Lil Lootin Lizards,,,"Puzzle, Strategy",,,"blocks, procedurally generated, roguelite, lizards",,Bird view / Isometric,"Single player, Co-operative"
Fillet Fury,,,"Strategy, Indie",PC (Microsoft Windows),Action,"wild west, stylized, roguelite",Sundawn Studios,First person,Multiplayer
Fire & Brimstone,,,"Role-playing (RPG), Turn-based strategy (TBS), Tactical, Adventure, Indie","Linux, PC (Microsoft Windows), Mac",Fantasy,"exploration, turn-based, roguelike, procedural generation, dungeon crawling, pixel art, pixel graphics, traditional roguelike, lava",PUNKCAKE Délicieux,Bird view / Isometric,Single player
Hyper Sentinel Fusion,,,"Shooter, Indie, Arcade",PC (Microsoft Windows),"Action, Science fiction","shoot 'em up, crowdfunding - kickstarter, roguelite, retro arcade shooter",Huey Games,Bird view / Isometric,Single player
Glory On Pluto,,,"Strategy, Indie, Arcade",PC (Microsoft Windows),Science fiction,"roguelite, roguelike deckbuilder, deckbuilder",,,Single player
Wizard Cats,,,"Role-playing (RPG), Strategy, Adventure, Indie",PC (Microsoft Windows),Action,"roguelike, roguelite, action roguelike, action roguelite",,,Single player
Bootsies,,,Fighting,PC (Microsoft Windows),Action,"roguelite, 2d fighting, online pvp",Playgarden Games,Side view,"Single player, Multiplayer"
Duo Quest,,,"Strategy, Indie",,,"roguelite, deck-building",1+1 Studios,,"Multiplayer, Co-operative, Split screen"
Rogue Candy,,,"Shooter, Indie",PC (Microsoft Windows),"Action, Fantasy, Open world","3d, physics, roguelike, permadeath, bullet hell, stylized, colorful, single-player only, ragdoll physics, randomly generated maps, alien world, looter shooter, chaotic, chaos, action roguelike",Nikodem Grzonkowski,First person,Single player
Card Draw,,,"Strategy, Indie","Linux, PC (Microsoft Windows), Mac",,"casual, 2d, roguelike, gambling, math, solitaire, dice, clicker, relaxing, score attack, math games, single-player only, minimalism, minimalistic graphics, indie developer, logic puzzle, solo developer, incremental game, roguelike deckbuilder, replayability, idler, minimalist, deckbuilder, mathematics, replay value, dice game, logic, incremental",Valdis Gunn,,Single player
Grimroll,,,"Strategy, Turn-based strategy (TBS), Indie",PC (Microsoft Windows),Fantasy,"roguelike, dice, slavic folklore, folklore, roguelite, deck-building, roguelike deckbuilder, dice game",Under the Stairs,Side view,Single player
Better Letter,,,"Strategy, Indie",PC (Microsoft Windows),,"word game, roguelite",Inkspire Studios,,Single player
Nuclear Tides,,,"Strategy, Indie",PC (Microsoft Windows),,"post-apocalyptic, tower defense, procedurally generated, radiation, roguelite, minimalist",,Bird view / Isometric,Single player
Metrophobia,,,"Platform, Puzzle, Adventure, Indie",PC (Microsoft Windows),"Action, Horror","psychological horror, investigation, 3d, roguelike, trains, action-adventure, noir, hidden object, pve, walking simulator, surreal, dungeon crawler, puzzle platformer, mystery dungeon, underground, action roguelike, anomaly",,First person,Single player
Rogunky,,,"Platform, Adventure, Indie",PC (Microsoft Windows),Action,"roguelike, procedural generation, cartoony, controller support",,Side view,Single player
Scaravan 66,,,"Racing, Indie",PC (Microsoft Windows),Action,"vehicle combat, roguelite, car battle, action roguelike",Lithic Entertainment Inc.,Third person,Single player
Fractured Memories,,,"Adventure, Indie",PC (Microsoft Windows),Action,"roguelite, deck-building, card battler",,,Single player
Ocean Survivors,,,"Indie, Arcade",PC (Microsoft Windows),Action,"pirates, casual, 3d, roguelike, bullet hell, naval, sailing, score attack, single-player only, controller recommendation, roguelite, naval combat, action roguelike, survival shooter, action-rpg, top-down",Aremji Games,Bird view / Isometric,Single player
Dice Trek,,,Strategy,PC (Microsoft Windows),"Action, Science fiction","procedural generation, space, dice, turn-based combat, choices matter, vehicle combat, roguelite",,,Single player
Fight,,,"Puzzle, Adventure, Indie","Web browser, PC (Microsoft Windows)",Fantasy,"weird, 2d, experimental, roguelike, crafting, procedural generation, dungeon crawling, pixel art, dungeon crawler, sokoban, sokoban-like",SaturnSaint,Bird view / Isometric,Single player
Superstition BlackCat,,,"Shooter, Hack and slash/Beat 'em up, Indie",PC (Microsoft Windows),Action,"roguelite, brazilian culture, brazilian folklore, top-down",,Bird view / Isometric,"Single player, Multiplayer, Co-operative"
Star Crew,,,"Adventure, Indie","Linux, PC (Microsoft Windows)","Action, Science fiction, Horror, Comedy","roguelike, dystopian, space, online co-op, retro future, roguelite, dark comedy",Janarik Games,First person,"Single player, Multiplayer, Co-operative"
Isles of Krom,,,"Role-playing (RPG), Hack and slash/Beat 'em up, Adventure, Indie",PC (Microsoft Windows),"Action, Fantasy, Horror, Survival, Mystery","dark, roguelike, dark fantasy, roguelite, soulslike, indie developer, dark ambient, action roguelike",Floppy Goat,"Third person, Bird view / Isometric",Single player
The Weather Up There,,,Role-playing (RPG),Nintendo DS,"Fantasy, Mystery","pokemon, roguelike, unofficial, rom hack",,Bird view / Isometric,Single player
Oath of the Necromancer,,,"Role-playing (RPG), Strategy, Indie, Arcade","Web browser, PC (Microsoft Windows)","Action, Fantasy, Mystery","exploration, casual, dark, 2d, dark fantasy, skeleton, pve, pixel art, necromancy, roguelite, action roguelike, top-down, horde survival",,Bird view / Isometric,Single player
Egress Protocol,,,Indie,"Web browser, PC (Microsoft Windows), Mac","Thriller, Survival, Party","psychological thriller, roguelike, couch co-op, controller support, keyboard game",,"Third person, Bird view / Isometric","Single player, Multiplayer, Co-operative"
Chaos Ascension,,,"Role-playing (RPG), Indie",PC (Microsoft Windows),Action,roguelite,Gaming Hamster,Bird view / Isometric,Single player
Timelake: Time Travel Tactics,,,"Puzzle, Simulator, Strategy, Tactical, Adventure, Indie",PC (Microsoft Windows),"Fantasy, Horror","time travel, resource management, time manipulation, roguelite",Catenary Games,Bird view / Isometric,Single player
Booze & Ooze,,,"Role-playing (RPG), Simulator, Strategy, Turn-based strategy (TBS), Card & Board Game",PC (Microsoft Windows),"Fantasy, Business","store management, roguelite, deckbuilder, tavern",AGORA:GAMEPLAY,"First person, Bird view / Isometric, Text",Single player
Zoomageddon,,,"Shooter, Role-playing (RPG), Strategy, Adventure, Indie",PC (Microsoft Windows),Action,"post-apocalyptic, cyberpunk, roguelike, bullet hell, roguelite, bullet heaven",Frame Rats Digital,Bird view / Isometric,Single player
Jet Scalawag: The King of Shooters,,,"Shooter, Simulator, Indie",PC (Microsoft Windows),Action,"shoot 'em up, roguelite","Jet Scalawag, Ultimedia Productions",Third person,Single player
Conqueror Of The Galaxy,,,"Shooter, Indie",PC (Microsoft Windows),"Action, Science fiction, Survival","roguelike, bullet hell",,Bird view / Isometric,Single player
Astral Break,,,"Hack and slash/Beat 'em up, Indie",PC (Microsoft Windows),"Action, Science fiction","roguelike, mecha, roguelite",Orb Square Studio,Bird view / Isometric,"Single player, Multiplayer, Co-operative"
Emberfall,,,"Platform, Hack and slash/Beat 'em up, Adventure, Arcade","Xbox Series X|S, Linux, PC (Microsoft Windows), PlayStation 5, Nintendo Switch","Action, Fantasy, Survival","metroidvania, bullet hell, 2d platformer, roguelite, action roguelike",Dreamirl,Side view,Single player
Soul Shuffler,,,"Simulator, Strategy, Indie, Card & Board Game",PC (Microsoft Windows),Fantasy,"2d, crafting, cute, tabletop, dark humor, turn-based combat, colorful, roguelite, roguelike deckbuilder, creature collector, deckbuilder, card battler",Weasel Token,Bird view / Isometric,Single player
Bloody Cleanup,,,Adventure,PC (Microsoft Windows),"Action, Horror","exploration, psychological horror, roguelike, procedural generation, permadeath, action-adventure, pve, funny, atmospheric, survival horror, roguelike horror",Grim Look,First person,"Single player, Multiplayer, Co-operative"
Mini Dungeon,,,"Hack and slash/Beat 'em up, Adventure, Indie",PC (Microsoft Windows),Action,roguelike,Polar,Bird view / Isometric,Single player
Crystal Rail,,,"Role-playing (RPG), Strategy, Turn-based strategy (TBS), Indie",PC (Microsoft Windows),"Fantasy, Business","animals, turn-based, roguelike, steampunk, trains, talking animals, colorful, roguelite, deckbuilder, hand-painted, trade and economics",Densetsu Creative,Bird view / Isometric,Single player
Echoes of Heroes: Legends Never Die,,,Role-playing (RPG),PC (Microsoft Windows),Fantasy,"crowdfunding - kickstarter, roguelite, turn-based rpg",Frost Light Studios,Bird view / Isometric,Single player
Mac & Jack: Candy Bashers,,,"Platform, Indie",PC (Microsoft Windows),Action,"halloween, high score, roguelite",,Side view,Single player
Die in the Dungeon: Classic,,,"Role-playing (RPG), Strategy, Indie, Card & Board Game","Web browser, Linux, PC (Microsoft Windows), Mac",Fantasy,"roguelike, frog, cute, pixel art, dice, turn-based combat, deck-building, turn-based rpg",DitD Team,Side view,Single player
Cargo 19,,,"Strategy, Adventure, Indie","PC (Microsoft Windows), Mac",Science fiction,"resource management, spaceship, roguelite, cargo",,,Single player
Flaregate Network,,,"Strategy, Turn-based strategy (TBS), Indie, Card & Board Game",PC (Microsoft Windows),"Science fiction, Warfare","aliens, space strategy, roguelike, spaceship, space warfare, space, indie developer, space battles, space combat, space opera, space flight, deck-building, roguelike deckbuilder, deckbuilder, card battler, space ships, spaceships",Keycard Studio,Bird view / Isometric,Single player
The Infernal Mist,,,"Hack and slash/Beat 'em up, Indie",PC (Microsoft Windows),"Action, Fantasy","roguelike, roguelite",Fireside Realm Studio,Third person,Single player
Arms of God,,,"Role-playing (RPG), Hack and slash/Beat 'em up, Indie",PC (Microsoft Windows),"Action, Fantasy, Science fiction","bullet hell, roguelite, bullet heaven","Dark Jay Studio, Galaktus",Bird view / Isometric,Single player
Music of Destiny: Corrupted Dungeons,,,"Role-playing (RPG), Strategy, Adventure, Indie",PC (Microsoft Windows),Fantasy,"turn-based, roguelite, turn-based rpg",,,Single player
Embershade,,,"Turn-based strategy (TBS), Indie, Card & Board Game","Web browser, PC (Microsoft Windows)",,"monsters, roguelike, psychedelic, colorful, deck-building, dreamlike",Deblue,Side view,Single player
Apricity,,,"Role-playing (RPG), Hack and slash/Beat 'em up, Adventure, Indie",PC (Microsoft Windows),"Action, Fantasy, Survival, Historical","roguelike, action-adventure, farming, stylized, cozy, action roguelike, cozy horror, cozy adventure",Trickbyte Games,Bird view / Isometric,Single player
Ved: Recure,,,"Role-playing (RPG), Adventure, Indie",PC (Microsoft Windows),Action,roguelike,SummerClip,Third person,Single player
Homunculus,,,Strategy,PC (Microsoft Windows),,"pixel graphics, alchemy, roguelite, auto battler",,Side view,Single player
Mazer Laser,,,"Racing, Indie, Arcade","PC (Microsoft Windows), Mac",Action,"arcade racers, roguelike, difficult, increasing difficulty, challenging, neon, fastpace, nextfest june 2025",Madness games,Bird view / Isometric,Single player
Xenotech Arena,,,Indie,PC (Microsoft Windows),Action,"arena shooter, roguelite",,Bird view / Isometric,Single player
Colorless Odyssey,,,"Shooter, Indie","Web browser, Linux, PC (Microsoft Windows)",Action,"roguelite, ai-generated music",Tryliom,Bird view / Isometric,Single player
Red Rocket Defencism,,,"Simulator, Strategy, Indie",PC (Microsoft Windows),"Action, Historical, Warfare","tower defense, roguelike, city builder, steam achievements, steam cloud, deck-building, minimalist",tiny cactus studio,Bird view / Isometric,Single player
Of Blood and Descent,,,"Real Time Strategy (RTS), Strategy, Indie",PC (Microsoft Windows),"Action, Fantasy","roguelike, dark fantasy",kotakoren,Bird view / Isometric,Single player
Everglyph Trials,,,"Role-playing (RPG), Strategy, Indie, Card & Board Game","Linux, PC (Microsoft Windows), Mac",Fantasy,"roguelike, deck-building, card battler",Tabi Entertainment,Side view,Single player
Project Rogueteers,,,Shooter,PC (Microsoft Windows),Science fiction,"roguelike, pve, free-to-play, cyberpunk rpg",Level Infinite,Third person,"Multiplayer, Co-operative"
Infinity Wanderer,,,"Role-playing (RPG), Adventure, Indie","Linux, PC (Microsoft Windows), Mac","Action, Fantasy, Mystery","dark, 2d, roguelike, gothic, metroidvania, dark fantasy, vertical platforming, story mode, single-player only, soulslike, mystery dungeon, dark ambient, action roguelike, souls",Imdie Studios,Side view,Single player
Aetherdale,,,"Role-playing (RPG), Adventure, Indie",PC (Microsoft Windows),"Action, Fantasy",roguelite,,Third person,"Single player, Multiplayer, Co-operative"
Deception Engine,,,"Role-playing (RPG), Strategy",,"Action, Drama, Mystery","heist, roguelike, noir, base management, roguelite, turn-based rpg, roguelike deckbuilder, deckbuilder",Al Fine,,Single player
Abomi Nation: Monster Rifts,,,"Real Time Strategy (RTS), Role-playing (RPG), Strategy, Indie",PC (Microsoft Windows),Action,roguelike,Orange Pylon Games,"Bird view / Isometric, Side view",Single player
B-Air Micro,,,Indie,PC (Microsoft Windows),,"roguelike, retro graphics, lowrezjam 2014, lowrezjam",Elsewhere,"Bird view / Isometric, Side view",Single player
Trickster Trove,,,"Adventure, Indie",PC (Microsoft Windows),"Action, Fantasy, Horror","level editor, 3d, roguelike, gore, dungeon crawler, online coop, action roguelike",Gamirare,Third person,"Single player, Multiplayer, Co-operative"
Clock Out At 2,,,"Role-playing (RPG), Simulator, Adventure, Indie, Visual Novel",PC (Microsoft Windows),Horror,"psychological horror, female protagonist, black protagonist, choices matter, corporation, roguelite, indie developer, renpy, office",Borderless Studios,,Single player
Card Chronicles: Devious Deck,,,"Role-playing (RPG), Strategy, Indie","Web browser, Linux, PC (Microsoft Windows), Mac",Fantasy,"roguelike, procedural generation, pixel art, dungeon crawler, card based combat, roguelite, deck-building, turn-based rpg, deckbuilder, pixelart",,Third person,Single player
Roadlike,,,"Racing, Sport, Adventure, Indie, Arcade",PC (Microsoft Windows),Action,"roguelike, action roguelike",,Third person,"Single player, Multiplayer"
Kidou Senshi Gundam: Fushigi no Dungeon,,,Role-playing (RPG),,,"roguelike, lost media",Chunsoft,Bird view / Isometric,Single player
King's Gambit,,,"Role-playing (RPG), Strategy, Adventure, Indie",PC (Microsoft Windows),Fantasy,"chess, turn-based combat, king, roguelite, cards",,Bird view / Isometric,"Single player, Multiplayer, Co-operative"
Gun Crate Raccoon,,,"Role-playing (RPG), Adventure, Indie","Linux, PC (Microsoft Windows), Mac",Action,"roguelite, highscore, crt filter, raccoon",,Side view,Single player
Night Machine,,,"Strategy, Adventure, Indie",PC (Microsoft Windows),Science fiction,"space, roguelite, trading card game, deck-building, roguelike deckbuilder, deckbuilder, card battler","Caketown Interactive, Cooler Games",First person,Single player
To The Grave: The Wildlands of Faenora,,,"Role-playing (RPG), Strategy, Turn-based strategy (TBS), Tactical",PC (Microsoft Windows),Fantasy,"turn-based tactics, pixel art, tactical rpg ( trpg ), roguelite, turn-based rpg",2TG Entertainment,Bird view / Isometric,Single player
Rogue Jungle,,,"Adventure, Indie",PC (Microsoft Windows),Action,"roguelike, roguelite, action roguelike",,Bird view / Isometric,Single player
Tides of Tethys,,,"Real Time Strategy (RTS), Simulator, Strategy, Indie",PC (Microsoft Windows),Survival,"underwater, city builder, roguelite, survival management, ocean",Black Rust,Bird view / Isometric,Single player
To Kill a God,,,"Role-playing (RPG), Indie","Linux, PC (Microsoft Windows)",Action,"roguelike, roguelite",Glitch Factory,Bird view / Isometric,Single player
Kain Cobra: Autogun Blaster,,,"Shooter, Platform, Indie",PC (Microsoft Windows),"Action, Science fiction","cute, superhero, synthwave, roguelite, neon",67 Bits,Side view,Single player
Flap Happy,,,Arcade,"Game Boy, Nintendo Entertainment System",Action,"roguelike, homebrew",Mega Cat Studios,Side view,Single player
Castle Come,,,"Adventure, Indie",PC (Microsoft Windows),Action,roguelike,lauflauf,Bird view / Isometric,Single player
Garuya and the Kaleidoscope of Syzygy,,,"Platform, Role-playing (RPG), Indie",PC (Microsoft Windows),"Action, Fantasy",roguelike,Mechanical Hands,"Bird view / Isometric, Side view",Single player
Sigils of Nightfall,,,"Role-playing (RPG), Strategy, Indie, Card & Board Game",PC (Microsoft Windows),"Fantasy, Horror","roguelike, dark fantasy, based on - tabletop rpg, gothic horror, deckbuilder","Monumental Collab, 2 Wedges Studio",First person,Single player
Divinastros,,,"Strategy, Indie, Card & Board Game",PC (Microsoft Windows),Action,"roguelite, tarot",Astral Game Studio,Side view,Single player
PhoboPhobia,,,"Role-playing (RPG), Turn-based strategy (TBS), Adventure, Indie",PC (Microsoft Windows),"Action, Fantasy","roguelike, dungeon crawling",Oxtail Games,Bird view / Isometric,Single player
Star Patrol Nova,,,"Strategy, Card & Board Game",PC (Microsoft Windows),Science fiction,"anime, 1980s, roguelike, 1990s, narrative, deck-building, cartoon, card battler",,"Bird view / Isometric, Side view, Text",Single player
Rogueween,,,"Role-playing (RPG), Strategy, Indie",PC (Microsoft Windows),Action,"roguelike, bullet hell, halloween, demo, free demo",,Bird view / Isometric,Single player
Tupi: The Legend of Arariboia,,,"Role-playing (RPG), Turn-based strategy (TBS)","PlayStation 4, PC (Microsoft Windows), PlayStation 5","Action, Fantasy","roguelike, mythology, brazil, roguelite, brazilian culture, brazilian folklore, indigenous",Mito Games,Side view,Single player
Coastal Kingdoms,,,"Strategy, Indie",PC (Microsoft Windows),,"city builder, roguelite, hex grid",,,Single player
Casino Rogue,,,"Strategy, Indie, Card & Board Game",PC (Microsoft Windows),,"poker, roguelike",,,Single player
Hell On Earth,,,"Role-playing (RPG), Indie",PC (Microsoft Windows),Action,"roguelite, action roguelike","2Frogs Software, LLC",Bird view / Isometric,"Single player, Multiplayer, Co-operative"
Maximum Apocalypse: The Video Game,,,"Role-playing (RPG), Adventure",PC (Microsoft Windows),"Action, Survival","2d, roguelike, comic book, co-op campaign",Mega Cat Studios,Side view,"Single player, Multiplayer, Co-operative"
Babies vs. Monsters,,,"Role-playing (RPG), Hack and slash/Beat 'em up, Indie",PC (Microsoft Windows),Action,"roguelike, bullet hell, bullet time, roguelite",Foxpider Games,Bird view / Isometric,Single player
Asbak,,,"Platform, Role-playing (RPG), Hack and slash/Beat 'em up, Adventure, Indie",PC (Microsoft Windows),"Action, Fantasy, Horror, Mystery","anime, roguelike, 2d platformer","Team Fossil, Vifth Floor",,Single player
Kalasta,,,Role-playing (RPG),PC (Microsoft Windows),,"roguelite, deckbuilder",,Side view,Single player
Antisuns,,,"Role-playing (RPG), Simulator, Strategy, Indie",PC (Microsoft Windows),Science fiction,"turn-based tactics, procedurally generated, tactical rpg ( trpg ), time rewind, roguelite",Nicolai Czempin,Bird view / Isometric,Single player
Ava and the Half-World,,,"Shooter, Adventure, Indie",PC (Microsoft Windows),Action,"roguelike, bullet hell",Bread Panda,"Third person, Side view",Single player
Pegglo,,,"Puzzle, Pinball, Indie, Arcade",PC (Microsoft Windows),,"casual, roguelike, pachinko","Bloub Team, Concepts",Side view,Single player
DeathTower,,,Tactical,"PC (Microsoft Windows), PlayStation 5, Nintendo Switch",Science fiction,"cyberpunk, turn-based tactics, pixel art, pixel graphics, tactical rpg ( trpg ), roguelite, cyberpunk rpg, turn-based rpg",Headbang Club,Bird view / Isometric,Single player
Two Sides of Hell,,,"Shooter, Indie, Arcade",PC (Microsoft Windows),"Action, Science fiction","hell, retro, bloody, mech, demon, procedural generation, run and gun, space, demons, gore, procedurally generated, 2d platformer, gun, roguelite, retro arcade shooter, power-ups, action platformer, metal slug, action roguelite, doom",Red Sky Games,Side view,"Single player, Multiplayer, Co-operative"
13Z,,,Adventure,PC (Microsoft Windows),Action,"roguelike, online multiplayer, roguelite",Mixed Realms Pte Ltd,Third person,"Single player, Multiplayer, Co-operative"
Cube Hero,,,"Puzzle, Strategy, Tactical, Adventure, Indie",PC (Microsoft Windows),Action,"roguelike, turn-based tactics, free demo, deck-building",,"Bird view / Isometric, Side view",Single player
Iron Hunters,,,Role-playing (RPG),PC (Microsoft Windows),"Action, Science fiction","procedural generation, bullet hell, bounty hunting, roguelite, alien world, action roguelike, mechs",Nameless Game Studios,Bird view / Isometric,Single player
Depths of Ascension,,,"Role-playing (RPG), Turn-based strategy (TBS), Adventure",PC (Microsoft Windows),"Action, Fantasy",roguelike,Promethean Interactive,Bird view / Isometric,Single player
Felbound,,,,"PC (Microsoft Windows), Nintendo Switch","Action, Fantasy","roguelike, nextfest june 2025",Poink Games,Bird view / Isometric,Single player
Pool of Madness,,,"Sport, Adventure, Indie",PC (Microsoft Windows),,"lovecraftian, steam achievements, steam cloud, steam leaderboards, remote play, roguelite",Bit Golem,"First person, Virtual Reality","Single player, Multiplayer, Co-operative"
Dinner Defenders,,,"Strategy, Tactical",PC (Microsoft Windows),Survival,"tower defense, roguelike, bullet hell",Reima Project,Bird view / Isometric,Single player
Kinny and the Lost Starlight,,,"Strategy, Indie",PC (Microsoft Windows),,roguelike,,,Single player
Nightmare Arts,,,"Indie, Arcade",PC (Microsoft Windows),Action,roguelike,"VoxPop Games, MundanePixel, Moon Jam Games",,Single player
Mechjestic,,,"Role-playing (RPG), Indie, Card & Board Game",PC (Microsoft Windows),,"roguelike, card based combat, roguelite, deck-building, roguelike deckbuilder, deckbuilder, card battler",Skinny Bandit,"Bird view / Isometric, Side view",Single player
Sipher Odyssey,,,"Role-playing (RPG), Adventure","Android, iOS","Action, Fantasy, Science fiction","roguelite, blockchain, nft",Ather Labs,Bird view / Isometric,"Single player, Multiplayer, Co-operative"
Gelli Fields,,,"Simulator, Adventure, Indie",PC (Microsoft Windows),Fantasy,"casual, magic, minigames, roguelike, fishing, farming, pixel art, clicker, steam achievements, cozy, idler",Wonderpond,Side view,Single player
Fudgy Dice,,,"Role-playing (RPG), Strategy, Indie",PC (Microsoft Windows),,"procedural generation, female protagonist, cute, pixel graphics, dice, turn-based combat, colorful, cartoony, roguelite, free demo, deck-building",,,"Single player, Multiplayer"
Pixel Quest: Survivor,,,"Role-playing (RPG), Indie",PC (Microsoft Windows),Action,"roguelike, roguelite, action roguelike",LV99 Studios,Bird view / Isometric,"Single player, Multiplayer, Co-operative"
Reboot Heroes,,,"Strategy, Adventure, Card & Board Game","PC (Microsoft Windows), Mac","Fantasy, Science fiction","roguelike, card based combat, deckbuilder, autobattler",Chop Chop Games,Side view,Single player
Demonic Deckmaster,,,Strategy,PC (Microsoft Windows),,"roguelite, card battler",,,Single player
Siphonogore,,,"Role-playing (RPG), Strategy",PC (Microsoft Windows),Horror,"roguelike, choose your own adventure, dungeon crawling, turn-based combat, choices matter",,Side view,Single player
Helios Horizon,,,Indie,PC (Microsoft Windows),"Action, Science fiction",roguelike,Enhydra Games,Bird view / Isometric,Single player
Korga's Arena,,,"Role-playing (RPG), Strategy, Indie",PC (Microsoft Windows),,"roguelite, deck-building",Blink Studios,Bird view / Isometric,Single player
Astral Arena,,,"Role-playing (RPG), Strategy, Adventure, Indie",PC (Microsoft Windows),"Action, Fantasy","roguelike, monster tamer, action roguelike",The Game Garden,,Single player
Pinball Blitz,,,"Pinball, Indie, Arcade",PC (Microsoft Windows),Action,"retro, 2d, roguelike, pinball",devindoubt,,Single player
Tower of Whispers,,,"Hack and slash/Beat 'em up, Indie",,Action,"roguelike, dark fantasy, cosmic horror, eldritch horror, action roguelike",,Bird view / Isometric,Single player
Zahak,,,"Adventure, Indie",PC (Microsoft Windows),Fantasy,"roguelike, persian mythology",Caspian Interactive,Bird view / Isometric,"Single player, Multiplayer, Co-operative"
The Luckiest in the Megaverse,,,Indie,PC (Microsoft Windows),"Science fiction, Comedy, Mystery","casual, roguelite, idler","Yonder, Rednoy",Text,Single player
Another Door,,,"Strategy, Turn-based strategy (TBS), Indie, Card & Board Game","PC (Microsoft Windows), Mac","Fantasy, Horror, Party","roguelike, dark fantasy, multi-selection choices, turn-based rpg",,"Bird view / Isometric, Text","Multiplayer, Co-operative"
Enter the Titan,,,"Puzzle, Turn-based strategy (TBS), Tactical, Indie",,,"roguelike, roguelite, deck-building, roguelike deckbuilder, deckbuilder",Clockwork Acorn,Side view,Single player
Zumbi Blocks 2,,,"Shooter, Indie",PC (Microsoft Windows),"Action, Survival","roguelite, zombie shooter",,"First person, Third person","Single player, Multiplayer, Co-operative"
Blocks for Babies,,,"Shooter, Puzzle, Indie",PC (Microsoft Windows),Action,"roguelike, tetris, roguelite",BunkSoft Interactive,First person,Single player
Everstorm,,,"Role-playing (RPG), Strategy, MOBA",PC (Microsoft Windows),"Action, Fantasy","online multiplayer, roguelite",Thousand Hour Games,,"Single player, Multiplayer, Co-operative"
Degu Squad,,,"Role-playing (RPG), Strategy, Adventure, Indie",,,roguelite,"Millwoo Studio, Jibeijia",Bird view / Isometric,Single player
Bottle of Ghouls,,,"Simulator, Strategy",,Action,"pirates, roguelike",Desort Games,Bird view / Isometric,Single player
Ground Zero Hero,,,"Adventure, Indie","Xbox Series X|S, PC (Microsoft Windows), Mac, Nintendo Switch","Action, Survival","post-apocalyptic, mutation, roguelike, roguelite, action roguelike",Rowan Edmondson,"Bird view / Isometric, Side view",Single player
Zeal-X2,,,"Platform, Indie, Arcade",PC (Microsoft Windows),"Action, Science fiction",roguelite,"EGAMMO.gaming, Hen-Woll",Side view,"Single player, Co-operative"
Hell Knight,,,"Strategy, Tactical, Adventure, Indie",PC (Microsoft Windows),"Action, Fantasy","knights, hell, roguelike, roguelite, deck-building, roguelike deckbuilder",,Side view,Single player
Red Metal,,,"Shooter, Indie",PC (Microsoft Windows),"Action, Science fiction, Survival","vehicular combat, roguelike, vehicle combat, roguelite",Silent Factory,Third person,Single player
Scrap Age,,,"Shooter, Hack and slash/Beat 'em up, Indie","Oculus VR, Meta Quest 2, SteamVR, Meta Quest 3","Action, Science fiction","arena, roguelike, arena shooter, arena combat, roguelite, vr only, multiplayer fps",Fractal Blue Entertainment,"First person, Virtual Reality","Single player, Multiplayer, Co-operative"
The Verge Miner,,,"Role-playing (RPG), Simulator, Strategy, Adventure, Indie","Linux, PC (Microsoft Windows), Mac",Action,"tower defense, roguelike, mining, roguelite",Rogue Duck Interactive,,
Sea Of Rifts,,,"Role-playing (RPG), Adventure, Indie",PC (Microsoft Windows),"Action, Horror, Open world, Mystery","pirates, exploration, psychological horror, roguelike, dark fantasy, procedural generation, sailing, story rich, choices matter, naval combat, lore rich",Out Of Bounds Games,Bird view / Isometric,Single player
Star Deck,,,"Role-playing (RPG), Strategy, Turn-based strategy (TBS), Indie, Card & Board Game",,Science fiction,"turn-based, roguelike, card based combat, rpg elements, roguelite, roguelike deckbuilder",,Third person,Single player
Witchhammer,,,Indie,PC (Microsoft Windows),Action,"roguelike, deck-building, danmaku",,Third person,Single player
Dross,,,"Shooter, Adventure, Indie","Linux, PC (Microsoft Windows), Mac","Action, Science fiction, Horror","roguelike, permadeath, arena shooter, demo, free demo",Team_Derelict,First person,"Single player, Multiplayer, Co-operative, Split screen"
Emerald Woods,,,"Simulator, Indie","Web browser, PC (Microsoft Windows)","Survival, Sandbox, Open world","roguelike, fishing, crafting, farming, building",Slashware Interactive,Bird view / Isometric,Single player
WYzards,,,"Role-playing (RPG), Indie, Card & Board Game",PC (Microsoft Windows),"Action, Fantasy","roguelike, pvp, pve, crowdfunding, pvpve, dungeon, extraction, crowdfunding - nuuvem","SehLoiro, CriticalLeap, SLGames",Bird view / Isometric,"Single player, Multiplayer"
Fluffy Doki Sunshine,,,Arcade,PC (Microsoft Windows),Action,"surrealism, destruction, roguelike, humour, bullet hell, cute, colorful, roguelite",Duck Reaction,,Single player
Ikaro: Will Not Die,,,"Simulator, Adventure, Indie","Xbox Series X|S, PC (Microsoft Windows), PlayStation 5",Action,"exploration, roguelike, space","FuturLab, Thunderful Publishing",Third person,Single player
Hallow Hunt,,,"Shooter, Indie",PC (Microsoft Windows),Action,"roguelike, procedural generation, atmospheric",Lucas Trigueiro,Bird view / Isometric,Single player
Silkbulb Test,,,"Adventure, Indie",PC (Microsoft Windows),,"choose your own adventure, roguelite",oxblud,,"Single player, Multiplayer, Co-operative"
Enter The Night,,,"Role-playing (RPG), Indie",PC (Microsoft Windows),Action,roguelike,,,Single player
Slimewest,,,"Shooter, Role-playing (RPG), Hack and slash/Beat 'em up, Indie",PC (Microsoft Windows),Action,"western, roguelike, bullet hell, action roguelike","lassuli, mikhael",,"Single player, Multiplayer, Co-operative"
Cog: The Rogue Machine,,,"Platform, Adventure, Indie",PC (Microsoft Windows),"Action, Fantasy","roguelike, pixel art, pixel graphics, roguelite, roguelike platform, mascot platformer",Lost Generation Games,Side view,Single player
Corvian Curse,,,"Platform, Indie",,Action,"roguelike, roguelike platform",,,Single player
V-Gunn,,,"Shooter, Adventure, Indie",,Action,"roguelike, vtuber",,Bird view / Isometric,Single player
Dungeon Croaker,,,"Strategy, Indie",PC (Microsoft Windows),Fantasy,roguelike,Greedable,Bird view / Isometric,Single player
Midnight Blood Rush,,,Indie,PC (Microsoft Windows),Action,"vampire, roguelike, roguelite",,,Single player
GunRun,,,"Shooter, Indie","Linux, PC (Microsoft Windows)",Action,"roguelike, bullet hell",Terry Brash,Bird view / Isometric,Single player
MindXcope,,,"Adventure, Indie","Meta Quest 2, SteamVR","Action, Comedy, Drama","conspiracy, surreal, cartoony, roguelite",Leafboat Studio,"First person, Virtual Reality",Single player
Courier 79,,,"Racing, Strategy",PC (Microsoft Windows),Action,"roguelike, driving, transport",corrox,Bird view / Isometric,Single player
What the Hell,,,"Shooter, Indie",,Action,roguelike,Red Goat Games,Bird view / Isometric,Single player
Infinite Realms,,,"Role-playing (RPG), Strategy, Turn-based strategy (TBS), Tactical, Indie, Card & Board Game",PC (Microsoft Windows),"Fantasy, 4X (explore, expand, exploit, and exterminate)","roguelite, deckbuilder",Blink Studios,Bird view / Isometric,Single player
Last Spartan: Glory Over Madness,,,"Strategy, Turn-based strategy (TBS), Tactical, Indie, Card & Board Game","Xbox Series X|S, PlayStation 4, PC (Microsoft Windows), iOS, PlayStation 5, Nintendo Switch","Action, Fantasy, Horror, Historical, Mystery","exploration, psychological horror, roguelike, management, lovecraftian, multiple endings, dungeon crawler, online multiplayer, turn-based combat, city builder, choices matter, multiplayer dlc, card based combat, tactical turn-based combat, randomly generated dungeons, roguelite, town building, branching plot, meaningful choices, collecting card game - ccg, dark ambient, roguelike deckbuilder, replayability, deckbuilder",,"Third person, Bird view / Isometric, Side view","Single player, Multiplayer"
Harma,,,"Strategy, Indie, Card & Board Game",PC (Microsoft Windows),Fantasy,"retro, 1980s, turn-based, roguelike, dark fantasy, story rich",INDIRECT SHINE,,Single player
Arcane Depths,,,Indie,PC (Microsoft Windows),"Action, Fantasy","roguelike, bullet hell, dungeon crawler, bullet heaven",Next in Game,Bird view / Isometric,Single player
Crystalis Descendant,,,Indie,"Linux, PC (Microsoft Windows), Mac",Action,"shoot 'em up, bullet hell, roguelite",Boxsun,Bird view / Isometric,Single player
Blazing Dragon,,,"Role-playing (RPG), Strategy, Adventure, Indie",PC (Microsoft Windows),"Action, Fantasy",roguelite,"LIGA Facens, Smyowl Game Studio",Bird view / Isometric,Single player
GalRock Girls,,,"Role-playing (RPG), Indie",PC (Microsoft Windows),Action,"bullet hell, roguelite",ZetaFlame Games,Bird view / Isometric,Single player
Guardians,,,"Role-playing (RPG), Hack and slash/Beat 'em up, Indie",PC (Microsoft Windows),Action,"shoot 'em up, 3d, roguelike, pvp, bullet hell, space, pve, realism, roguelite",Born2Play Games,Bird view / Isometric,"Single player, Multiplayer, Co-operative"
Paris Transylvania,,,"Role-playing (RPG), Strategy, Turn-based strategy (TBS), Pinball, Indie, Card & Board Game","Web browser, Linux, PC (Microsoft Windows), Mac","Action, Fantasy, Mystery","zombies, vampire, turn-based, roguelike, procedural generation, permadeath, pachinko, pve, cartoon graphics, steam achievements, roguelite, turn-based rpg, roguelike deckbuilder, deckbuilder, card battler, steam families",Magneticlake,,Single player
Elite Rogue,,,"Shooter, Indie",PC (Microsoft Windows),"Action, Fantasy","roguelike, roguelite, action roguelike",Void Chamber,Third person,"Single player, Multiplayer, Co-operative"
Dungeon of the Forgotten King,,,"Role-playing (RPG), Turn-based strategy (TBS), Indie",PC (Microsoft Windows),Fantasy,"roguelike, jrpg, permadeath, pixel art game",,Side view,Single player
The Stubborn of WakGood: Afterheat,,,"Shooter, Role-playing (RPG), Indie",,Action,"roguelike, roguelite",,Third person,Single player
C.L.T.: Cheguei Louco no Trabalho,,,"Shooter, Puzzle, Arcade",PC (Microsoft Windows),"Action, Survival",roguelike,Onirico Studios,Bird view / Isometric,Single player
Last Equinox: Winds of Change,,,"Role-playing (RPG), Adventure",PC (Microsoft Windows),"Action, Fantasy","roguelite, made in brazil",Alameda Games,Bird view / Isometric,Single player
The Gun is Good,,,"Shooter, Indie",PC (Microsoft Windows),Action,roguelike,Northwood Gameworks,Bird view / Isometric,Single player
Drill Keeper,,,"Strategy, Indie, Card & Board Game",PC (Microsoft Windows),"Science fiction, Survival","roguelike, space, base building, mining",ShoulderByte,Bird view / Isometric,Single player
Slag,,,"Strategy, Indie",PC (Microsoft Windows),Action,roguelike,Black Robin Games,Bird view / Isometric,Single player
Wing Queen,,,"Hack and slash/Beat 'em up, Adventure, Indie",PC (Microsoft Windows),Fantasy,"roguelite, deck-building",Baby Dolphin Games,Side view,Single player
Kind Nature,,,"Strategy, Card & Board Game","PC (Microsoft Windows), Mac",Action,"base building, turn-based combat, roguelite",PolyPirates,"Bird view / Isometric, Side view",Single player
Realms of Wilorth,,,"Role-playing (RPG), Hack and slash/Beat 'em up, Adventure, Indie",PC (Microsoft Windows),"Action, Fantasy, Survival","retro, dungeon crawler, deliberately retro, twin stick control, roguelite, retro styled",Reckless Monster Studio,Bird view / Isometric,Single player
Nomad,,,"Shooter, Adventure, Indie",PC (Microsoft Windows),Action,"roguelike, bullet hell, arena shooter, action roguelike",Gregorski,First person,Single player
Ants in Space!,,,"Strategy, Tactical",PC (Microsoft Windows),,roguelike,Mezumo,Bird view / Isometric,Single player
Clawed Cult,,,"Shooter, Role-playing (RPG), Indie","Xbox Series X|S, PlayStation 4, PC (Microsoft Windows), PlayStation 5, Xbox One, Nintendo Switch",Action,"roguelite, bullet heaven","Cotton Cat Studios, QUByte Interactive",Bird view / Isometric,Single player
Slice and Bite,,,"Shooter, Platform, Adventure, Indie",PC (Microsoft Windows),"Action, Fantasy, Comedy","medieval, vampire, shmup, cartoon graphics, pixel art, pixel graphics, pizza, story rich, 2d platformer, roguelite",Tiny Mold,Side view,Single player
Space Leaper: Reboot,,,"Role-playing (RPG), Strategy","Android, iOS",Science fiction,"roguelike, pixelated",Natasky Games Limited,Bird view / Isometric,Single player
Outlaw Kingdom,,,"Role-playing (RPG), Strategy, Turn-based strategy (TBS), Tactical, Indie",PC (Microsoft Windows),,"medieval, 3d, base building, tactical rpg ( trpg ), roguelite, auto battler",Spelkollektivet,Bird view / Isometric,Single player
Riftstorm,,,"Shooter, Role-playing (RPG)",PC (Microsoft Windows),Action,"online co-op, roguelite, looter shooter, ai-generated voices, steam families, nextfest june 2025",Agate,Bird view / Isometric,"Single player, Multiplayer, Co-operative"
Grow the Seed,,,"Simulator, Strategy, Indie",PC (Microsoft Windows),Survival,"god game, roguelike, farming, family friendly, deckbuilder",4z4_production,,Single player
Downtown Dealers,,,Strategy,PC (Microsoft Windows),,"roguelike, roguelike deckbuilder, deckbuilder",District Dungeon,,Single player
Umbratica Tactics,,,"Strategy, Turn-based strategy (TBS), Tactical, Indie",PC (Microsoft Windows),Fantasy,"vampire, roguelike, gothic, turn-based tactics, pixel art, pixel graphics, grid-based movement, vampires, tactical turn-based combat, vampire hunter, roguelite, roguelike deckbuilder, deckbuilder, grid-based",The Atomic Life,Bird view / Isometric,Single player
Witchmore,,,"Shooter, Role-playing (RPG), Indie","Linux, PC (Microsoft Windows), Mac","Action, Fantasy, Sandbox","witches, roguelite",Valadria,Bird view / Isometric,Single player
TileDeck TD,,,"Simulator, Strategy, Card & Board Game",PC (Microsoft Windows),Action,"tower defense, medieval, roguelite",Ultima Interactive,Bird view / Isometric,Single player
ArrowMongers,,,"Shooter, Puzzle, Adventure, Indie",PC (Microsoft Windows),Action,roguelite,PhantomSphere,Bird view / Isometric,Single player
The Doorway Effect,,,"Adventure, Indie",PC (Microsoft Windows),Action,"exploration, psychological horror, demon, roguelike, procedural generation, survival horror, online multiplayer, roguelike horror, extraction horror",2 Left Thumbs,First person,"Single player, Multiplayer, Co-operative"
Deadlock Station,,,"Role-playing (RPG), Strategy, Tactical, Adventure",PC (Microsoft Windows),"Action, Science fiction","post-apocalyptic, roguelike, cyborg, pixelart, autobattler",Critical Reflex,Bird view / Isometric,Single player
Blood 'N Bullets,,,"Adventure, Indie","Linux, PC (Microsoft Windows), Mac",Action,"2d, roguelike",PurpleBoy,Bird view / Isometric,Single player
Null Breach,,,"Platform, Indie, Arcade",PC (Microsoft Windows),Action,"roguelike, procedurally generated, precision platforming",,Side view,Single player
FrankenStorm TD,,,"Strategy, Indie",PC (Microsoft Windows),,"tower defense, roguelike, maze","Doodad Games, Ethan Close",Bird view / Isometric,Single player
Card Nova Hyper,,,"Role-playing (RPG), Card & Board Game",PC (Microsoft Windows),Action,"roguelike, card based combat, tokyo, deck-building, suggestive themes, roguelike deckbuilder, deckbuilder",PERENNIAL HEARTS,,Single player
Caverns,,,"Platform, Adventure, Indie",PC (Microsoft Windows),Action,"procedural generation, pixel graphics, mining, controller support, roguelite, underground",,Side view,Single player
Sinner's Tavern,,,"Platform, Adventure, Indie",PC (Microsoft Windows),Action,"procedural generation, procedurally generated, 2d platformer, roguelite",WoolCat Games,First person,Single player
Spellrain,,,"Role-playing (RPG), Adventure, Indie",PC (Microsoft Windows),Action,"roguelike, bullet hell, cute, roguelite",Slime Team,Bird view / Isometric,Single player
NeuroSquad,,,"Shooter, Role-playing (RPG), Indie",PC (Microsoft Windows),"Action, Science fiction","roguelike, arena shooter, roguelite, twin stick, bullet heaven, action roguelike, action-rpg",Nemori Studio,Bird view / Isometric,Single player
Doomsday Fodder,,,Indie,PC (Microsoft Windows),Action,"roguelike, trading card game",MoreGames Entertainment,Third person,Single player
The Stubborn of WakGood,,,"Shooter, Role-playing (RPG), Indie",,,"roguelike, shooting, roguelite, fangame",,Bird view / Isometric,
Elements Cubed,,,"Fighting, Shooter, Adventure, Indie, Arcade","Xbox Series X|S, PlayStation 4, PC (Microsoft Windows), PlayStation 5, Xbox One","Action, Fantasy, Survival","roguelike, pvp, bullet hell, couch co-op, local co-op, local multiplayer, crowdfunding - kickstarter, roguelite",Bacon Studio,Third person,"Single player, Multiplayer, Co-operative, Split screen"
Electrokinetic,,,"Platform, Hack and slash/Beat 'em up, Indie",PC (Microsoft Windows),Action,"3d, parkour, roguelike, 3d platformer, single-player only, controller support, solo developer, realtime 3d, multiple playable characters",rittzler,Third person,Single player
Sword of the Necromancer: Revenant,,,"Role-playing (RPG), Adventure, Indie","Xbox Series X|S, PlayStation 4, PC (Microsoft Windows), PlayStation 5, Xbox One, Nintendo Switch","Action, Fantasy","dungeon crawler, city builder, necromancy, roguelite, zelda-like",Grimorio of Games,Third person,"Single player, Multiplayer, Co-operative, Split screen"
Upheaval,,,"Role-playing (RPG), Turn-based strategy (TBS), Adventure, Indie","Linux, Android, PC (Microsoft Windows), Mac","Fantasy, Open world","exploration, interactive fiction, turn-based, roguelike, choices matter, text-heavy, text-based adventure",Alex Leone,Text,Single player
Uncured,,,"Fighting, Platform, Role-playing (RPG), Hack and slash/Beat 'em up, Adventure, Indie","Linux, PC (Microsoft Windows), Mac",Action,"post-apocalyptic, metroidvania, steampunk, rpg elements, roguelite",EndRealm,Side view,Single player
Dark Tree,,,"Role-playing (RPG), Adventure, Indie",PC (Microsoft Windows),Action,"roguelike, crpg, roguelite",A17 Studio,,"Single player, Multiplayer, Co-operative"
Cats Kill Zombies,,,"Shooter, Indie",PC (Microsoft Windows),Action,"zombies, post-apocalyptic, roguelike, cats",Matheus Antonio,Bird view / Isometric,Single player
Fourspell Survivors Online,,,Indie,"PC (Microsoft Windows), Mac","Action, Fantasy","roguelike, dark fantasy, bullet hell, roguelite",Supernova Games,Bird view / Isometric,"Single player, Multiplayer, Co-operative"
Memories of Planet,,,"Hack and slash/Beat 'em up, Indie, Arcade",PC (Microsoft Windows),"Action, Science fiction","roguelike, futuristic",CTWJ Game Studio,Third person,"Single player, Multiplayer, Co-operative"
Streets of Rogue 2,,,"Role-playing (RPG), Simulator, Adventure, Indie","Xbox Series X|S, PlayStation 4, Linux, PC (Microsoft Windows), PlayStation 5, Mac, Xbox One, Nintendo Switch","Action, Survival, Stealth, Sandbox, Open world","demo, shared screen, steam cloud, roguelite, free demo, action roguelike, nextfest october 2024","Matt Dabrowski, tinyBuild",Bird view / Isometric,"Single player, Multiplayer, Co-operative, Split screen"
Gimmiko,,,Indie,PC (Microsoft Windows),Action,"roguelike, demo, roguelite, free demo","Critical Reflex, SorryPoniko!",Bird view / Isometric,Single player
Cardseer,,,"Strategy, Indie, Card & Board Game",PC (Microsoft Windows),"Fantasy, Warfare","roguelike, campaign, roguelite, deck-building, roguelike deckbuilder",,Side view,Single player
Emancipator Go!,,,"Role-playing (RPG), Adventure, Indie",PC (Microsoft Windows),Action,"roguelike, bullet hell",Mandinga,Bird view / Isometric,Single player
TinyAttack,,,Indie,"Linux, PC (Microsoft Windows)","Action, Fantasy",roguelite,TinyBird Games,Bird view / Isometric,Single player
Immortal: And the Death that Follows,,,"Adventure, Indie",PC (Microsoft Windows),Action,"roguelike, metroidvania, crowdfunding - kickstarter",,Side view,"Single player, Multiplayer, Co-operative"
Hellvivors,,,"Shooter, Adventure",PC (Microsoft Windows),"Action, Horror",roguelike,Gorestation,Bird view / Isometric,Single player
AHOD: All Hands on Deck!,,,Indie,PC (Microsoft Windows),Action,"pirates, roguelite, free demo, action roguelike, card battler, pirate",Flat Thumb Interactive,,"Single player, Multiplayer, Co-operative"
Voidhunter,,,"Simulator, Indie",PC (Microsoft Windows),"Action, Science fiction","fast paced, procedural generation, space, controller support, roguelite",,,Single player
Caveshifter,,,Hack and slash/Beat 'em up,PC (Microsoft Windows),"Action, Fantasy","roguelike, roguelite, action roguelike, cave",,Bird view / Isometric,Single player
CapoeiRogue: Dandara Cordão de Ouro,,,"Fighting, Indie",PC (Microsoft Windows),Action,"roguelike, mythology, roguelite, brazilian culture, capoeira",OkaeriDev,Bird view / Isometric,Single player
The Ourboros King,,,Turn-based strategy (TBS),PC (Microsoft Windows),"Fantasy, Warfare","chess, roguelike, turn-based tactics, roguelite",Oriol Cosp Games,Text,Single player
CatchKing,,,"Role-playing (RPG), Adventure, Indie",,Fantasy,"casual, roguelike, fishing, roguelite, blockchain, collectathon, nft",,Bird view / Isometric,"Multiplayer, Massively Multiplayer Online (MMO)"
Terramachi: Battle Card Game,,,"Strategy, Indie, Card & Board Game","Android, PC (Microsoft Windows), iOS","Action, Fantasy","online multiplayer, roguelite, online game",Real Noise Labs,Side view,"Single player, Multiplayer"
Cardterrupters,,,"Role-playing (RPG), Card & Board Game",PC (Microsoft Windows),,"roguelike, roguelite, deck-building",Fuzz Force,Bird view / Isometric,Single player
Rogue Blight,,,"Role-playing (RPG), Indie","Linux, PC (Microsoft Windows), Mac",Action,"roguelike, roguelite, soulslike, action roguelike",,Side view,Single player
Virus,,,"Adventure, Indie",,Action,roguelike,PixelRift Studios,Side view,Single player
Burning Skies,,,"Shooter, Indie, Arcade",PC (Microsoft Windows),Action,"procedural generation, shmup, bullet hell, roguelite",NukGames,,Single player
Crete,,,"Shooter, Tactical, Hack and slash/Beat 'em up, Adventure",PC (Microsoft Windows),"Action, Science fiction, Survival","story driven, roguelike",Mayhem Mirror Studios,Third person,"Single player, Multiplayer, Co-operative, Split screen"
Cyber Lancer,,,"Shooter, Indie, Arcade",PC (Microsoft Windows),Action,"roguelike, mecha",,Third person,"Single player, Multiplayer, Co-operative, Split screen"
Sweep Serf,,,"Platform, Puzzle, Strategy, Indie",Web browser,Sandbox,"roguelike, minesweeper",HungryGuyGames,Side view,Single player
Saisen Meikyuu,,,,Android,Action,roguelike,,,Single player
Codename: Apocalypse,,,"Role-playing (RPG), Indie, Card & Board Game",PC (Microsoft Windows),"Drama, Mystery","post-apocalyptic, roguelike, permadeath, hand-drawn, deck-building",RANK B,First person,Single player
Pitch Deck,,,"Fighting, Adventure, Indie, Arcade","PC (Microsoft Windows), Mac","Action, Survival",roguelite,Bacon Studio,First person,Single player
Keepsake County,,,"Shooter, Adventure, Indie","Linux, PC (Microsoft Windows), Mac","Action, Stealth, Comedy","heist, roguelike, driving, cartoon graphics, funny, satire, atmospheric, cartoony, immersive, dark comedy, looter shooter",Forward Instinct,First person,Single player
Freaked Fleapit,,,"Music, Role-playing (RPG), Simulator, Hack and slash/Beat 'em up, Adventure, Indie",PC (Microsoft Windows),Action,"roguelike, steam achievements, rhythm game","Critical Reflex, Finch Bird Studio",Bird view / Isometric,Single player
March March!,,,"Turn-based strategy (TBS), Tactical, Indie, Card & Board Game",,Fantasy,"roguelike, pvp, auto battler",,Bird view / Isometric,"Single player, Multiplayer"
Kingdom Legends: The Fallen Kings,,,"Simulator, Adventure, Indie",PC (Microsoft Windows),"Action, Horror, Thriller, 4X (explore, expand, exploit, and exterminate)","roguelike, building",Mamora.me,Third person,Single player
Walk Hero,,,"Role-playing (RPG), Adventure, Indie","Linux, PC (Microsoft Windows)",Fantasy,"retro, 2d, pixel art, pixel graphics, inventory management, roguelite, auto battler",TERNOX,Bird view / Isometric,Single player
Cleromancy,,,"Tactical, Adventure, Indie","Linux, PC (Microsoft Windows)",,"roguelike, procedural generation, dice, dungeon crawler, roguelite",,"Bird view / Isometric, Side view",Single player
We Survive Tonight,,,"Role-playing (RPG), Simulator, Indie",PC (Microsoft Windows),Action,roguelite,,First person,"Single player, Multiplayer, Co-operative"
Vaultbreakers,,,"Role-playing (RPG), Strategy, Adventure, Indie, MOBA",PC (Microsoft Windows),"Action, Fantasy, Survival","competitive, roguelike, online co-op, multiplayer online battle arena, pve, looter, pvpve, arpg, extraction, extraction shooter, top-down, online pvp",BetaDwarf,Bird view / Isometric,"Multiplayer, Co-operative, Massively Multiplayer Online (MMO)"
Rabbit's Tale,,,"Platform, Adventure, Indie",PC (Microsoft Windows),Action,"roguelike, metroidvania, 2d platformer",Golden Bug Studios,Side view,Single player
Leviathan: Streams of Legends,,,"Real Time Strategy (RTS), Role-playing (RPG), Strategy","PC (Microsoft Windows), Mac","Action, Fantasy, Science fiction","post-apocalyptic, exploration, casual, character customization, magic, procedural generation, online co-op, pve, class-based, combat, team-based, online multiplayer, roguelite",STREAMSIX,,"Multiplayer, Co-operative, Massively Multiplayer Online (MMO)"
Box Knight,,,"Hack and slash/Beat 'em up, Indie",PC (Microsoft Windows),"Action, Comedy","roguelite, office, nextfest fall 2022",We Made A Thing Studios,Side view,Single player
Dungeongame,,,"Strategy, Indie",,Survival,"tower defense, roguelike, dungeon management, deck-building",,Bird view / Isometric,Multiplayer
High Dimension,,,"Role-playing (RPG), Adventure, Indie",PC (Microsoft Windows),Action,"roguelike, roguelite",Daniel Schimit,Side view,Single player
Alterborn,,,"Shooter, Role-playing (RPG), Hack and slash/Beat 'em up, Adventure","PC (Microsoft Windows), PlayStation 5","Action, Fantasy, Science fiction, Mystery","aliens, post-apocalyptic, monsters, violence, bloody, brutal, character customization, drugs, dark, 3d, metroidvania, crafting, death, procedural generation, abandonware, difficult, real-time, supernatural, mature, gore, prehistoric, atmospheric, combat, choice and consequence, procedurally generated, inventory management, violent, choices matter, customization, loot gathering, gun, armor, alliance, profanity, real-time combat, canceled games, development hell, trail of death, corruption, brutality, roguelite, soulslike, bizarre, wasteland, choice matters, life and death, looter, meaningful choices, unforgiving, purgatory, looter shooter, replayability, monster hunter, customize, crazy, weapons, giant, replay value, monster, loot, plague",Iron Lung,Third person,Single player
Chroma Chronicles,,,"Fighting, Real Time Strategy (RTS), Strategy, Turn-based strategy (TBS), Indie, Card & Board Game",PC (Microsoft Windows),Fantasy,"turn-based, roguelike, pvp, turn-based tactics, free-to-play, digital distribution, card based combat, matchmaking",BoxBox Studios,Third person,Multiplayer
Afterschool! Survival Club,,,Adventure,,Survival,"zombies, casual, roguelike",,,
Feisty Fauna,,,Indie,PC (Microsoft Windows),Action,"roguelike, cute, roguelite, bullet heaven",AtasFun,Bird view / Isometric,"Single player, Multiplayer, Co-operative, Split screen"
ASV Trident,,,"Strategy, Indie",PC (Microsoft Windows),Science fiction,"spaceship, multiple endings, procedurally generated, roguelite, colony simulator",GaminsLab,,Single player
Soul Split,,,"Adventure, Indie","Linux, PC (Microsoft Windows)","Action, Fantasy, Mystery","magic, 3d, dark fantasy, difficult, stylized, atmospheric, combat, dungeon crawler, roguelite, lore rich, action roguelike",,Third person,Single player
Infinity Girl,,,"Racing, Indie",PC (Microsoft Windows),Action,"roguelike, procedural generation, music and rhythm, roguelite",Chroma Games,Third person,Single player
Talespinner,,,"Strategy, Indie","Linux, PC (Microsoft Windows)",,"roguelike, roguelike deckbuilder, card battler","Flash Cat Games, Kwalee",Side view,Single player
Vividerie,,,"Adventure, Indie",PC (Microsoft Windows),Action,"roguelike, bullet hell, pixel graphics, colorful, action roguelike",,Bird view / Isometric,Single player
RealmLess,,,"Adventure, Indie",PC (Microsoft Windows),Action,roguelite,ChuYou,Third person,Single player
Sanity Break,,,"Role-playing (RPG), Card & Board Game","Android, iOS","Horror, Mystery","roguelike, lovecraftian, deck-building",,,Single player
Mirror of Immortality,,,"Role-playing (RPG), Adventure, Indie",PC (Microsoft Windows),"Action, Fantasy, Open world","roguelike, permadeath, mythology, combat, co-op campaign",,Bird view / Isometric,"Single player, Multiplayer, Co-operative"
I'm Not Jelly,,,"Role-playing (RPG), Hack and slash/Beat 'em up, Indie",PC (Microsoft Windows),"Action, Science fiction","roguelike, procedural generation, dungeon crawler",1 Simple Game,Third person,Single player
Super Ninja Noodle Chef,,,"Platform, Indie, Arcade",Web browser,Action,"retro, roguelike, satire, pixel art",,Side view,Single player
Rogue Janitor,,,"Role-playing (RPG), Indie",Web browser,,"roguelike, short, slice of life, relaxing, narrative, non-violent, wholesome",,,Single player
Bullet Express,,,Shooter,"Linux, PC (Microsoft Windows)","Action, Science fiction","upgradable equipment, upgradeable weapons, robot protagonist, roguelite",Lazy Gems,Bird view / Isometric,Single player
Rescue Squad Omega,,,Card & Board Game,"Linux, PC (Microsoft Windows), Mac",Science fiction,"roguelike, space, deck-building, deckbuilder",CriticalScrewUp,,Single player
Vigil,,,"Role-playing (RPG), Turn-based strategy (TBS), Adventure",PC (Microsoft Windows),Fantasy,roguelike,Ben Walter,Bird view / Isometric,Single player
The Remains of El Dorado,,,"Role-playing (RPG), Tactical, Indie",Web browser,,roguelike,,,Single player
Voidhunter,,,"Fighting, Role-playing (RPG), Hack and slash/Beat 'em up",,Action,roguelike,,,
Fyz and Now in Olympic Games of Tartarus,,,"Puzzle, Indie",,,roguelite,,,Single player
Rewriter,,,Indie,"Web browser, Linux, PC (Microsoft Windows), Mac",Action,roguelite,,Bird view / Isometric,Single player
30s Quest Tile,,,"Puzzle, Indie","Linux, Android, PC (Microsoft Windows), Mac",,roguelike,,,Single player
Enter the Chronosphere,,,"Role-playing (RPG), Strategy, Adventure, Indie","Web browser, PC (Microsoft Windows), Mac",Action,"roguelike, turn-based tactics, roguelite","Effort Star, Joystick Ventures",Bird view / Isometric,Single player
DuckSoup Dungeon,,,"Platform, Role-playing (RPG), Indie","Web browser, PC (Microsoft Windows)",Action,roguelike,,Side view,Single player
Loot.io,,,"Fighting, Role-playing (RPG), Adventure, Indie",Web browser,Fantasy,"2d, death, pets, combat, melee combat, online multiplayer, customization, melee, player created party, swarming enemies, roguelite, 2d fighting, replayability",Other Ocean Interactive,Bird view / Isometric,Massively Multiplayer Online (MMO)
Swordcery,,,"Role-playing (RPG), Hack and slash/Beat 'em up, Adventure, Indie",PC (Microsoft Windows),"Action, Fantasy","roguelike, roguelite, soulslike",Temple Door Games,Bird view / Isometric,Single player
Geometric Sniper: Card Game,,,"Strategy, Indie, Card & Board Game",PC (Microsoft Windows),"Action, Thriller","casual, bloody, procedural generation, espionage, hand-drawn, card based combat, sniping, stealth kill, minimalistic graphics, roguelite, roguelike deckbuilder, card battler",YAW Studios,"First person, Bird view / Isometric",Single player
Project-Blemmyes,,,"Shooter, Platform, Indie",PC (Microsoft Windows),Action,"3d platformer, roguelite","Gamirror Games, TIGERCAT",Third person,"Single player, Multiplayer, Co-operative"
Trinity Archetype,,,"Role-playing (RPG), Strategy, Turn-based strategy (TBS), Indie","Linux, PC (Microsoft Windows)","Fantasy, Party","character customization, 2d, roguelike, class-based, party-based, hand-drawn, customization, skill tree, roguelite, party customization, turn-based rpg",Machinator Corp,Side view,Single player
Gesuido,,,"Role-playing (RPG), Turn-based strategy (TBS), Tactical, Hack and slash/Beat 'em up",iOS,Fantasy,roguelike,Ryosuke Mihara,Bird view / Isometric,Single player
Margonem 2,,,"Adventure, Indie","Android, iOS",Fantasy,"roguelike, pixel art, dungeon crawler, deck-building",Garmory,First person,Single player
Untrue New World,,,"Role-playing (RPG), Simulator, Adventure, Indie",PC (Microsoft Windows),"Fantasy, Mystery","roguelike, story rich",kan.kikuchi,"First person, Virtual Reality",Single player
Sub Commander,,,Simulator,,"Survival, Open world, Warfare","roguelike, submarine",,"Bird view / Isometric, Text",Single player
Code: Star Dungeon,,,Indie,PC (Microsoft Windows),,"roguelite, action roguelite",,Bird view / Isometric,Single player
Light2Live,,,"Adventure, Indie",PC (Microsoft Windows),"Action, Mystery","roguelike, procedural generation, roguelite",,Third person,"Single player, Multiplayer, Co-operative"
Wastehaven,,,"Racing, Role-playing (RPG), Adventure, Indie",PC (Microsoft Windows),"Action, Survival","zombies, vehicular combat, post-apocalyptic, 3d, roguelike, runner, old school, action-adventure, pve, combat, road trip, off-roading, combat racing, wasteland",Lifetap Studios,"Third person, Bird view / Isometric",Single player
Beneath the Nexus,,,"Adventure, Indie",PC (Microsoft Windows),"Action, Fantasy","roguelike, fast paced, permadeath, bullet hell, pve, dungeon crawler, player vs environment",ACED Games LLC,Bird view / Isometric,Massively Multiplayer Online (MMO)
Command Heroes,,,"Platform, Real Time Strategy (RTS), Strategy, Indie","PC (Microsoft Windows), Mac","Action, Science fiction, Warfare","character customization, roguelike, pvp, resource management, pve, local multiplayer, base building, team-based, family friendly, 2d platformer, co-op campaign, twin stick control, controller support",VCIOUS Labs,Side view,"Single player, Multiplayer, Co-operative, Split screen, Battle Royale"
Katabasis: Monsters Arise,,,"Role-playing (RPG), Adventure",PC (Microsoft Windows),Fantasy,roguelike,Paidia Entertainment,Third person,Single player
Blacksmith Bay,,,"Role-playing (RPG), Simulator, Adventure, Indie",PC (Microsoft Windows),Fantasy,"3d, roguelike, crafting, relaxing, dungeon crawler, crowdfunding - kickstarter",562 Interactive,Bird view / Isometric,Single player
Timmy's Nightmare,,,"Strategy, Adventure, Indie",PC (Microsoft Windows),Action,roguelike,Typhon Studios,Bird view / Isometric,Single player
Tribes of Tis'te,,,"Point-and-click, Platform, Role-playing (RPG), Hack and slash/Beat 'em up, Adventure, Indie",PC (Microsoft Windows),"Action, Fantasy, Drama, Open world, 4X (explore, expand, exploit, and exterminate)","anime, medieval, magic, 2d, roguelike, choose your own adventure, crafting, female protagonist, multiple endings, pixel graphics, non-linear, story rich, choices matter, roguelite, soulslike, conversation, political simulation","Game Design Guru, Lyfe.Games",Side view,Single player
The Last Flower,,,"Shooter, Indie, Arcade","PC (Microsoft Windows), Mac",Action,"roguelike, roguelite",Tyler Haddad,Bird view / Isometric,Single player
SH1-R0,,,"Platform, Role-playing (RPG), Hack and slash/Beat 'em up, Adventure, Indie",PC (Microsoft Windows),"Action, Science fiction","2d, roguelike, metroidvania, difficult, futuristic, female protagonist, pixel graphics, roguelite",Tier 21,Side view,Single player
GunHowl,,,"Platform, Indie","PC (Microsoft Windows), Mac",Action,"fast paced, roguelite",kebabskal,Side view,Single player
Wicked Lands,,,"Strategy, Turn-based strategy (TBS), Tactical, Adventure, Indie",PC (Microsoft Windows),Fantasy,"roguelike, roguelite",Hugging Dragons,Bird view / Isometric,Single player
Fiend's Isle,,,"Role-playing (RPG), Adventure","Linux, PC (Microsoft Windows)",Action,"roguelike, procedurally generated, randomly generated maps",iwilliams,First person,Single player
Hex & Agon,,,"Platform, Indie",,Mystery,roguelite,Unicae Games,Side view,Single player
NeverMore,,,Indie,PC (Microsoft Windows),Fantasy,roguelite,BraveBear Studios,Third person,Single player
Xenoscape,,,"Role-playing (RPG), Indie","Web browser, PC (Microsoft Windows), Mac","Action, Science fiction, Survival","roguelike, bullet hell, pixel art",XenoScapeTeam,Bird view / Isometric,Single player
Being & Becoming,,,"Platform, Role-playing (RPG), Hack and slash/Beat 'em up, Adventure, Indie",PC (Microsoft Windows),"Action, Fantasy","roguelike, metroidvania, pixel graphics, soulslike","Critical Reflex, Ichthys",Side view,Single player
Blu: Chronicles of Talpa,,,"Platform, Hack and slash/Beat 'em up, Adventure, Indie",PC (Microsoft Windows),Action,"ninja, roguelike, metroidvania, crowdfunding - kickstarter","MyOwnGames, Damian Robinet",Side view,"Single player, Multiplayer, Co-operative"
Tiny Fantasy,,,"Tactical, Hack and slash/Beat 'em up, Adventure, Indie","Android, iOS","Action, Fantasy","roguelike, dungeon fighter",Minidragon,Bird view / Isometric,Single player
O.R.B. Offensive Rolling Bot,,,"Platform, Indie","PC (Microsoft Windows), Nintendo Switch","Action, Science fiction","2d, roguelike, metroidvania","Bonus Stage Publishing, karva games",Side view,Single player
Dreamshard: Deckbuilding Roguelike,,,"Role-playing (RPG), Strategy, Card & Board Game",PC (Microsoft Windows),Fantasy,"turn-based, roguelike, difficult, deck-building",Mad Robot Games,,Single player
Running Rogue,,,"Platform, Indie",PC (Microsoft Windows),Action,"parkour, roguelike",VSMOB,First person,Single player
Rogue Souls,,,"Role-playing (RPG), Adventure, Indie",PC (Microsoft Windows),Action,"roguelike, action roguelike",,Bird view / Isometric,Single player
Oddinary Highway,,,"Shooter, Indie","PC (Microsoft Windows), Mac, Xbox One",Action,"bullet hell, roguelite",dash & dot game studio,Side view,"Single player, Multiplayer, Co-operative"
Jupiter Moons: Mecha,,,"Role-playing (RPG), Strategy, Turn-based strategy (TBS), Indie, Card & Board Game","Linux, PC (Microsoft Windows), Nintendo Switch","Science fiction, Warfare","mech, roguelike, turn-based tactics, roguelite, deck-building",RockAndBushes,First person,Single player
Gardeniampoule,,,Role-playing (RPG),"PC (Microsoft Windows), Nintendo Switch",,"roguelike, dungeon crawler",CAVYHOUSE,Third person,Single player
Mystiqa,,,"Role-playing (RPG), Adventure, Indie","Linux, PC (Microsoft Windows), Mac",Action,"roguelike, action-adventure, pixel graphics, crowdfunding - kickstarter, roguelite, zelda-like","Julian Creutz, Hound Picked Games",Bird view / Isometric,"Single player, Multiplayer, Co-operative"
A Thirst for Eternity,,,Role-playing (RPG),PC (Microsoft Windows),Fantasy,"turn-based, roguelite",ArkandesSoft,"Third person, Side view",Single player
The Endless Wyrd,,,"Strategy, Indie",PC (Microsoft Windows),,"roguelike, dungeon crawler, hand-drawn, deck-building, replayability",Design Imps,Side view,"Single player, Multiplayer"
Helms of Fury,,,"Hack and slash/Beat 'em up, Indie","Linux, PC (Microsoft Windows), Mac","Action, Fantasy","2d, fast paced, crowdfunding - kickstarter, roguelite",A Bit Awake,Bird view / Isometric,"Single player, Multiplayer, Co-operative"
Hellver,,,"Shooter, Indie",PC (Microsoft Windows),"Action, Horror","hell, roguelike, permadeath, rougelite",Neurometalicity,First person,Single player
Defentures,,,"Real Time Strategy (RTS), Role-playing (RPG), Strategy, Indie","PC (Microsoft Windows), Mac",Fantasy,"tower defense, crpg, class-based, roguelite",PinkHead Games,Bird view / Isometric,Single player
Captain Contraband,,,"Adventure, Indie",,Action,"roguelike, permadeath",Zweihander Games,,Single player
Godstruction,,,"Strategy, Turn-based strategy (TBS), Indie",PC (Microsoft Windows),Fantasy,"roguelike, auto chess",,Bird view / Isometric,Single player
Fara,,,"Role-playing (RPG), Adventure",Web browser,"Fantasy, Sandbox","roguelike, traditional roguelike",PixelTree,"Bird view / Isometric, Text",Single player
4-Block Dungeon,,,"Puzzle, Strategy, Indie","Web browser, PC (Microsoft Windows)",Fantasy,"tetris, dungeon crawler, roguelite",SquareDev,"Bird view / Isometric, Side view",Single player
Settlers of the Deep,,,"Simulator, Indie","Linux, PC (Microsoft Windows), Mac","Fantasy, Survival","ascii, settlement building, roguelite",Giann,Bird view / Isometric,
Memory Mansion,,,"Indie, Card & Board Game","Android, iOS",Fantasy,"tile matching, roguelite",heyits5AM,Side view,Single player
Scrap Arms,,,"Role-playing (RPG), Tactical","Linux, PC (Microsoft Windows), Mac",Fantasy,"roguelike, jrpg, roguelite",Ernest Placido,"Third person, Bird view / Isometric",Single player
Cure Hunters,,,"Shooter, Indie, Arcade","Android, iOS",Action,"pixel art, pixel graphics, roguelite",,,
For God's Sake,,,"Platform, Indie",PC (Microsoft Windows),"Action, Fantasy","roguelike, procedural generation, steam, procedurally generated, gods",EnterTalement,Side view,Single player
Atlas: Groundbreaking Adventures,,,"Role-playing (RPG), Adventure",PC (Microsoft Windows),Action,"voxel, roguelite",Borderline Games,Bird view / Isometric,Single player
Nameless,,,"Role-playing (RPG), Strategy, Adventure, Indie",PC (Microsoft Windows),Action,roguelite,DX Gameworks,Bird view / Isometric,Single player
Dungeon of Souls,,,Adventure,,,roguelike,,,
Epic Idle Quest,,,Role-playing (RPG),Web browser,Fantasy,"medieval, roguelike, high score, idle game",Klaus Strohmenger,First person,Single player
Altera,,,"Shooter, Role-playing (RPG), Simulator, Indie",PC (Microsoft Windows),"Action, Science fiction, Open world","roguelike, robots",Vulkanic,"First person, Third person","Single player, Multiplayer, Co-operative, Massively Multiplayer Online (MMO)"
Dungeon Chop Chop,,,"Role-playing (RPG), Hack and slash/Beat 'em up, Adventure, Indie","Linux, PC (Microsoft Windows), Mac","Fantasy, 4X (explore, expand, exploit, and exterminate)","medieval, roguelike, zelda",,Bird view / Isometric,"Single player, Multiplayer, Co-operative"
Rogue Survivor,,,"Role-playing (RPG), Turn-based strategy (TBS), Indie",PC (Microsoft Windows),"Horror, Survival, Sandbox","roguelike, death, procedural generation, grid-based movement, high score, day/night cycle, single-player only, attributes, customizable characters, leveling up, skill points in game, skeletons, rat, non-player character, sprinting mechanics, character creation, real-time waiting, sleeping, nurse, mod support, evil organization, reincarnation",,Bird view / Isometric,Single player
Duck 'n' Cover,,,"Platform, Indie",,"Action, Survival, Comedy","roguelike, pixel graphics",,,Single player
Drain Storm,,,Strategy,,Action,roguelike,,,
Aliens: The Roguelike,,,Strategy,,"Science fiction, Horror","roguelike, platform exclusive",,,
Dungeon Rogue,,,,DOS,Science fiction,"exploration, roguelike, death, procedural generation, ascii, traps, teleportation, platform exclusive, developed by one person, shopping, upgradeable weapons, melee, movement penalty, title changed after release",,,
Moraff's Revenge,,,"Role-playing (RPG), Adventure",DOS,,roguelike,,,Single player
Nethack: Falcon's Eye,,,Adventure,,,"roguelike, procedural generation, randomly generated dungeons, potion",,"Third person, Bird view / Isometric",Single player
Frozen Depths,,,,,,"roguelike, ice stage",,,
Brave Saga Shinshou Astaria,,,Role-playing (RPG),Game Boy Color,,roguelike,Takara,,Single player
Triangle Wizard,,,,,,"roguelike, human, male protagonist",,,
The Land,,,,,Open world,"roguelike, freeware, shareware, based on - book, skill points in game, unlicensed game, cga graphics",,,
Sushi Castle,,,Shooter,,,"roguelike, twin stick control",,,
ZapM,,,,,Science fiction,"roguelike, ascii",,,
Rogue Heroes,,,Platform,,"Action, Historical","medieval, roguelike, achievements, traps, boss fight, digital distribution, leveling up, microtransaction, touch controls, rpg elements",,,
Spooklands,,,,,Action,"roguelike, boss fight, digital distribution, touch controls, unlockables, difficulty level",,,
Band Saga,,,,,Action,"anime, roguelike, digital distribution, pax east 2015",,,
Demon,,,"Role-playing (RPG), Indie","Linux, PC (Microsoft Windows), Mac",Science fiction,"roguelike, traditional roguelike",,Bird view / Isometric,Single player
Graal Seeker,,,,,Historical,"medieval, roguelike, procedural generation, permadeath, mod support, pausable real time combat",,,
GearHead,,,"Role-playing (RPG), Tactical, Indie",,"Science fiction, Sandbox",roguelike,,Bird view / Isometric,Single player
Pixel Princess Blitz,,,"Role-playing (RPG), Hack and slash/Beat 'em up, Adventure, Indie","Linux, PC (Microsoft Windows), Mac","Action, Fantasy","story driven, side-scrolling, multiple endings, procedurally generated, dungeon crawler, tactical rpg ( trpg ), roguelite",Lanze Games,Bird view / Isometric,Single player
Super Lotsa Added Stuff Hack,,,Role-playing (RPG),,"Fantasy, Open world","roguelike, permadeath, open-source",,"Bird view / Isometric, Text",Single player
Dwarf Fortress,,87.4,"Role-playing (RPG), Simulator, Strategy, Turn-based strategy (TBS), Indie","Linux, PC (Microsoft Windows), Mac","Fantasy, Survival, Stealth, Sandbox, Open world, 4X (explore, expand, exploit, and exterminate)","exploration, bloody, murder, grinding, construction, roguelike, crafting, death, military, procedural generation, permadeath, 2.5d, elves, ascii, management, religion, war, traps, freeware, snow, wolf, dark humor, base building, grid-based movement, dog, nudity, dwarves, mining, free-to-play, day/night cycle, warriors, 8-bit, one-man army, city builder, attributes, world map, cat, human, shopping, bow and arrow, loot gathering, goblins, rat, deliberately retro, party system, randomly generated dungeons, original soundtrack release, non-player character, questing, randomly generated maps, commerce, never-ending, merchants, weapon workshops, random encounter, strategic dismemberment, seasons, kill quest, level by doing, you play as the villain",Bay 12 Games,"Bird view / Isometric, Text",Single player
