Game,ReleaseDate,Genre,TotalEarnings,OfflineEarnings,PercentOffline,TotalPlayers,TotalTournaments,EarningsPerPlayer,EarningsPerTournament,ReleaseDecade,Tier,HistoricalTotalEarnings,HistoricalTotalPlayers,HistoricalTotalTournaments,FirstRecordedYear,LastRecordedYear,YearsActiveInData,EarningsDifference,AuditFlag,ProfessionalizationScore,InequalityFlag
Age of Empires,1997,Strategy,736284.75,522378.17,0.70947845925099,624.0,341.0,1179.9435096153845,2159.192815249267,1990,Tier 4 Smaller Scene,736284.75,2957.0,341.0,1998.0,2024.0,27.0,0.0,Close match,0.9187968514861709,Middle range
Age of Empires II,1999,Strategy,3898508.73,1361409.22,0.349212818102372,2256.0,1939.0,1728.0623803191488,2010.5769623517276,1990,Tier 3 Mid-Level,3899608.73,8812.0,1951.0,2000.0,2024.0,25.0,-1100.0,Close match,0.966596700667248,Middle range
Age of Empires III,2005,Strategy,122256.72,44472.6,0.363764053215234,172.0,179.0,710.7948837209302,682.9984357541899,2000,Tier 4 Smaller Scene,122256.72,576.0,179.0,2006.0,2024.0,19.0,0.0,Close match,0.8350400037689112,Middle range
Age of Empires IV,2021,Strategy,1190813.44,439117.93,0.368754596857758,643.0,423.0,1851.9649144634525,2815.1617966903073,2020,Tier 3 Mid-Level,1190813.44,1954.0,423.0,2021.0,2024.0,4.0,0.0,Close match,0.8573097771342946,Middle range
Age of Empires Online,2011,Strategy,11462.98,775.0,0.0676089463647324,52.0,68.0,220.44192307692308,168.57323529411764,2010,Tier 4 Smaller Scene,11462.98,174.0,68.0,2011.0,2024.0,14.0,0.0,Close match,0.6817356276591696,Middle range
Age of Mythology,2002,Strategy,188619.58,86723.77,0.459781375825352,236.0,298.0,799.2355084745762,632.951610738255,2000,Tier 4 Smaller Scene,188619.58000000002,826.0,298.0,2003.0,2024.0,22.0,-2.9103830456733704e-11,Close match,0.8617655400868958,Middle range
Among Us,2018,Strategy,86000.0,0.0,0.0,14.0,8.0,6142.857142857143,10750.0,2010,Tier 4 Smaller Scene,86000.0,22.0,8.0,2020.0,2021.0,2.0,0.0,Close match,0.4954590796977033,Middle range
Auto Chess,2019,Strategy,1163720.28,1038222.28,0.892157933348038,133.0,52.0,8749.776541353383,22379.236153846156,2010,Tier 3 Mid-Level,1163720.28,182.0,52.0,2019.0,2022.0,4.0,0.0,Close match,0.7714043223744024,Middle range
Brawl Stars,2018,Strategy,8141511.8,3848208.14,0.472665057121209,698.0,207.0,11664.057020057306,39330.974879227055,2010,Tier 3 Mid-Level,8141511.8,3502.0,207.0,2019.0,2024.0,6.0,0.0,Close match,0.9032979885575676,Middle range
Chess.com,2007,Strategy,8609043.36,853000.02,0.0990818589627826,1158.0,779.0,7434.407046632124,11051.403543003851,2000,Tier 3 Mid-Level,8609043.36,4620.0,779.0,2012.0,2024.0,13.0,0.0,Close match,0.9532529119337954,Middle range
chess24,2014,Strategy,4318475.43,0.0,0.0,90.0,29.0,47983.06033333333,148912.94586206897,2010,Tier 3 Mid-Level,4318475.43,359.0,29.0,2020.0,2023.0,4.0,0.0,Close match,0.7596468528613044,High earnings per player
chessarena.com,2021,Strategy,263363.64,54000.0,0.205039693406425,134.0,22.0,1965.4002985074628,11971.074545454547,2020,Tier 4 Smaller Scene,263363.64,224.0,22.0,2022.0,2023.0,2.0,0.0,Close match,0.6689658505270378,Middle range
Clash of Clans,2012,Strategy,6085742.37,3722139.37,0.611616322825049,544.0,81.0,11187.026415441176,75132.62185185186,2010,Tier 3 Mid-Level,6085742.37,1310.0,81.0,2017.0,2024.0,8.0,0.0,Close match,0.8879512463930079,Middle range
Clash Royale,2016,Strategy,9059840.93,4386263.8,0.484143577562791,563.0,132.0,16092.079804618117,68635.15856060605,2010,Tier 3 Mid-Level,9059840.93,1589.0,132.0,2016.0,2024.0,9.0,0.0,Close match,0.9155912524952605,High earnings per player
Clash Royale x Chess,2022,Strategy,0.0,0.0,,,,0.0,0.0,2020,Tier 4 Smaller Scene,0.0,,,,,0.0,0.0,Missing from historical file,,Low earnings per player
Command & Conquer 3,2007,Strategy,53086.67,53086.67,1.0,9.0,8.0,5898.518888888889,6635.83375,2000,Tier 4 Smaller Scene,53086.67,14.0,5.0,2007.0,2008.0,2.0,0.0,Close match,0.464080448169284,Middle range
Command & Conquer: Red Alert,1996,Strategy,15000.0,15000.0,1.0,8.0,1.0,1875.0,15000.0,1990,Tier 4 Smaller Scene,15000.0,8.0,1.0,1998.0,1998.0,1.0,0.0,Close match,0.2520273937406591,Middle range
Company of Heroes 2,2013,Strategy,8561.22,7956.22,0.929332501676163,11.0,6.0,778.2927272727272,1426.87,2010,Tier 4 Smaller Scene,8561.22,19.0,6.0,2017.0,2019.0,3.0,0.0,Close match,0.44720648628543735,Middle range
ComPet,2016,Strategy,2000.0,0.0,0.0,50.0,1.0,40.0,2000.0,2010,Tier 4 Smaller Scene,2000.0,50.0,1.0,2017.0,2017.0,1.0,0.0,Close match,0.2966158225924233,Low earnings per player
Dead By Daylight,2016,Strategy,60000.0,0.0,0.0,35.0,9.0,1714.2857142857142,6666.666666666667,2010,Tier 4 Smaller Scene,60000.0,45.0,9.0,2019.0,2020.0,2.0,0.0,Close match,0.5238774795462259,Middle range
Dead by Daylight Mobile,2020,Strategy,10000.0,0.0,0.0,,1.0,0.0,10000.0,2020,Tier 4 Smaller Scene,10000.0,0.0,1.0,2022.0,2022.0,1.0,0.0,Close match,,Low earnings per player
Dota Underlords,2019,Strategy,26024.18,0.0,0.0,62.0,36.0,419.7448387096774,722.8938888888889,2010,Tier 4 Smaller Scene,26024.18,80.0,36.0,2019.0,2020.0,2.0,0.0,Close match,0.580195657466585,Middle range
Endgods,2015,Strategy,0.0,0.0,,,,0.0,0.0,2010,Tier 4 Smaller Scene,0.0,,,,,0.0,0.0,Missing from historical file,,Low earnings per player
Farming Simulator 19,2018,Strategy,689617.9,228639.83,0.331545671885837,145.0,32.0,4755.985517241379,21550.559375,2010,Tier 4 Smaller Scene,689617.9,770.0,32.0,2019.0,2023.0,5.0,0.0,Close match,0.7681780077693061,Middle range
Farming Simulator 22,2021,Strategy,181663.39,136960.97,0.753927194686833,48.0,8.0,3784.653958333334,22707.92375,2020,Tier 4 Smaller Scene,181663.39,188.0,9.0,2023.0,2024.0,2.0,0.0,Close match,0.5733673491738379,Middle range
GeoGuessr,2013,Strategy,74653.5,74653.5,1.0,34.0,2.0,2195.6911764705883,37326.75,2010,Tier 4 Smaller Scene,74653.5,41.0,2.0,2022.0,2023.0,2.0,0.0,Close match,0.45708014005287123,Middle range
Grey Goo,2015,Strategy,36400.0,30400.0,0.835164835164835,18.0,5.0,2022.2222222222222,7280.0,2010,Tier 4 Smaller Scene,36400.0,28.0,5.0,2015.0,2016.0,2.0,0.0,Close match,0.4599779019831516,Middle range
Heroes of Might and Magic III,1999,Strategy,0.0,0.0,,,,0.0,0.0,1990,Tier 4 Smaller Scene,0.0,,,,,0.0,0.0,Missing from historical file,,Low earnings per player
Identity V,2018,Strategy,5796530.92,5225333.4,0.901458729732783,375.0,29.0,15457.415786666666,199880.37655172413,2010,Tier 3 Mid-Level,5796530.92,1190.0,29.0,2018.0,2024.0,7.0,0.0,Close match,0.8443770235533995,High earnings per player
Internet Chess Club,1995,Strategy,10000.0,0.0,0.0,6.0,1.0,1666.6666666666667,10000.0,1990,Tier 4 Smaller Scene,10000.0,6.0,1.0,2020.0,2020.0,1.0,0.0,Close match,0.2295007876108654,Middle range
Iron Harvest,2020,Strategy,0.0,0.0,,,,0.0,0.0,2020,Tier 4 Smaller Scene,0.0,,,,,0.0,0.0,Missing from historical file,,Low earnings per player
Legion TD 2,2021,Strategy,0.0,0.0,,,,0.0,0.0,2020,Tier 4 Smaller Scene,0.0,,,,,0.0,0.0,Missing from historical file,,Low earnings per player
Lichess,2010,Strategy,1308106.01,0.0,0.0,366.0,183.0,3574.060136612022,7148.120273224044,2010,Tier 3 Mid-Level,1308106.01,954.0,183.0,2017.0,2023.0,7.0,0.0,Close match,0.8703081469312541,Middle range
Loco Dojo Unleashed,2021,Strategy,1000.0,1000.0,1.0,4.0,1.0,250.0,1000.0,2020,Tier 4 Smaller Scene,1000.0,4.0,1.0,2022.0,2022.0,1.0,0.0,Close match,0.1790781611462536,Middle range
Men of War: Assault Squad 2,2014,Strategy,0.0,0.0,,,,0.0,0.0,2010,Tier 4 Smaller Scene,0.0,,,,,0.0,0.0,Missing from historical file,,Low earnings per player
Multigaming,2000,Strategy,631156.54,573837.5,0.909184114609666,58.0,12.0,10882.009310344829,52596.378333333334,2000,Tier 4 Smaller Scene,631156.54,95.0,12.0,2010.0,2024.0,15.0,0.0,Close match,0.7378721470800977,Middle range
Playchess.com,2002,Strategy,32866.58,0.0,0.0,116.0,9.0,283.33258620689656,3651.8422222222225,2000,Tier 4 Smaller Scene,32866.58,144.0,9.0,2020.0,2020.0,1.0,0.0,Close match,0.4983855863637125,Middle range
Pokémon GO,2016,Strategy,557990.0,552000.0,0.989265040592125,324.0,72.0,1722.1913580246915,7749.861111111111,2010,Tier 4 Smaller Scene,557990.0,584.0,72.0,2020.0,2024.0,5.0,0.0,Close match,0.8085348432575499,Middle range
Pokémon VGC,2012,Strategy,667352.0,647500.0,0.970252580347403,322.0,48.0,2072.521739130435,13903.166666666666,2010,Tier 4 Smaller Scene,667352.0,536.0,48.0,2012.0,2023.0,12.0,0.0,Close match,0.8406833362764434,Middle range
Prophecy,2020,Strategy,13000.0,0.0,0.0,27.0,4.0,481.48148148148147,3250.0,2020,Tier 4 Smaller Scene,13000.0,32.0,4.0,2020.0,2020.0,1.0,0.0,Close match,0.37264910745545476,Middle range
Rise of Nations: Rise of Legends,2006,Strategy,69600.0,69600.0,1.0,8.0,1.0,8700.0,69600.0,2000,Tier 4 Smaller Scene,69600.0,8.0,1.0,2007.0,2007.0,1.0,0.0,Close match,0.29500198267937355,Middle range
Sea of Thieves,2016,Strategy,100000.0,0.0,0.0,67.0,4.0,1492.5373134328358,25000.0,2010,Tier 4 Smaller Scene,100000.0,67.0,4.0,2019.0,2019.0,1.0,0.0,Close match,0.47668442228947583,Middle range
Star Wars: Squadrons,2020,Strategy,800.0,0.0,0.0,4.0,1.0,200.0,800.0,2020,Tier 4 Smaller Scene,800.0,4.0,1.0,2020.0,2020.0,1.0,0.0,Close match,0.175901778485566,Middle range
StarCraft II,2010,Strategy,42692707.57,33672991.36,0.788729346921578,2280.0,7510.0,18724.87174122807,5684.781300932091,2010,Tier 2 Established,42693307.57,20529.0,7513.0,2010.0,2024.0,15.0,-600.0,Close match,0.9789995622641885,High earnings per player
StarCraft: Brood War,1998,Strategy,7555915.68,7299575.96,0.966074301136193,663.0,542.0,11396.554570135746,13940.803837638376,1990,Tier 3 Mid-Level,7555915.68,3032.0,542.0,1998.0,2018.0,21.0,0.0,Close match,0.9572433808348539,Middle range
StarCraft: Evo Complete (Mod),2024,Strategy,21687.9,0.0,0.0,35.0,10.0,619.6542857142857,2168.79,2020,Tier 4 Smaller Scene,21687.899999999998,52.0,10.0,2024.0,2024.0,1.0,3.637978807091713e-12,Close match,0.43276972624798715,Middle range
StarCraft: Remastered,2017,Strategy,5860787.7,1959028.34,0.334260246280547,413.0,829.0,14190.769249394674,7069.707720144753,2010,Tier 3 Mid-Level,5860787.7,2743.0,829.0,2017.0,2024.0,8.0,0.0,Close match,0.9150221656020465,Middle range
Stormgate,2024,Strategy,39778.85,15000.0,0.377084807630185,89.0,32.0,446.9533707865168,1243.0890625,2020,Tier 4 Smaller Scene,39778.85,142.0,32.0,2024.0,2024.0,1.0,0.0,Close match,0.5392928537285817,Middle range
Summoners War: Sky Arena,2014,Strategy,792000.0,512000.0,0.646464646464647,33.0,7.0,24000.0,113142.85714285714,2010,Tier 4 Smaller Scene,792000.0,38.0,7.0,2017.0,2023.0,7.0,0.0,Close match,0.660795246130453,High earnings per player
Super Mario Party,2018,Strategy,220.0,220.0,1.0,4.0,1.0,55.0,220.0,2010,Tier 4 Smaller Scene,220.0,4.0,1.0,2018.0,2018.0,1.0,0.0,Close match,0.15833825083235226,Low earnings per player
Supreme Commander,2007,Strategy,4901.26,4901.26,1.0,,1.0,0.0,4901.26,2000,Tier 4 Smaller Scene,4901.26,0.0,1.0,2007.0,2007.0,1.0,0.0,Close match,,Low earnings per player
Supreme Commander: Forged Alliance,2007,Strategy,1290.01,1290.01,1.0,,1.0,0.0,1290.01,2000,Tier 4 Smaller Scene,1290.01,0.0,1.0,2008.0,2008.0,1.0,0.0,Close match,,Low earnings per player
Teamfight Tactics,2019,Strategy,8765860.25,3290172.58,0.37533938326247,871.0,109.0,10064.133467278989,80420.7362385321,2010,Tier 3 Mid-Level,8765860.25,1865.0,109.0,2019.0,2024.0,6.0,0.0,Close match,0.8940324573919181,Middle range
Temtem,2022,Strategy,60500.0,0.0,0.0,35.0,9.0,1728.5714285714287,6722.222222222223,2020,Tier 4 Smaller Scene,60500.0,74.0,9.0,2021.0,2023.0,3.0,0.0,Close match,0.5595650729692453,Middle range
TEPPEN,2019,Strategy,626226.6,456721.47,0.729323011829903,53.0,24.0,11815.596226415093,26092.774999999998,2010,Tier 4 Smaller Scene,626226.6,86.0,24.0,2019.0,2022.0,4.0,0.0,Close match,0.6968993731373745,Middle range
The Binding of Isaac,2011,Strategy,15000.0,0.0,0.0,16.0,1.0,937.5,15000.0,2010,Tier 4 Smaller Scene,15000.0,16.0,1.0,2021.0,2021.0,1.0,0.0,Close match,0.2788576766025559,Middle range
Total Annihilation,1997,Strategy,15000.0,15000.0,1.0,2.0,1.0,7500.0,15000.0,1990,Tier 4 Smaller Scene,15000.0,2.0,1.0,1998.0,1998.0,1.0,0.0,Close match,0.18921541370738118,Middle range
UNO,2016,Strategy,30000.0,0.0,0.0,28.0,3.0,1071.4285714285713,10000.0,2010,Tier 4 Smaller Scene,30000.0,28.0,3.0,2020.0,2021.0,2.0,0.0,Close match,0.4448485919143616,Middle range
WarCraft III,2002,Strategy,6307153.73,5368595.62,0.851191496167955,768.0,1550.0,8212.439752604167,4069.1314387096777,2000,Tier 3 Mid-Level,6307153.73,3829.0,1550.0,2002.0,2020.0,19.0,0.0,Close match,0.9594139395498523,Middle range
WarCraft III: Reforged,2020,Strategy,2139958.1,594399.8,0.277762354318993,197.0,588.0,10862.73147208122,3639.384523809524,2020,Tier 3 Mid-Level,2139958.1,1538.0,588.0,2020.0,2024.0,5.0,0.0,Close match,0.8527149343571103,Middle range
"Warhammer 40,000: Dawn of War",2005,Strategy,79816.5,79816.5,1.0,7.0,3.0,11402.357142857143,26605.5,2000,Tier 4 Smaller Scene,79816.5,8.0,3.0,2005.0,2010.0,6.0,0.0,Close match,0.4982085251596503,Middle range
"Warhammer 40,000: Dawn of War II",2009,Strategy,0.0,0.0,,,,0.0,0.0,2000,Tier 4 Smaller Scene,0.0,,,,,0.0,0.0,Missing from historical file,,Low earnings per player
Warparty,2019,Strategy,1175.0,0.0,0.0,6.0,2.0,195.83333333333334,587.5,2010,Tier 4 Smaller Scene,1175.0,8.0,2.0,2019.0,2020.0,2.0,0.0,Close match,0.30806187453128164,Middle range
Windjammers,1994,Strategy,5651.47,5162.16,0.913418986564557,36.0,16.0,156.98527777777778,353.216875,1990,Tier 4 Smaller Scene,5651.47,59.0,16.0,2017.0,2021.0,5.0,0.0,Close match,0.5575647793911596,Middle range
World in Conflict,2007,Strategy,293338.23,293338.23,1.0,38.0,11.0,7719.4271052631575,26667.111818181816,2000,Tier 4 Smaller Scene,293338.23,48.0,9.0,2007.0,2008.0,2.0,0.0,Close match,0.5839615197276147,Middle range
World of Tanks,2010,Strategy,6205809.8,5479387.22,0.882944756057461,922.0,94.0,6730.813232104121,66019.25319148936,2010,Tier 3 Mid-Level,6205809.8,2313.0,90.0,2011.0,2024.0,14.0,0.0,Close match,0.9206193704608805,Middle range
World of Tanks Blitz,2016,Strategy,63330.0,60000.0,0.947418285172904,14.0,6.0,4523.571428571428,10555.0,2010,Tier 4 Smaller Scene,63330.0,14.0,6.0,2017.0,2018.0,2.0,0.0,Close match,0.4750459242923466,Middle range
ZeroSpace,2024,Strategy,20000.0,0.0,0.0,11.0,2.0,1818.1818181818182,10000.0,2020,Tier 4 Smaller Scene,20000.0,16.0,2.0,2024.0,2024.0,1.0,0.0,Close match,0.30889257771904294,Middle range
After-H,2019,First-Person Shooter,83863.4,66728.4,0.795679640939909,106.0,18.0,791.1641509433962,4659.077777777778,2010,Tier 4 Smaller Scene,83863.4,235.0,18.0,2021.0,2024.0,4.0,0.0,Close match,0.6688759231642445,Middle range
Aim Gods,2020,First-Person Shooter,250000.0,0.0,0.0,2.0,1.0,125000.0,250000.0,2020,Tier 4 Smaller Scene,250000.0,2.0,1.0,2020.0,2020.0,1.0,0.0,Close match,0.2703065945743468,High earnings per player
Aliens versus Predator 2,2001,First-Person Shooter,43500.0,43500.0,1.0,2.0,2.0,21750.0,21750.0,2000,Tier 4 Smaller Scene,43500.0,2.0,2.0,2001.0,2002.0,2.0,0.0,Close match,0.32233554397607844,High earnings per player
Alliance of Valiant Arms,2009,First-Person Shooter,0.0,0.0,,,,0.0,0.0,2000,Tier 4 Smaller Scene,0.0,,,,,0.0,0.0,Missing from historical file,,Low earnings per player
Archangel Hellfire,2017,First-Person Shooter,5500.0,2000.0,0.363636363636364,14.0,9.0,392.85714285714283,611.1111111111111,2010,Tier 4 Smaller Scene,5500.0,26.0,9.0,2018.0,2018.0,1.0,0.0,Close match,0.36617786828547216,Middle range
Battalion 1944,2018,First-Person Shooter,206654.67,129863.88,0.628410091095449,135.0,29.0,1530.7753333333335,7126.023103448277,2010,Tier 4 Smaller Scene,206654.66999999998,253.0,29.0,2018.0,2019.0,2.0,2.9103830456733704e-11,Close match,0.6748318086773458,Middle range
Battlefield 1,2016,First-Person Shooter,0.0,0.0,,,,0.0,0.0,2010,Tier 4 Smaller Scene,0.0,,,,,0.0,0.0,Missing from historical file,,Low earnings per player
Battlefield 2,2005,First-Person Shooter,94715.22,94715.22,1.0,,13.0,0.0,7285.786153846154,2000,Tier 4 Smaller Scene,94715.22,0.0,13.0,2005.0,2008.0,4.0,0.0,Close match,,Low earnings per player
Battlefield 2142,2006,First-Person Shooter,18546.14,18546.14,1.0,,4.0,0.0,4636.535,2000,Tier 4 Smaller Scene,18546.14,0.0,3.0,2007.0,2007.0,1.0,0.0,Close match,,Low earnings per player
Battlefield 3,2011,First-Person Shooter,25407.46,25407.46,1.0,5.0,7.0,5081.492,3629.637142857143,2010,Tier 4 Smaller Scene,25407.46,5.0,4.0,2012.0,2012.0,1.0,0.0,Close match,0.3444938152815192,Middle range
Battlefield 4,2013,First-Person Shooter,245766.46,212540.31,0.864806003227617,204.0,145.0,1204.7375490196077,1694.9411034482757,2010,Tier 4 Smaller Scene,245766.46,627.0,144.0,2013.0,2018.0,6.0,0.0,Close match,0.8103800303077261,Middle range
Battlefield Hardline,2015,First-Person Shooter,13463.28,13463.28,1.0,20.0,1.0,673.164,13463.28,2010,Tier 4 Smaller Scene,13463.28,20.0,1.0,2015.0,2015.0,1.0,0.0,Close match,0.284476737012585,Middle range
Battlefield V,2018,First-Person Shooter,0.0,0.0,,,,0.0,0.0,2010,Tier 4 Smaller Scene,0.0,,,,,0.0,0.0,Missing from historical file,,Low earnings per player
Beat Aim,2019,First-Person Shooter,430.0,0.0,0.0,12.0,6.0,35.833333333333336,71.66666666666667,2010,Tier 4 Smaller Scene,430.0,20.0,6.0,2020.0,2020.0,1.0,0.0,Close match,0.308407859681546,Low earnings per player
Big Buck Hunter Arcade,2016,First-Person Shooter,76200.0,76200.0,1.0,3.0,1.0,25400.0,76200.0,2010,Tier 4 Smaller Scene,76200.0,3.0,1.0,2019.0,2019.0,1.0,0.0,Close match,0.24757759781010982,High earnings per player
Black Squad,2017,First-Person Shooter,8480.72,0.0,0.0,57.0,17.0,148.78456140350875,498.8658823529411,2010,Tier 4 Smaller Scene,8480.72,101.0,17.0,2018.0,2019.0,2.0,0.0,Close match,0.5245863251197913,Middle range
Blaston,2020,First-Person Shooter,19623.06,1780.0,0.0907096039047936,27.0,22.0,726.7800000000001,891.9572727272728,2020,Tier 4 Smaller Scene,19623.059999999998,87.0,22.0,2021.0,2023.0,3.0,3.637978807091713e-12,Close match,0.5500761201573748,Middle range
Borderlands 3,2019,First-Person Shooter,50000.0,0.0,0.0,16.0,1.0,3125.0,50000.0,2010,Tier 4 Smaller Scene,50000.0,16.0,1.0,2019.0,2019.0,1.0,0.0,Close match,0.31043465717056784,Middle range
Brink,2011,First-Person Shooter,21505.82,21505.82,1.0,5.0,1.0,4301.164,21505.82,2010,Tier 4 Smaller Scene,21505.82,5.0,1.0,2011.0,2011.0,1.0,0.0,Close match,0.23824431173234703,Middle range
Call of Duty,2003,First-Person Shooter,54799.77,54799.77,1.0,66.0,4.0,830.2995454545454,13699.9425,2000,Tier 4 Smaller Scene,54799.770000000004,66.0,3.0,2004.0,2006.0,3.0,-7.275957614183426e-12,Close match,0.5570670804899339,Middle range
Call of Duty 2,2005,First-Person Shooter,75090.24,69136.44,0.920711400043468,53.0,17.0,1416.7969811320756,4417.0729411764705,2000,Tier 4 Smaller Scene,75090.24,61.0,17.0,2006.0,2017.0,12.0,0.0,Close match,0.6856407709984838,Middle range
Call of Duty 4: Modern Warfare,2007,First-Person Shooter,425409.27,393007.11,0.923832971481792,431.0,87.0,987.0284686774943,4889.761724137931,2000,Tier 4 Smaller Scene,425409.27,784.0,83.0,2007.0,2015.0,9.0,0.0,Close match,0.8509910296959989,Middle range
Call of Duty Online,2013,First-Person Shooter,949542.0,949542.0,1.0,,8.0,0.0,118692.75,2010,Tier 4 Smaller Scene,949542.0,0.0,8.0,2015.0,2018.0,4.0,0.0,Close match,,Low earnings per player
Call of Duty: Advanced Warfare,2014,First-Person Shooter,2611808.93,2267636.14,0.868224361266733,783.0,405.0,3335.643588761175,6448.910938271605,2010,Tier 3 Mid-Level,2611808.93,2024.0,405.0,2014.0,2015.0,2.0,0.0,Close match,0.8177664466537174,Middle range
Call of Duty: Black Ops,2010,First-Person Shooter,375793.48,346969.18,0.92329749840258,118.0,23.0,3184.6905084745763,16338.846956521738,2010,Tier 4 Smaller Scene,376793.48,282.0,24.0,2011.0,2012.0,2.0,-1000.0,Close match,0.6701587127539325,Middle range
Call of Duty: Black Ops 2,2012,First-Person Shooter,1479139.25,1430071.63,0.966826909636804,187.0,54.0,7909.835561497326,27391.46759259259,2010,Tier 3 Mid-Level,1479139.25,445.0,53.0,2012.0,2020.0,9.0,0.0,Close match,0.8328248343174399,Middle range
Call of Duty: Black Ops 4,2018,First-Person Shooter,6734938.95,6631161.95,0.984591248596247,389.0,82.0,17313.467737789204,82133.40182926829,2010,Tier 3 Mid-Level,6742438.95,1091.0,84.0,2018.0,2020.0,3.0,-7500.0,Close match,0.8279010318523572,High earnings per player
Call of Duty: Black Ops Cold War,2020,First-Person Shooter,6549000.0,3500000.0,0.534432737822568,299.0,92.0,21903.010033444814,71184.78260869565,2020,Tier 3 Mid-Level,6549000.0,1090.0,92.0,2020.0,2021.0,2.0,0.0,Close match,0.787328222606731,High earnings per player
Call of Duty: Black Ops III,2015,First-Person Shooter,3939783.29,3783077.02,0.960224647280028,424.0,78.0,9291.941721698113,50510.04217948718,2010,Tier 3 Mid-Level,3939783.29,1169.0,78.0,2015.0,2016.0,2.0,0.0,Close match,0.785652970276943,Middle range
Call of Duty: Blackout,2018,First-Person Shooter,611608.35,321008.35,0.524859331956472,175.0,18.0,3494.904857142857,33978.24166666667,2010,Tier 4 Smaller Scene,611608.35,244.0,18.0,2018.0,2019.0,2.0,0.0,Close match,0.6832972662670452,Middle range
Call of Duty: Ghosts,2013,First-Person Shooter,1594185.25,1504472.89,0.943725260285779,199.0,76.0,8010.981155778894,20976.121710526317,2010,Tier 3 Mid-Level,1594185.25,493.0,76.0,2013.0,2014.0,2.0,0.0,Close match,0.7491181408247963,Middle range
Call of Duty: Infinite Warfare,2016,First-Person Shooter,4166705.06,4049855.06,0.971956258406253,343.0,84.0,12147.828163265307,49603.63166666667,2010,Tier 3 Mid-Level,4166705.06,965.0,84.0,2016.0,2017.0,2.0,0.0,Close match,0.7827908978369769,Middle range
Call of Duty: Mobile,2019,First-Person Shooter,8364832.75,5834199.69,0.697467584154626,471.0,43.0,17759.72983014862,194530.9941860465,2010,Tier 3 Mid-Level,8364832.75,1327.0,43.0,2019.0,2024.0,6.0,0.0,Close match,0.857335528596691,High earnings per player
Call of Duty: Modern Warfare,2019,First-Person Shooter,7500784.5,678562.5,0.0904655373047979,396.0,81.0,18941.375,92602.27777777778,2010,Tier 3 Mid-Level,7500784.5,1128.0,81.0,2019.0,2020.0,2.0,0.0,Close match,0.7948705189556776,High earnings per player
Call of Duty: Modern Warfare 2,2009,First-Person Shooter,117479.89,51010.64,0.434207420521078,69.0,22.0,1702.6071014492754,5339.995,2000,Tier 4 Smaller Scene,117479.89,109.0,22.0,2009.0,2023.0,15.0,0.0,Close match,0.7363482525525606,Middle range
Call of Duty: Modern Warfare 3,2011,First-Person Shooter,1161041.56,1144955.66,0.986145284928474,217.0,49.0,5350.4219354838715,23694.725714285716,2010,Tier 3 Mid-Level,1161041.56,385.0,49.0,2011.0,2024.0,14.0,0.0,Close match,0.8436400024616632,Middle range
Call of Duty: Modern Warfare II,2022,First-Person Shooter,6121126.9,5390000.0,0.880556813811522,227.0,38.0,26965.316740088107,161082.28684210527,2020,Tier 3 Mid-Level,6121126.9,782.0,38.0,2022.0,2023.0,2.0,0.0,Close match,0.7499529847323656,High earnings per player
Call of Duty: Modern Warfare III,2023,First-Person Shooter,6020000.0,5800000.0,0.963455149501661,145.0,15.0,41517.24137931035,401333.3333333333,2020,Tier 3 Mid-Level,6020000.0,399.0,15.0,2023.0,2024.0,2.0,0.0,Close match,0.7079756724646117,High earnings per player
Call of Duty: Vanguard,2021,First-Person Shooter,6321000.0,5080000.0,0.803670305331435,261.0,91.0,24218.3908045977,69461.53846153847,2020,Tier 3 Mid-Level,6321000.0,809.0,91.0,2021.0,2022.0,2.0,0.0,Close match,0.7823922202624317,High earnings per player
Call of Duty: Warzone,2020,First-Person Shooter,12904809.95,1686000.0,0.130648960080191,1279.0,406.0,10089.765402658326,31785.246182266008,2020,Tier 2 Established,12904809.95,4414.0,406.0,2020.0,2024.0,5.0,0.0,Close match,0.9088529151202123,Middle range
Call of Duty: Warzone 2.0,2022,First-Person Shooter,0.0,0.0,,,,0.0,0.0,2020,Tier 4 Smaller Scene,0.0,,,,,0.0,0.0,Missing from historical file,,Low earnings per player
Call of Duty: WWII,2017,First-Person Shooter,4578021.0,4498605.0,0.982652766337245,296.0,77.0,15466.287162162162,59454.818181818184,2010,Tier 3 Mid-Level,4578021.0,724.0,77.0,2017.0,2018.0,2.0,0.0,Close match,0.7772233343441677,High earnings per player
Chex Quest,1996,First-Person Shooter,100.0,0.0,0.0,2.0,1.0,50.0,100.0,1990,Tier 4 Smaller Scene,100.0,2.0,1.0,2021.0,2021.0,1.0,0.0,Close match,0.11746653478361437,Low earnings per player
Contractors,2018,First-Person Shooter,1000.0,0.0,0.0,20.0,1.0,50.0,1000.0,2010,Tier 4 Smaller Scene,1000.0,20.0,1.0,2022.0,2022.0,1.0,0.0,Close match,0.245425914890014,Low earnings per player
Counter-Strike,2000,First-Person Shooter,13624160.18,12905226.0,0.947230936035574,4327.0,1026.0,3148.638821354287,13278.908557504874,2000,Tier 2 Established,13624770.18,16742.0,1027.0,2000.0,2014.0,15.0,-610.0,Close match,0.9733992154445863,Middle range
Counter-Strike 2,2023,First-Person Shooter,21155138.09,14444777.21,0.682802312542125,2731.0,424.0,7746.297359941414,49894.19360849057,2020,Tier 2 Established,21156138.09,7741.0,425.0,2023.0,2024.0,2.0,-1000.0,Close match,0.8520674891851368,Middle range
Counter-Strike Online,2016,First-Person Shooter,406989.6,406989.6,1.0,70.0,12.0,5814.137142857143,33915.799999999996,2010,Tier 4 Smaller Scene,406989.6,155.0,11.0,2012.0,2016.0,5.0,0.0,Close match,0.6935078712965879,Middle range
Counter-Strike: Condition Zero,2004,First-Person Shooter,162150.6,162150.6,1.0,111.0,3.0,1460.8162162162162,54050.200000000004,2000,Tier 4 Smaller Scene,162150.6,141.0,3.0,2004.0,2004.0,1.0,0.0,Close match,0.49959075059856756,Middle range
Counter-Strike: Global Offensive,2012,First-Person Shooter,162489706.76,105130836.17,0.646999974744739,16518.0,7033.0,9837.129601646688,23103.89688042087,2010,Tier 1 Elite,162546920.23,92785.0,7042.0,2012.0,2023.0,12.0,-57213.46999999881,Close match,0.9796048973520215,Middle range
Counter-Strike: Source,2004,First-Person Shooter,3113222.29,2872766.03,0.922762900428803,1502.0,331.0,2072.7179027962716,9405.505407854986,2000,Tier 3 Mid-Level,3113222.29,4995.0,329.0,2005.0,2019.0,15.0,0.0,Close match,0.9391290983979568,Middle range
Critical Ops,2015,First-Person Shooter,98106.41,40000.0,0.407720555670114,101.0,5.0,971.3505940594059,19621.282,2010,Tier 4 Smaller Scene,98106.41,113.0,5.0,2017.0,2023.0,7.0,0.0,Close match,0.6556893345979515,Middle range
CrossFire,2007,First-Person Shooter,25128357.96,21774364.07,0.866525544751512,1140.0,405.0,22042.419263157895,62045.3282962963,2000,Tier 2 Established,25128357.96,6203.0,405.0,2009.0,2024.0,16.0,0.0,Close match,0.9606682247067382,High earnings per player
CrossFire HD,2022,First-Person Shooter,1934161.1,1373434.0,0.710092866617987,139.0,7.0,13914.828057553957,276308.72857142857,2020,Tier 3 Mid-Level,1934161.1,330.0,7.0,2020.0,2024.0,5.0,0.0,Close match,0.7261133258630363,Middle range
CrossFire Mobile,2015,First-Person Shooter,6780944.77,6022238.02,0.888111940779013,282.0,40.0,24045.903439716312,169523.61925,2010,Tier 3 Mid-Level,6780944.77,1360.0,40.0,2016.0,2024.0,9.0,0.0,Close match,0.8597618717545814,High earnings per player
Crysis,2007,First-Person Shooter,11340.95,11340.95,1.0,,2.0,0.0,5670.475,2000,Tier 4 Smaller Scene,11340.95,0.0,2.0,2007.0,2008.0,2.0,0.0,Close match,,Low earnings per player
Day of Defeat,2003,First-Person Shooter,51180.41,51180.41,1.0,43.0,4.0,1190.2420930232558,12795.1025,2000,Tier 4 Smaller Scene,51180.41,48.0,4.0,2003.0,2006.0,4.0,0.0,Close match,0.5503207260084892,Middle range
Day of Defeat: Source,2005,First-Person Shooter,14068.57,10286.47,0.731166707064044,50.0,8.0,281.3714,1758.57125,2000,Tier 4 Smaller Scene,14068.57,71.0,8.0,2007.0,2010.0,4.0,0.0,Close match,0.5518411932155323,Middle range
Descent 3,1999,First-Person Shooter,50000.0,50000.0,1.0,1.0,1.0,50000.0,50000.0,1990,Tier 4 Smaller Scene,50000.0,1.0,1.0,1999.0,1999.0,1.0,0.0,Close match,0.21746460725376252,High earnings per player
Diabotical,2020,First-Person Shooter,265072.09,25842.43,0.0974920822482669,399.0,388.0,664.3410776942357,683.1754896907217,2020,Tier 4 Smaller Scene,265072.09,1383.0,388.0,2020.0,2023.0,4.0,0.0,Close match,0.8199158692244077,Middle range
Doom (2016),2016,First-Person Shooter,7000.0,7000.0,1.0,6.0,1.0,1166.6666666666667,7000.0,2010,Tier 4 Smaller Scene,7000.0,6.0,1.0,2017.0,2017.0,1.0,0.0,Close match,0.22389540644494613,Middle range
Doom 3,2004,First-Person Shooter,257748.16,257748.16,1.0,14.0,4.0,18410.582857142857,64437.04,2000,Tier 4 Smaller Scene,257748.16,17.0,4.0,2004.0,2005.0,2.0,0.0,Close match,0.4983520340675537,High earnings per player
Doom II: Hell on Earth,1994,First-Person Shooter,5108.56,2200.0,0.430649732997166,14.0,8.0,364.8971428571429,638.57,1990,Tier 4 Smaller Scene,5108.56,18.0,8.0,2000.0,2021.0,22.0,0.0,Close match,0.5481496626573445,Middle range
DOOMBRINGER,2017,First-Person Shooter,567.77,0.0,0.0,8.0,4.0,70.97125,141.9425,2010,Tier 4 Smaller Scene,567.77,8.0,4.0,2021.0,2021.0,1.0,0.0,Close match,0.2778960924256962,Low earnings per player
Echo Combat,2018,First-Person Shooter,46800.0,46800.0,1.0,16.0,1.0,2925.0,46800.0,2010,Tier 4 Smaller Scene,46800.0,16.0,1.0,2019.0,2019.0,1.0,0.0,Close match,0.3083793507430641,Middle range
Enemy Territory: Quake Wars,2007,First-Person Shooter,60923.12,60923.12,1.0,27.0,4.0,2256.411851851852,15230.78,2000,Tier 4 Smaller Scene,60923.12,32.0,3.0,2007.0,2008.0,2.0,0.0,Close match,0.4789645035690572,Middle range
Escape from Tarkov,2020,First-Person Shooter,114600.0,0.0,0.0,150.0,4.0,764.0,28650.0,2020,Tier 4 Smaller Scene,114600.0,192.0,4.0,2020.0,2020.0,1.0,0.0,Close match,0.5164596225660453,Middle range
EV.IO,2021,First-Person Shooter,20000.0,15000.0,0.75,27.0,2.0,740.7407407407408,10000.0,2020,Tier 4 Smaller Scene,20000.0,32.0,2.0,2022.0,2022.0,1.0,0.0,Close match,0.34425031482386825,Middle range
Evolve,2015,First-Person Shooter,131509.05,126054.1,0.958520345177765,110.0,33.0,1195.536818181818,3985.122727272727,2010,Tier 4 Smaller Scene,131509.05000000002,209.0,33.0,2015.0,2015.0,1.0,-2.9103830456733704e-11,Close match,0.5917691750891941,Middle range
F.E.A.R.,2005,First-Person Shooter,178000.0,178000.0,1.0,20.0,5.0,8900.0,35600.0,2000,Tier 4 Smaller Scene,178000.0,35.0,5.0,2007.0,2008.0,2.0,0.0,Close match,0.5149174770312155,Middle range
Ghost Recon Advanced Warfighter,2006,First-Person Shooter,24000.0,24000.0,1.0,,2.0,0.0,12000.0,2000,Tier 4 Smaller Scene,24000.0,0.0,2.0,2006.0,2006.0,1.0,0.0,Close match,,Low earnings per player
Gundam Versus,2017,First-Person Shooter,280.0,280.0,1.0,6.0,1.0,46.666666666666664,280.0,2010,Tier 4 Smaller Scene,280.0,6.0,1.0,2017.0,2017.0,1.0,0.0,Close match,0.18129450958395957,Low earnings per player
Guns of Boom,2017,First-Person Shooter,198750.0,190000.0,0.955974842767296,8.0,21.0,24843.75,9464.285714285714,2010,Tier 4 Smaller Scene,198750.0,32.0,18.0,2018.0,2019.0,2.0,0.0,Close match,0.5369883636792074,High earnings per player
Halo 2,2004,First-Person Shooter,1626762.47,1489362.47,0.915537761330331,126.0,74.0,12910.813253968254,21983.276621621622,2000,Tier 3 Mid-Level,1626762.47,675.0,74.0,2005.0,2021.0,17.0,0.0,Close match,0.8512900551486806,Middle range
Halo 2 Anniversary,2014,First-Person Shooter,468705.05,468705.05,1.0,97.0,20.0,4832.010824742268,23435.2525,2010,Tier 4 Smaller Scene,468705.05,299.0,20.0,2014.0,2015.0,2.0,0.0,Close match,0.6610357067560796,Middle range
Halo 3,2007,First-Person Shooter,2318079.4,2161479.4,0.932444074176234,214.0,43.0,10832.146728971962,53908.82325581395,2000,Tier 3 Mid-Level,2318079.4,893.0,42.0,2007.0,2021.0,15.0,0.0,Close match,0.8545340815813778,Middle range
Halo 4,2012,First-Person Shooter,430748.76,428498.76,0.994776537487885,66.0,19.0,6526.496363636364,22670.987368421054,2010,Tier 4 Smaller Scene,430748.76,134.0,17.0,2012.0,2014.0,3.0,0.0,Close match,0.6765844580741861,Middle range
Halo 5: Guardians,2015,First-Person Shooter,7161730.97,6783930.97,0.947247390109657,248.0,109.0,28877.94745967742,65703.953853211,2010,Tier 3 Mid-Level,7156730.97,1292.0,109.0,2015.0,2021.0,7.0,5000.0,Close match,0.8725784283571006,High earnings per player
Halo Infinite,2021,First-Person Shooter,7003555.03,6522700.03,0.931341297678074,275.0,58.0,25467.47283636364,120750.94879310345,2020,Tier 3 Mid-Level,7028555.03,1500.0,59.0,2021.0,2024.0,4.0,-25000.0,Close match,0.8247695948503467,High earnings per player
Halo: Combat Evolved,2001,First-Person Shooter,299281.0,299281.0,1.0,118.0,39.0,2536.2796610169494,7673.871794871795,2000,Tier 4 Smaller Scene,299281.0,239.0,39.0,2002.0,2005.0,4.0,0.0,Close match,0.7349130508315304,Middle range
Halo: Reach,2010,First-Person Shooter,772089.97,712089.97,0.922288849316356,121.0,29.0,6380.908842975206,26623.792068965515,2010,Tier 4 Smaller Scene,772089.97,367.0,25.0,2010.0,2020.0,11.0,0.0,Close match,0.7980553722945359,Middle range
Ironsight,2018,First-Person Shooter,0.0,0.0,,,,0.0,0.0,2010,Tier 4 Smaller Scene,0.0,,,,,0.0,0.0,Missing from historical file,,Low earnings per player
Islands of Nyne,2017,First-Person Shooter,0.0,0.0,,,,0.0,0.0,2010,Tier 4 Smaller Scene,0.0,,,,,0.0,0.0,Missing from historical file,,Low earnings per player
Lemnis Gate,2021,First-Person Shooter,1564.7,0.0,0.0,6.0,5.0,260.78333333333336,312.94,2020,Tier 4 Smaller Scene,1564.7,8.0,5.0,2021.0,2022.0,2.0,0.0,Close match,0.3605394349538606,Middle range
MechWarrior Online,2013,First-Person Shooter,143490.0,143490.0,1.0,,1.0,0.0,143490.0,2010,Tier 4 Smaller Scene,143490.0,0.0,1.0,2016.0,2016.0,1.0,0.0,Close match,,Low earnings per player
Metal Gear Online,2008,First-Person Shooter,8000.0,0.0,0.0,37.0,8.0,216.21621621621622,1000.0,2000,Tier 4 Smaller Scene,8000.0,47.0,8.0,2016.0,2016.0,1.0,0.0,Close match,0.4055311071357798,Middle range
Onward,2016,First-Person Shooter,161820.0,123000.0,0.760103819058213,92.0,8.0,1758.9130434782608,20227.5,2010,Tier 4 Smaller Scene,161820.0,152.0,8.0,2018.0,2022.0,5.0,0.0,Close match,0.667469045648821,Middle range
Overwatch,2016,First-Person Shooter,35259225.38,18840032.08,0.534329154340599,4047.0,847.0,8712.435231035335,41628.36526564345,2010,Tier 2 Established,35259225.38,15247.0,847.0,2015.0,2022.0,8.0,0.0,Close match,0.9521721660412001,Middle range
Overwatch 2,2022,First-Person Shooter,12861360.04,8210380.04,0.638375724998365,1329.0,138.0,9677.471813393528,93198.26115942029,2020,Tier 2 Established,12861360.04,4293.0,138.0,2021.0,2024.0,4.0,0.0,Close match,0.882442062994379,Middle range
Painkiller,2004,First-Person Shooter,1015000.0,1015000.0,1.0,48.0,13.0,21145.833333333332,78076.92307692308,2000,Tier 3 Mid-Level,1015000.0,169.0,13.0,2004.0,2005.0,2.0,0.0,Close match,0.6279047292132652,High earnings per player
Paladins,2015,First-Person Shooter,2490507.6,1789000.0,0.718327460634932,571.0,79.0,4361.659544658494,31525.412658227848,2010,Tier 3 Mid-Level,2490507.6,1647.0,79.0,2016.0,2021.0,6.0,0.0,Close match,0.8636424951839989,Middle range
Pavlov,2017,First-Person Shooter,1260.0,0.0,0.0,19.0,3.0,66.3157894736842,420.0,2010,Tier 4 Smaller Scene,1260.0,19.0,3.0,2022.0,2022.0,1.0,0.0,Close match,0.3082756405055238,Low earnings per player
Pistol Whip,2019,First-Person Shooter,7500.0,0.0,0.0,13.0,1.0,576.9230769230769,7500.0,2010,Tier 4 Smaller Scene,7500.0,13.0,1.0,2020.0,2020.0,1.0,0.0,Close match,0.25538253925050935,Middle range
Point Blank,2008,First-Person Shooter,1903561.1,1725721.63,0.906575381268298,583.0,112.0,3265.1133790737567,16996.08125,2000,Tier 3 Mid-Level,1903561.1,1823.0,111.0,2011.0,2023.0,13.0,0.0,Close match,0.8997776543101339,Middle range
Quake 4,2005,First-Person Shooter,564455.57,562204.81,0.996012511666773,107.0,54.0,5275.285700934579,10452.880925925925,2000,Tier 4 Smaller Scene,564455.57,256.0,54.0,2005.0,2021.0,17.0,0.0,Close match,0.8175292631592557,Middle range
Quake Champions,2017,First-Person Shooter,3520578.25,2563328.35,0.728098672426895,334.0,290.0,10540.653443113772,12139.925,2010,Tier 3 Mid-Level,3520628.25,1324.0,291.0,2017.0,2024.0,8.0,-50.0,Close match,0.8927947576426634,Middle range
Quake II,1997,First-Person Shooter,130725.98,130100.0,0.995211510366952,37.0,12.0,3533.1345945945945,10893.831666666667,1990,Tier 4 Smaller Scene,130725.98,47.0,12.0,1998.0,2021.0,24.0,0.0,Close match,0.6909081931318948,Middle range
Quake III Arena,1999,First-Person Shooter,1198106.02,1180293.99,0.985133177112323,309.0,115.0,3877.3657605177996,10418.313217391304,1990,Tier 3 Mid-Level,1219306.02,619.0,118.0,1999.0,2023.0,25.0,-21200.0,Close match,0.8941459599737267,Middle range
Quake Live,2010,First-Person Shooter,684854.12,599972.93,0.876059459202786,225.0,411.0,3043.796088888889,1666.3117274939173,2010,Tier 4 Smaller Scene,684854.12,842.0,411.0,2008.0,2022.0,15.0,0.0,Close match,0.8819566946370863,Middle range
QuakeWorld,1996,First-Person Shooter,104913.39,99067.16,0.944275654423139,57.0,16.0,1840.5857894736841,6557.086875,1990,Tier 4 Smaller Scene,100096.01,75.0,16.0,1998.0,2021.0,24.0,4817.380000000005,Close match,0.7163472271799719,Middle range
Rage,2011,First-Person Shooter,5000.0,5000.0,1.0,3.0,1.0,1666.6666666666667,5000.0,2010,Tier 4 Smaller Scene,5000.0,3.0,1.0,2017.0,2017.0,1.0,0.0,Close match,0.18106040797453432,Middle range
Rainbow Six Extraction,2022,First-Person Shooter,0.0,0.0,,,,0.0,0.0,2020,Tier 4 Smaller Scene,0.0,,,,,0.0,0.0,Missing from historical file,,Low earnings per player
Rainbow Six Siege,2015,First-Person Shooter,48130526.59,37241404.36,0.773758506264454,3070.0,568.0,15677.695957654725,84736.84258802817,2010,Tier 2 Established,48130526.59,13665.0,568.0,2016.0,2024.0,9.0,0.0,Close match,0.9549906295075198,High earnings per player
Rainbow Six: Vegas,2006,First-Person Shooter,176400.77,176400.77,1.0,106.0,7.0,1664.1582075471697,25200.109999999997,2000,Tier 4 Smaller Scene,176400.77,158.0,7.0,2007.0,2007.0,1.0,0.0,Close match,0.537438309883192,Middle range
Rainbow Six: Vegas 2,2008,First-Person Shooter,79000.0,79000.0,1.0,,8.0,0.0,9875.0,2000,Tier 4 Smaller Scene,79000.0,0.0,7.0,2008.0,2009.0,2.0,0.0,Close match,,Low earnings per player
Realm Royale,2018,First-Person Shooter,263000.0,0.0,0.0,47.0,9.0,5595.744680851064,29222.222222222223,2010,Tier 4 Smaller Scene,263000.0,57.0,9.0,2018.0,2018.0,1.0,0.0,Close match,0.5211478485624893,Middle range
Reflex,2015,First-Person Shooter,2458.37,163.66,0.0665725663752812,24.0,9.0,102.43208333333332,273.15222222222224,2010,Tier 4 Smaller Scene,2458.37,27.0,9.0,2015.0,2021.0,7.0,0.0,Close match,0.5255917375467184,Low earnings per player
Resistance 2,2008,First-Person Shooter,50400.0,0.0,0.0,194.0,1.0,259.7938144329897,50400.0,2000,Tier 4 Smaller Scene,50400.0,194.0,1.0,2009.0,2009.0,1.0,0.0,Close match,0.4183974695236714,Middle range
Return to Castle Wolfenstein,2001,First-Person Shooter,113424.3,113424.3,1.0,50.0,3.0,2268.486,37808.1,2000,Tier 4 Smaller Scene,113424.3,54.0,3.0,2002.0,2003.0,2.0,0.0,Close match,0.5161093705369364,Middle range
Rust,2013,First-Person Shooter,50000.0,0.0,0.0,46.0,1.0,1086.9565217391305,50000.0,2010,Tier 4 Smaller Scene,50000.0,46.0,1.0,2022.0,2022.0,1.0,0.0,Close match,0.35702367547339653,Middle range
S.K.I.L.L. - Special Force 2,2013,First-Person Shooter,147532.93,131555.81,0.891704719753075,97.0,22.0,1520.9580412371133,6706.042272727273,2010,Tier 4 Smaller Scene,147532.93,211.0,22.0,2013.0,2017.0,5.0,0.0,Close match,0.7089269641667366,Middle range
S.T.A.L.K.E.R.: Shadow of Chernobyl,2007,First-Person Shooter,4901.26,4901.26,1.0,,1.0,0.0,4901.26,2000,Tier 4 Smaller Scene,4901.26,0.0,1.0,2007.0,2007.0,1.0,0.0,Close match,,Low earnings per player
Shadowrun,2007,First-Person Shooter,24000.0,24000.0,1.0,,3.0,0.0,8000.0,2000,Tier 4 Smaller Scene,24000.0,0.0,3.0,2007.0,2007.0,1.0,0.0,Close match,,Low earnings per player
ShootMania Storm,2013,First-Person Shooter,262090.69,258286.5,0.985485215060482,108.0,43.0,2426.765648148148,6095.132325581395,2010,Tier 4 Smaller Scene,262090.69,164.0,42.0,2012.0,2020.0,9.0,0.0,Close match,0.7775124758370903,Middle range
Snapshot VR,2020,First-Person Shooter,1000.0,0.0,0.0,15.0,2.0,66.66666666666667,500.0,2020,Tier 4 Smaller Scene,1000.0,19.0,2.0,2021.0,2022.0,2.0,0.0,Close match,0.3416991357973827,Low earnings per player
Space Junkies,2019,First-Person Shooter,30420.0,24600.0,0.808678500986193,33.0,4.0,921.8181818181819,7605.0,2010,Tier 4 Smaller Scene,30420.0,44.0,4.0,2019.0,2020.0,2.0,0.0,Close match,0.4660646654815647,Middle range
Special Force,2004,First-Person Shooter,130250.0,130250.0,1.0,,3.0,0.0,43416.666666666664,2000,Tier 4 Smaller Scene,130250.0,0.0,3.0,2010.0,2011.0,2.0,0.0,Close match,,Low earnings per player
Splatoon,2015,First-Person Shooter,1390.0,0.0,0.0,3.0,4.0,463.3333333333333,347.5,2010,Tier 4 Smaller Scene,1390.0,3.0,3.0,2015.0,2016.0,2.0,0.0,Close match,0.30913388991816637,Middle range
Splatoon 2,2017,First-Person Shooter,8930.0,8630.0,0.966405375139978,13.0,6.0,686.9230769230769,1488.3333333333333,2010,Tier 4 Smaller Scene,8930.0,13.0,6.0,2017.0,2020.0,4.0,0.0,Close match,0.472444380776184,Middle range
Star Wars Jedi Knight II: Jedi Outcast,2002,First-Person Shooter,7679.25,7679.25,1.0,,1.0,0.0,7679.25,2000,Tier 4 Smaller Scene,7679.25,0.0,1.0,2002.0,2002.0,1.0,0.0,Close match,,Low earnings per player
Sudden Attack,2005,First-Person Shooter,0.0,0.0,,,,0.0,0.0,2000,Tier 4 Smaller Scene,0.0,,,,,0.0,0.0,Missing from historical file,,Low earnings per player
Team Fortress 2,2007,First-Person Shooter,775660.02,438928.41,0.565877315682714,1471.0,207.0,527.3011692726037,3747.1498550724637,2000,Tier 4 Smaller Scene,779331.02,3730.0,207.0,2007.0,2023.0,17.0,-3671.0,Close match,0.916722301299908,Middle range
The Finals,2023,First-Person Shooter,0.0,0.0,,,,0.0,0.0,2020,Tier 4 Smaller Scene,0.0,,,,,0.0,0.0,Missing from historical file,,Low earnings per player
Tower Tag,2020,First-Person Shooter,5170.41,0.0,0.0,25.0,5.0,206.8164,1034.0819999999999,2020,Tier 4 Smaller Scene,5170.41,37.0,5.0,2020.0,2020.0,1.0,0.0,Close match,0.3638572734343204,Middle range
Uncharted 4: A Thief's End,2016,First-Person Shooter,46235.07,46235.07,1.0,5.0,1.0,9247.014,46235.07,2010,Tier 4 Smaller Scene,46235.07,5.0,1.0,2016.0,2016.0,1.0,0.0,Close match,0.25917106808511237,Middle range
Unreal Tournament,1999,First-Person Shooter,89000.0,89000.0,1.0,14.0,5.0,6357.142857142857,17800.0,1990,Tier 4 Smaller Scene,89000.0,17.0,3.0,2001.0,2002.0,2.0,0.0,Close match,0.4785219827255117,Middle range
Unreal Tournament (2016),2016,First-Person Shooter,5084.97,0.0,0.0,82.0,8.0,62.011829268292686,635.62125,2010,Tier 4 Smaller Scene,5084.97,108.0,8.0,2015.0,2020.0,6.0,0.0,Close match,0.5817810169771254,Low earnings per player
Unreal Tournament 2003,2002,First-Person Shooter,147473.91,147473.91,1.0,33.0,14.0,4468.9063636363635,10533.850714285714,2000,Tier 4 Smaller Scene,147473.91,45.0,14.0,2002.0,2008.0,7.0,0.0,Close match,0.6567523311156136,Middle range
Unreal Tournament 2004,2004,First-Person Shooter,152421.78,151871.78,0.996391591805318,54.0,14.0,2822.6255555555554,10887.27,2000,Tier 4 Smaller Scene,152421.78,76.0,14.0,2004.0,2006.0,3.0,0.0,Close match,0.6343398223173725,Middle range
Unreal Tournament 3,2007,First-Person Shooter,104977.82,104977.82,1.0,7.0,4.0,14996.83142857143,26244.455,2000,Tier 4 Smaller Scene,104977.82,7.0,4.0,2008.0,2013.0,6.0,0.0,Close match,0.5228198492932985,High earnings per player
Vail VR,2022,First-Person Shooter,0.0,0.0,,,,0.0,0.0,2020,Tier 4 Smaller Scene,0.0,,,,,0.0,0.0,Missing from historical file,,Low earnings per player
VAIL VR,2022,First-Person Shooter,36000.0,35000.0,0.972222222222222,30.0,2.0,1200.0,18000.0,2020,Tier 4 Smaller Scene,36000.0,35.0,2.0,2022.0,2022.0,1.0,0.0,Close match,0.36366800183778875,Middle range
VALORANT,2020,First-Person Shooter,32018215.37,19298867.52,0.602746508416656,7465.0,1316.0,4289.11123509712,24329.950889057753,2020,Tier 2 Established,32018215.37,26251.0,1316.0,2020.0,2024.0,5.0,0.0,Close match,0.9302644315634867,Middle range
Warface,2013,First-Person Shooter,109555.0,109555.0,1.0,32.0,2.0,3423.59375,54777.5,2010,Tier 4 Smaller Scene,109555.0,35.0,2.0,2018.0,2018.0,1.0,0.0,Close match,0.4025353977325232,Middle range
Warsow,2012,First-Person Shooter,183.0,0.0,0.0,2.0,1.0,91.5,183.0,2010,Tier 4 Smaller Scene,183.0,2.0,1.0,2018.0,2018.0,1.0,0.0,Close match,0.12269822387180568,Low earnings per player
Wolfenstein: Enemy Territory,2003,First-Person Shooter,140963.24,138376.87,0.981652166905358,152.0,18.0,927.3897368421052,7831.291111111111,2000,Tier 4 Smaller Scene,140963.24,305.0,18.0,2005.0,2019.0,15.0,0.0,Close match,0.7661266438116956,Middle range
Xonotic,2010,First-Person Shooter,14935.01,26.07,0.001745562942375,96.0,44.0,155.57302083333335,339.43204545454546,2010,Tier 4 Smaller Scene,14935.01,261.0,44.0,2014.0,2022.0,9.0,0.0,Close match,0.690589781240591,Middle range
Zombieland VR: Headshot Fever,2021,First-Person Shooter,10000.0,0.0,0.0,4.0,1.0,2500.0,10000.0,2020,Tier 4 Smaller Scene,10000.0,4.0,1.0,2021.0,2021.0,1.0,0.0,Close match,0.20953406548108172,Middle range
Zula,2015,First-Person Shooter,162500.0,160000.0,0.984615384615385,38.0,3.0,4276.315789473684,54166.666666666664,2010,Tier 4 Smaller Scene,162500.0,55.0,3.0,2018.0,2020.0,3.0,0.0,Close match,0.5484697987221483,Middle range
Arena of Valor,2015,Multiplayer Online Battle Arena,98746138.92,94528965.41,0.957292775635343,2231.0,179.0,44260.931833258626,551654.4073743017,2010,Tier 2 Established,104775717.48,7456.0,235.0,2016.0,2024.0,9.0,-6029578.560000002,Difference needs review,0.939713579697421,High earnings per player
Battlerite,2016,Multiplayer Online Battle Arena,65227.95,28000.0,0.429263835518363,88.0,76.0,741.2267045454545,858.2624999999999,2010,Tier 4 Smaller Scene,65227.95,227.0,76.0,2016.0,2023.0,8.0,0.0,Close match,0.7371652794999988,Middle range
Blankos Block Party,2020,Multiplayer Online Battle Arena,250.0,0.0,0.0,3.0,1.0,83.33333333333333,250.0,2020,Tier 4 Smaller Scene,250.0,3.0,1.0,2022.0,2022.0,1.0,0.0,Close match,0.1429438160462832,Low earnings per player
Bloodline Champions,2011,Multiplayer Online Battle Arena,41905.32,40850.0,0.974816562670324,43.0,12.0,974.5423255813953,3492.11,2010,Tier 4 Smaller Scene,41905.32,63.0,10.0,2011.0,2016.0,6.0,0.0,Close match,0.6147555302804937,Middle range
Crab Game,2021,Multiplayer Online Battle Arena,45950.0,44000.0,0.957562568008705,32.0,11.0,1435.9375,4177.272727272727,2020,Tier 4 Smaller Scene,45950.0,33.0,11.0,2021.0,2022.0,2.0,0.0,Close match,0.5161793107037904,Middle range
Creative Destruction,2018,Multiplayer Online Battle Arena,100000.0,0.0,0.0,8.0,1.0,12500.0,100000.0,2010,Tier 4 Smaller Scene,100000.0,8.0,1.0,2018.0,2018.0,1.0,0.0,Close match,0.3063995910500761,Middle range
Deadlock,2024,Multiplayer Online Battle Arena,12610.0,0.0,0.0,27.0,4.0,467.037037037037,3152.5,2020,Tier 4 Smaller Scene,12610.0,34.0,4.0,2024.0,2024.0,1.0,0.0,Close match,0.3719017232999989,Middle range
Defense of the Ancients,2003,Multiplayer Online Battle Arena,918125.6,878963.63,0.957345737881614,504.0,105.0,1821.6777777777777,8744.053333333333,2000,Tier 4 Smaller Scene,918125.6,1199.0,98.0,2005.0,2014.0,10.0,0.0,Close match,0.8752941262767611,Middle range
Dofus,2004,Multiplayer Online Battle Arena,0.0,0.0,,,,0.0,0.0,2000,Tier 4 Smaller Scene,0.0,,,,,0.0,0.0,Missing from historical file,,Low earnings per player
Dota 2,2013,Multiplayer Online Battle Arena,360461163.42,313554838.46,0.869871348927135,4980.0,1934.0,72381.75972289157,186381.15998965874,2010,Tier 1 Elite,360611163.42,33343.0,1937.0,2011.0,2024.0,14.0,-150000.0,Close match,0.9797807224979037,High earnings per player
Dream Three Kingdoms 2,2015,Multiplayer Online Battle Arena,0.0,0.0,,,1.0,0.0,0.0,2010,Tier 4 Smaller Scene,0.0,0.0,1.0,2023.0,2023.0,1.0,0.0,Missing from historical file,,Low earnings per player
Heavy Metal Machines,2017,Multiplayer Online Battle Arena,12339.33,0.0,0.0,35.0,1.0,352.5522857142857,12339.33,2010,Tier 4 Smaller Scene,12339.33,35.0,1.0,2017.0,2017.0,1.0,0.0,Close match,0.3050708390199519,Middle range
Heroes of Newerth,2010,Multiplayer Online Battle Arena,3073445.72,1722436.17,0.560425114649495,820.0,395.0,3748.104536585366,7780.87524050633,2010,Tier 3 Mid-Level,3073445.72,3522.0,395.0,2010.0,2018.0,9.0,0.0,Close match,0.917728032128213,Middle range
Heroes of the Storm,2015,Multiplayer Online Battle Arena,18464719.38,14254535.64,0.771987667217935,1326.0,506.0,13925.12773755656,36491.54027667984,2010,Tier 2 Established,18464719.38,6305.0,506.0,2014.0,2023.0,10.0,0.0,Close match,0.949856617551512,Middle range
Hyper Scape,2020,Multiplayer Online Battle Arena,299000.0,0.0,0.0,260.0,4.0,1150.0,74750.0,2020,Tier 4 Smaller Scene,299000.0,303.0,4.0,2020.0,2020.0,1.0,0.0,Close match,0.5560983412934278,Middle range
League of Legends,2009,Multiplayer Online Battle Arena,113596024.63,98546688.28,0.867518811516353,9588.0,3000.0,11847.728893408426,37865.34154333333,2000,Tier 1 Elite,113596024.63,43001.0,3000.0,2010.0,2024.0,15.0,0.0,Close match,0.9854839204720827,Middle range
League of Legends: Wild Rift,2021,Multiplayer Online Battle Arena,11193427.98,8310360.3,0.742432105236094,1473.0,117.0,7599.068553971487,95670.32461538461,2020,Tier 2 Established,19482174.08,3508.0,203.0,2021.0,2024.0,4.0,-8288746.099999998,Difference needs review,0.8787021489437671,Middle range
Legend of Glory,2015,Multiplayer Online Battle Arena,472.66,0.0,0.0,,1.0,0.0,472.66,2010,Tier 4 Smaller Scene,472.66,0.0,1.0,2015.0,2015.0,1.0,0.0,Close match,,Low earnings per player
Minecraft,2011,Multiplayer Online Battle Arena,3008059.15,199650.0,0.066371700170856,613.0,142.0,4907.111174551386,21183.51514084507,2010,Tier 3 Mid-Level,3008059.15,1791.0,142.0,2018.0,2024.0,7.0,0.0,Close match,0.8903936883451026,Middle range
MOBA Legends,2016,Multiplayer Online Battle Arena,225.0,0.0,0.0,3.0,1.0,75.0,225.0,2010,Tier 4 Smaller Scene,225.0,3.0,1.0,2016.0,2016.0,1.0,0.0,Close match,0.1421964318908273,Low earnings per player
Mobile Legends: Bang Bang,2016,Multiplayer Online Battle Arena,17019451.87,15261734.15,0.896723012384535,2261.0,155.0,7527.4002078726235,109802.91529032259,2010,Tier 2 Established,17019451.87,6747.0,155.0,2017.0,2024.0,8.0,0.0,Close match,0.9285440533478264,Middle range
Onmyoji Arena,2018,Multiplayer Online Battle Arena,89679.22,89679.22,1.0,5.0,1.0,17935.844,89679.22,2010,Tier 4 Smaller Scene,89679.22,5.0,1.0,2022.0,2022.0,1.0,0.0,Close match,0.28047151651560565,High earnings per player
Pokemon Unite,2021,Multiplayer Online Battle Arena,2802324.2,1849037.5,0.65982283563051,850.0,61.0,3296.8520000000003,45939.74098360656,2020,Tier 3 Mid-Level,2802324.2,1696.0,61.0,2021.0,2024.0,4.0,0.0,Close match,0.8364361802946242,Middle range
Roblox,2006,Multiplayer Online Battle Arena,0.0,0.0,,,,0.0,0.0,2000,Tier 4 Smaller Scene,0.0,,,,,0.0,0.0,Missing from historical file,,Low earnings per player
Shards of War,2015,Multiplayer Online Battle Arena,1029.21,0.0,0.0,20.0,1.0,51.4605,1029.21,2010,Tier 4 Smaller Scene,1029.21,20.0,1.0,2015.0,2015.0,1.0,0.0,Close match,0.24748122131751774,Low earnings per player
SMITE,2014,Multiplayer Online Battle Arena,12580110.75,10017832.57,0.796323082449811,556.0,110.0,22626.09847122302,114364.64318181819,2010,Tier 2 Established,12580110.75,1975.0,109.0,2013.0,2024.0,12.0,0.0,Close match,0.9195154473509924,High earnings per player
Splitgate: Arena Warfare,2019,Multiplayer Online Battle Arena,360000.0,0.0,0.0,92.0,4.0,3913.0434782608695,90000.0,2010,Tier 4 Smaller Scene,360000.0,112.0,4.0,2019.0,2022.0,4.0,0.0,Close match,0.6402797877615714,Middle range
Teeworlds,2007,Multiplayer Online Battle Arena,0.0,0.0,,,,0.0,0.0,2000,Tier 4 Smaller Scene,0.0,,,,,0.0,0.0,Missing from historical file,,Low earnings per player
Vainglory,2014,Multiplayer Online Battle Arena,937421.19,836825.87,0.892689304367016,262.0,36.0,3577.9434732824425,26039.477499999997,2010,Tier 4 Smaller Scene,937421.19,557.0,36.0,2015.0,2017.0,3.0,0.0,Close match,0.761785757673266,Middle range
Blade & Soul,2012,Role-Playing Game,679006.26,679006.26,1.0,89.0,7.0,7629.283820224719,97000.89428571428,2010,Tier 4 Smaller Scene,679006.26,140.0,6.0,2015.0,2019.0,5.0,0.0,Close match,0.6872117318580272,Middle range
Cave Digger 2,2021,Role-Playing Game,750.0,0.0,0.0,4.0,1.0,187.5,750.0,2020,Tier 4 Smaller Scene,750.0,4.0,1.0,2021.0,2021.0,1.0,0.0,Close match,0.17422016413579022,Middle range
Chivalry 2,2021,Role-Playing Game,0.0,0.0,,,,0.0,0.0,2020,Tier 4 Smaller Scene,0.0,,,,,0.0,0.0,Missing from historical file,,Low earnings per player
Guild Wars 2,2012,Role-Playing Game,476005.5,350000.0,0.735285621699749,152.0,57.0,3131.6151315789475,8350.973684210527,2010,Tier 4 Smaller Scene,476005.5,277.0,57.0,2014.0,2016.0,3.0,0.0,Close match,0.7468508121211632,Middle range
Naraka: Bladepoint,2021,Role-Playing Game,4357330.52,3922900.0,0.900298928895575,177.0,14.0,24617.686553672313,311237.89428571425,2020,Tier 3 Mid-Level,4357330.52,326.0,14.0,2021.0,2023.0,3.0,0.0,Close match,0.7432999759228482,High earnings per player
Old School Runescape,2013,Role-Playing Game,457504.2,28500.0,0.0622945100831861,84.0,26.0,5446.478571428572,17596.315384615384,2010,Tier 4 Smaller Scene,457504.2,113.0,26.0,2016.0,2022.0,7.0,0.0,Close match,0.7492236668513274,Middle range
Red Stone,2004,Role-Playing Game,58000.0,58000.0,1.0,12.0,2.0,4833.333333333333,29000.0,2000,Tier 4 Smaller Scene,58000.0,18.0,2.0,2008.0,2009.0,2.0,0.0,Close match,0.40925688086104095,Middle range
Stardew Valley,2016,Role-Playing Game,97850.0,0.0,0.0,69.0,3.0,1418.1159420289855,32616.666666666668,2010,Tier 4 Smaller Scene,97850.0,84.0,3.0,2019.0,2021.0,3.0,0.0,Close match,0.5621499755077249,Middle range
Tibia,1997,Role-Playing Game,952.94,952.94,1.0,1.0,1.0,952.94,952.94,1990,Tier 4 Smaller Scene,952.94,1.0,1.0,2024.0,2024.0,1.0,0.0,Close match,0.143286729824764,Middle range
World of WarCraft,2004,Role-Playing Game,9150537.61,5081388.91,0.555310422903119,503.0,225.0,18191.923677932406,40669.05604444444,2000,Tier 3 Mid-Level,9150537.61,2581.0,225.0,2007.0,2023.0,17.0,0.0,Close match,0.9409837398664106,High earnings per player
Acceleration of SUGURI 2,2018,Fighting Game,410.0,210.0,0.51219512195122,8.0,3.0,51.25,136.66666666666666,2010,Tier 4 Smaller Scene,410.0,9.0,3.0,2019.0,2021.0,3.0,0.0,Close match,0.35941331836678647,Low earnings per player
Akatsuki Blitzkampf,2007,Fighting Game,20.0,0.0,0.0,3.0,1.0,6.666666666666667,20.0,2000,Tier 4 Smaller Scene,20.0,3.0,1.0,2020.0,2020.0,1.0,0.0,Close match,0.12575398047079742,Low earnings per player
Aquapazza: Aquaplus Dream Match,2011,Fighting Game,245.0,245.0,1.0,5.0,2.0,49.0,122.5,2010,Tier 4 Smaller Scene,245.0,6.0,2.0,2016.0,2019.0,4.0,0.0,Close match,0.32857669910119375,Low earnings per player
Arcana Heart 3,2009,Fighting Game,1000.0,1000.0,1.0,4.0,1.0,250.0,1000.0,2000,Tier 4 Smaller Scene,1000.0,4.0,1.0,2011.0,2011.0,1.0,0.0,Close match,0.1790781611462536,Middle range
Arcana Heart 3: Love Max Six Stars!!!!!,2014,Fighting Game,570.0,520.0,0.912280701754386,8.0,4.0,71.25,142.5,2010,Tier 4 Smaller Scene,570.0,12.0,4.0,2018.0,2020.0,3.0,0.0,Close match,0.37897979945110727,Low earnings per player
Arcana Heart 3: LOVE MAX!!!!!,2013,Fighting Game,410.0,410.0,1.0,6.0,2.0,68.33333333333333,205.0,2010,Tier 4 Smaller Scene,410.0,6.0,2.0,2016.0,2017.0,2.0,0.0,Close match,0.29068519291693184,Low earnings per player
ARMS,2017,Fighting Game,22759.9,13672.93,0.600746488341337,133.0,116.0,171.12706766917293,196.20603448275864,2010,Tier 4 Smaller Scene,22759.9,357.0,116.0,2017.0,2024.0,8.0,0.0,Close match,0.7351354301638062,Middle range
Asuka 120% LimitOver BURNING Fest.,1998,Fighting Game,10.0,0.0,0.0,3.0,1.0,3.3333333333333335,10.0,1990,Tier 4 Smaller Scene,10.0,3.0,1.0,2020.0,2020.0,1.0,0.0,Close match,0.1250065963153415,Low earnings per player
Attack on Titan Tribute Game,2013,Fighting Game,108650.0,0.0,0.0,21.0,15.0,5173.809523809524,7243.333333333333,2010,Tier 4 Smaller Scene,1296713.53,382.0,71.0,2014.0,2018.0,5.0,-1188063.53,Difference needs review,0.6118995014591374,Middle range
BlazBlue: Calamity Trigger,2008,Fighting Game,35.0,35.0,1.0,3.0,1.0,11.666666666666666,35.0,2000,Tier 4 Smaller Scene,35.0,3.0,1.0,2009.0,2009.0,1.0,0.0,Close match,0.12687505670398128,Low earnings per player
BlazBlue: Central Fiction,2015,Fighting Game,106192.78,105895.94,0.997204706383993,130.0,57.0,816.8675384615384,1863.0312280701755,2010,Tier 4 Smaller Scene,106192.78,287.0,57.0,2016.0,2024.0,9.0,0.0,Close match,0.7679718759186706,Middle range
BlazBlue: Chronophantasma,2012,Fighting Game,37020.58,37020.58,1.0,63.0,15.0,587.628253968254,2468.038666666667,2010,Tier 4 Smaller Scene,37020.58,94.0,15.0,2014.0,2015.0,2.0,0.0,Close match,0.561627968463557,Middle range
BlazBlue: Chronophantasma Extend,2015,Fighting Game,4918.77,4918.77,1.0,28.0,11.0,175.67035714285717,447.1609090909091,2010,Tier 4 Smaller Scene,4918.77,33.0,11.0,2015.0,2016.0,2.0,0.0,Close match,0.46202940111115837,Middle range
BlazBlue: Continuum Shift Extend,2011,Fighting Game,0.0,0.0,,3.0,1.0,0.0,0.0,2010,Tier 4 Smaller Scene,0.0,3.0,1.0,2013.0,2013.0,1.0,0.0,Missing from historical file,0.11342214190577499,Low earnings per player
BlazBlue: Continuum Shift II,2010,Fighting Game,24591.01,24591.01,1.0,14.0,5.0,1756.5007142857141,4918.201999999999,2010,Tier 4 Smaller Scene,24591.010000000002,17.0,5.0,2011.0,2012.0,2.0,-3.637978807091713e-12,Close match,0.4404053907972606,Middle range
BlazBlue: Cross Tag Battle,2018,Fighting Game,98682.7,96434.31,0.977215965919052,133.0,43.0,741.9751879699248,2294.946511627907,2010,Tier 4 Smaller Scene,98682.7,235.0,43.0,2018.0,2024.0,7.0,0.0,Close match,0.7435624573079322,Middle range
Bloody Roar Extreme,2002,Fighting Game,1370.0,1370.0,1.0,3.0,1.0,456.6666666666667,1370.0,2000,Tier 4 Smaller Scene,1370.0,3.0,1.0,2022.0,2022.0,1.0,0.0,Close match,0.1664864169431442,Middle range
Brawlhalla,2015,Fighting Game,4268987.83,1074264.04,0.251643734482138,880.0,698.0,4851.1225340909095,6116.028409742121,2010,Tier 3 Mid-Level,4202487.83,5633.0,701.0,2015.0,2023.0,9.0,66500.0,Close match,0.9291097249356929,Middle range
Brawlout,2017,Fighting Game,0.0,0.0,,,,0.0,0.0,2010,Tier 4 Smaller Scene,0.0,,,,,0.0,0.0,Missing from historical file,,Low earnings per player
Breakers Revenge,1998,Fighting Game,16.0,0.0,0.0,3.0,1.0,5.333333333333333,16.0,1990,Tier 4 Smaller Scene,16.0,3.0,1.0,2020.0,2020.0,1.0,0.0,Close match,0.12538028839306944,Low earnings per player
Capcom vs. SNK,2000,Fighting Game,140.0,140.0,1.0,6.0,2.0,23.333333333333332,70.0,2000,Tier 4 Smaller Scene,140.0,6.0,2.0,2001.0,2010.0,10.0,0.0,Close match,0.37925021533845654,Low earnings per player
Capcom vs. SNK 2,2001,Fighting Game,25966.79,25966.79,1.0,39.0,24.0,665.8151282051282,1081.9495833333333,2000,Tier 4 Smaller Scene,25966.79,79.0,22.0,2002.0,2024.0,23.0,0.0,Close match,0.6685525595307547,Middle range
Chaos Code: New Sign of Catastrophe,2013,Fighting Game,140.0,140.0,1.0,3.0,1.0,46.666666666666664,140.0,2010,Tier 4 Smaller Scene,140.0,3.0,1.0,2017.0,2017.0,1.0,0.0,Close match,0.13341466806422042,Low earnings per player
Dead or Alive 4,2005,Fighting Game,497745.31,497745.31,1.0,45.0,13.0,11061.006888888889,38288.10076923077,2000,Tier 4 Smaller Scene,497745.31,65.0,13.0,2006.0,2008.0,3.0,0.0,Close match,0.6455882611443516,Middle range
Dead or Alive 5,2012,Fighting Game,0.0,0.0,,4.0,2.0,0.0,0.0,2010,Tier 4 Smaller Scene,0.0,4.0,1.0,2012.0,2012.0,1.0,0.0,Missing from historical file,0.17094268603378493,Low earnings per player
Dead or Alive 5 Ultimate,2013,Fighting Game,0.0,0.0,,37.0,7.0,0.0,0.0,2010,Tier 4 Smaller Scene,0.0,52.0,7.0,2013.0,2014.0,2.0,0.0,Missing from historical file,0.388842235577538,Low earnings per player
Dead or Alive 5: Last Round,2015,Fighting Game,15413.82,15413.82,1.0,46.0,20.0,335.0830434782609,770.691,2010,Tier 4 Smaller Scene,15413.82,76.0,20.0,2015.0,2018.0,4.0,0.0,Close match,0.5875402370730152,Middle range
Dead or Alive 6,2019,Fighting Game,64742.54,63632.54,0.982855167560618,67.0,21.0,966.3065671641791,3082.978095238095,2010,Tier 4 Smaller Scene,72926.54000000001,110.0,22.0,2019.0,2021.0,3.0,-8184.000000000007,Difference needs review,0.6309560657402964,Middle range
Dead or Alive Ultimate,2004,Fighting Game,30000.0,30000.0,1.0,3.0,1.0,10000.0,30000.0,2000,Tier 4 Smaller Scene,30000.0,3.0,1.0,2005.0,2005.0,1.0,0.0,Close match,0.21992438405824136,Middle range
Def Jam: Fight for NY,2004,Fighting Game,550.0,360.0,0.654545454545455,6.0,3.0,91.66666666666667,183.33333333333334,2000,Tier 4 Smaller Scene,550.0,9.0,3.0,2020.0,2022.0,3.0,0.0,Close match,0.351273857229519,Low earnings per player
Dengeki Bunko: Fighting Climax,2014,Fighting Game,60.0,60.0,1.0,3.0,1.0,20.0,60.0,2010,Tier 4 Smaller Scene,60.0,3.0,1.0,2015.0,2015.0,1.0,0.0,Close match,0.1279961329371651,Low earnings per player
Dengeki Bunko: Fighting Climax Ignition,2015,Fighting Game,3852.8,3667.3,0.951853197674419,40.0,14.0,96.32000000000001,275.2,2010,Tier 4 Smaller Scene,3852.8,62.0,14.0,2016.0,2021.0,6.0,0.0,Close match,0.5645766100329139,Low earnings per player
Digimon Rumble Arena,2001,Fighting Game,200.0,0.0,0.0,5.0,2.0,40.0,100.0,2000,Tier 4 Smaller Scene,200.0,6.0,2.0,2020.0,2021.0,2.0,0.0,Close match,0.2730834255585929,Low earnings per player
Divekick,2013,Fighting Game,5840.0,5840.0,1.0,27.0,11.0,216.2962962962963,530.9090909090909,2010,Tier 4 Smaller Scene,5840.0,37.0,11.0,2013.0,2018.0,6.0,0.0,Close match,0.5419749452839246,Middle range
DNF Duel,2022,Fighting Game,129145.48,128145.48,0.992256794430591,53.0,13.0,2436.7071698113205,9934.267692307692,2020,Tier 4 Smaller Scene,129145.48000000001,70.0,13.0,2022.0,2024.0,3.0,-1.4551915228366852e-11,Close match,0.6248408894245722,Middle range
Dragon Ball FighterZ,2018,Fighting Game,518915.52,491873.16,0.947886777408392,300.0,183.0,1729.7184,2835.6039344262294,2010,Tier 4 Smaller Scene,518915.52,819.0,183.0,2018.0,2024.0,7.0,0.0,Close match,0.8468787106902109,Middle range
Dragon Ball Z: Budokai 3,2004,Fighting Game,204.06,204.06,1.0,3.0,1.0,68.02,204.06,2000,Tier 4 Smaller Scene,204.06,3.0,1.0,2013.0,2013.0,1.0,0.0,Close match,0.14032797150218754,Low earnings per player
Duck Game,2014,Fighting Game,750.0,0.0,0.0,5.0,2.0,150.0,375.0,2010,Tier 4 Smaller Scene,750.0,6.0,2.0,2020.0,2021.0,2.0,0.0,Close match,0.2904601071729426,Middle range
Eternal Fighter Zero,2000,Fighting Game,1311.6,0.0,0.0,7.0,2.0,187.37142857142857,655.8,2000,Tier 4 Smaller Scene,1311.6,10.0,2.0,2020.0,2020.0,1.0,0.0,Close match,0.24983959178876727,Middle range
Fantasy Strike,2019,Fighting Game,5799.8,2610.0,0.450015517776475,21.0,5.0,276.18095238095236,1159.96,2010,Tier 4 Smaller Scene,5799.8,35.0,5.0,2020.0,2021.0,2.0,0.0,Close match,0.4255273474763381,Middle range
Fight of Animals,2019,Fighting Game,630.68,0.0,0.0,9.0,4.0,70.07555555555555,157.67,2010,Tier 4 Smaller Scene,630.68,12.0,4.0,2020.0,2021.0,2.0,0.0,Close match,0.3511288584434693,Low earnings per player
Fighter's History Dynamite,1994,Fighting Game,195.0,195.0,1.0,3.0,1.0,65.0,195.0,1990,Tier 4 Smaller Scene,195.0,3.0,1.0,2019.0,2019.0,1.0,0.0,Close match,0.13864635715241175,Low earnings per player
Fighting EX Layer,2018,Fighting Game,1642.96,1632.96,0.993913424550811,16.0,7.0,102.685,234.70857142857145,2010,Tier 4 Smaller Scene,1642.96,20.0,7.0,2018.0,2020.0,3.0,0.0,Close match,0.4462058348602481,Low earnings per player
Garou: Mark of the Wolves,1999,Fighting Game,658.71,513.71,0.779872781648981,13.0,4.0,50.67,164.6775,1990,Tier 4 Smaller Scene,658.71,13.0,4.0,2018.0,2020.0,3.0,0.0,Close match,0.40027216469189925,Low earnings per player
Granblue Fantasy Versus: Rising,2023,Fighting Game,154742.8,151802.8,0.981000731536459,79.0,22.0,1958.7696202531645,7033.763636363636,2020,Tier 4 Smaller Scene,154742.8,132.0,22.0,2024.0,2024.0,1.0,0.0,Close match,0.568422784535877,Middle range
Granblue Fantasy: Versus,2020,Fighting Game,205435.88,171364.77,0.834152096508166,125.0,87.0,1643.48704,2361.3319540229886,2020,Tier 4 Smaller Scene,205435.88,276.0,87.0,2020.0,2023.0,4.0,0.0,Close match,0.752948467349735,Middle range
Guilty Gear,1998,Fighting Game,32.0,32.0,1.0,3.0,1.0,10.666666666666666,32.0,1990,Tier 4 Smaller Scene,32.0,3.0,1.0,2019.0,2019.0,1.0,0.0,Close match,0.1265013646262533,Low earnings per player
Guilty Gear -STRIVE-,2021,Fighting Game,694848.84,595274.73,0.85669673133512,319.0,116.0,2178.209529780564,5990.076206896551,2020,Tier 4 Smaller Scene,694848.84,679.0,116.0,2021.0,2024.0,4.0,0.0,Close match,0.8122061568301246,Middle range
Guilty Gear Xrd -REVELATOR-,2016,Fighting Game,36437.43,36437.43,1.0,61.0,19.0,597.3349180327868,1917.7594736842104,2010,Tier 4 Smaller Scene,36437.43,95.0,19.0,2016.0,2017.0,2.0,0.0,Close match,0.5678298040222697,Middle range
Guilty Gear Xrd -SIGN-,2014,Fighting Game,38065.66,38065.66,1.0,82.0,39.0,464.21536585365857,976.0425641025641,2010,Tier 4 Smaller Scene,38065.66,137.0,38.0,2015.0,2024.0,10.0,0.0,Close match,0.70783529800801,Middle range
Guilty Gear Xrd REV 2,2017,Fighting Game,145852.1,145657.1,0.998663029191901,136.0,67.0,1072.441911764706,2176.8970149253732,2010,Tier 4 Smaller Scene,145852.1,315.0,67.0,2017.0,2024.0,8.0,0.0,Close match,0.7813767121087911,Middle range
Guilty Gear XX,2002,Fighting Game,0.0,0.0,,5.0,2.0,0.0,0.0,2000,Tier 4 Smaller Scene,0.0,6.0,2.0,2003.0,2004.0,2.0,0.0,Missing from historical file,0.2469249801176362,Low earnings per player
Guilty Gear XX #Reload,2003,Fighting Game,0.0,0.0,,3.0,1.0,0.0,0.0,2000,Tier 4 Smaller Scene,0.0,3.0,1.0,2005.0,2005.0,1.0,0.0,Missing from historical file,0.11342214190577499,Low earnings per player
Guilty Gear XX Accent Core,2007,Fighting Game,10365.0,10365.0,1.0,33.0,4.0,314.09090909090907,2591.25,2000,Tier 4 Smaller Scene,10365.0,35.0,4.0,2007.0,2009.0,3.0,0.0,Close match,0.4746595832693076,Middle range
Guilty Gear XX Accent Core Plus,2008,Fighting Game,0.0,0.0,,3.0,1.0,0.0,0.0,2000,Tier 4 Smaller Scene,0.0,3.0,1.0,2009.0,2009.0,1.0,0.0,Missing from historical file,0.11342214190577499,Low earnings per player
Guilty Gear XX Accent Core Plus R,2012,Fighting Game,20680.9,12408.76,0.60001063783491,97.0,35.0,213.20515463917528,590.8828571428572,2010,Tier 4 Smaller Scene,20680.9,155.0,35.0,2014.0,2024.0,11.0,0.0,Close match,0.6989284444928415,Middle range
Guilty Gear XX Slash,2005,Fighting Game,10250.0,10250.0,1.0,6.0,2.0,1708.3333333333333,5125.0,2000,Tier 4 Smaller Scene,10250.0,6.0,1.0,2006.0,2006.0,1.0,0.0,Close match,0.2708795127973504,Middle range
Hokuto no Ken,2005,Fighting Game,145.0,145.0,1.0,3.0,1.0,48.333333333333336,145.0,2000,Tier 4 Smaller Scene,145.0,3.0,1.0,2019.0,2019.0,1.0,0.0,Close match,0.1343488982585403,Low earnings per player
Hyper Street Fighter II,2003,Fighting Game,10250.0,10250.0,1.0,8.0,1.0,1281.25,10250.0,2000,Tier 4 Smaller Scene,10250.0,8.0,1.0,2006.0,2006.0,1.0,0.0,Close match,0.24268509179746023,Middle range
HYPERFIGHT,2019,Fighting Game,140.0,0.0,0.0,4.0,2.0,35.0,70.0,2010,Tier 4 Smaller Scene,140.0,6.0,2.0,2020.0,2021.0,2.0,0.0,Close match,0.25651817183348596,Low earnings per player
Idol Showdown,2023,Fighting Game,188.0,188.0,1.0,3.0,1.0,62.666666666666664,188.0,2020,Tier 4 Smaller Scene,188.0,3.0,1.0,2024.0,2024.0,1.0,0.0,Close match,0.13733843488036393,Low earnings per player
Injustice 2,2017,Fighting Game,837447.16,836014.57,0.99828933684604,81.0,38.0,10338.853827160494,22038.083157894736,2010,Tier 4 Smaller Scene,837447.16,199.0,38.0,2017.0,2019.0,3.0,0.0,Close match,0.7189104273603721,Middle range
Injustice: Gods Among Us,2013,Fighting Game,35176.89,35176.89,1.0,101.0,117.0,348.2860396039604,300.65717948717946,2010,Tier 4 Smaller Scene,35176.89,291.0,117.0,2013.0,2016.0,4.0,0.0,Close match,0.6965589720263724,Middle range
JoJo's Bizarre Adventure: All Star Battle R,2022,Fighting Game,780.0,780.0,1.0,8.0,1.0,97.5,780.0,2020,Tier 4 Smaller Scene,780.0,8.0,1.0,2022.0,2022.0,1.0,0.0,Close match,0.20755803649103274,Low earnings per player
JoJo's Bizarre Adventure: Heritage for the Future,1999,Fighting Game,324.99,0.0,0.0,8.0,3.0,40.62375,108.33,1990,Tier 4 Smaller Scene,324.99,9.0,3.0,2020.0,2021.0,2.0,0.0,Close match,0.3222309566328552,Low earnings per player
Kill la Kill the Game: IF,2019,Fighting Game,920.0,770.0,0.83695652173913,12.0,4.0,76.66666666666667,230.0,2010,Tier 4 Smaller Scene,920.0,12.0,4.0,2019.0,2020.0,2.0,0.0,Close match,0.36571994852999673,Low earnings per player
Killer Instinct (2013),2013,Fighting Game,268193.54,268123.54,0.999738994459001,137.0,59.0,1957.6170802919708,4545.6532203389825,2010,Tier 4 Smaller Scene,268193.54,337.0,59.0,2014.0,2024.0,11.0,0.0,Close match,0.8065556527821197,Middle range
King of Fighters 2002 Unlimited Match,2009,Fighting Game,760.0,760.0,1.0,6.0,2.0,126.66666666666667,380.0,2000,Tier 4 Smaller Scene,760.0,6.0,2.0,2016.0,2020.0,5.0,0.0,Close match,0.36710522281229807,Middle range
King of Fighters 98,1998,Fighting Game,7945.57,7945.57,1.0,7.0,3.0,1135.0814285714284,2648.523333333333,1990,Tier 4 Smaller Scene,7945.57,7.0,3.0,2019.0,2019.0,1.0,0.0,Close match,0.2945463427979164,Middle range
King of Fighters XI,2005,Fighting Game,25.0,25.0,1.0,3.0,1.0,8.333333333333334,25.0,2000,Tier 4 Smaller Scene,25.0,3.0,1.0,2009.0,2009.0,1.0,0.0,Close match,0.12612767254852536,Low earnings per player
King of Fighters XIII,2010,Fighting Game,46294.28,46294.28,1.0,106.0,44.0,436.73849056603774,1052.1427272727271,2010,Tier 4 Smaller Scene,46294.28,202.0,42.0,2012.0,2020.0,9.0,0.0,Close match,0.7244368945470135,Middle range
King of Fighters XIV,2016,Fighting Game,83801.59,82941.59,0.989737664882015,95.0,41.0,882.122,2043.941219512195,2010,Tier 4 Smaller Scene,83801.59,177.0,41.0,2016.0,2020.0,5.0,0.0,Close match,0.704503326711666,Middle range
King of Fighters XV,2022,Fighting Game,368613.14,341929.72,0.927611316297623,179.0,51.0,2059.291284916201,7227.708627450981,2020,Tier 4 Smaller Scene,368613.14,322.0,51.0,2022.0,2024.0,3.0,0.0,Close match,0.7434780328821633,Middle range
Kirby Fighters 2,2020,Fighting Game,222.86,0.0,0.0,4.0,1.0,55.715,222.86,2020,Tier 4 Smaller Scene,222.86,4.0,1.0,2020.0,2020.0,1.0,0.0,Close match,0.15908563498780817,Low earnings per player
Koihime Enbu,2016,Fighting Game,1765.0,1615.0,0.915014164305949,14.0,7.0,126.07142857142857,252.14285714285714,2010,Tier 4 Smaller Scene,1765.0,21.0,7.0,2016.0,2021.0,6.0,0.0,Close match,0.48400189722765274,Middle range
Lethal League Blaze,2018,Fighting Game,5643.92,1677.75,0.297266793292605,25.0,12.0,225.7568,470.32666666666665,2010,Tier 4 Smaller Scene,5643.92,47.0,12.0,2018.0,2021.0,4.0,0.0,Close match,0.5165077792725821,Middle range
Maiden & Spell,2020,Fighting Game,325.0,0.0,0.0,5.0,2.0,65.0,162.5,2020,Tier 4 Smaller Scene,325.0,6.0,2.0,2020.0,2021.0,2.0,0.0,Close match,0.27943619087996807,Low earnings per player
Marvel vs. Capcom 2,2000,Fighting Game,39279.73,39269.73,0.999745415765332,68.0,29.0,577.6430882352942,1354.4734482758622,2000,Tier 4 Smaller Scene,39279.73,101.0,27.0,2000.0,2022.0,23.0,0.0,Close match,0.7162391914897488,Middle range
Marvel vs. Capcom 3,2011,Fighting Game,22343.62,22343.62,1.0,38.0,12.0,587.99,1861.9683333333332,2010,Tier 4 Smaller Scene,22343.62,49.0,12.0,2011.0,2016.0,6.0,0.0,Close match,0.5898701872174871,Middle range
Marvel vs. Capcom: Infinite,2017,Fighting Game,76256.72,76202.12,0.999283997528349,60.0,22.0,1270.9453333333333,3466.2145454545457,2010,Tier 4 Smaller Scene,76256.72,98.0,22.0,2017.0,2020.0,4.0,0.0,Close match,0.6471633116593309,Middle range
Melty Blood: Actress Again,2009,Fighting Game,0.0,0.0,,10.0,2.0,0.0,0.0,2000,Tier 4 Smaller Scene,0.0,11.0,2.0,2010.0,2015.0,6.0,0.0,Missing from historical file,0.35420818275200994,Low earnings per player
Melty Blood: Actress Again Current Code,2010,Fighting Game,12937.44,10172.51,0.786284612720909,73.0,25.0,177.22520547945206,517.4976,2010,Tier 4 Smaller Scene,12937.44,125.0,25.0,2016.0,2024.0,9.0,0.0,Close match,0.6618230487825876,Middle range
Melty Blood: Type Lumina,2021,Fighting Game,63817.23,63817.23,1.0,72.0,23.0,886.3504166666667,2774.6621739130437,2020,Tier 4 Smaller Scene,63817.229999999996,121.0,23.0,2021.0,2024.0,4.0,7.275957614183426e-12,Close match,0.6565270351065634,Middle range
Mighty Fight Federation,2021,Fighting Game,100.0,0.0,0.0,3.0,1.0,33.333333333333336,100.0,2020,Tier 4 Smaller Scene,100.0,3.0,1.0,2021.0,2021.0,1.0,0.0,Close match,0.13098566955898874,Low earnings per player
Million Arthur: Arcana Blood,2017,Fighting Game,7540.0,7530.0,0.99867374005305,12.0,4.0,628.3333333333334,1885.0,2010,Tier 4 Smaller Scene,7540.0,12.0,4.0,2019.0,2020.0,2.0,0.0,Close match,0.394494238515049,Middle range
Mordhau,2019,Fighting Game,16623.0,0.0,0.0,40.0,3.0,415.575,5541.0,2010,Tier 4 Smaller Scene,16623.0,40.0,3.0,2019.0,2019.0,1.0,0.0,Close match,0.3814151389498207,Middle range
Mortal Kombat 1,2023,Fighting Game,344710.47,289710.47,0.840445809493399,129.0,26.0,2672.1741860465113,13258.095,2020,Tier 4 Smaller Scene,344710.47,218.0,26.0,2023.0,2024.0,2.0,0.0,Close match,0.6776324101267354,Middle range
Mortal Kombat 11,2019,Fighting Game,611478.76,519216.56,0.849116263662208,236.0,64.0,2591.0116949152543,9554.355625,2010,Tier 4 Smaller Scene,611478.76,512.0,64.0,2019.0,2023.0,5.0,0.0,Close match,0.7969913439761818,Middle range
Mortal Kombat 9,2011,Fighting Game,136891.67,136891.67,1.0,67.0,26.0,2043.1592537313434,5265.0642307692315,2010,Tier 4 Smaller Scene,136891.66999999998,128.0,25.0,2011.0,2018.0,8.0,2.9103830456733704e-11,Close match,0.7229881202162971,Middle range
Mortal Kombat vs. DC Universe,2008,Fighting Game,0.0,0.0,,3.0,1.0,0.0,0.0,2000,Tier 4 Smaller Scene,0.0,3.0,1.0,2011.0,2011.0,1.0,0.0,Missing from historical file,0.11342214190577499,Low earnings per player
Mortal Kombat X,2015,Fighting Game,563532.42,563532.42,1.0,100.0,62.0,5635.3242,9089.232580645163,2010,Tier 4 Smaller Scene,563532.4199999999,182.0,62.0,2015.0,2019.0,5.0,1.1641532182693481e-10,Close match,0.7665709383912198,Middle range
Mortal Kombat XL,2016,Fighting Game,134263.79,129263.79,0.962759877402537,56.0,19.0,2397.5676785714286,7066.515263157895,2010,Tier 4 Smaller Scene,134263.79,87.0,19.0,2016.0,2023.0,8.0,0.0,Close match,0.6993414351104659,Middle range
MultiVersus,2022,Fighting Game,114202.5,100151.5,0.8769641645323,59.0,10.0,1935.635593220339,11420.25,2020,Tier 4 Smaller Scene,114202.5,62.0,10.0,2022.0,2022.0,1.0,0.0,Close match,0.5133728068137606,Middle range
Mystery Game Tournament,2019,Fighting Game,10995.0,10995.0,1.0,56.0,8.0,196.33928571428572,1374.375,2010,Tier 4 Smaller Scene,10995.0,67.0,8.0,2017.0,2020.0,4.0,0.0,Close match,0.5522674260263185,Middle range
Naruto Shippuden: Ultimate Ninja Storm 4,2016,Fighting Game,4550.0,2000.0,0.43956043956044,7.0,5.0,650.0,910.0,2010,Tier 4 Smaller Scene,4550.0,8.0,5.0,2016.0,2019.0,4.0,0.0,Close match,0.42937245863885,Middle range
Naruto: Gekitou Ninja Taisen! 4,2005,Fighting Game,200.0,0.0,0.0,3.0,1.0,66.66666666666667,200.0,2000,Tier 4 Smaller Scene,200.0,3.0,1.0,2020.0,2020.0,1.0,0.0,Close match,0.13958058734673165,Low earnings per player
Ninja Legends,2019,Fighting Game,1000.0,0.0,0.0,6.0,1.0,166.66666666666666,1000.0,2010,Tier 4 Smaller Scene,1000.0,6.0,1.0,2021.0,2021.0,1.0,0.0,Close match,0.1990448832760373,Middle range
Nitroplus Blasterz: Heroines Infinite Duel,2015,Fighting Game,1994.0,1994.0,1.0,10.0,4.0,199.4,498.5,2010,Tier 4 Smaller Scene,1994.0,12.0,4.0,2015.0,2019.0,5.0,0.0,Close match,0.43641863457642155,Middle range
Persona 4 Arena,2012,Fighting Game,6336.63,6336.63,1.0,42.0,11.0,150.87214285714285,576.0572727272728,2010,Tier 4 Smaller Scene,6336.63,51.0,11.0,2012.0,2014.0,3.0,0.0,Close match,0.522478291724461,Middle range
Persona 4 Arena Ultimax,2013,Fighting Game,21138.16,21138.16,1.0,69.0,22.0,306.35014492753623,960.8254545454546,2010,Tier 4 Smaller Scene,21138.16,101.0,22.0,2014.0,2024.0,11.0,0.0,Close match,0.671699523105625,Middle range
Pocket Bravery,2022,Fighting Game,452.35,452.35,1.0,3.0,1.0,150.78333333333333,452.35,2020,Tier 4 Smaller Scene,452.35,3.0,1.0,2022.0,2022.0,1.0,0.0,Close match,0.1492965813676584,Middle range
Pocket Rumble,2016,Fighting Game,185.0,0.0,0.0,5.0,2.0,37.0,92.5,2010,Tier 4 Smaller Scene,185.0,7.0,2.0,2020.0,2021.0,2.0,0.0,Close match,0.2702807349756332,Low earnings per player
Pokkén Tournament,2016,Fighting Game,77216.66,76971.66,0.996827109590081,65.0,26.0,1187.9486153846156,2969.8715384615384,2010,Tier 4 Smaller Scene,77216.66,101.0,26.0,2016.0,2021.0,6.0,0.0,Close match,0.6847835458770668,Middle range
Pokkén Tournament DX,2017,Fighting Game,22125.4,21914.0,0.990445370479178,44.0,28.0,502.85,790.1928571428572,2010,Tier 4 Smaller Scene,22125.4,92.0,28.0,2017.0,2020.0,4.0,0.0,Close match,0.6046512112354883,Middle range
Power Instinct: Matrimelee,2002,Fighting Game,90.0,0.0,0.0,5.0,2.0,18.0,45.0,2000,Tier 4 Smaller Scene,90.0,6.0,2.0,2020.0,2021.0,2.0,0.0,Close match,0.2633674315376661,Low earnings per player
Power Rangers: Battle for the Grid,2019,Fighting Game,6946.8,3286.2,0.473052340646053,27.0,13.0,257.2888888888889,534.3692307692307,2010,Tier 4 Smaller Scene,6946.8,52.0,13.0,2019.0,2024.0,6.0,0.0,Close match,0.5520962237079912,Middle range
Power Rangers: Legacy Wars,2017,Fighting Game,4178.55,4178.55,1.0,2.0,1.0,2089.275,4178.55,2010,Tier 4 Smaller Scene,4178.55,2.0,1.0,2017.0,2017.0,1.0,0.0,Close match,0.16417804449960838,Middle range
Project Justice,2000,Fighting Game,165.0,165.0,1.0,3.0,1.0,55.0,165.0,2000,Tier 4 Smaller Scene,165.0,3.0,1.0,2019.0,2019.0,1.0,0.0,Close match,0.13584366656945213,Low earnings per player
Project M,2010,Fighting Game,205292.09,205292.09,1.0,560.0,335.0,366.59301785714285,612.8122089552239,2010,Tier 4 Smaller Scene,205292.09,1426.0,334.0,2011.0,2019.0,9.0,0.0,Close match,0.8636093829425749,Middle range
Project Plus,2019,Fighting Game,195.0,0.0,0.0,6.0,2.0,32.5,97.5,2010,Tier 4 Smaller Scene,195.0,6.0,2.0,2020.0,2021.0,2.0,0.0,Close match,0.281716583051461,Low earnings per player
Punch Planet,2017,Fighting Game,400.0,0.0,0.0,6.0,2.0,66.66666666666667,200.0,2010,Tier 4 Smaller Scene,400.0,6.0,2.0,2020.0,2021.0,2.0,0.0,Close match,0.29012465480033994,Low earnings per player
Red Earth,1996,Fighting Game,100.0,0.0,0.0,3.0,1.0,33.333333333333336,100.0,1990,Tier 4 Smaller Scene,100.0,3.0,1.0,2021.0,2021.0,1.0,0.0,Close match,0.13098566955898874,Low earnings per player
Rising Thunder,2015,Fighting Game,1000.0,1000.0,1.0,3.0,1.0,333.3333333333333,1000.0,2010,Tier 4 Smaller Scene,1000.0,3.0,1.0,2015.0,2015.0,1.0,0.0,Close match,0.1618152659715448,Middle range
Rivals of Aether,2015,Fighting Game,41314.85,38783.23,0.938723727666929,63.0,24.0,655.7912698412698,1721.4520833333333,2010,Tier 4 Smaller Scene,41314.85,93.0,24.0,2016.0,2023.0,8.0,0.0,Close match,0.6738709874622788,Middle range
Roof Rage,2019,Fighting Game,50.0,0.0,0.0,3.0,1.0,16.666666666666668,50.0,2010,Tier 4 Smaller Scene,50.0,3.0,1.0,2020.0,2020.0,1.0,0.0,Close match,0.12724874878170922,Low earnings per player
Rushdown Revolt,2021,Fighting Game,4160.09,0.0,0.0,31.0,18.0,134.19645161290322,231.1161111111111,2020,Tier 4 Smaller Scene,4160.09,58.0,18.0,2020.0,2021.0,2.0,0.0,Close match,0.4810250816420183,Middle range
Sailor Moon S,1995,Fighting Game,3281.19,3271.19,0.996952325223471,20.0,12.0,164.0595,273.4325,1990,Tier 4 Smaller Scene,3281.19,37.0,12.0,2018.0,2020.0,3.0,0.0,Close match,0.48221671231641294,Middle range
Samurai Shodown (2019),2019,Fighting Game,79368.31,79243.31,0.99842506410934,77.0,22.0,1030.7572727272727,3607.6504545454545,2010,Tier 4 Smaller Scene,79368.31,99.0,22.0,2019.0,2024.0,6.0,0.0,Close match,0.6867986105756861,Middle range
Samurai Shodown III,1995,Fighting Game,70.0,0.0,0.0,5.0,2.0,14.0,35.0,1990,Tier 4 Smaller Scene,70.0,6.0,2.0,2020.0,2021.0,2.0,0.0,Close match,0.26262004738221023,Low earnings per player
Samurai Shodown V Special,2004,Fighting Game,590.57,490.11,0.82989315407149,15.0,5.0,39.37133333333334,118.114,2000,Tier 4 Smaller Scene,590.5699999999999,16.0,5.0,2018.0,2020.0,3.0,1.1368683772161603e-13,Close match,0.4171587590002307,Low earnings per player
Schwarzerblitz,2020,Fighting Game,200.0,0.0,0.0,5.0,2.0,40.0,100.0,2020,Tier 4 Smaller Scene,200.0,6.0,2.0,2020.0,2021.0,2.0,0.0,Close match,0.2730834255585929,Low earnings per player
Sekiro: Shadows Die Twice,2019,Fighting Game,19596.0,0.0,0.0,20.0,1.0,979.8,19596.0,2010,Tier 4 Smaller Scene,19596.0,20.0,1.0,2019.0,2019.0,1.0,0.0,Close match,0.2912031944116882,Middle range
Shovel Knight Showdown,2019,Fighting Game,60.0,60.0,1.0,3.0,1.0,20.0,60.0,2010,Tier 4 Smaller Scene,60.0,3.0,1.0,2019.0,2019.0,1.0,0.0,Close match,0.1279961329371651,Low earnings per player
Shrek SuperSlam,2005,Fighting Game,80.0,0.0,0.0,4.0,2.0,20.0,40.0,2000,Tier 4 Smaller Scene,80.0,6.0,2.0,2020.0,2021.0,2.0,0.0,Close match,0.2525944050173425,Low earnings per player
Skullgirls,2012,Fighting Game,300.0,300.0,1.0,3.0,1.0,100.0,300.0,2010,Tier 4 Smaller Scene,300.0,3.0,1.0,2013.0,2013.0,1.0,0.0,Close match,0.14481227643492298,Low earnings per player
Skullgirls 2nd Encore,2015,Fighting Game,84813.02,51251.0,0.604282219876146,84.0,29.0,1009.6788095238096,2924.5868965517243,2010,Tier 4 Smaller Scene,84813.02,181.0,29.0,2016.0,2024.0,9.0,0.0,Close match,0.7223765087163939,Middle range
Skullgirls Encore,2014,Fighting Game,9155.4,9155.4,1.0,37.0,13.0,247.44324324324324,704.2615384615384,2010,Tier 4 Smaller Scene,9155.4,59.0,13.0,2014.0,2016.0,3.0,0.0,Close match,0.5286409834382862,Middle range
Slap City,2018,Fighting Game,600.0,0.0,0.0,5.0,2.0,120.0,300.0,2010,Tier 4 Smaller Scene,600.0,6.0,2.0,2020.0,2021.0,2.0,0.0,Close match,0.2870968784733911,Middle range
SLAYERS FOR HIRE,2020,Fighting Game,600.0,0.0,0.0,8.0,2.0,75.0,300.0,2020,Tier 4 Smaller Scene,600.0,11.0,2.0,2020.0,2021.0,2.0,0.0,Close match,0.3087274941139901,Low earnings per player
Smash Remix,2019,Fighting Game,299.06,0.0,0.0,4.0,1.0,74.765,299.06,2010,Tier 4 Smaller Scene,299.06,4.0,1.0,2020.0,2020.0,1.0,0.0,Close match,0.16170147953190384,Low earnings per player
SNK Heroines: Tag Team Frenzy,2018,Fighting Game,430.0,430.0,1.0,3.0,1.0,143.33333333333334,430.0,2010,Tier 4 Smaller Scene,430.0,3.0,1.0,2018.0,2018.0,1.0,0.0,Close match,0.14873604325106646,Middle range
Soul Calibur II,2003,Fighting Game,4980.0,4980.0,1.0,17.0,8.0,292.94117647058823,622.5,2000,Tier 4 Smaller Scene,4980.0,20.0,7.0,2003.0,2019.0,17.0,0.0,Close match,0.5500106616401061,Middle range
Soul Calibur II HD Online,2013,Fighting Game,945.41,945.41,1.0,29.0,5.0,32.600344827586206,189.082,2010,Tier 4 Smaller Scene,945.41,31.0,5.0,2014.0,2018.0,5.0,0.0,Close match,0.4796097935241557,Low earnings per player
Soul Calibur IV,2008,Fighting Game,260.0,260.0,1.0,3.0,2.0,86.66666666666667,130.0,2000,Tier 4 Smaller Scene,260.0,3.0,1.0,2011.0,2011.0,1.0,0.0,Close match,0.18357515707731228,Low earnings per player
Soul Calibur V,2012,Fighting Game,62928.54,62928.54,1.0,76.0,28.0,828.0071052631579,2247.447857142857,2010,Tier 4 Smaller Scene,62928.54,123.0,27.0,2012.0,2018.0,7.0,0.0,Close match,0.695735390816605,Middle range
Soul Calibur VI,2018,Fighting Game,177627.27,159953.28,0.900499568562868,128.0,72.0,1387.713046875,2467.0454166666664,2010,Tier 4 Smaller Scene,177627.27,276.0,72.0,2018.0,2022.0,5.0,0.0,Close match,0.7581162583877887,Middle range
Stick Fight the Game,2017,Fighting Game,700.0,0.0,0.0,5.0,2.0,140.0,350.0,2010,Tier 4 Smaller Scene,700.0,5.0,2.0,2023.0,2023.0,1.0,0.0,Close match,0.22394291733736713,Middle range
Street Fighter 6,2023,Fighting Game,5179896.65,4800868.03,0.926826991808804,393.0,120.0,13180.398600508906,43165.80541666667,2020,Tier 3 Mid-Level,5179896.65,811.0,120.0,2023.0,2024.0,2.0,0.0,Close match,0.7983674807396904,Middle range
Street Fighter Alpha 2,1996,Fighting Game,3324.69,2210.0,0.664723628368359,26.0,12.0,127.8726923076923,277.0575,1990,Tier 4 Smaller Scene,3324.69,36.0,11.0,2000.0,2024.0,25.0,0.0,Close match,0.5831940943080611,Middle range
Street Fighter Alpha 3,1998,Fighting Game,340.0,340.0,1.0,16.0,5.0,21.25,68.0,1990,Tier 4 Smaller Scene,340.0,18.0,5.0,2000.0,2019.0,20.0,0.0,Close match,0.49902188448366763,Low earnings per player
Street Fighter EX2 Plus,1999,Fighting Game,350.0,350.0,1.0,5.0,2.0,70.0,175.0,1990,Tier 4 Smaller Scene,350.0,6.0,2.0,2018.0,2019.0,2.0,0.0,Close match,0.28018357503542396,Low earnings per player
Street Fighter III: 3rd Strike,1999,Fighting Game,113008.54,111311.32,0.984981489009592,179.0,57.0,631.332625698324,1982.6059649122806,1990,Tier 4 Smaller Scene,113008.54000000001,281.0,55.0,2000.0,2024.0,25.0,-1.4551915228366852e-11,Close match,0.8091196639848979,Middle range
Street Fighter IV,2009,Fighting Game,15110.82,15110.82,1.0,43.0,13.0,351.41441860465113,1162.3707692307692,2000,Tier 4 Smaller Scene,15110.82,47.0,11.0,2009.0,2013.0,5.0,0.0,Close match,0.5823463175973485,Middle range
Street Fighter V,2016,Fighting Game,2334386.94,2285886.94,0.97922366717833,281.0,131.0,8307.426832740213,17819.747633587787,2010,Tier 3 Mid-Level,2334386.94,715.0,131.0,2016.0,2021.0,6.0,0.0,Close match,0.8578484221523589,Middle range
Street Fighter V: Arcade Edition,2018,Fighting Game,2267283.95,2266433.95,0.999625102096277,244.0,105.0,9292.147336065575,21593.18047619048,2010,Tier 3 Mid-Level,2267283.95,656.0,105.0,2012.0,2020.0,9.0,0.0,Close match,0.8662913183010156,Middle range
Street Fighter V: Champion Edition,2020,Fighting Game,1248126.27,707643.81,0.566964919342656,264.0,154.0,4727.751022727272,8104.716038961039,2020,Tier 3 Mid-Level,1248126.27,668.0,154.0,2020.0,2023.0,4.0,0.0,Close match,0.8239466744736281,Middle range
Street Fighter X Tekken,2012,Fighting Game,105990.64,98129.34,0.925830243123355,134.0,95.0,790.9749253731343,1115.6909473684211,2010,Tier 4 Smaller Scene,105990.64,312.0,95.0,2012.0,2019.0,8.0,0.0,Close match,0.7788033396051195,Middle range
Super Smash Bros.,1999,Fighting Game,79820.05,79680.05,0.998246054719334,242.0,131.0,329.8349173553719,609.313358778626,1990,Tier 4 Smaller Scene,79820.05,635.0,129.0,2007.0,2023.0,17.0,0.0,Close match,0.8213009017018891,Middle range
Super Smash Bros. Brawl,2008,Fighting Game,248100.83,248100.83,1.0,509.0,348.0,487.42795677799603,712.9334195402298,2000,Tier 4 Smaller Scene,248100.83000000002,1310.0,347.0,2008.0,2021.0,14.0,-2.9103830456733704e-11,Close match,0.8789505696038449,Middle range
Super Smash Bros. for Wii U,2014,Fighting Game,1517451.47,1512816.47,0.996945536584442,1284.0,1036.0,1181.8157866043614,1464.7214961389961,2010,Tier 3 Mid-Level,1517451.47,4268.0,1036.0,2014.0,2024.0,11.0,0.0,Close match,0.9269497590740878,Middle range
Super Smash Bros. Melee,2001,Fighting Game,4221849.29,4040278.51,0.956992595536256,2012.0,2746.0,2098.3346371769385,1537.4542206846322,2000,Tier 3 Mid-Level,4216019.29,9846.0,2747.0,2002.0,2024.0,23.0,5830.0,Close match,0.9661962148131784,Middle range
Super Smash Bros. Ultimate,2018,Fighting Game,2929881.74,2424346.86,0.827455534092649,2419.0,1757.0,1211.1954278627534,1667.5479453614116,2010,Tier 3 Mid-Level,2930731.7399999998,7340.0,1758.0,2018.0,2024.0,7.0,-849.9999999995343,Close match,0.9246676982991466,Middle range
Super Street Fighter II Turbo,1994,Fighting Game,28227.29,28227.29,1.0,126.0,55.0,224.0261111111111,513.2234545454546,1990,Tier 4 Smaller Scene,28227.29,214.0,53.0,2000.0,2024.0,25.0,0.0,Close match,0.7505051212578782,Middle range
Super Street Fighter II Turbo HD Remix,2008,Fighting Game,22160.0,22160.0,1.0,55.0,9.0,402.90909090909093,2462.222222222222,2000,Tier 4 Smaller Scene,22160.0,65.0,9.0,2009.0,2012.0,4.0,0.0,Close match,0.5729390212219084,Middle range
Super Street Fighter IV,2010,Fighting Game,30229.3,20877.3,0.690631274955093,43.0,18.0,703.006976744186,1679.4055555555556,2010,Tier 4 Smaller Scene,30229.3,53.0,14.0,2010.0,2011.0,2.0,0.0,Close match,0.5437161247216886,Middle range
Super Street Fighter IV Arcade Edition,2010,Fighting Game,391186.67,391186.67,1.0,195.0,209.0,2006.085487179487,1871.7065550239233,2010,Tier 4 Smaller Scene,391186.67,625.0,209.0,2011.0,2015.0,5.0,0.0,Close match,0.8123102981110399,Middle range
Tatsunoko vs. Capcom: Ultimate All-Stars,2010,Fighting Game,2771.76,1330.81,0.480131757439316,16.0,16.0,173.235,173.235,2010,Tier 4 Smaller Scene,2771.76,41.0,16.0,2010.0,2021.0,12.0,0.0,Close match,0.5564278476704848,Middle range
Teenage Mutant Ninja Turtles: Tournament Fighters,1993,Fighting Game,820.0,820.0,1.0,7.0,2.0,117.14285714285714,410.0,1990,Tier 4 Smaller Scene,820.0,7.0,2.0,2019.0,2019.0,1.0,0.0,Close match,0.2427394423119362,Middle range
Tekken 4,2001,Fighting Game,12500.0,12500.0,1.0,4.0,4.0,3125.0,3125.0,2000,Tier 4 Smaller Scene,12500.0,6.0,3.0,2003.0,2004.0,2.0,0.0,Close match,0.35890799585520705,Middle range
Tekken 5,2004,Fighting Game,10250.0,10250.0,1.0,10.0,9.0,1025.0,1138.888888888889,2000,Tier 4 Smaller Scene,10250.0,11.0,3.0,2005.0,2006.0,2.0,0.0,Close match,0.42849708463888414,Middle range
Tekken 5: Dark Resurrection,2006,Fighting Game,12180.0,12180.0,1.0,18.0,5.0,676.6666666666666,2436.0,2000,Tier 4 Smaller Scene,12180.0,18.0,4.0,2007.0,2019.0,13.0,0.0,Close match,0.542937543238757,Middle range
Tekken 6,2007,Fighting Game,122743.68,122743.68,1.0,64.0,30.0,1917.87,4091.4559999999997,2000,Tier 4 Smaller Scene,122743.68,110.0,29.0,2009.0,2012.0,4.0,0.0,Close match,0.6826243414753612,Middle range
Tekken 7,2015,Fighting Game,3911820.6,3648598.41,0.932711078314788,634.0,426.0,6170.06403785489,9182.677464788732,2010,Tier 3 Mid-Level,3911820.6,2014.0,426.0,2015.0,2024.0,10.0,0.0,Close match,0.9255240688432802,Middle range
Tekken 8,2024,Fighting Game,1506651.86,1474502.77,0.978661898708305,208.0,40.0,7243.518557692309,37666.296500000004,2020,Tier 3 Mid-Level,1506651.8599999999,332.0,40.0,2024.0,2024.0,1.0,2.3283064365386963e-10,Close match,0.6646986487754409,Middle range
Tekken Tag Tournament,1999,Fighting Game,0.0,0.0,,7.0,4.0,0.0,0.0,1990,Tier 4 Smaller Scene,0.0,9.0,3.0,2003.0,2005.0,3.0,0.0,Missing from historical file,0.33429219607954663,Low earnings per player
Tekken Tag Tournament 2,2011,Fighting Game,118501.3,118501.3,1.0,151.0,140.0,784.776821192053,846.4378571428572,2010,Tier 4 Smaller Scene,118501.3,382.0,140.0,2012.0,2022.0,11.0,0.0,Close match,0.812321607367534,Middle range
The Last Blade 2,1998,Fighting Game,60.0,0.0,0.0,4.0,2.0,15.0,30.0,1990,Tier 4 Smaller Scene,60.0,6.0,2.0,2020.0,2021.0,2.0,0.0,Close match,0.25109963670643065,Low earnings per player
The Unspoken,2018,Fighting Game,38824.08,38824.08,1.0,7.0,4.0,5546.297142857143,9706.02,2010,Tier 4 Smaller Scene,38824.08,13.0,4.0,2017.0,2018.0,2.0,0.0,Close match,0.4123938403246887,Middle range
Them's Fightin' Herds,2018,Fighting Game,7218.19,3170.0,0.439168267945288,30.0,30.0,240.6063333333333,240.6063333333333,2010,Tier 4 Smaller Scene,7218.1900000000005,62.0,30.0,2019.0,2022.0,4.0,-9.094947017729282e-13,Close match,0.5621391138154321,Middle range
Toribash,2006,Fighting Game,100.0,0.0,0.0,3.0,1.0,33.333333333333336,100.0,2000,Tier 4 Smaller Scene,100.0,3.0,1.0,2021.0,2021.0,1.0,0.0,Close match,0.13098566955898874,Low earnings per player
Tough Love Arena,2021,Fighting Game,100.0,0.0,0.0,3.0,1.0,33.333333333333336,100.0,2020,Tier 4 Smaller Scene,100.0,3.0,1.0,2021.0,2021.0,1.0,0.0,Close match,0.13098566955898874,Low earnings per player
Touhou Hisoutensoku ~ Choudokyuu Ginyoru no Nazo o Oe,2009,Fighting Game,4501.52,220.0,0.0488723808846789,18.0,6.0,250.08444444444447,750.2533333333334,2000,Tier 4 Smaller Scene,4501.52,33.0,6.0,2020.0,2021.0,2.0,0.0,Close match,0.4191326357771913,Middle range
TowerFall: Ascension,2013,Fighting Game,0.0,0.0,,,,0.0,0.0,2010,Tier 4 Smaller Scene,0.0,,,,,0.0,0.0,Missing from historical file,,Low earnings per player
Ultimate Marvel vs. Capcom 3,2011,Fighting Game,186685.27,184557.92,0.988604617814785,223.0,198.0,837.1536771300448,942.854898989899,2010,Tier 4 Smaller Scene,186685.27,707.0,198.0,2011.0,2024.0,14.0,0.0,Close match,0.8444702866211958,Middle range
Ultimate Mortal Kombat 3,1995,Fighting Game,150.0,150.0,1.0,6.0,2.0,25.0,75.0,1990,Tier 4 Smaller Scene,150.0,6.0,2.0,2011.0,2015.0,5.0,0.0,Close match,0.344683698148621,Low earnings per player
Ultra Fight Da! Kyanta 2,2019,Fighting Game,320.0,320.0,1.0,3.0,1.0,106.66666666666667,320.0,2010,Tier 4 Smaller Scene,320.0,3.0,1.0,2019.0,2019.0,1.0,0.0,Close match,0.14518596851265092,Low earnings per player
Ultra Street Fighter IV,2014,Fighting Game,818394.62,818354.62,0.99995112382337,242.0,233.0,3381.795950413223,3512.423261802575,2010,Tier 4 Smaller Scene,818394.62,640.0,233.0,2014.0,2022.0,9.0,0.0,Close match,0.8650977937391788,Middle range
Umineko: Golden Fantasia,2010,Fighting Game,190.0,90.0,0.473684210526316,9.0,3.0,21.11111111111111,63.333333333333336,2010,Tier 4 Smaller Scene,190.0,9.0,3.0,2019.0,2021.0,3.0,0.0,Close match,0.3549181322171454,Low earnings per player
Under Night In-Birth EXE: Late,2014,Fighting Game,6025.76,6025.76,1.0,52.0,23.0,115.88000000000001,261.9895652173913,2010,Tier 4 Smaller Scene,6025.76,94.0,23.0,2014.0,2017.0,4.0,0.0,Close match,0.5793042822954788,Middle range
Under Night In-Birth EXE: Late[cl-r],2020,Fighting Game,10362.01,9732.25,0.939224146666525,40.0,10.0,259.05025,1036.201,2020,Tier 4 Smaller Scene,10362.01,55.0,10.0,2020.0,2022.0,3.0,0.0,Close match,0.5256070253185446,Middle range
Under Night In-Birth EXE: Late[st],2015,Fighting Game,54583.33,54583.33,1.0,109.0,40.0,500.76449541284404,1364.5832500000001,2010,Tier 4 Smaller Scene,54583.33,207.0,40.0,2017.0,2020.0,4.0,0.0,Close match,0.6830530854517328,Middle range
Under Night In-Birth II [Sys:Celes],2024,Fighting Game,76510.86,76510.86,1.0,66.0,15.0,1159.2554545454545,5100.724,2020,Tier 4 Smaller Scene,76510.86,87.0,15.0,2024.0,2024.0,1.0,0.0,Close match,0.5220023071964611,Middle range
Vampire Savior,1997,Fighting Game,19072.38,17925.17,0.939849667424831,44.0,25.0,433.46318181818185,762.8952,1990,Tier 4 Smaller Scene,19072.38,103.0,25.0,2016.0,2024.0,9.0,0.0,Close match,0.6425511700752015,Middle range
Virtua Fighter 4: Evolution,2002,Fighting Game,0.0,0.0,,6.0,3.0,0.0,0.0,2000,Tier 4 Smaller Scene,0.0,6.0,2.0,2003.0,2004.0,2.0,0.0,Missing from historical file,0.27803020999484035,Low earnings per player
Virtua Fighter 5,2007,Fighting Game,39830.0,39830.0,1.0,14.0,7.0,2845.0,5690.0,2000,Tier 4 Smaller Scene,39830.0,15.0,4.0,2007.0,2019.0,13.0,0.0,Close match,0.5746222260766811,Middle range
Virtua Fighter 5 Final Showdown,2010,Fighting Game,573.77,573.77,1.0,28.0,6.0,20.491785714285715,95.62833333333333,2010,Tier 4 Smaller Scene,573.77,30.0,6.0,2014.0,2019.0,6.0,0.0,Close match,0.4889415491726532,Low earnings per player
Virtua Fighter 5: Ultimate Showdown,2021,Fighting Game,17070.0,16070.0,0.941417691857059,22.0,4.0,775.9090909090909,4267.5,2020,Tier 4 Smaller Scene,18070.0,24.0,4.0,2019.0,2023.0,5.0,-1000.0,Difference needs review,0.5017037597663765,Middle range
Windjammers 2,2022,Fighting Game,1056.07,1056.07,1.0,3.0,56.0,352.0233333333333,18.858392857142857,2020,Tier 4 Smaller Scene,1056.07,3.0,56.0,2022.0,2022.0,1.0,0.0,Close match,0.33775473146550433,Middle range
WWE 2K20,2019,Fighting Game,50000.0,0.0,0.0,20.0,2.0,2500.0,25000.0,2010,Tier 4 Smaller Scene,50000.0,20.0,2.0,2019.0,2019.0,1.0,0.0,Close match,0.3581798269225379,Middle range
Asphalt 4,2008,Racing,29500.0,29500.0,1.0,5.0,2.0,5900.0,14750.0,2000,Tier 4 Smaller Scene,29500.0,6.0,2.0,2008.0,2009.0,2.0,0.0,Close match,0.3526798381146467,Middle range
Asphalt 9: Legends,2018,Racing,51520.0,51520.0,1.0,5.0,2.0,10304.0,25760.0,2010,Tier 4 Smaller Scene,51520.0,7.0,2.0,2019.0,2019.0,1.0,0.0,Close match,0.30466040612660483,Middle range
Assetto Corsa,2014,Racing,979920.9,671703.55,0.685467112702668,302.0,131.0,3244.77119205298,7480.312213740458,2010,Tier 4 Smaller Scene,979920.9,880.0,135.0,2018.0,2023.0,6.0,0.0,Close match,0.8465599368426235,Middle range
Assetto Corsa Competizione,2018,Racing,561404.09,340767.5,0.606991480949132,511.0,64.0,1098.6381409001956,8771.93890625,2010,Tier 4 Smaller Scene,561404.09,846.0,64.0,2020.0,2024.0,5.0,0.0,Close match,0.8165032312393132,Middle range
Dirt Rally 2.0,2019,Racing,30000.0,10000.0,0.333333333333333,9.0,4.0,3333.3333333333335,7500.0,2010,Tier 4 Smaller Scene,30000.0,11.0,4.0,2020.0,2021.0,2.0,0.0,Close match,0.41689866412358884,Middle range
Epic Roller Coasters VR,2018,Racing,1000.0,0.0,0.0,3.0,1.0,333.3333333333333,1000.0,2010,Tier 4 Smaller Scene,1000.0,3.0,1.0,2023.0,2023.0,1.0,0.0,Close match,0.1618152659715448,Middle range
F1 2018,2018,Racing,200000.0,200000.0,1.0,21.0,1.0,9523.809523809523,200000.0,2010,Tier 4 Smaller Scene,200000.0,21.0,1.0,2018.0,2018.0,1.0,0.0,Close match,0.36549019490165385,Middle range
F1 2019,2019,Racing,538047.38,538047.38,1.0,25.0,2.0,21521.8952,269023.69,2010,Tier 4 Smaller Scene,538047.38,25.0,2.0,2019.0,2020.0,2.0,0.0,Close match,0.49467567713730204,High earnings per player
F1 2020,2020,Racing,752235.0,0.0,0.0,42.0,3.0,17910.35714285714,250745.0,2020,Tier 4 Smaller Scene,752235.0,43.0,3.0,2020.0,2021.0,2.0,0.0,Close match,0.5486457635441068,High earnings per player
F1 2021,2021,Racing,765939.0,0.0,0.0,35.0,4.0,21883.97142857143,191484.75,2020,Tier 4 Smaller Scene,765939.0,37.0,4.0,2021.0,2022.0,2.0,0.0,Close match,0.5530994779142566,High earnings per player
F1 22,2022,Racing,750324.0,0.0,0.0,25.0,2.0,30012.96,375162.0,2020,Tier 4 Smaller Scene,750324.0,25.0,2.0,2022.0,2023.0,2.0,0.0,Close match,0.5017758266141331,High earnings per player
Forza Horizon 5,2021,Racing,25000.0,500.0,0.02,24.0,11.0,1041.6666666666667,2272.7272727272725,2020,Tier 4 Smaller Scene,25000.0,39.0,11.0,2022.0,2022.0,1.0,0.0,Close match,0.4236911432499455,Middle range
Forza Motorsport (2023),2023,Racing,59750.0,4950.0,0.0828451882845188,93.0,5.0,642.4731182795699,11950.0,2020,Tier 4 Smaller Scene,59750.0,123.0,5.0,2024.0,2024.0,1.0,0.0,Close match,0.48488407480423457,Middle range
Forza Motorsport 2,2007,Racing,222000.0,222000.0,1.0,17.0,2.0,13058.823529411764,111000.0,2000,Tier 4 Smaller Scene,222000.0,18.0,2.0,2006.0,2008.0,3.0,0.0,Close match,0.501335914559237,Middle range
Forza Motorsport 3,2009,Racing,11000.0,11000.0,1.0,3.0,2.0,3666.6666666666665,5500.0,2000,Tier 4 Smaller Scene,11000.0,3.0,1.0,2010.0,2010.0,1.0,0.0,Close match,0.23626574003695355,Middle range
Forza Motorsport 4,2011,Racing,132.37,132.37,1.0,2.0,1.0,66.185,132.37,2010,Tier 4 Smaller Scene,132.37,2.0,1.0,2012.0,2012.0,1.0,0.0,Close match,0.11896130309452617,Low earnings per player
Forza Motorsport 6,2015,Racing,172600.0,170200.0,0.986095017381228,43.0,9.0,4013.953488372093,19177.777777777777,2010,Tier 4 Smaller Scene,172600.0,81.0,9.0,2016.0,2017.0,2.0,0.0,Close match,0.572107696250324,Middle range
Forza Motorsport 7,2017,Racing,842700.0,616200.0,0.7312210751157,140.0,13.0,6019.285714285715,64823.07692307692,2010,Tier 4 Smaller Scene,842700.0,234.0,13.0,2018.0,2021.0,4.0,0.0,Close match,0.7263803639923702,Middle range
Gran Turismo 3: A-Spec,2001,Racing,3250.0,3250.0,1.0,4.0,2.0,812.5,1625.0,2000,Tier 4 Smaller Scene,3250.0,6.0,2.0,2003.0,2004.0,2.0,0.0,Close match,0.2974374543446967,Middle range
Gran Turismo 4,2004,Racing,44000.0,44000.0,1.0,5.0,2.0,8800.0,22000.0,2000,Tier 4 Smaller Scene,44000.0,8.0,2.0,2005.0,2006.0,2.0,0.0,Close match,0.36389060044648525,Middle range
Gran Turismo Sport,2017,Racing,61522.56,27511.0,0.447169298546744,126.0,25.0,488.27428571428567,2460.9024,2010,Tier 4 Smaller Scene,61522.56,188.0,25.0,2018.0,2021.0,4.0,0.0,Close match,0.6784899641627834,Middle range
GRID (2019),2019,Racing,218.75,218.75,1.0,3.0,1.0,72.91666666666667,218.75,2010,Tier 4 Smaller Scene,218.75,3.0,1.0,2019.0,2019.0,1.0,0.0,Close match,0.14070166357991548,Low earnings per player
Hot Lap League,2021,Racing,0.0,0.0,,,,0.0,0.0,2020,Tier 4 Smaller Scene,0.0,,,,,0.0,0.0,Missing from historical file,,Low earnings per player
iRacing.com,2008,Racing,3757336.03,939017.1,0.249915656332713,1302.0,189.0,2885.81876344086,19880.084814814814,2000,Tier 3 Mid-Level,3757336.03,2671.0,189.0,2010.0,2024.0,15.0,0.0,Close match,0.9333105054564204,Middle range
Jak 3,2004,Racing,0.0,0.0,,,,0.0,0.0,2000,Tier 4 Smaller Scene,0.0,,,,,0.0,0.0,Missing from historical file,,Low earnings per player
Jak and Daxter: The Precursur Legacy,2001,Racing,500.0,0.0,0.0,4.0,1.0,125.0,500.0,2000,Tier 4 Smaller Scene,500.0,4.0,1.0,2021.0,2021.0,1.0,0.0,Close match,0.16805424485327902,Middle range
Jak II,2003,Racing,0.0,0.0,,14.0,1.0,0.0,0.0,2000,Tier 4 Smaller Scene,0.0,14.0,1.0,2022.0,2022.0,1.0,0.0,Missing from historical file,0.1845535894931294,Low earnings per player
KartRider,2004,Racing,567366.35,567366.35,1.0,76.0,20.0,7465.346710526315,28368.317499999997,2000,Tier 4 Smaller Scene,567366.35,181.0,20.0,2010.0,2017.0,8.0,0.0,Close match,0.7462804035618515,Middle range
Live for Speed,2003,Racing,11833.14,9219.14,0.779094982396895,24.0,10.0,493.04749999999996,1183.3139999999999,2000,Tier 4 Smaller Scene,11833.14,35.0,10.0,2003.0,2020.0,18.0,0.0,Close match,0.5895661965055797,Middle range
Mad Skills Motocross 2,2017,Racing,80163.0,80163.0,1.0,23.0,3.0,3485.3478260869565,26721.0,2010,Tier 4 Smaller Scene,80163.0,36.0,3.0,2017.0,2019.0,3.0,0.0,Close match,0.501466983284997,Middle range
Marbles on Stream,2018,Racing,0.0,0.0,,,,0.0,0.0,2010,Tier 4 Smaller Scene,0.0,,,,,0.0,0.0,Missing from historical file,,Low earnings per player
Mario Kart 8 Deluxe,2017,Racing,14654.44,5004.44,0.34149650208401,55.0,10.0,266.4443636363636,1465.444,2010,Tier 4 Smaller Scene,14654.44,72.0,10.0,2018.0,2023.0,6.0,0.0,Close match,0.5915098927368235,Middle range
NASCAR Heat 4,2019,Racing,200500.0,0.0,0.0,34.0,5.0,5897.058823529412,40100.0,2010,Tier 4 Smaller Scene,200500.0,42.0,5.0,2020.0,2020.0,1.0,0.0,Close match,0.4731227228969748,Middle range
Nascar Heat 5,2020,Racing,6125.0,2500.0,0.408163265306122,20.0,2.0,306.25,3062.5,2020,Tier 4 Smaller Scene,6125.0,20.0,2.0,2020.0,2021.0,2.0,0.0,Close match,0.37499597042029575,Middle range
NASCAR Thunder 2002,2001,Racing,7679.25,7679.25,1.0,,1.0,0.0,7679.25,2000,Tier 4 Smaller Scene,7679.25,0.0,1.0,2002.0,2002.0,1.0,0.0,Close match,,Low earnings per player
NASCAR Thunder 2003,2002,Racing,5933.5,5933.5,1.0,,1.0,0.0,5933.5,2000,Tier 4 Smaller Scene,5933.5,0.0,1.0,2003.0,2003.0,1.0,0.0,Close match,,Low earnings per player
Need for Speed Carbon,2006,Racing,36322.58,36322.58,1.0,12.0,4.0,3026.8816666666667,9080.645,2000,Tier 4 Smaller Scene,36322.58,14.0,3.0,2007.0,2007.0,1.0,0.0,Close match,0.36553310249113274,Middle range
Need for Speed: Most Wanted,2005,Racing,35694.54,35694.54,1.0,18.0,7.0,1983.03,5099.22,2000,Tier 4 Smaller Scene,35694.54,20.0,6.0,2005.0,2006.0,2.0,0.0,Close match,0.47012896745689203,Middle range
Need for Speed: ProStreet,2007,Racing,32208.46,32208.46,1.0,12.0,3.0,2684.0383333333334,10736.153333333334,2000,Tier 4 Smaller Scene,32208.46,14.0,3.0,2008.0,2008.0,1.0,0.0,Close match,0.3476482357565877,Middle range
Need for Speed: Shift,2009,Racing,10500.0,10500.0,1.0,3.0,1.0,3500.0,10500.0,2000,Tier 4 Smaller Scene,10500.0,3.0,1.0,2010.0,2010.0,1.0,0.0,Close match,0.19507386088933254,Middle range
Need for Speed: Underground,2003,Racing,35000.0,35000.0,1.0,3.0,1.0,11666.666666666666,35000.0,2000,Tier 4 Smaller Scene,35000.0,3.0,1.0,2004.0,2004.0,1.0,0.0,Close match,0.222727074641201,Middle range
Need for Speed: Underground 2,2004,Racing,35629.48,35629.48,1.0,8.0,3.0,4453.685,11876.493333333334,2000,Tier 4 Smaller Scene,35629.48,9.0,3.0,2005.0,2005.0,1.0,0.0,Close match,0.3347496412367416,Middle range
Project Cars,2015,Racing,68955.21,10602.71,0.153762275540891,53.0,127.0,1301.0416981132078,542.954409448819,2010,Tier 4 Smaller Scene,68955.20999999999,114.0,127.0,2015.0,2017.0,3.0,1.4551915228366852e-11,Close match,0.6724676739396389,Middle range
Project Cars 2,2017,Racing,66150.0,58150.0,0.879062736205593,37.0,22.0,1787.837837837838,3006.818181818182,2010,Tier 4 Smaller Scene,66150.0,66.0,22.0,2018.0,2019.0,2.0,0.0,Close match,0.565671702010241,Middle range
Project Gotham Racing 2,2003,Racing,35000.0,35000.0,1.0,4.0,2.0,8750.0,17500.0,2000,Tier 4 Smaller Scene,35000.0,6.0,2.0,2004.0,2005.0,2.0,0.0,Close match,0.34583057841046655,Middle range
Project Gotham Racing 3,2005,Racing,297286.85,297286.85,1.0,33.0,10.0,9008.692424242423,29728.684999999998,2000,Tier 4 Smaller Scene,297286.85,41.0,9.0,2006.0,2007.0,2.0,0.0,Close match,0.5723791589572982,Middle range
Project Gotham Racing 4,2007,Racing,25208.46,25208.46,1.0,5.0,4.0,5041.692,6302.115,2000,Tier 4 Smaller Scene,25208.46,6.0,2.0,2008.0,2008.0,1.0,0.0,Close match,0.31979312999884907,Middle range
RaceRoom Racing Experience,2013,Racing,279172.5,82583.7,0.295816027724794,168.0,28.0,1661.7410714285713,9970.44642857143,2010,Tier 4 Smaller Scene,279172.5,290.0,28.0,2018.0,2024.0,7.0,0.0,Close match,0.7719421488606222,Middle range
Rennsport,2022,Racing,2131805.52,2104686.02,0.987278623802419,65.0,9.0,32797.008,236867.28,2020,Tier 3 Mid-Level,1899462.51,149.0,9.0,2023.0,2024.0,2.0,232343.01,Difference needs review,0.6387047853071773,High earnings per player
rFactor,2005,Racing,15083.56,0.0,0.0,51.0,4.0,295.75607843137254,3770.89,2000,Tier 4 Smaller Scene,15083.56,99.0,4.0,2010.0,2013.0,4.0,0.0,Close match,0.5249233439670983,Middle range
rFactor 2,2013,Racing,2219963.12,1452396.94,0.654243724553406,557.0,103.0,3985.571131059246,21553.04,2010,Tier 3 Mid-Level,2218753.12,1275.0,103.0,2014.0,2023.0,10.0,1210.0,Close match,0.8910127086846187,Middle range
Speedrunners,2016,Racing,150.0,0.0,0.0,5.0,2.0,30.0,75.0,2010,Tier 4 Smaller Scene,150.0,6.0,2.0,2020.0,2021.0,2.0,0.0,Close match,0.26859912062585745,Low earnings per player
Sprint Vector,2018,Racing,11750.0,11750.0,1.0,8.0,1.0,1468.75,11750.0,2010,Tier 4 Smaller Scene,11750.0,8.0,1.0,2018.0,2018.0,1.0,0.0,Close match,0.24679570465246772,Middle range
Trackmania (2020),2020,Racing,870387.31,315006.92,0.361915800449802,830.0,796.0,1048.6594096385543,1093.451394472362,2020,Tier 4 Smaller Scene,870387.31,2615.0,796.0,2020.0,2024.0,5.0,0.0,Close match,0.8737631067674434,Middle range
TrackMania 2: Canyon,2011,Racing,24093.35,18553.65,0.770073485007274,26.0,39.0,926.6673076923076,617.7782051282051,2010,Tier 4 Smaller Scene,24093.35,56.0,39.0,2011.0,2024.0,14.0,0.0,Close match,0.6477128439018741,Middle range
TrackMania 2: Stadium,2013,Racing,200563.87,109371.91,0.545322096148225,345.0,286.0,581.3445507246377,701.2722727272727,2010,Tier 4 Smaller Scene,199912.74,988.0,286.0,2013.0,2020.0,8.0,651.1300000000047,Close match,0.845476104559312,Middle range
Trackmania 2: Valley,2013,Racing,779.34,779.34,1.0,6.0,2.0,129.89000000000001,389.67,2010,Tier 4 Smaller Scene,779.3399999999999,6.0,2.0,2013.0,2015.0,3.0,1.1368683772161603e-13,Close match,0.3360887803608781,Middle range
TrackMania Nations,2006,Racing,112883.55,68474.97,0.60659830418161,43.0,18.0,2625.1988372093024,6271.308333333333,2000,Tier 4 Smaller Scene,112883.55,64.0,18.0,2006.0,2008.0,3.0,0.0,Close match,0.6203230006559188,Middle range
TrackMania Nations Forever,2008,Racing,197927.78,169688.91,0.857327404975694,143.0,86.0,1384.1103496503497,2301.4858139534886,2000,Tier 4 Smaller Scene,197927.78,314.0,86.0,2008.0,2024.0,17.0,0.0,Close match,0.824523134161016,Middle range
Trackmania Turbo,2016,Racing,679.41,0.0,0.0,6.0,2.0,113.235,339.705,2010,Tier 4 Smaller Scene,679.41,6.0,2.0,2016.0,2020.0,5.0,0.0,Close match,0.3652367624236583,Low earnings per player
Trackmania United,2006,Racing,1027.5,1027.5,1.0,3.0,1.0,342.5,1027.5,2000,Tier 4 Smaller Scene,1027.5,3.0,1.0,2007.0,2007.0,1.0,0.0,Close match,0.16349688032132056,Middle range
Trackmania United Forever,2008,Racing,4603.55,0.0,0.0,25.0,2.0,184.142,2301.775,2000,Tier 4 Smaller Scene,4603.549999999999,34.0,2.0,2023.0,2023.0,1.0,9.094947017729282e-13,Close match,0.3110060209340135,Middle range
Trials Fusion,2014,Racing,0.0,0.0,,,,0.0,0.0,2010,Tier 4 Smaller Scene,0.0,,,,,0.0,0.0,Missing from historical file,,Low earnings per player
Turbo Racing League,2013,Racing,1000000.0,500000.0,0.5,16.0,9.0,62500.0,111111.11111111111,2010,Tier 3 Mid-Level,1000000.0,22.0,9.0,2013.0,2013.0,1.0,0.0,Close match,0.49803800920655783,High earnings per player
Void Racer,2020,Racing,460.0,0.0,0.0,4.0,1.0,115.0,460.0,2020,Tier 4 Smaller Scene,460.0,4.0,1.0,2021.0,2021.0,1.0,0.0,Close match,0.16693316862009516,Middle range
WRC 10 FIA World Rally Championship,2021,Racing,25250.0,25250.0,1.0,1.0,1.0,25250.0,25250.0,2020,Tier 4 Smaller Scene,25250.0,1.0,1.0,2022.0,2022.0,1.0,0.0,Close match,0.19896684940622889,High earnings per player
Carom 3D,1999,Sports,60500.0,60500.0,1.0,11.0,4.0,5500.0,15125.0,1990,Tier 4 Smaller Scene,60500.0,12.0,4.0,2007.0,2010.0,4.0,0.0,Close match,0.4955499652684172,Middle range
Dream league Soccer,2019,Sports,0.0,0.0,,,,0.0,0.0,2010,Tier 4 Smaller Scene,0.0,,,,,0.0,0.0,Missing from historical file,,Low earnings per player
EA Sports FC 24,2023,Sports,7356431.34,6950011.98,0.944753190614296,348.0,76.0,21139.17051724138,96795.14921052632,2020,Tier 3 Mid-Level,7356431.34,580.0,76.0,2023.0,2024.0,2.0,0.0,Close match,0.7893842394297621,High earnings per player
EA Sports FC Online,2023,Sports,713675.79,639284.99,0.89576387339691,96.0,11.0,7434.122812500001,64879.61727272728,2020,Tier 4 Smaller Scene,713675.79,173.0,11.0,2023.0,2024.0,2.0,0.0,Close match,0.6446662743841537,Middle range
Echo Arena,2017,Sports,193732.32,169362.32,0.874207876104514,126.0,22.0,1537.5580952380953,8806.014545454545,2010,Tier 4 Smaller Scene,193732.32,252.0,22.0,2017.0,2022.0,6.0,0.0,Close match,0.7345419705462385,Middle range
eFootball,2021,Sports,492000.0,25000.0,0.0508130081300813,62.0,14.0,7935.4838709677415,35142.857142857145,2020,Tier 4 Smaller Scene,492000.0,73.0,14.0,2020.0,2022.0,3.0,0.0,Close match,0.6630009476466071,Middle range
Eleven Table Tennis,2016,Sports,0.0,0.0,,,,0.0,0.0,2010,Tier 4 Smaller Scene,0.0,,,,,0.0,0.0,Missing from historical file,,Low earnings per player
FIFA 03,2002,Sports,54066.44,54066.44,1.0,10.0,3.0,5406.644,18022.146666666667,2000,Tier 4 Smaller Scene,54066.44,10.0,3.0,2003.0,2003.0,1.0,0.0,Close match,0.35668772897790046,Middle range
FIFA 04,2003,Sports,40000.0,40000.0,1.0,3.0,3.0,13333.333333333334,13333.333333333334,2000,Tier 4 Smaller Scene,40000.0,3.0,3.0,2003.0,2004.0,2.0,0.0,Close match,0.35552406055282915,Middle range
FIFA 05,2004,Sports,57728.01,57728.01,1.0,5.0,8.0,11545.602,7216.00125,2000,Tier 4 Smaller Scene,57728.01,6.0,6.0,2004.0,2005.0,2.0,0.0,Close match,0.43853694692944706,Middle range
FIFA 06,2005,Sports,112464.53,112464.53,1.0,23.0,12.0,4889.762173913044,9372.044166666667,2000,Tier 4 Smaller Scene,112464.53,28.0,11.0,2005.0,2006.0,2.0,0.0,Close match,0.5389436049641922,Middle range
FIFA 07,2006,Sports,238312.23,238312.23,1.0,43.0,14.0,5542.144883720931,17022.302142857145,2000,Tier 4 Smaller Scene,238312.23,54.0,13.0,2006.0,2007.0,2.0,0.0,Close match,0.5973237877561405,Middle range
FIFA 08,2007,Sports,207129.94,207129.94,1.0,68.0,17.0,3046.028529411765,12184.11411764706,2000,Tier 4 Smaller Scene,207129.94,78.0,16.0,2007.0,2009.0,3.0,0.0,Close match,0.6619175419009905,Middle range
FIFA 09,2008,Sports,121618.34,115321.42,0.948223927410948,52.0,19.0,2338.8142307692306,6400.965263157895,2000,Tier 4 Smaller Scene,121618.34,67.0,19.0,2009.0,2010.0,2.0,0.0,Close match,0.6006164650182679,Middle range
FIFA 10,2009,Sports,117026.71,90147.21,0.77031311911614,64.0,48.0,1828.54234375,2438.0564583333335,2000,Tier 4 Smaller Scene,117026.71,85.0,48.0,2010.0,2010.0,1.0,0.0,Close match,0.5726189617536626,Middle range
FIFA 11,2010,Sports,93983.77,85154.02,0.906050268040961,72.0,78.0,1305.330138888889,1204.9201282051283,2010,Tier 4 Smaller Scene,93983.77,107.0,78.0,2010.0,2011.0,2.0,0.0,Close match,0.6497698880199174,Middle range
FIFA 12,2011,Sports,57931.52,50779.42,0.876542165646612,59.0,67.0,981.8901694915254,864.6495522388059,2010,Tier 4 Smaller Scene,57931.520000000004,87.0,67.0,2011.0,2012.0,2.0,-7.275957614183426e-12,Close match,0.6182728667489151,Middle range
FIFA 13,2012,Sports,458427.82,448195.59,0.977679735928766,53.0,62.0,8649.581509433963,7393.997096774194,2010,Tier 4 Smaller Scene,458427.82,85.0,62.0,2012.0,2013.0,2.0,0.0,Close match,0.6663667445836892,Middle range
FIFA 14,2013,Sports,96347.81,87377.48,0.906896378859052,57.0,69.0,1690.3124561403508,1396.345072463768,2010,Tier 4 Smaller Scene,96347.81,90.0,69.0,2013.0,2014.0,2.0,0.0,Close match,0.6335473528271633,Middle range
FIFA 15,2014,Sports,144373.99,116439.15,0.806510577147587,167.0,352.0,864.5149101796407,410.15338068181813,2010,Tier 4 Smaller Scene,144373.99,367.0,352.0,2014.0,2015.0,2.0,0.0,Close match,0.7258978312096142,Middle range
FIFA 16,2015,Sports,118401.61,117457.44,0.992025699650537,62.0,29.0,1909.7033870967741,4082.8141379310346,2010,Tier 4 Smaller Scene,118401.61,113.0,29.0,2015.0,2016.0,2.0,0.0,Close match,0.6235710176190947,Middle range
FIFA 17,2016,Sports,1487809.08,1487809.08,1.0,135.0,49.0,11020.808,30363.4506122449,2010,Tier 3 Mid-Level,1487809.08,207.0,49.0,2016.0,2017.0,2.0,0.0,Close match,0.7231003687172064,Middle range
FIFA 18,2017,Sports,2233697.69,2221267.08,0.994434963130575,235.0,48.0,9505.09655319149,46535.36854166666,2010,Tier 3 Mid-Level,2233697.69,398.0,47.0,2017.0,2018.0,2.0,0.0,Close match,0.7435874398009629,Middle range
FIFA 19,2018,Sports,3287686.79,3210843.28,0.976626876308981,331.0,53.0,9932.588489425982,62031.8262264151,2010,Tier 3 Mid-Level,3287686.79,689.0,53.0,2018.0,2020.0,3.0,0.0,Close match,0.7991588583534758,Middle range
FIFA 20,2019,Sports,2598643.56,1141158.77,0.439136320026899,363.0,67.0,7158.797685950413,38785.7247761194,2010,Tier 3 Mid-Level,2598643.56,723.0,68.0,2019.0,2020.0,2.0,0.0,Close match,0.7706543609700564,Middle range
FIFA 2000,1999,Sports,50000.0,50000.0,1.0,4.0,1.0,12500.0,50000.0,1990,Tier 4 Smaller Scene,50000.0,4.0,1.0,2000.0,2000.0,1.0,0.0,Close match,0.2515744242254763,Middle range
FIFA 2001,2000,Sports,46000.0,46000.0,1.0,9.0,2.0,5111.111111111111,23000.0,2000,Tier 4 Smaller Scene,46000.0,9.0,2.0,2001.0,2001.0,1.0,0.0,Close match,0.3260932945114343,Middle range
FIFA 2002 World Cup,2002,Sports,43000.0,43000.0,1.0,8.0,1.0,5375.0,43000.0,2000,Tier 4 Smaller Scene,43000.0,8.0,1.0,2002.0,2002.0,1.0,0.0,Close match,0.2789332233370716,Middle range
FIFA 21,2020,Sports,4733259.11,1530671.04,0.323386276649452,417.0,61.0,11350.741270983213,77594.41163934427,2020,Tier 3 Mid-Level,4733259.109999999,806.0,61.0,2020.0,2021.0,2.0,9.313225746154785e-10,Close match,0.7801327224304268,Middle range
FIFA 22,2021,Sports,4575674.03,3371614.78,0.736856418943812,422.0,75.0,10842.829454976303,61008.98706666667,2020,Tier 3 Mid-Level,4575674.029999999,813.0,75.0,2021.0,2022.0,2.0,9.313225746154785e-10,Close match,0.7856386707509033,Middle range
FIFA 23,2022,Sports,6197022.16,5097419.77,0.822559551731537,527.0,99.0,11759.055332068312,62596.18343434344,2020,Tier 3 Mid-Level,6197022.16,974.0,99.0,2022.0,2023.0,2.0,0.0,Close match,0.8011708817181775,Middle range
FIFA Online 3,2012,Sports,1937542.85,1937542.85,1.0,124.0,25.0,15625.34556451613,77501.714,2010,Tier 3 Mid-Level,1937542.85,231.0,23.0,2014.0,2018.0,5.0,0.0,Close match,0.7695228465784882,High earnings per player
FIFA Online 4,2018,Sports,4087518.33,2479725.66,0.606657991427282,427.0,67.0,9572.642459016393,61007.736268656714,2010,Tier 3 Mid-Level,4087518.33,1762.0,68.0,2018.0,2023.0,6.0,0.0,Close match,0.8587502474969957,Middle range
GOALS,2025,Sports,1841.26,0.0,0.0,4.0,1.0,460.315,1841.26,2020,Tier 4 Smaller Scene,1841.26,4.0,1.0,2024.0,2024.0,1.0,0.0,Close match,0.18673884873967664,Middle range
GOLF Plus,2020,Sports,5000.0,5000.0,1.0,4.0,1.0,1250.0,5000.0,2020,Tier 4 Smaller Scene,5000.0,4.0,1.0,2020.0,2020.0,1.0,0.0,Close match,0.19832330314924315,Middle range
Golf With Your Friends,2016,Sports,19400.0,0.0,0.0,11.0,2.0,1763.6363636363637,9700.0,2010,Tier 4 Smaller Scene,19400.0,15.0,2.0,2021.0,2021.0,1.0,0.0,Close match,0.3075846554469951,Middle range
Gran Turismo 7,2022,Sports,21242.85,0.0,0.0,13.0,4.0,1634.0653846153846,5310.7125,2020,Tier 4 Smaller Scene,10742.85,16.0,4.0,2022.0,2023.0,2.0,10499.999999999998,Difference needs review,0.42007784481148075,Middle range
Gym Masters VR,2021,Sports,500.0,0.0,0.0,4.0,1.0,125.0,500.0,2020,Tier 4 Smaller Scene,500.0,4.0,1.0,2021.0,2021.0,1.0,0.0,Close match,0.16805424485327902,Middle range
Just Hoops,2021,Sports,0.0,0.0,,,,0.0,0.0,2020,Tier 4 Smaller Scene,0.0,,,,,0.0,0.0,Missing from historical file,,Low earnings per player
Madden NFL 06,2005,Sports,100000.0,100000.0,1.0,1.0,1.0,100000.0,100000.0,2000,Tier 4 Smaller Scene,100000.0,1.0,1.0,2006.0,2006.0,1.0,0.0,Close match,0.2402598239951676,High earnings per player
Madden NFL 07,2006,Sports,100000.0,100000.0,1.0,1.0,1.0,100000.0,100000.0,2000,Tier 4 Smaller Scene,100000.0,1.0,1.0,2007.0,2007.0,1.0,0.0,Close match,0.2402598239951676,High earnings per player
Madden NFL 08,2007,Sports,100000.0,100000.0,1.0,1.0,1.0,100000.0,100000.0,2000,Tier 4 Smaller Scene,100000.0,1.0,1.0,2007.0,2007.0,1.0,0.0,Close match,0.2402598239951676,High earnings per player
Madden NFL 09,2008,Sports,100000.0,100000.0,1.0,1.0,1.0,100000.0,100000.0,2000,Tier 4 Smaller Scene,100000.0,1.0,1.0,2008.0,2008.0,1.0,0.0,Close match,0.2402598239951676,High earnings per player
Madden NFL 13,2012,Sports,400000.0,400000.0,1.0,8.0,1.0,50000.0,400000.0,2010,Tier 4 Smaller Scene,400000.0,8.0,1.0,2013.0,2013.0,1.0,0.0,Close match,0.34133980031763966,High earnings per player
Madden NFL 16,2015,Sports,50000.0,50000.0,1.0,8.0,1.0,6250.0,50000.0,2010,Tier 4 Smaller Scene,50000.0,8.0,1.0,2016.0,2016.0,1.0,0.0,Close match,0.283604374308671,Middle range
Madden NFL 17,2016,Sports,1004000.0,1004000.0,1.0,42.0,5.0,23904.761904761905,200800.0,2010,Tier 3 Mid-Level,1004000.0,82.0,5.0,2016.0,2017.0,2.0,0.0,Close match,0.5822013263207653,High earnings per player
Madden NFL 18,2017,Sports,423676.62,20676.62,0.0488028345769941,40.0,3.0,10591.9155,141225.54,2010,Tier 4 Smaller Scene,423676.62,41.0,3.0,2017.0,2018.0,2.0,0.0,Close match,0.535189428934873,Middle range
Madden NFL 19,2018,Sports,1269992.0,1269992.0,1.0,45.0,5.0,28222.044444444444,253998.4,2010,Tier 3 Mid-Level,1269992.0,59.0,5.0,2018.0,2019.0,2.0,0.0,Close match,0.5898088513973069,High earnings per player
Madden NFL 20,2019,Sports,923000.0,703000.0,0.761646803900325,38.0,2.0,24289.473684210527,461500.0,2010,Tier 4 Smaller Scene,923000.0,48.0,2.0,2019.0,2020.0,2.0,0.0,Close match,0.5254371882212204,High earnings per player
Madden NFL 2004,2003,Sports,1500.0,1500.0,1.0,3.0,1.0,500.0,1500.0,2000,Tier 4 Smaller Scene,1500.0,3.0,1.0,2003.0,2003.0,1.0,0.0,Close match,0.16760749317632806,Middle range
Madden NFL 21,2020,Sports,1280000.0,330000.0,0.2578125,66.0,6.0,19393.939393939392,213333.33333333334,2020,Tier 3 Mid-Level,1280000.0,90.0,6.0,2021.0,2021.0,1.0,0.0,Close match,0.5503902681736208,High earnings per player
Madden NFL 22,2021,Sports,1650000.0,1000000.0,0.606060606060606,37.0,4.0,44594.59459459459,412500.0,2020,Tier 3 Mid-Level,1650000.0,62.0,4.0,2021.0,2022.0,2.0,0.0,Close match,0.5689248088897857,High earnings per player
Madden NFL 23,2022,Sports,1700000.0,1260000.0,0.741176470588235,37.0,4.0,45945.94594594595,425000.0,2020,Tier 3 Mid-Level,1700000.0,62.0,4.0,2022.0,2023.0,2.0,0.0,Close match,0.5694853470063777,High earnings per player
Madden NFL 24,2023,Sports,1700000.0,1700000.0,1.0,86.0,6.0,19767.441860465115,283333.3333333333,2020,Tier 3 Mid-Level,1700000.0,165.0,6.0,2023.0,2024.0,2.0,0.0,Close match,0.6310437132290714,High earnings per player
Madden NFL 25,2024,Sports,100000.0,100000.0,1.0,8.0,1.0,12500.0,100000.0,2020,Tier 4 Smaller Scene,100000.0,8.0,1.0,2024.0,2024.0,1.0,0.0,Close match,0.3063995910500761,Middle range
Mario Tennis Aces,2018,Sports,61.3,0.0,0.0,6.0,2.0,10.216666666666667,30.65,2010,Tier 4 Smaller Scene,61.3,6.0,2.0,2019.0,2020.0,2.0,0.0,Close match,0.27181374299167027,Low earnings per player
NBA 2K Online,2012,Sports,0.0,0.0,,,,0.0,0.0,2010,Tier 4 Smaller Scene,0.0,,,,,0.0,0.0,Missing from historical file,,Low earnings per player
NBA 2K Online 2,2018,Sports,0.0,0.0,,,,0.0,0.0,2010,Tier 4 Smaller Scene,0.0,,,,,0.0,0.0,Missing from historical file,,Low earnings per player
NBA 2K18,2017,Sports,1000000.0,1000000.0,1.0,91.0,4.0,10989.010989010989,250000.0,2010,Tier 3 Mid-Level,1000000.0,180.0,4.0,2018.0,2018.0,1.0,0.0,Close match,0.5406062864471204,Middle range
NBA 2K19,2018,Sports,1330000.0,1330000.0,1.0,78.0,4.0,17051.28205128205,332500.0,2010,Tier 3 Mid-Level,1330000.0,121.0,4.0,2019.0,2019.0,1.0,0.0,Close match,0.5394960914308421,High earnings per player
NBA 2K20,2019,Sports,250000.0,0.0,0.0,1.0,1.0,250000.0,250000.0,2010,Tier 4 Smaller Scene,250000.0,1.0,1.0,2020.0,2020.0,1.0,0.0,Close match,0.2669788075527162,High earnings per player
NBA 2K21,2020,Sports,1330501.0,1080000.0,0.811724305355652,64.0,3.0,20789.078125,443500.3333333333,2020,Tier 3 Mid-Level,1330501.0,65.0,3.0,2020.0,2021.0,2.0,0.0,Close match,0.5809900253499162,High earnings per player
NBA 2K22,2021,Sports,2650000.0,2150000.0,0.811320754716981,92.0,7.0,28804.347826086956,378571.4285714286,2020,Tier 3 Mid-Level,2650000.0,165.0,7.0,2022.0,2022.0,1.0,0.0,Close match,0.5805260634777244,High earnings per player
NBA 2K23,2022,Sports,2925000.0,2425000.0,0.829059829059829,105.0,9.0,27857.14285714286,325000.0,2020,Tier 3 Mid-Level,2925000.0,225.0,9.0,2023.0,2023.0,1.0,0.0,Close match,0.5981545314950208,High earnings per player
NHL '94,1993,Sports,3818.56,3818.56,1.0,16.0,8.0,238.66,477.32,1990,Tier 4 Smaller Scene,3818.56,21.0,8.0,2015.0,2017.0,3.0,0.0,Close match,0.45934463168007444,Middle range
NHL 12,2011,Sports,702.93,702.93,1.0,6.0,2.0,117.15499999999999,351.465,2010,Tier 4 Smaller Scene,702.93,6.0,2.0,2012.0,2012.0,1.0,0.0,Close match,0.2338839971022831,Middle range
NHL 13,2012,Sports,70000.0,70000.0,1.0,1.0,1.0,70000.0,70000.0,2010,Tier 4 Smaller Scene,70000.0,1.0,1.0,2013.0,2013.0,1.0,0.0,Close match,0.22942275374105697,High earnings per player
NHL 14,2013,Sports,3023.96,3023.96,1.0,6.0,3.0,503.99333333333334,1007.9866666666667,2010,Tier 4 Smaller Scene,3023.96,6.0,3.0,2014.0,2014.0,1.0,0.0,Close match,0.27261167486778504,Middle range
NHL 15,2014,Sports,3157.16,3157.16,1.0,3.0,3.0,1052.3866666666665,1052.3866666666665,2010,Tier 4 Smaller Scene,3157.16,3.0,3.0,2015.0,2015.0,1.0,0.0,Close match,0.23575574964102047,Middle range
NHL 17,2016,Sports,0.0,0.0,,,,0.0,0.0,2010,Tier 4 Smaller Scene,0.0,,,,,0.0,0.0,Missing from historical file,,Low earnings per player
NHL 18,2017,Sports,102700.0,90000.0,0.876338851022395,20.0,6.0,5135.0,17116.666666666668,2010,Tier 4 Smaller Scene,102700.0,28.0,6.0,2018.0,2018.0,1.0,0.0,Close match,0.4380109253245078,Middle range
NHL 19,2018,Sports,22566.67,19566.67,0.867060580936399,10.0,8.0,2256.667,2820.83375,2010,Tier 4 Smaller Scene,22566.67,13.0,8.0,2018.0,2019.0,2.0,0.0,Close match,0.442120597994314,Middle range
NHL 23,2022,Sports,105250.0,105250.0,1.0,12.0,4.0,8770.833333333334,26312.5,2020,Tier 4 Smaller Scene,105250.0,16.0,4.0,2023.0,2023.0,1.0,0.0,Close match,0.40066015779756026,Middle range
Nock,2022,Sports,4050.0,0.0,0.0,12.0,2.0,337.5,2025.0,2020,Tier 4 Smaller Scene,4050.0,12.0,2.0,2022.0,2022.0,1.0,0.0,Close match,0.28089365216148937,Middle range
Pro Evolution Soccer 2008,2007,Sports,2084.15,2084.15,1.0,6.0,3.0,347.35833333333335,694.7166666666667,2000,Tier 4 Smaller Scene,2084.15,6.0,2.0,2008.0,2008.0,1.0,0.0,Close match,0.2703695224014173,Middle range
Pro Evolution Soccer 2009,2008,Sports,1395.97,0.0,0.0,5.0,2.0,279.194,697.985,2000,Tier 4 Smaller Scene,1395.9699999999998,6.0,3.0,2009.0,2010.0,2.0,2.2737367544323206e-13,Close match,0.30073663931046135,Middle range
Pro Evolution Soccer 2013,2012,Sports,0.0,0.0,,,,0.0,0.0,2010,Tier 4 Smaller Scene,0.0,,,,,0.0,0.0,Missing from historical file,,Low earnings per player
Pro Evolution Soccer 2014,2013,Sports,29410.25,29410.25,1.0,4.0,1.0,7352.5625,29410.25,2010,Tier 4 Smaller Scene,29410.25,4.0,1.0,2014.0,2014.0,1.0,0.0,Close match,0.2360662029997663,Middle range
Pro Evolution Soccer 2015,2014,Sports,26544.76,26544.76,1.0,3.0,1.0,8848.253333333332,26544.76,2010,Tier 4 Smaller Scene,26544.76,3.0,1.0,2015.0,2015.0,1.0,0.0,Close match,0.2173085395141457,Middle range
Pro Evolution Soccer 2016,2015,Sports,27243.84,27243.84,1.0,17.0,6.0,1602.5788235294117,4540.64,2010,Tier 4 Smaller Scene,27243.84,18.0,6.0,2016.0,2016.0,1.0,0.0,Close match,0.3917051295531352,Middle range
Pro Evolution Soccer 2017,2016,Sports,514697.71,514697.71,1.0,39.0,16.0,13197.377179487181,32168.606875,2010,Tier 4 Smaller Scene,514697.70999999996,53.0,16.0,2016.0,2017.0,2.0,5.820766091346741e-11,Close match,0.6091445455506994,Middle range
Pro Evolution Soccer 2018,2017,Sports,250000.0,250000.0,1.0,20.0,3.0,12500.0,83333.33333333333,2010,Tier 4 Smaller Scene,250000.0,21.0,3.0,2018.0,2018.0,1.0,0.0,Close match,0.42923186941150765,Middle range
Pro Evolution Soccer 2019,2019,Sports,216000.0,216000.0,1.0,25.0,2.0,8640.0,108000.0,2010,Tier 4 Smaller Scene,216000.0,25.0,2.0,2019.0,2019.0,1.0,0.0,Close match,0.4137713423092004,Middle range
Pro Evolution Soccer 3,2003,Sports,25000.0,25000.0,1.0,8.0,2.0,3125.0,12500.0,2000,Tier 4 Smaller Scene,25000.0,8.0,1.0,2004.0,2004.0,1.0,0.0,Close match,0.30443003522011863,Middle range
Pro Evolution Soccer 4,2004,Sports,40550.64,40550.64,1.0,11.0,2.0,3686.4218181818183,20275.32,2000,Tier 4 Smaller Scene,40550.64,11.0,2.0,2005.0,2005.0,1.0,0.0,Close match,0.32888510387748837,Middle range
Pro Evolution Soccer 5,2005,Sports,32000.0,32000.0,1.0,4.0,1.0,8000.0,32000.0,2000,Tier 4 Smaller Scene,32000.0,4.0,1.0,2006.0,2006.0,1.0,0.0,Close match,0.23868204754386196,Middle range
Pro Evolution Soccer 6,2006,Sports,20216.82,20216.82,1.0,5.0,2.0,4043.364,10108.41,2000,Tier 4 Smaller Scene,20216.82,6.0,2.0,2007.0,2007.0,1.0,0.0,Close match,0.27700719237473637,Middle range
Racket: NX,2018,Sports,500.0,0.0,0.0,3.0,1.0,166.66666666666666,500.0,2010,Tier 4 Smaller Scene,500.0,3.0,1.0,2022.0,2022.0,1.0,0.0,Close match,0.1507913496785702,Middle range
Ragnaröck,2021,Sports,0.0,0.0,,,,0.0,0.0,2020,Tier 4 Smaller Scene,0.0,,,,,0.0,0.0,Missing from historical file,,Low earnings per player
Rezzil Player,2021,Sports,61650.0,0.0,0.0,19.0,12.0,3244.7368421052633,5137.5,2020,Tier 4 Smaller Scene,61650.0,106.0,12.0,2021.0,2023.0,3.0,0.0,Close match,0.5469854460412213,Middle range
Rocket League,2015,Sports,42262497.19,17816799.61,0.421574700848859,6884.0,4542.0,6139.235501162115,9304.821045794804,2010,Tier 2 Established,42429977.62,35622.0,4556.0,2015.0,2024.0,10.0,-167480.4299999997,Close match,0.9700645857971142,Middle range
Rocket League Sideswipe,2021,Sports,63500.0,0.0,0.0,32.0,4.0,1984.375,15875.0,2020,Tier 4 Smaller Scene,63500.0,33.0,4.0,2021.0,2022.0,2.0,0.0,Close match,0.48624061786784667,Middle range
Roller Champions,2022,Sports,8538.95,105.0,0.0122965938435053,60.0,19.0,142.31583333333336,449.41842105263163,2020,Tier 4 Smaller Scene,8538.95,141.0,19.0,2022.0,2023.0,2.0,0.0,Close match,0.5320787886492865,Middle range
Slapshot Rebound,2020,Sports,638.27,0.0,0.0,23.0,5.0,27.75086956521739,127.654,2020,Tier 4 Smaller Scene,638.27,25.0,5.0,2021.0,2023.0,3.0,0.0,Close match,0.4330046088419246,Low earnings per player
Soccer Stars,2018,Sports,0.0,0.0,,,,0.0,0.0,2010,Tier 4 Smaller Scene,0.0,,,,,0.0,0.0,Missing from historical file,,Low earnings per player
SuperPlayer,2022,Sports,1000.0,0.0,0.0,3.0,1.0,333.3333333333333,1000.0,2020,Tier 4 Smaller Scene,1000.0,3.0,1.0,2022.0,2022.0,1.0,0.0,Close match,0.1618152659715448,Middle range
Walkabout Mini Golf,2021,Sports,2000.0,0.0,0.0,7.0,2.0,285.7142857142857,1000.0,2020,Tier 4 Smaller Scene,2000.0,8.0,2.0,2021.0,2021.0,1.0,0.0,Close match,0.2545107427603667,Middle range
Zwift,2015,Sports,65370.76,0.0,0.0,10.0,7.0,6537.076,9338.68,2010,Tier 4 Smaller Scene,65370.76,12.0,7.0,2020.0,2022.0,3.0,0.0,Close match,0.5033465246423502,Middle range
Artifact Classic,2018,Collectible Card Game,120567.26,11635.81,0.0965088698208784,286.0,192.0,421.56384615384616,627.9544791666666,2010,Tier 4 Smaller Scene,120612.26,465.0,193.0,2018.0,2023.0,6.0,-45.0,Close match,0.8079601017360889,Middle range
Artifact Foundry,2020,Collectible Card Game,1174.5,0.0,0.0,21.0,12.0,55.92857142857143,97.875,2020,Tier 4 Smaller Scene,1174.5,26.0,12.0,2020.0,2021.0,2.0,0.0,Close match,0.43991178455525753,Low earnings per player
Faeria,2017,Collectible Card Game,4100.0,0.0,0.0,12.0,5.0,341.6666666666667,820.0,2010,Tier 4 Smaller Scene,4100.0,15.0,5.0,2018.0,2018.0,1.0,0.0,Close match,0.3303816759622447,Middle range
Gwent,2016,Collectible Card Game,1505197.17,755591.17,0.501988168101592,344.0,122.0,4375.573168604651,12337.681721311475,2010,Tier 3 Mid-Level,1505197.17,584.0,122.0,2017.0,2022.0,6.0,0.0,Close match,0.8556634182276714,Middle range
Hand of the Gods,2017,Collectible Card Game,94434.2,72500.0,0.767730334984571,48.0,36.0,1967.3791666666666,2623.172222222222,2010,Tier 4 Smaller Scene,94434.2,90.0,36.0,2017.0,2019.0,3.0,0.0,Close match,0.6396733217480889,Middle range
Hearthstone,2014,Collectible Card Game,30708754.65,18315099.29,0.596412961018593,3147.0,1162.0,9758.104432793136,26427.499698795178,2010,Tier 2 Established,30708754.65,10248.0,1162.0,2013.0,2024.0,12.0,0.0,Close match,0.9676824779023736,Middle range
Hearthstone Battlegrounds,2019,Collectible Card Game,1755579.53,399565.43,0.227597453246678,271.0,51.0,6478.1532472324725,34423.128039215684,2010,Tier 3 Mid-Level,1755579.53,528.0,51.0,2019.0,2024.0,6.0,0.0,Close match,0.8249845653430097,Middle range
"KARDS, The World War II Card Game",2019,Collectible Card Game,0.0,0.0,,,,0.0,0.0,2010,Tier 4 Smaller Scene,0.0,,,,,0.0,0.0,Missing from historical file,,Low earnings per player
Legends of Runeterra,2020,Collectible Card Game,718091.03,0.0,0.0,284.0,33.0,2528.4895422535214,21760.334242424244,2020,Tier 4 Smaller Scene,718091.03,368.0,33.0,2020.0,2022.0,3.0,0.0,Close match,0.757640891137932,Middle range
Magic: The Gathering Arena,2018,Collectible Card Game,9194000.0,4434000.0,0.482271046334566,336.0,60.0,27363.095238095237,153233.33333333334,2010,Tier 3 Mid-Level,9194000.0,784.0,60.0,2018.0,2023.0,6.0,0.0,Close match,0.8613783039354542,High earnings per player
Magic: The Gathering Online,2002,Collectible Card Game,1818000.0,1218000.0,0.66996699669967,173.0,16.0,10508.670520231213,113625.0,2000,Tier 3 Mid-Level,1818000.0,208.0,16.0,2009.0,2023.0,15.0,0.0,Close match,0.8133846759760741,Middle range
Mythgard,2019,Collectible Card Game,3000.0,0.0,0.0,9.0,3.0,333.3333333333333,1000.0,2010,Tier 4 Smaller Scene,3000.0,12.0,3.0,2021.0,2021.0,1.0,0.0,Close match,0.28970886465361784,Middle range
Pokémon TCG,1996,Collectible Card Game,0.0,0.0,,,,0.0,0.0,1990,Tier 4 Smaller Scene,0.0,,,,,0.0,0.0,Missing from historical file,,Low earnings per player
Shadowverse,2016,Collectible Card Game,5508473.29,5373673.29,0.975528609670357,248.0,44.0,22211.585846774193,125192.57477272727,2010,Tier 3 Mid-Level,5508473.29,400.0,44.0,2017.0,2021.0,5.0,0.0,Close match,0.8235588736103088,High earnings per player
Shardbound,2017,Collectible Card Game,0.0,0.0,,,,0.0,0.0,2010,Tier 4 Smaller Scene,0.0,,,,,0.0,0.0,Missing from historical file,,Low earnings per player
The Elder Scrolls: Legends,2017,Collectible Card Game,5000.0,5000.0,1.0,3.0,1.0,1666.6666666666667,5000.0,2010,Tier 4 Smaller Scene,5000.0,3.0,1.0,2017.0,2017.0,1.0,0.0,Close match,0.18106040797453432,Middle range
Yu-Gi-Oh! Duel Links,2016,Collectible Card Game,48746.72,0.0,0.0,328.0,219.0,148.6180487804878,222.58776255707764,2010,Tier 4 Smaller Scene,48746.72,553.0,219.0,2017.0,2019.0,3.0,0.0,Close match,0.7376704067654501,Middle range
Catherine,2011,Puzzle Game,1545.0,1470.0,0.951456310679612,11.0,7.0,140.45454545454547,220.71428571428572,2010,Tier 4 Smaller Scene,1545.0,21.0,7.0,2016.0,2020.0,5.0,0.0,Close match,0.4608336101923429,Middle range
Catherine: Full Body,2019,Puzzle Game,185.0,185.0,1.0,3.0,1.0,61.666666666666664,185.0,2010,Tier 4 Smaller Scene,185.0,3.0,1.0,2019.0,2019.0,1.0,0.0,Close match,0.136777896763772,Low earnings per player
Cultris II,2011,Puzzle Game,190.95,0.0,0.0,3.0,1.0,63.65,190.95,2010,Tier 4 Smaller Scene,190.95,3.0,1.0,2020.0,2020.0,1.0,0.0,Close match,0.13808581903581982,Low earnings per player
Jstris,2014,Puzzle Game,275.0,0.0,0.0,12.0,2.0,22.916666666666668,137.5,2010,Tier 4 Smaller Scene,275.0,16.0,2.0,2020.0,2021.0,2.0,0.0,Close match,0.3135917089626852,Low earnings per player
Magical Drop III,1997,Puzzle Game,130.0,130.0,1.0,3.0,1.0,43.333333333333336,130.0,1990,Tier 4 Smaller Scene,130.0,3.0,1.0,2020.0,2020.0,1.0,0.0,Close match,0.1321067457921726,Low earnings per player
Microsoft Excel,1985,Puzzle Game,114400.0,65500.0,0.572552447552448,86.0,43.0,1330.2325581395348,2660.4651162790697,1980,Tier 4 Smaller Scene,114400.0,193.0,43.0,2021.0,2023.0,3.0,0.0,Close match,0.6824507451391253,Middle range
Pac-man,1981,Puzzle Game,0.0,0.0,,,,0.0,0.0,1980,Tier 4 Smaller Scene,0.0,,,,,0.0,0.0,Missing from historical file,,Low earnings per player
Panel Attack,2020,Puzzle Game,140.0,0.0,0.0,5.0,2.0,28.0,70.0,2020,Tier 4 Smaller Scene,140.0,6.0,2.0,2020.0,2021.0,2.0,0.0,Close match,0.2669175062760817,Low earnings per player
Puyo Puyo Champions,2019,Puzzle Game,2482.3,2071.8,0.834629174555856,14.0,5.0,177.30714285714288,496.46000000000004,2010,Tier 4 Smaller Scene,2482.3,16.0,5.0,2019.0,2020.0,2.0,0.0,Close match,0.39855187809173,Middle range
Puyo Puyo Tetris,2014,Puzzle Game,3422.84,1617.75,0.472633836229564,31.0,16.0,110.4141935483871,213.9275,2010,Tier 4 Smaller Scene,3422.84,49.0,16.0,2017.0,2020.0,4.0,0.0,Close match,0.5276345932788257,Low earnings per player
Puyo Puyo Tetris 2,2020,Puzzle Game,1897.64,1787.47,0.941943677409835,14.0,3.0,135.5457142857143,632.5466666666667,2020,Tier 4 Smaller Scene,1897.6399999999999,19.0,3.0,2021.0,2022.0,2.0,2.2737367544323206e-13,Close match,0.368359544014623,Middle range
Tetr.io,2020,Puzzle Game,18698.3,5134.63,0.274604108394881,39.0,18.0,479.4435897435897,1038.7944444444445,2020,Tier 4 Smaller Scene,18698.3,81.0,18.0,2020.0,2023.0,4.0,0.0,Close match,0.5756142566343703,Middle range
Tetris,1989,Puzzle Game,308794.74,126896.27,0.410940516668127,180.0,122.0,1715.5263333333332,2531.104426229508,1980,Tier 4 Smaller Scene,308794.74,726.0,122.0,2010.0,2024.0,15.0,0.0,Close match,0.8483422246017018,Middle range
Tetris Effect: Connected,2020,Puzzle Game,11529.88,2653.37,0.230129888602483,35.0,11.0,329.4251428571428,1048.170909090909,2020,Tier 4 Smaller Scene,11529.880000000001,61.0,11.0,2021.0,2023.0,3.0,-1.8189894035458565e-12,Close match,0.522873746236,Middle range
Tetris Ultimate,2014,Puzzle Game,221.0,221.0,1.0,3.0,1.0,73.66666666666667,221.0,2010,Tier 4 Smaller Scene,221.0,3.0,1.0,2017.0,2017.0,1.0,0.0,Close match,0.1414490477353714,Low earnings per player
Twinkle Star Sprites,1996,Puzzle Game,150.0,0.0,0.0,4.0,2.0,37.5,75.0,1990,Tier 4 Smaller Scene,150.0,6.0,2.0,2020.0,2021.0,2.0,0.0,Close match,0.2581997861832618,Low earnings per player
Wise Star 2,2008,Puzzle Game,12000.0,12000.0,1.0,3.0,1.0,4000.0,12000.0,2000,Tier 4 Smaller Scene,12000.0,3.0,1.0,2009.0,2009.0,1.0,0.0,Close match,0.19825024355002013,Middle range
Apex Legends,2019,Battle Royale,26153237.01,13376299.25,0.511458648307489,2317.0,731.0,11287.5429477773,35777.34201094392,2010,Tier 2 Established,26153237.009999998,9395.0,731.0,2019.0,2024.0,6.0,3.725290298461914e-09,Close match,0.9327446446299991,Middle range
Apex Legends Mobile,2022,Battle Royale,0.0,0.0,,,,0.0,0.0,2020,Tier 4 Smaller Scene,0.0,,,,,0.0,0.0,Missing from historical file,,Low earnings per player
Ark: Survival Of The Fittest,2017,Battle Royale,0.0,0.0,,,,0.0,0.0,2010,Tier 4 Smaller Scene,0.0,,,,,0.0,0.0,Missing from historical file,,Low earnings per player
Fall Guys,2020,Battle Royale,340273.83,0.0,0.0,250.0,7.0,1361.0953200000001,48610.54714285715,2020,Tier 4 Smaller Scene,340273.83,346.0,7.0,2020.0,2022.0,3.0,0.0,Close match,0.6814667602238051,Middle range
Farlight 84,2023,Battle Royale,0.0,0.0,,,,0.0,0.0,2020,Tier 4 Smaller Scene,0.0,,,,,0.0,0.0,Missing from historical file,,Low earnings per player
Fortnite,2017,Battle Royale,191012698.69,56299884.57,0.294744197407371,9535.0,2291.0,20032.794828526483,83375.25041030117,2010,Tier 1 Elite,191012698.69,37012.0,2293.0,2018.0,2024.0,7.0,0.0,Close match,0.9558621962079885,High earnings per player
Free Fire,2017,Battle Royale,18141992.14,13917001.42,0.767115392433413,1706.0,95.0,10634.227514654161,190968.33831578947,2010,Tier 2 Established,18141992.14,4688.0,95.0,2019.0,2024.0,6.0,0.0,Close match,0.9011775465198532,Middle range
H1Z1,2016,Battle Royale,2067122.0,2067122.0,1.0,119.0,13.0,17370.7731092437,159009.38461538462,2010,Tier 3 Mid-Level,1767122.0,181.0,13.0,2015.0,2018.0,4.0,300000.0,Difference needs review,0.7310978378587961,High earnings per player
Penguin Paradise,2022,Battle Royale,0.0,0.0,,,,0.0,0.0,2020,Tier 4 Smaller Scene,0.0,,,,,0.0,0.0,Missing from historical file,,Low earnings per player
PLAYERUNKNOWN'S BATTLEGROUNDS Mobile,2017,Battle Royale,87322954.82,60665002.37,0.694719990809399,4263.0,341.0,20483.92090546563,256079.04639296184,2010,Tier 2 Established,87322954.82,16574.0,348.0,2018.0,2024.0,7.0,0.0,Close match,0.9396064015882677,High earnings per player
PLAYERUNKNOWN’S BATTLEGROUNDS,2017,Battle Royale,64200450.19,49370328.97,0.769002846925364,3967.0,631.0,16183.627474161834,101743.9781141046,2010,Tier 2 Established,64200450.19,18574.0,631.0,2017.0,2024.0,8.0,0.0,Close match,0.9508355020372101,High earnings per player
Radical Heights,2018,Battle Royale,120000.0,0.0,0.0,12.0,2.0,10000.0,60000.0,2010,Tier 4 Smaller Scene,120000.0,12.0,2.0,2018.0,2018.0,1.0,0.0,Close match,0.37020605873846996,Middle range
Ring of Elysium,2018,Battle Royale,70000.0,0.0,0.0,9.0,4.0,7777.777777777777,17500.0,2010,Tier 4 Smaller Scene,70000.0,21.0,4.0,2019.0,2019.0,1.0,0.0,Close match,0.37766099596215386,Middle range
Rocket Arena,2020,Battle Royale,100000.0,0.0,0.0,24.0,3.0,4166.666666666667,33333.333333333336,2020,Tier 4 Smaller Scene,100000.0,24.0,3.0,2020.0,2020.0,1.0,0.0,Close match,0.40875248651951646,Middle range
Rules Of Survival,2017,Battle Royale,656000.0,476000.0,0.725609756097561,,4.0,0.0,164000.0,2010,Tier 4 Smaller Scene,656000.0,0.0,4.0,2018.0,2018.0,1.0,0.0,Close match,,Low earnings per player
Spellbreak,2020,Battle Royale,50000.0,0.0,0.0,42.0,1.0,1190.4761904761904,50000.0,2020,Tier 4 Smaller Scene,50000.0,42.0,1.0,2020.0,2020.0,1.0,0.0,Close match,0.3512000481855429,Middle range
Super People,2022,Battle Royale,144526.0,0.0,0.0,95.0,11.0,1521.3263157894737,13138.727272727272,2020,Tier 4 Smaller Scene,144526.0,100.0,11.0,2022.0,2022.0,1.0,0.0,Close match,0.5468612334583425,Middle range
Gears 5,2019,Third-Person Shooter,2320920.0,680000.0,0.292987263671303,163.0,112.0,14238.773006134968,20722.5,2010,Tier 3 Mid-Level,2320920.0,1028.0,112.0,2019.0,2022.0,4.0,0.0,Close match,0.812416716262187,High earnings per player
Gears of War,2006,Third-Person Shooter,252195.57,252195.57,1.0,33.0,18.0,7642.29,14010.865,2000,Tier 4 Smaller Scene,252195.57,33.0,15.0,2007.0,2011.0,5.0,0.0,Close match,0.6577037114294428,Middle range
Gears of War 2,2008,Third-Person Shooter,135000.0,135000.0,1.0,,5.0,0.0,27000.0,2000,Tier 4 Smaller Scene,135000.0,0.0,5.0,2009.0,2010.0,2.0,0.0,Close match,,Low earnings per player
Gears of War 3,2011,Third-Person Shooter,7255.81,4555.81,0.627884412629327,13.0,4.0,558.1392307692308,1813.9525,2010,Tier 4 Smaller Scene,7255.81,14.0,4.0,2012.0,2015.0,4.0,0.0,Close match,0.4497863649908529,Middle range
Gears of War 4,2016,Third-Person Shooter,3142785.0,3055000.0,0.972067767919218,155.0,152.0,20276.032258064515,20676.217105263157,2010,Tier 3 Mid-Level,3142785.0,1091.0,152.0,2016.0,2019.0,4.0,0.0,Close match,0.8239327128735793,High earnings per player
Gears of War: Ultimate Edition,2015,Third-Person Shooter,170000.0,170000.0,1.0,39.0,3.0,4358.974358974359,56666.666666666664,2010,Tier 4 Smaller Scene,170000.0,72.0,3.0,2016.0,2016.0,1.0,0.0,Close match,0.4497973693630085,Middle range
Knockout City,2021,Third-Person Shooter,0.0,0.0,,,,0.0,0.0,2020,Tier 4 Smaller Scene,0.0,,,,,0.0,0.0,Missing from historical file,,Low earnings per player
Mobile Suit Gundam: Extreme Vs Maxi Boost ON,2016,Third-Person Shooter,420.0,320.0,0.761904761904762,12.0,2.0,35.0,210.0,2010,Tier 4 Smaller Scene,420.0,12.0,2.0,2021.0,2021.0,1.0,0.0,Close match,0.252493054254165,Low earnings per player
PARAVOX,2024,Third-Person Shooter,0.0,0.0,,,,0.0,0.0,2020,Tier 4 Smaller Scene,0.0,,,,,0.0,0.0,Missing from historical file,,Low earnings per player
Rogue Company,2020,Third-Person Shooter,50000.0,0.0,0.0,48.0,2.0,1041.6666666666667,25000.0,2020,Tier 4 Smaller Scene,50000.0,48.0,2.0,2020.0,2020.0,1.0,0.0,Close match,0.3989452179375129,Middle range
The Division 2,2019,Third-Person Shooter,27250.0,0.0,0.0,40.0,2.0,681.25,13625.0,2010,Tier 4 Smaller Scene,27250.0,40.0,2.0,2019.0,2019.0,1.0,0.0,Close match,0.3733302115580109,Middle range
Audio Trip,2020,Music / Rhythm Game,650.0,0.0,0.0,4.0,2.0,162.5,325.0,2020,Tier 4 Smaller Scene,650.0,4.0,2.0,2020.0,2021.0,2.0,0.0,Close match,0.27800546630284323,Middle range
Beat Saber,2019,Music / Rhythm Game,16692.06,0.0,0.0,63.0,11.0,264.9533333333334,1517.46,2010,Tier 4 Smaller Scene,16692.059999999998,99.0,11.0,2020.0,2023.0,4.0,3.637978807091713e-12,Close match,0.5799199248769796,Middle range
Groove Gunner,2020,Music / Rhythm Game,0.0,0.0,,,,0.0,0.0,2020,Tier 4 Smaller Scene,0.0,,,,,0.0,0.0,Missing from historical file,,Low earnings per player
Guitar Hero 5,2009,Music / Rhythm Game,10500.0,10500.0,1.0,3.0,1.0,3500.0,10500.0,2000,Tier 4 Smaller Scene,10500.0,3.0,1.0,2010.0,2010.0,1.0,0.0,Close match,0.19507386088933254,Middle range
Guitar Hero III: Legends of Rock,2007,Music / Rhythm Game,19000.0,19000.0,1.0,8.0,2.0,2375.0,9500.0,2000,Tier 4 Smaller Scene,19000.0,8.0,1.0,2008.0,2008.0,1.0,0.0,Close match,0.2960219634712397,Middle range
Guitar Hero: World Tour,2008,Music / Rhythm Game,0.0,0.0,,,,0.0,0.0,2000,Tier 4 Smaller Scene,0.0,,,,,0.0,0.0,Missing from historical file,,Low earnings per player
Just Dance 2014,2013,Music / Rhythm Game,0.0,0.0,,3.0,1.0,0.0,0.0,2010,Tier 4 Smaller Scene,0.0,3.0,1.0,2014.0,2014.0,1.0,0.0,Missing from historical file,0.11342214190577499,Low earnings per player
osu!,2007,Music / Rhythm Game,274092.83,32667.89,0.119185496388213,1059.0,251.0,258.822313503305,1092.0033067729084,2000,Tier 4 Smaller Scene,279092.83,2270.0,252.0,2015.0,2024.0,10.0,-5000.0,Close match,0.8810421677808733,Middle range
Synth Riders,2018,Music / Rhythm Game,2100.0,600.0,0.285714285714286,11.0,7.0,190.9090909090909,300.0,2010,Tier 4 Smaller Scene,2100.0,17.0,7.0,2020.0,2021.0,2.0,0.0,Close match,0.39805334113404695,Middle range
