title,steam_url,tags,description
Unknown,https://store.steampowered.com/app/381210/Dead_by_Daylight/?snr=1_7_7_240_150_1,"Gore, Blood, Violent, Mature",No description
Unknown,https://store.steampowered.com/app/3764200/Resident_Evil_Requiem/?snr=1_7_7_240_150_1,,No description
Unknown,https://store.steampowered.com/app/1151340/Fallout_76/?snr=1_7_7_240_150_1,,No description
Ready or Not,https://store.steampowered.com/app/1144200/Ready_or_Not/?snr=1_7_7_240_150_1,"Tactical, Realistic, FPS, Shooter, Multiplayer, Co-op, Singleplayer, Horror, First-Person, Action, Psychological Horror, Violent, Gun Customization, Combat, Crime, Gore, Modern, Atmospheric, Co-op Campaign, America","Ready or Not is an intense, tactical, first-person shooter that depicts a modern-day world in which SWAT police units are called to defuse hostile and confronting situations."
Once Human,https://store.steampowered.com/app/2139460/Once_Human/?snr=1_7_7_240_150_1,"Free to Play, Survival, Multiplayer, Open World Survival Craft, Co-op, Open World, Base Building, Adventure, Post-apocalyptic, Massively Multiplayer, Horror, Third Person, Online Co-Op, PvP, Shooter, Singleplayer, RPG, Action-Adventure, Simulation, MMORPG","Once Human is a multiplayer open-world survival game set in a strange, post-apocalyptic future. Unite with friends to fight monstrous enemies, uncover secret plots, compete for resources, and build your own territory. Once, you were merely human. Now, you have the power to remake the world."
Unknown,https://store.steampowered.com/app/2138330/Cyberpunk_2077_Phantom_Liberty/?snr=1_7_7_240_150_1,,No description
R.E.P.O.,https://store.steampowered.com/app/3241660/REPO/?snr=1_7_7_240_150_1,"Horror, Online Co-Op, Multiplayer, Comedy, Co-op, Physics, First-Person, 3D, Stealth, Survival, Robots, Action, Exploration, Funny, Procedural Generation, Action Roguelike, Post-apocalyptic, Sci-fi, Perma Death, Early Access","An online co-op horror game with up to 6 players. Locate valuable, fully physics-based objects and handle them with care as you retrieve and extract to satisfy your creator's desires."
Unknown,https://store.steampowered.com/app/976730/Halo_The_Master_Chief_Collection/?snr=1_7_7_240_150_1,,No description
The Isle,https://store.steampowered.com/app/376210/The_Isle/?snr=1_7_7_240_150_1,"Dinosaurs, Survival, Open World, Multiplayer, Simulation, Hunting, Realistic, Massively Multiplayer, Adventure, Early Access, Horror, Action, Third Person, Co-op, Sandbox, Walking Simulator, RPG, Strategy, Team-Based, Indie",Experience fierce open world survival gameplay as you attempt to stay alive on an unforgiving island inhabited by dinosaurs! Hunt. Grow. Survive.
Phasmophobia,https://store.steampowered.com/app/739630/Phasmophobia/?snr=1_7_7_240_150_1,"Horror, Online Co-Op, Multiplayer, Psychological Horror, Co-op, VR, Supernatural, First-Person, Investigation, Dark, Detective, Demons, Mystery, Thriller, 3D, Early Access, Indie, Action, Tactical, Singleplayer",Phasmophobia is a 4 player online co-op psychological horror. Paranormal activity is on the rise and it’s up to you and your team to use all the ghost-hunting equipment at your disposal in order to gather as much evidence as you can.
Unknown,https://store.steampowered.com/app/3280350/DEATH_STRANDING_2_ON_THE_BEACH/?snr=1_7_7_240_150_1,,No description
PEAK,https://store.steampowered.com/app/3527290/PEAK/?snr=1_7_7_240_150_1,"Multiplayer, Online Co-Op, Co-op, Physics, Exploration, Adventure, First-Person, Comedy, 3D, Procedural Generation, Atmospheric, Action Roguelike, Action, Time Management, Character Customization, Horror, Platformer, Mystery, Investigation, Survival Horror","PEAK is a co-op climbing game where the slightest mistake can spell your doom. Either solo or as a group of lost nature scouts, your only hope of rescue from a mysterious island is to scale the mountain at its center. Do you have what it takes to reach the PEAK?"
Unknown,https://store.steampowered.com/app/2947440/SILENT_HILL_f/?snr=1_7_7_240_150_1,,No description
Mewgenics,https://store.steampowered.com/app/686060/Mewgenics/?snr=1_7_7_240_150_1,"Turn-Based Tactics, Roguelite, Dark Humor, Turn-Based Strategy, Cats, Turn-Based Combat, RPG, Funny, Cute, 2D, Comic Book, Horror, Cartoony, Surreal, Post-apocalyptic, Choices Matter, Nonlinear, Tactical, Magic, Great Soundtrack","Build the ultimate cat army through tactical breeding and send them into deep, challenging turn-based adventures. Draft abilities, collect items, and manipulate genetics across generations in this roguelike tactics game from the creators of The Binding of Isaac and The End is Nigh."
"Warhammer 40,000: Darktide",https://store.steampowered.com/app/1361210/Warhammer_40000_Darktide/?snr=1_7_7_240_150_1,"Horror, Team-Based, Combat, Co-op, Warhammer 40K, FPS, PvE, Class-Based, Hack and Slash, Shooter, Zombies, First-Person, Character Customization, Dark, Action-Adventure, Action, Narration, Dark Fantasy, Realistic, Atmospheric","Take back the city of Tertium from hordes of bloodthirsty foes in this intense and brutal action shooter. Warhammer 40,000: Darktide is the new co-op focused experience from the award-winning team behind the Vermintide series. As Tertium falls, Rejects Will Rise."
Resident Evil 4,https://store.steampowered.com/app/2050650/Resident_Evil_4/?snr=1_7_7_240_150_1,"Horror, Action, Third-Person Shooter, Survival Horror, Singleplayer, Zombies, Story Rich, Survival, Remake, Dark, Cinematic, VR, Realistic, Gore, Third Person, Resource Management, Adventure, Action-Adventure, Violent, Psychological Horror","Survival is just the beginning. Six years have passed since the biological disaster in Raccoon City. Leon S. Kennedy, one of the survivors, tracks the president's kidnapped daughter to a secluded European village, where there is something terribly wrong with the locals."
Sons Of The Forest,https://store.steampowered.com/app/1326470/Sons_Of_The_Forest/?snr=1_7_7_240_150_1,"Survival, Open World, Multiplayer, Co-op, Survival Horror, Base Building, Horror, Crafting, Building, First-Person, Exploration, Adventure, Singleplayer, Atmospheric, Sandbox, Action-Adventure, Action, Simulation, Immersive Sim, VR","Sent to find a missing billionaire on a remote island, you find yourself in a cannibal-infested hellscape. Craft, build, and struggle to survive, alone or with friends, in this terrifying new open-world survival horror simulator."
The Binding of Isaac: Rebirth,https://store.steampowered.com/app/250900/The_Binding_of_Isaac_Rebirth/?snr=1_7_7_240_150_1,"Action Roguelike, Roguelike, Indie, Replay Value, Difficult, Pixel Graphics, Dungeon Crawler, Great Soundtrack, Singleplayer, Dark, 2D, Local Co-Op, Gore, Remake, Procedural Generation, Roguelite, Atmospheric, Co-op, Action, Horror","The Binding of Isaac: Rebirth is a randomly generated action RPG shooter with heavy Rogue-like elements. Following Isaac on his journey players will find bizarre treasures that change Isaac’s form giving him super human abilities and enabling him to fight off droves of mysterious creatures, discover secrets and fight his way to safety."
Grounded,https://store.steampowered.com/app/962130/Grounded/?snr=1_7_7_240_150_1,"Survival, Multiplayer, Co-op, Open World Survival Craft, Base Building, Crafting, Adventure, Open World, Horror, Online Co-Op, Exploration, Action, Sandbox, First-Person, Singleplayer, RPG, Third Person, Cute, Funny, Early Access","The world is a vast, beautiful and dangerous place – especially when you have been shrunk to the size of an ant. Can you thrive alongside the hordes of giant insects, fighting to survive the perils of the backyard?"
The Outlast Trials,https://store.steampowered.com/app/1304930/The_Outlast_Trials/?snr=1_7_7_240_150_1,"Horror, Multiplayer, Co-op, Survival Horror, Psychological Horror, First-Person, PvE, Stealth, Character Customization, Action, Survival, Action-Adventure, Dark Humor, Dark, Realistic, Atmospheric, Alternate History, Science, Adventure, Gore","Red Barrels invites you to experience mind-numbing terror, this time with friends. Whether you go through the trials alone or in teams, if you survive long enough and complete the therapy, Murkoff will happily let you leave… but will you be the same?"
Path of Exile 2,https://store.steampowered.com/app/2694490/Path_of_Exile_2/?snr=1_7_7_240_150_1,"Action RPG, Hack and Slash, RPG, Isometric, Loot, MMORPG, Dark Fantasy, Souls-like, Action, Dungeon Crawler, Adventure, Multiplayer, Online Co-Op, Character Customization, Early Access, Inventory Management, Crafting, Dark, Horror, Singleplayer","Path of Exile 2 is a next generation Action RPG from Grinding Gear Games, featuring co-op for up to six players. Set years after the original Path of Exile, you will return to the dark world of Wraeclast and seek to end the corruption that is spreading."
Unknown,https://store.steampowered.com/app/221100/DayZ/?snr=1_7_7_240_150_1,,No description
Half-Life: Alyx,https://store.steampowered.com/app/546560/HalfLife_Alyx/?snr=1_7_7_240_150_1,"VR, FPS, Story Rich, Horror, Female Protagonist, Shooter, Singleplayer, First-Person, Action, Sci-fi, Atmospheric, Zombies, Beautiful, Aliens, Adventure, Futuristic, Psychological Horror, Memes, Great Soundtrack, Gore","Half-Life: Alyx is Valve’s VR return to the Half-Life series. It’s the story of an impossible fight against a vicious alien race known as the Combine, set between the events of Half-Life and Half-Life 2. Playing as Alyx Vance, you are humanity’s only chance for survival."
Grounded 2,https://store.steampowered.com/app/2661300/Grounded_2/?snr=1_7_7_240_150_1,"Survival, Multiplayer, Adventure, Action, Base Building, Co-op, Open World, Exploration, Crafting, Open World Survival Craft, Early Access, Sandbox, Online Co-Op, RPG, Third Person, First-Person, Singleplayer, Horror, Split Screen, Survival Horror","Shrunk again, but the world is much larger. In this open-world, single-player or co-op survival adventure, craft weapons and armor, build your base, and traverse the playground on your buggy. But something else is out there—and it hasn’t forgotten you."
Poppy Playtime,https://store.steampowered.com/app/1721470/Poppy_Playtime/?snr=1_7_7_240_150_1,"Horror, Singleplayer, Free to Play, Puzzle, First-Person, Survival Horror, Dark, Psychological Horror, Mystery, Survival, Indie, Adventure, Atmospheric, Lore-Rich, Thriller, 1980s, Action, Cartoony, Action-Adventure, Physics",You must stay alive in this horror/puzzle adventure. Try to survive the vengeful toys waiting for you in the abandoned toy factory. Use your GrabPack to hack electrical circuits or nab anything from afar. Explore the mysterious facility... and don't get caught.
Unknown,https://store.steampowered.com/app/2157830/John_Carpenters_Toxic_Commando/?snr=1_7_7_240_150_1,,No description
Subnautica,https://store.steampowered.com/app/264710/Subnautica/?snr=1_7_7_240_150_1,"Open World Survival Craft, Survival, Horror, Underwater, Open World, Exploration, Crafting, Base Building, Singleplayer, Adventure, First-Person, Multiplayer, Sci-fi, Atmospheric, Aliens, Sandbox, Survival Horror, VR, Action, Indie","Descend into the depths of an alien underwater world filled with wonder and peril. Craft equipment, pilot submarines and out-smart wildlife to explore lush coral reefs, volcanoes, cave systems, and more - all while trying to survive."
Unknown,https://store.steampowered.com/app/2129530/REANIMAL/?snr=1_7_7_240_150_1,,No description
Unknown,https://store.steampowered.com/app/594650/Hunt_Showdown_1896/?snr=1_7_7_240_150_1,Gore,No description
Dying Light: The Beast,https://store.steampowered.com/app/3008130/Dying_Light_The_Beast/?snr=1_7_7_240_150_1,"Zombies, Open World, Multiplayer, First-Person, Parkour, Horror, Action, Co-op Campaign, Gore, Singleplayer, Post-apocalyptic, Exploration, Story Rich, Combat, RPG, Action-Adventure, Violent, Realistic, Adventure, Action RPG","BECOME THE BEAST. SURVIVE THE NIGHT. A terrifying new chapter in the Dying Light universe begins. As Kyle Crane, explore the vast and unpredictable wilderness, uncover a deadly evolution of the infected, and learn to control the beastly powers awakening inside you."
Wallpaper Engine,https://store.steampowered.com/app/431960/Wallpaper_Engine/?snr=1_7_7_240_150_1,"Mature, Utilities, Anime, Software, Design & Illustration, Animation & Modeling, NSFW, First-Person, Indie, Cute, Memes, Action, Singleplayer, Funny, Early Access, Photo Editing, Sandbox, Gaming, Horror, Game Development",Use stunning live wallpapers on your desktop. Animate your own images to create new wallpapers or import videos/websites and share them on the Steam Workshop!
Unknown,https://store.steampowered.com/app/2124490/SILENT_HILL_2/?snr=1_7_7_240_150_1,,No description
YAPYAP,https://store.steampowered.com/app/3834090/YAPYAP/?snr=1_7_7_240_150_1,"Online Co-Op, Multiplayer, Horror, Comedy, Magic, Physics, Dark Fantasy, Survival Horror, Procedural Generation, First-Person, Dungeon Crawler, Action, Exploration, Funny, Co-op, Stealth, Stylized, Action Roguelike, Fantasy, PvE",A magic-themed co-op horror game where you and up to 5 friends are minions summoned by a wizard to break into their rival's towers to cause mayhem. Try to fufill your vandalism target with an assortment of spells while avoiding magical beasts and monsters that protect the tower.
Unknown,https://store.steampowered.com/app/668580/Atomic_Heart/?snr=1_7_7_240_150_1,,No description
DREDGE,https://store.steampowered.com/app/1562430/DREDGE/?snr=1_7_7_240_150_1,"Exploration, Fishing, Lovecraftian, Open World, Adventure, Inventory Management, Mystery, Atmospheric, Psychological Horror, Singleplayer, Horror, RPG, Simulation, Stylized, Survival Horror, Indie, Story Rich, Sailing, Psychological, 3D","DREDGE is a single-player fishing adventure with a sinister undercurrent. Sell your catch, upgrade your boat, and dredge the depths for long-buried secrets. Explore a mysterious archipelago and discover why some things are best left forgotten."
It Takes Two Friend's Pass,https://store.steampowered.com/app/2995920/It_Takes_Two_Friends_Pass/?snr=1_7_7_240_150_1,"Co-op, Multiplayer, Split Screen, Local Co-Op, Online Co-Op, Puzzle, Adventure, Story Rich, Co-op Campaign, Local Multiplayer, Puzzle Platformer, Action-Adventure, 3D Platformer, Emotional, Platformer, Action, Exploration, Atmospheric, Minigames, Female Protagonist","Download Friend's Pass* and play It Takes Two with a friend for free. Just grab a friend who owns the full game, download Friend's Pass for free, and play together!"
Lethal Company,https://store.steampowered.com/app/1966720/Lethal_Company/?snr=1_7_7_240_150_1,"Online Co-Op, Horror, First-Person, Co-op, Survival Horror, Funny, Exploration, Psychological Horror, Sci-fi, PvE, Atmospheric, Procedural Generation, Aliens, Time Management, Adventure, Dungeon Crawler, Action, Early Access, Action-Adventure, Perma Death",A co-op horror about scavenging at abandoned moons to sell scrap to the Company.
Escape the Backrooms,https://store.steampowered.com/app/1943950/Escape_the_Backrooms/?snr=1_7_7_240_150_1,"Horror, Multiplayer, Online Co-Op, Psychological Horror, Co-op, Survival Horror, First-Person, Escape Room, Exploration, Adventure, 3D, Action, Singleplayer, Indie, Stealth, Action-Adventure, Casual, Dungeon Crawler, Early Access, Sexual Content",Escape the Backrooms is a 1-4 player co-op horror exploration game. Traverse 30+ eerie backrooms levels while avoiding entities and other dangers. Try to escape but be warned: survival isn't guaranteed.
Unknown,https://store.steampowered.com/app/3920610/FATAL_FRAME_II_Crimson_Butterfly_REMAKE/?snr=1_7_7_240_150_1,,No description
Content Warning,https://store.steampowered.com/app/2881650/Content_Warning/?snr=1_7_7_240_150_1,"Horror, Online Co-Op, Procedural Generation, Exploration, Action Roguelike, Multiplayer, Comedy, Physics, Co-op, Funny, First-Person, Psychological Horror, Survival Horror, Atmospheric, Post-apocalyptic, Adventure, 3D, Time Management, Investigation, Mystery",Film your friends doing scary things to become SpöökTube famous! (strongly advised to not go alone)
7 Days to Die,https://store.steampowered.com/app/251570/7_Days_to_Die/?snr=1_7_7_240_150_1,"Survival, Zombies, Multiplayer, Open World, Open World Survival Craft, Base Building, Post-apocalyptic, Online Co-Op, Voxel, Building, Exploration, Sandbox, FPS, Simulation, Horror, Tower Defense, Character Customization, Action, Strategy, Procedural Generation","7 Days to Die is an open-world game that is a unique combination of first-person shooter, survival horror, tower defense, and role-playing games. Play the definitive zombie survival sandbox RPG that came first. Navezgane awaits!"
Path of Exile,https://store.steampowered.com/app/238960/Path_of_Exile/?snr=1_7_7_240_150_1,"Free to Play, Action RPG, Dark Fantasy, Hack and Slash, Loot, MMORPG, Multiplayer, Dungeon Crawler, Isometric, RPG, Character Customization, Online Co-Op, Singleplayer, Inventory Management, Action, PvP, Horror, Massively Multiplayer, Fantasy, Adventure","You are an Exile, struggling to survive on the dark continent of Wraeclast, as you fight to earn power that will allow you to exact your revenge against those who wronged you. Path of Exile is an online Action RPG set in a dark fantasy world. The game is completely free and will never be pay-to-win."
Unknown,https://store.steampowered.com/app/214490/Alien_Isolation/?snr=1_7_7_240_150_1,,No description
Unknown,https://store.steampowered.com/app/418370/Resident_Evil_7_Biohazard/?snr=1_7_7_240_150_1,,No description
World War Z,https://store.steampowered.com/app/699130/World_War_Z/?snr=1_7_7_240_150_1,"Zombies, Multiplayer, Online Co-Op, Co-op, Singleplayer, Action, Shooter, Third-Person Shooter, PvE, Survival Horror, FPS, Post-apocalyptic, Gore, Gun Customization, Character Customization, First-Person, Third Person, Violent, Horror, Combat","World War Z is a heart-pounding coop third-person shooter for up to 4 players featuring massive swarms of hundreds of zombies, focused on fast-paced, gruesomely spectacular action."
Bodycam,https://store.steampowered.com/app/2406770/Bodycam/?snr=1_7_7_240_150_1,"Early Access, Tactical, FPS, Realistic, Shooter, Multiplayer, Simulation, Military, Immersive Sim, Team-Based, First-Person, Co-op, PvP, Zombies, Horror, Action, Physics, Combat, Wargame, VR","Bodycam is the first tactical multiplayer FPS with a true body-camera view in Unreal Engine 5. Close-quarters combats feel raw and loud. Every angle, callout, and bullet matters. Play Deathmatch, Team Deathmatch, and Body Bomb on photoreal maps where teamplay, tactics, and clutch skill are key."
Unknown,https://store.steampowered.com/app/1693980/Dead_Space/?snr=1_7_7_240_150_1,,No description
Hello Kitty Island Adventure,https://store.steampowered.com/app/2495100/Hello_Kitty_Island_Adventure/?snr=1_7_7_240_150_1,"Cozy, Open World, Adventure, Cute, Simulation, Life Sim, Exploration, Casual, Colorful, Relaxing, Crafting, Family Friendly, Cooking, Story Rich, Immersive Sim, Action, Puzzle, 3D, Multiplayer, Horror","Embark on a cozy, open-world adventure with Hello Kitty and Friends. Befriend beloved characters as you explore and restore a mysterious island, solve ancient puzzles, cook delicious dishes, customize yourself and your cabins, and so much more."
Left 4 Dead 2,https://store.steampowered.com/app/550/Left_4_Dead_2/?snr=1_7_7_240_150_1,"Zombies, Co-op, FPS, Multiplayer, Shooter, Online Co-Op, Action, Survival, Horror, First-Person, Gore, Team-Based, Moddable, Survival Horror, Post-apocalyptic, Singleplayer, Adventure, Local Co-Op, Replay Value, Tactical","Set in the zombie apocalypse, Left 4 Dead 2 is a co-operative action horror FPS takes you and your friends through the cities, swamps and cemeteries of the Deep South, from Savannah to New Orleans across five expansive campaigns."
Unknown,https://store.steampowered.com/app/202970/Call_of_Duty_Black_Ops_II/?snr=1_7_7_240_150_1,,No description
Barotrauma,https://store.steampowered.com/app/602960/Barotrauma/?snr=1_7_7_240_150_2,"Co-op, Multiplayer, Survival, Submarine, Survival Horror, Horror, 2D, Underwater, Simulation, Sci-fi, Management, Strategy, Action, Difficult, Moddable, Gore, Violent, Singleplayer, Naval, Psychological Horror","Barotrauma is a 2D co-op submarine simulator – in space, with survival horror and RPG elements. Steer your submarine, complete missions, fight monsters, fix leaks, operate machinery, man the guns and craft items, and stay alert: danger in Barotrauma doesn’t announce itself!"
Unknown,https://store.steampowered.com/app/883710/Resident_Evil_2/?snr=1_7_7_240_150_2,"Gore, Violent",No description
Backrooms: Escape Together,https://store.steampowered.com/app/2141730/Backrooms_Escape_Together/?snr=1_7_7_240_150_2,"Multiplayer, Horror, Online Co-Op, Psychological Horror, Survival Horror, Co-op, Atmospheric, Realistic, First-Person, Early Access, Exploration, Procedural Generation, Adventure, Casual, Puzzle, Action, 3D, Singleplayer, Action-Adventure, Sci-fi","A visually lifelike co-op horror for 1-6 people. Journey through 10 procedurally generated levels, using what's available to survive and progress deeper into the Backrooms."
Resident Evil 3,https://store.steampowered.com/app/952060/Resident_Evil_3/?snr=1_7_7_240_150_2,"Action, Zombies, Horror, Multiplayer, Female Protagonist, Survival Horror, Singleplayer, Remake, Third Person, Co-op, Gore, Third-Person Shooter, Violent, Story Rich, Atmospheric, Adventure, Sexual Content, Classic, Great Soundtrack, Difficult","Jill Valentine is one of the last remaining people in Raccoon City to witness the atrocities Umbrella performed. To stop her, Umbrella unleashes their ultimate secret weapon: Nemesis! Also includes Resident Evil Resistance, a new 1 vs 4 online multiplayer game set in the Resident Evil universe."
Poppy Playtime - Chapter 5,https://store.steampowered.com/app/4100940/Poppy_Playtime__Chapter_5/?snr=1_7_7_240_150_2,"Horror, Singleplayer, Puzzle, First-Person, Survival Horror, Dark, Mystery, Psychological Horror, Survival, Indie, Atmospheric, Adventure, Lore-Rich, Action, Thriller, 1980s, Cartoony, Action-Adventure, Physics, Jump Scare",No description
Deep Rock Galactic,https://store.steampowered.com/app/548430/Deep_Rock_Galactic/?snr=1_7_7_240_150_2,"Dwarf, Co-op, PvE, FPS, Procedural Generation, Class-Based, Shooter, Exploration, First-Person, Loot, Sci-fi, Action, Space, Atmospheric, Looter Shooter, Combat, Survival, Horror, Dark, Action Roguelike","Deep Rock Galactic is a 1-4 player co-op FPS featuring dwarven space miners, procedurally-generated destructible environments, and endless hordes of alien monsters. Explore cave systems, mine for minerals, and work together to survive!"
Unknown,https://store.steampowered.com/app/1888930/The_Last_of_Us_Part_I/?snr=1_7_7_240_150_2,,No description
KLETKA,https://store.steampowered.com/app/1699480/KLETKA/?snr=1_7_7_240_150_2,"Horror, Co-op, Online Co-Op, First-Person, Action, PvE, Adventure, Roguelike, Action-Adventure, Dungeon Crawler, Action Roguelike, 3D, Pixel Graphics, Roguelite, Atmospheric, Dark, Alternate History, Mystery, Old School, Exploration","KLETKA is a co-op (up to 6 players) horror game about going down in an elevator that is trying to eat you. Feed the elevator, explore deadly floors and descend deeper."
White Knuckle,https://store.steampowered.com/app/3195790/White_Knuckle/?snr=1_7_7_240_150_2,"Early Access, Parkour, Horror, First-Person, 3D Platformer, Roguelike, Platformer, Pixel Graphics, Precision Platformer, Adventure, Survival Horror, Old School, Atmospheric, Score Attack, FPS, Dark, Action, Perma Death, Underground, PvE",White Knuckle is a first-person roguelite speed-climbing game. Ascend through the guts of SUB-STRUCTURE 17 using precision movement mechanics. Sharp reflexes and resource management will bring you out from under ten thousand meters of concrete and decay.
Unknown,https://store.steampowered.com/app/2531310/The_Last_of_Us_Part_II_Remastered/?snr=1_7_7_240_150_2,,No description
Outer Wilds,https://store.steampowered.com/app/753640/Outer_Wilds/?snr=1_7_7_240_150_2,"Exploration, Space, Mystery, Story Rich, Adventure, Great Soundtrack, Atmospheric, Puzzle, Open World, Singleplayer, Indie, Sci-fi, Horror, First-Person, Beautiful, Psychological Horror, Epic, 3D, Simulation, Action","Named Game of the Year 2019 by Giant Bomb, Polygon, Eurogamer, and The Guardian, Outer Wilds is a critically-acclaimed and award-winning open world mystery about a solar system trapped in an endless time loop."
Resident Evil Village,https://store.steampowered.com/app/1196590/Resident_Evil_Village/?snr=1_7_7_240_150_2,"Survival Horror, Horror, First-Person, Singleplayer, Action, Sexual Content, Zombies, Gore, Story Rich, VR, FPS, Atmospheric, Violent, Dark, Psychological Horror, Survival, Adventure, Multiplayer, Open World, Nudity","Experience survival horror like never before in the 8th major installment in the Resident Evil franchise - Resident Evil Village. With detailed graphics, intense first-person action and masterful storytelling, the terror has never felt more realistic."
Drive Beyond Horizons,https://store.steampowered.com/app/2625420/Drive_Beyond_Horizons/?snr=1_7_7_240_150_2,"Multiplayer, Automobile Sim, Adventure, Driving, Simulation, Action, Exploration, Casual, Co-op, Survival, Open World, Shooter, First-Person, Post-apocalyptic, FPS, Horror, Realistic, Racing, Online Co-Op, Early Access","Rev up your engines and venture into the unknown with Drive Beyond Horizons! Conquer dynamic landscapes, customize your ride, and unearth hidden treasures. Get ready for heart-pounding challenges and endless excitement. Your adventure starts now !"
Unknown,https://store.steampowered.com/app/21690/Resident_Evil_5/?snr=1_7_7_240_150_2,Gore,No description
Pacific Drive,https://store.steampowered.com/app/1458140/Pacific_Drive/?snr=1_7_7_240_150_2,"Driving, Survival, Exploration, Story Rich, Survival Horror, Crafting, Atmospheric, Sci-fi, Adventure, First-Person, Action, Post-apocalyptic, Base Building, Transportation, 3D, Sandbox, Simulation, Horror, Action-Adventure, Building","Face the supernatural dangers of the Olympic Exclusion Zone with a car as your only lifeline in this driving survival adventure! Scavenge resources, load up your trusty station wagon, and drive like hell to make it through alive."
CloverPit,https://store.steampowered.com/app/3314790/CloverPit/?snr=1_7_7_240_150_2,"Gambling, Roguelite, Roguelike, Psychological Horror, Strategy, First-Person, Dark Humor, 3D, Horror, Psychological, Dark, Singleplayer, Indie, Resource Management, Surreal, Multiple Endings, Simulation, Retro, Adventure, Action",A rogue-lite slot machine nightmare. Gamble for your life in a never-ending debt simulator!
Don't Starve Together,https://store.steampowered.com/app/322330/Dont_Starve_Together/?snr=1_7_7_240_150_2,"Survival, Open World Survival Craft, Multiplayer, Co-op, Open World, Adventure, Crafting, Online Co-Op, Sandbox, Difficult, Indie, 2D, Atmospheric, Survival Horror, Funny, Strategy, Horror, Singleplayer, Action, Roguelike","Fight, Farm, Build and Explore Together in the standalone multiplayer expansion to the uncompromising wilderness survival game, Don't Starve."
Unknown,https://store.steampowered.com/app/534380/Dying_Light_2_Stay_Human_Reloaded_Edition/?snr=1_7_7_240_150_2,"Gore, Violent",No description
Unknown,https://store.steampowered.com/app/42700/Call_of_Duty_Black_Ops/?snr=1_7_7_240_150_2,Gore,No description
Lucid Blocks,https://store.steampowered.com/app/3495730/Lucid_Blocks/?snr=1_7_7_240_150_2,"Psychedelic, Surreal, Atmospheric, Open World, Psychological Horror, Sandbox, Voxel, Horror, 3D, First-Person, Pixel Graphics, Exploration, Lovecraftian, Procedural Generation, Crafting, Building, Survival, Adventure, Action-Adventure, Action","Explore, build, and survive in a cryptic expanse oozing with dreamlike oddities and esoteric critters."
Subnautica: Below Zero,https://store.steampowered.com/app/848450/Subnautica_Below_Zero/?snr=1_7_7_240_150_2,"Open World Survival Craft, Survival, Underwater, Singleplayer, Open World, Horror, Exploration, Base Building, Multiplayer, Indie, Adventure, Crafting, First-Person, Survival Horror, Sci-fi, Aliens, Action, Story Rich, Atmospheric, Sandbox","Dive into a freezing underwater adventure on an alien planet. Below Zero is set two years after the original Subnautica. Return to Planet 4546B to uncover the truth behind a deadly cover-up. Survive by building habitats, crafting tools, & diving deeper into the world of Subnautica."
Unknown,https://store.steampowered.com/app/1282100/REMNANT_II/?snr=1_7_7_240_150_2,,No description
MIMESIS,https://store.steampowered.com/app/2827200/MIMESIS/?snr=1_7_7_240_150_2,"Early Access, Online Co-Op, Horror, Funny, Psychological Horror, Survival Horror, PvE, Action, Exploration, First-Person, Action-Adventure, Casual, Procedural Generation, Time Management, Sci-fi, Supernatural, Atmospheric, Dungeon Crawler, Indie, PvP","4 Player co-op survival horror game. When the cursed rain falls, 'Mimesis' appear, perfectly imitating your teammates, bringing a new level of tension you've never experienced before."
Unknown,https://store.steampowered.com/app/532790/Vampire_The_Masquerade__Bloodlines_2/?snr=1_7_7_240_150_2,,No description
Deadzone: Rogue,https://store.steampowered.com/app/3228590/Deadzone_Rogue/?snr=1_7_7_240_150_2,"Roguelike, FPS, Online Co-Op, PvE, Roguelite, Looter Shooter, First-Person, Horror, Dungeon Crawler, Shooter, Action, Post-apocalyptic, Action Roguelike, 3D, Zombies, Sci-fi, Bullet Hell, Atmospheric, Loot, Dark","Deadzone: Rogue is a roguelite FPS set in space. Blast through swarms of hostile machines, combine powerful augments and elements to forge your build, and grow stronger with each run — solo or in co-op."
The Forest,https://store.steampowered.com/app/242760/The_Forest/?snr=1_7_7_240_150_2,"Open World Survival Craft, Survival, Horror, Open World, Crafting, Adventure, Building, Survival Horror, First-Person, Action, Exploration, Sandbox, Singleplayer, Atmospheric, Simulation, Gore, Realistic, Indie, Zombies, Early Access","As the lone survivor of a passenger jet crash, you find yourself in a mysterious forest battling to stay alive against a society of cannibalistic mutants. Build, explore, survive in this terrifying first person survival horror simulator."
State of Decay 2: Juggernaut Edition,https://store.steampowered.com/app/495420/State_of_Decay_2_Juggernaut_Edition/?snr=1_7_7_240_150_2,"Survival, Open World, Zombies, Base Building, Multiplayer, Co-op, Online Co-Op, Post-apocalyptic, Simulation, Action, RPG, Sandbox, Third Person, Singleplayer, Gore, Horror, Perma Death, Violent, Replay Value, Atmospheric","The dead have risen and civilization has fallen. Now it's up to you to gather survivors, scavenge for resources and build a community in a post-apocalyptic world – a world where you define what it means to survive in this ultimate zombie survival simulation."
Metro Exodus,https://store.steampowered.com/app/412020/Metro_Exodus/?snr=1_7_7_240_150_2,"Post-apocalyptic, FPS, Singleplayer, Open World, Story Rich, Atmospheric, Action, First-Person, Horror, Survival, Shooter, Adventure, Stealth, Exploration, Survival Horror, Great Soundtrack, Violent, Gore, Multiplayer, Psychological Horror","Flee the shattered ruins of the Moscow Metro and embark on an epic, continent-spanning journey across the post-apocalyptic Russian wilderness. Explore vast, non-linear levels, lose yourself in an immersive, sandbox survival experience, and follow a thrilling story-line that spans an entire year in the greatest Metro adventure yet."
Little Nightmares,https://store.steampowered.com/app/424840/Little_Nightmares/?snr=1_7_7_240_150_2,"Horror, Atmospheric, Adventure, Singleplayer, Puzzle Platformer, Dark, Puzzle, Indie, Story Rich, Stealth, Psychological Horror, Platformer, Great Soundtrack, 2.5D, Survival Horror, Third Person, Female Protagonist, Multiplayer, Short, Action","Take on the role of Six, a lone child lost in a massive metal vessel known as the Maw, surrounded by dangerous, distorted versions of adults. You’ll need to do your best to escape in one piece or your fate will be worse than you ever dared dream."
The Binding of Isaac: Repentance,https://store.steampowered.com/app/1426300/The_Binding_of_Isaac_Repentance/?snr=1_7_7_240_150_2,"Action, Adventure, RPG, Roguelike, Difficult, Replay Value, Action Roguelike, Indie, Gore, Pixel Graphics, Multiplayer, Singleplayer, Dungeon Crawler, 2D, Roguelite, Great Soundtrack, Dark, Procedural Generation, Atmospheric, Horror",No description
Unknown,https://store.steampowered.com/app/221040/Resident_Evil_6/?snr=1_7_7_240_150_2,Gore,No description
Cronos: The New Dawn,https://store.steampowered.com/app/2101960/Cronos_The_New_Dawn/?snr=1_7_7_240_150_2,"Survival Horror, Horror, Sci-fi, Third-Person Shooter, Combat, Difficult, Post-apocalyptic, Atmospheric, Story Rich, Action, Time Travel, Singleplayer, Action-Adventure, Crafting, Gore, Dark, Futuristic, Third Person, Resource Management, Dystopian","A whole new breed of survival horror emerges with Cronos: The New Dawn. Survive the brutal wastelands of the future, fight nightmarish merging creatures and jump back in time to harvest souls as you seek to uncover the origins of the apocalypse that wiped out humanity."
Liar's Bar,https://store.steampowered.com/app/3097560/Liars_Bar/?snr=1_7_7_240_150_2,"Multiplayer, Casual, PvP, Online Co-Op, Co-op, Indie, Funny, FPS, 3D, First-Person, Tabletop, Dark, Puzzle, Board Game, Strategy, Horror, VR, Gore, Early Access, Simulation","Dive into this multiplayer online experience set in a sketchy bar where the games are as dangerous as the patrons. Join a table of 4 and test your skills in Liar's Dice and Liar's Deck, where lying and bluffing are key to victory. Ready for a night at Liar's Bar?"
Unknown,https://store.steampowered.com/app/934700/Dead_Island_2/?snr=1_7_7_240_150_2,,No description
Little Nightmares II,https://store.steampowered.com/app/860510/Little_Nightmares_II/?snr=1_7_7_240_150_2,"Horror, Adventure, Singleplayer, Puzzle, Dark, Atmospheric, Psychological Horror, Story Rich, Multiplayer, Stealth, Puzzle Platformer, Action-Adventure, Indie, Platformer, Great Soundtrack, Co-op, 2.5D, Thriller, Action, Violent",Little Nightmares II is the second game in a series that has thrilled and captivated millions of players worldwide since 2017. Now it’s your turn to try to survive this critically acclaimed entry in the most charming horror series ever made.
STALCRAFT: X,https://store.steampowered.com/app/1818450/STALCRAFT_X/?snr=1_7_7_240_150_2,"Free to Play, Multiplayer, MMORPG, FPS, Shooter, Adventure, Action, First-Person, Looter Shooter, Horror, Atmospheric, Massively Multiplayer, PvP, Combat, RPG, PvE, Story Rich, Tactical, Team-Based, Alternate History",STALCRAFT: X is the largest open-world online game in the Chernobyl Exclusion Zone. Explore the world full of mutants and anomalies alone or with friends — unforgettable emotions guaranteed.
Unknown,https://store.steampowered.com/app/239140/Dying_Light/?snr=1_7_7_240_150_2,Gore,No description
Unknown,https://store.steampowered.com/app/1259420/Days_Gone/?snr=1_7_7_240_150_2,"Violent, Gore",No description
Species: Unknown,https://store.steampowered.com/app/2747330/Species_Unknown/?snr=1_7_7_240_150_2,"Early Access, Horror, Online Co-Op, First-Person, Atmospheric, Aliens, Survival Horror, Multiplayer, Stealth, Exploration, PvE, Investigation, Sci-fi, FPS, Shooter, 3D, Psychological Horror, Action, Indie, Realistic",Species: Unknown is a 1 to 4 players co-op survival horror. Complete high-risk missions aboard an abandoned ship while being hunted by an unknown creature. Survive and upgrade your gear to face each new threat that lurks in the dark.
"No, I'm not a Human",https://store.steampowered.com/app/3180070/No_Im_not_a_Human/?snr=1_7_7_240_150_2,"Horror, Psychological Horror, Choices Matter, Indie, Singleplayer, Story Rich, Atmospheric, Multiple Endings, Dark, First-Person, Psychological, Gore, Mystery, Thriller, Retro, Narrative, Simulation, Casual, Psychedelic, Outbreak Sim",WARNING. Stay inside. Lock your doors. Close the blinds. Only let humans in. Eliminate all Visitors. An anxiety horror about paranoia in the End of Times.
GONE Fishing,https://store.steampowered.com/app/3645890/GONE_Fishing/?snr=1_7_7_240_150_2,"Action, Adventure, Horror, Multiplayer, Fishing, First-Person, 3D, Online Co-Op, Co-op, Atmospheric, Dark, Survival Horror, Indie, Nature, Early Access, Singleplayer","GONE Fishing is a 1-8 player survival horror game where you and your friends must work together to stay alive, by fishing. The only way to survive is to keep feeding the lake’s insatiable hunger before it feeds on you. Can you satisfy the hunger... or will you become the next offering?"
Unknown,https://store.steampowered.com/app/2523720/Gears_of_War_Reloaded/?snr=1_7_7_240_150_2,,No description
MISERY,https://store.steampowered.com/app/2119830/MISERY/?snr=1_7_7_240_150_2,"Survival, Online Co-Op, Post-apocalyptic, Multiplayer, Horror, Open World, Co-op, Survival Horror, PvE, Crafting, Open World Survival Craft, Exploration, Base Building, Procedural Generation, Building, Action Roguelike, Adventure, Shooter, Atmospheric, Immersive Sim","MISERY is a 1–5 player co-op survival game set in a nuclear disaster zone. Here, every day is a struggle: search radioactive ruins for resources, build your bunker, craft weapons, and explore a weird, procedurally-generated world with your friends. Beware of anomalies, monsters, and armed bandits."
Unknown,https://store.steampowered.com/app/208650/Batman_Arkham_Knight/?snr=1_7_7_240_150_2,Mature,No description
Unknown,https://store.steampowered.com/app/530611/End_of_Zoe/?snr=1_7_7_240_150_2,,No description
My Singing Monsters,https://store.steampowered.com/app/1419170/My_Singing_Monsters/?snr=1_7_7_240_150_2,"Creature Collector, Casual, Simulation, Free to Play, Farming Sim, Colony Sim, Cute, Cartoony, Collectathon, Colorful, Family Friendly, 2.5D, Building, Relaxing, Music, Dragons, Dinosaurs, Nature, Resource Management, Horror","Dive into the Musical World of My Singing Monsters! Breed them, feed them, listen to them sing! Breed & collect a menagerie of Monsters, each a living instrument! Build your paradise across 35+ Islands, customize your world, and enjoy endless music! There's never a dull moment in the Monster World!"
Ready or Not: Dark Waters,https://store.steampowered.com/app/3174120/Ready_or_Not_Dark_Waters/?snr=1_7_7_240_150_2,"Tactical, Realistic, FPS, Shooter, Multiplayer, Co-op, Singleplayer, First-Person, Horror, Action, Violent, Gun Customization, Combat, Crime, Gore, Modern, Atmospheric, America, Co-op Campaign, Psychological Horror",No description
GTFO,https://store.steampowered.com/app/493520/GTFO/?snr=1_7_7_240_150_2,"Online Co-Op, Horror, Co-op, FPS, Multiplayer, Difficult, Shooter, Survival Horror, Action, Stealth, Tactical, Team-Based, Gore, First-Person, Zombies, PvE, Atmospheric, Character Customization, Violent, Replay Value","GTFO is a hardcore cooperative horror shooter that throws you from gripping suspense to explosive action in a heartbeat. Stealth, strategy, and teamwork are necessary to survive in your deadly, underground prison. Work together or die together."
Subliminal,https://store.steampowered.com/app/2300840/Subliminal/?snr=1_7_7_240_150_2,"Realistic, Psychological Horror, Atmospheric, Mystery, Thriller, Singleplayer, Horror, Dungeon Crawler, First-Person, 3D, Multiple Endings, Adventure, Exploration, Surreal, Immersive Sim, Story Rich, Drama, Strategy, Simulation, Investigation","Subliminal is a psychological horror game inspired by the urban legend of The Backrooms. Bleeding edge lighting and rendering, handcrafted open-ended levels, light and perspective-based puzzles, nostalgic spaces, unfamiliar faces, and a rotting feeling that something is not quite right."
Inscryption,https://store.steampowered.com/app/1092790/Inscryption/?snr=1_7_7_240_150_2,"Card Battler, Card Game, Story Rich, Deckbuilding, Horror, Puzzle, Dark, Roguelike, Strategy, Roguelite, Psychological, Surreal, Experimental, First-Person, Point & Click, 3D, 2D, Pixel Graphics, FMV, Adventure","Inscryption is an inky black card-based odyssey that blends the deckbuilding roguelike, escape-room style puzzles, and psychological horror into a blood-laced smoothie. Darker still are the secrets inscrybed upon the cards..."
Unknown,https://store.steampowered.com/app/339340/Resident_Evil_0/?snr=1_7_7_240_150_3,Gore,No description
Ready or Not: Home Invasion,https://store.steampowered.com/app/3015760/Ready_or_Not_Home_Invasion/?snr=1_7_7_240_150_3,"Tactical, Realistic, FPS, Shooter, Multiplayer, Co-op, Singleplayer, First-Person, Action, Horror, Violent, Gun Customization, Combat, Crime, Gore, Modern, Atmospheric, America, Co-op Campaign, Psychological Horror",No description
DEATH STRANDING DIRECTOR'S CUT,https://store.steampowered.com/app/1850570/DEATH_STRANDING_DIRECTORS_CUT/?snr=1_7_7_240_150_3,"Story Rich, Open World, Walking Simulator, Atmospheric, Great Soundtrack, Cinematic, Post-apocalyptic, Adventure, Exploration, Singleplayer, Third Person, Action, Sci-fi, Horror, Action-Adventure, Relaxing, Stealth, Multiplayer, Third-Person Shooter, Combat","From legendary game creator Hideo Kojima comes a genre-defying experience, now expanded in this definitive DIRECTOR’S CUT. As Sam Bridges, your mission is to deliver hope to humanity by connecting the last survivors of a decimated America. Can you reunite the shattered world, one step at a time?"
Gorilla Tag,https://store.steampowered.com/app/1533390/Gorilla_Tag/?snr=1_7_7_240_150_3,"VR, Psychological Horror, Multiplayer, First-Person, Parkour, Funny, Horror, 3D, 3D Platformer, Action, PvP, Nature, Physics, Survival Horror, Casual, Platformer, Moddable, 6DOF, Early Access, Minimalist","Run, jump, and climb using only your hands. Play tag or infection with people online. Run away from the infected players, or outmaneuver the survivors to catch them. Embrace your inner ape."
The Binding of Isaac: Afterbirth,https://store.steampowered.com/app/401920/The_Binding_of_Isaac_Afterbirth/?snr=1_7_7_240_150_3,"Action Roguelike, Replay Value, Difficult, Indie, Great Soundtrack, Dungeon Crawler, Roguelike, Singleplayer, Action, Dark, Adventure, Roguelite, Pixel Graphics, Gore, Survival, Co-op, 2D, Atmospheric, Procedural Generation, Horror",No description
Trepang2,https://store.steampowered.com/app/1164940/Trepang2/?snr=1_7_7_240_150_3,"Shooter, Singleplayer, Gore, FPS, Horror, Violent, Action, First-Person, Bullet Time, Blood, Fast-Paced, Indie, Psychological Horror, Boomer Shooter, Stealth, Atmospheric, Combat, Difficult, Sci-fi, Destruction","Become the ultimate badass in Trepang2: A gory, action-packed FPS set in the near future. Unleash all hell on your enemies, dodge bullets and leave a trail of destruction in this hardcore and frenetic shooter."
Stray,https://store.steampowered.com/app/1332010/Stray/?snr=1_7_7_240_150_3,"Cats, Adventure, Atmospheric, Cyberpunk, Singleplayer, Cute, Exploration, Robots, Puzzle, Beautiful, Third Person, Horror, Sci-fi, Indie, Dystopian, Open World, Mystery, Action, Colorful, Stealth","Lost, alone and separated from family, a stray cat must untangle an ancient mystery to escape a long-forgotten cybercity and find their way home."
Poppy Playtime - Chapter 3,https://store.steampowered.com/app/2555190/Poppy_Playtime__Chapter_3/?snr=1_7_7_240_150_3,"Adventure, Action, Indie, Horror, Puzzle, Singleplayer, First-Person, Dark, Jump Scare, Survival Horror, 3D, Blood, Psychological Horror, Mystery, Violent, Story Rich, Survival, Atmospheric, Gore, Action-Adventure",No description
Danganronpa: Trigger Happy Havoc,https://store.steampowered.com/app/413410/Danganronpa_Trigger_Happy_Havoc/?snr=1_7_7_240_150_3,"Visual Novel, Anime, Detective, Mystery, Story Rich, Great Soundtrack, Singleplayer, Psychological Horror, Horror, Adventure, Dark Comedy, Dark Humor, Puzzle, Point & Click, Funny, Comedy, Exploration, Survival, Action, Memes","Investigate murders, search for clues and talk to your classmates to prepare for trial. There, you'll engage in deadly wordplay, going back and forth with suspects. Dissect their statements and fire their words back at them to expose their lies! There's only one way to survive—pull the trigger."
Unknown,https://store.steampowered.com/app/1971870/Mortal_Kombat_1/?snr=1_7_7_240_150_3,,No description
Scam Line,https://store.steampowered.com/app/2794590/Scam_Line/?snr=1_7_7_240_150_3,"Multiplayer, Indie, Co-op, PvP, Dark, Funny, Online Co-Op, Casual, Social Deduction, Puzzle, Strategy, Pixel Graphics, Early Access, 3D, First-Person, Horror","Scam Line is a 4–8 player social deception game where your party will face different challenges. Become a liar, a manipulator, a cheater, or find your own path to victory"
Unknown,https://store.steampowered.com/app/4249120/Resident_Evil_3_Nemesis_1999/?snr=1_7_7_240_150_3,,No description
Unknown,https://store.steampowered.com/app/4249110/Resident_Evil_2_1998/?snr=1_7_7_240_150_3,,No description
Witchfire,https://store.steampowered.com/app/3156770/Witchfire/?snr=1_7_7_240_150_3,"FPS, Dark Fantasy, Extraction Shooter, Roguelite, Souls-like, Shooter, RPG, PvE, Early Access, Exploration, First-Person, Action RPG, Horror, Character Customization, Loot, Singleplayer, Action, Controller, Narration, Roguelike",Witchfire is a first-person dark fantasy RPG shooter in which you play as a wicked sinner turned witch hunter on his final mission to reach salvation.
Unknown,https://store.steampowered.com/app/2461850/Senuas_Saga_Hellblade_II/?snr=1_7_7_240_150_3,,No description
Legacy of Kain: Defiance Remastered,https://store.steampowered.com/app/3747730/Legacy_of_Kain_Defiance_Remastered/?snr=1_7_7_240_150_3,"Action, Adventure, Vampire, Action-Adventure, Story Rich, 3D, Stylized, Horror, Singleplayer, Linear, Dark, Gothic, Combat, Violent, Fantasy, Puzzle, Hack and Slash","Play as the vampire Kain and his betrayed lieutenant Raziel. Wield legendary blades, use supernatural abilities, and battle through a world of conflict, intrigue, and prophecy as their paths collide across the dark world of Nosgoth."
ROUTINE,https://store.steampowered.com/app/606160/ROUTINE/?snr=1_7_7_240_150_3,"Singleplayer, Sci-fi, Psychological Horror, Atmospheric, Cinematic, Dark, Adventure, Horror, Puzzle, Walking Simulator, First-Person, Exploration, Survival Horror, Stealth, Space, Story Rich, Thriller, 3D, Action, Aliens",ROUTINE is a First Person Sci-Fi Horror set on an abandoned lunar base designed around an 80s vision of the future. Explore and investigate your surroundings as you survive against unknown threats.
Hello Neighbor,https://store.steampowered.com/app/521890/Hello_Neighbor/?snr=1_7_7_240_150_3,"Horror, Sandbox, First-Person, Story Rich, Stealth, Survival Horror, Difficult, Action-Adventure, 3D Platformer, Survival, 3D, Strategy, Funny, FPS, Psychological Horror, Dark Humor, Puzzle, Family Friendly, Action, Surreal",Hello Neighbor is a Stealth Horror Game about sneaking into your neighbor's house and figuring out what he's hiding in the basement. Play against an advanced AI that learns from your actions.
Poppy Playtime - Chapter 4,https://store.steampowered.com/app/3008670/Poppy_Playtime__Chapter_4/?snr=1_7_7_240_150_3,"Horror, Singleplayer, Puzzle, First-Person, Survival Horror, Dark, Indie, Mystery, Adventure, Psychological Horror, Action, Survival, Lore-Rich, Atmospheric, Thriller, 1980s, Cartoony, Action-Adventure, Jump Scare, Blood",No description
Unknown,https://store.steampowered.com/app/570660/The_Binding_of_Isaac_Afterbirth/?snr=1_7_7_240_150_3,Gore,No description
The Walking Trade,https://store.steampowered.com/app/3398110/The_Walking_Trade/?snr=1_7_7_240_150_3,"Management, Simulation, Economy, Post-apocalyptic, Sandbox, Building, Capitalism, Crafting, Immersive Sim, FPS, Survival, Base Building, Physics, Shooter, 3D, Dark Humor, Horror, Stylized, Zombies, Singleplayer","Run a shop in the zombie apocalypse! Trade batteries, craft stock, manage your staff, and fend off undead hordes. Will you be a hero, or profit at any cost? Your choices shape your store - and your fate."
Morimens,https://store.steampowered.com/app/3052450/Morimens/?snr=1_7_7_240_150_3,"Free to Play, Lovecraftian, Visual Novel, Card Game, Roguelike Deckbuilder, Story Rich, RPG, Strategy, Card Battler, Deckbuilding, Roguelite, Turn-Based, Horror, Singleplayer, Adventure, PvP, 2D, Atmospheric, Multiplayer, Mystery","Morimens is a roguelite card-building game inspired by the Cthulhu mythos, where you craft a versatile and intricate deck tailored to your playstyle. The choice is yours to embark on a climb up treacherous towers or engage in tactical battles. Explore misty maps and uncover the truth of the world."
Buckshot Roulette,https://store.steampowered.com/app/2835570/Buckshot_Roulette/?snr=1_7_7_240_150_3,"Multiplayer, Dark, Gambling, Horror, First-Person, Strategy, Singleplayer, Indie, 3D, Psychological, Puzzle, Psychological Horror, Blood, Experimental, Action, Roguelike, Simulation, Surreal, FPS, Roguelite",Play Russian roulette with a 12-gauge shotgun. Four enter. One leaves. Roll the dice with your life. Good luck!
INDUSTRIA 2,https://store.steampowered.com/app/2154070/INDUSTRIA_2/?snr=1_7_7_240_150_3,"Action, FPS, Survival Horror, Story Rich, Atmospheric, Action-Adventure, Singleplayer, Exploration, Dystopian, Immersive Sim, Mystery, Surreal, First-Person, 3D, Horror, Realistic, Adventure, Combat, Female Protagonist, Shooter","INDUSTRIA 2 is a narrative FPS adventure about a woman stranded in a parallel dimension. Explore, scavenge and fight your way through a mysterious boreal landscape consumed by an ever-hungry artificial intelligence to find a way home."
Unknown,https://store.steampowered.com/app/1746860/The_Elder_Scrolls_V_Skyrim_Anniversary_Upgrade/?snr=1_7_7_240_150_3,,No description
Danganronpa V3: Killing Harmony,https://store.steampowered.com/app/567640/Danganronpa_V3_Killing_Harmony/?snr=1_7_7_240_150_3,"Visual Novel, Detective, Female Protagonist, Anime, Story Rich, Mystery, Great Soundtrack, Singleplayer, Psychological Horror, Dark Humor, Horror, Puzzle, Adventure, Dark Comedy, Dark, Atmospheric, Funny, Dating Sim, Memes, Comedy","A new cast of 16 characters find themselves kidnapped and imprisoned in a school. Inside, some will kill, some will die, and some will be punished. Reimagine what you thought high-stakes, fast-paced investigation was as you investigate twisted murder cases and condemn your new friends to death."
Five Nights at Freddy's: Secret of the Mimic,https://store.steampowered.com/app/2215390/Five_Nights_at_Freddys_Secret_of_the_Mimic/?snr=1_7_7_240_150_3,"Horror, Adventure, First-Person, Action, Exploration, Robots, 3D, Action-Adventure, VR, Survival Horror, Atmospheric, Artificial Intelligence, Stealth, Singleplayer, Sci-fi, Thriller, Multiple Endings, Early Access, Story Rich, Underground","Enter the abandoned workshop of Murray’s Costume Manor and unravel the mystery left behind by the reclusive inventor. In Five Nights at Freddy’s: Secret of the Mimic, you’ll step into a world where every dark corner holds a secret and every flicker of light hints at an ever-present threat."
Dead Space™ 3,https://store.steampowered.com/app/1238060/Dead_Space_3/?snr=1_7_7_240_150_3,"Action, Horror, Online Co-Op, Sci-fi, Co-op, Shooter, Third-Person Shooter, Survival, Space, Dark, Singleplayer, Multiplayer, Survival Horror, Futuristic, Thriller, Third Person, Gore, Crafting, Combat, Violent",Journey across space to the icy planet of Tau Volantis with Isaac Clarke and Sgt. John Carver to discover and destroy the source of the Necromorph outbreak.
Unknown,https://store.steampowered.com/app/4249100/Resident_Evil_1996/?snr=1_7_7_240_150_3,,No description
Unknown,https://store.steampowered.com/app/304240/Resident_Evil/?snr=1_7_7_240_150_3,Gore,No description
Creature Kitchen,https://store.steampowered.com/app/3097300/Creature_Kitchen/?snr=1_7_7_240_150_3,"Puzzle, Cooking, Creature Collector, Nature, Cute, First-Person, Cozy, Relaxing, Sandbox, 3D, Casual, Atmospheric, Singleplayer, Nonlinear, Stylized, Indie, Simulation, Family Friendly, Fantasy, Horror","A creepy-cozy cooking simulator where you befriend local wildlife and feed them their favorite snacks! With a strange house to search and forest to explore, the witching hour has only begun."
HumanitZ,https://store.steampowered.com/app/1766060/HumanitZ/?snr=1_7_7_240_150_3,"Survival, Zombies, Open World, Multiplayer, Base Building, Crafting, Sandbox, Isometric, Post-apocalyptic, Shooter, PvP, RPG, Online Co-Op, Singleplayer, Horror, Survival Horror, Action, Adventure, Open World Survival Craft, Combat","HumanitZ is an isometric, open-world sandbox survival game set in a world ended by a zombie outbreak. Survive alone or with friends by scavenging, crafting, building, and fighting to last as long as ‘humanly’ possible. You can’t change the past, but you can fight for the future of humanity."
Mama's Sleeping Angels,https://store.steampowered.com/app/2918310/Mamas_Sleeping_Angels/?snr=1_7_7_240_150_3,"Horror, Multiplayer, Procedural Generation, Adventure, Exploration, Female Protagonist, Choices Matter, Supernatural, Surreal, First-Person, Comedy, Platformer, Stylized, Dark, Team-Based, Demons, Magic, Retro, Singleplayer, Stealth",A 1 to 4 player Y2K dream-exploration game. Free your imaginary friends trapped to eternal sleep by the goddess Mama. Collect cursed items and use weapons to face the monsters in Mama's dreams.
Little Nightmares III,https://store.steampowered.com/app/1392860/Little_Nightmares_III/?snr=1_7_7_240_150_3,"Co-op, Adventure, Horror, Multiplayer, Puzzle, Atmospheric, Online Co-Op, Platformer, Singleplayer, Co-op Campaign, Psychological Horror, Dark, Action, Story Rich, Stealth, 2.5D, Indie, Exploration, Great Soundtrack, Local Co-Op","Little Nightmares III is an atmospheric adventure game in which you follow the journey of Low and Alone, two best friends in search of a way out of the Nowhere. In 2 players online cooperation or solo with an A.I., work together to solve puzzles and survive in this nightmarish world."
Unknown,https://store.steampowered.com/app/3990820/Resident_Evil_Requiem__Deluxe_Kit/?snr=1_7_7_240_150_3,,No description
Demonologist,https://store.steampowered.com/app/1929610/Demonologist/?snr=1_7_7_240_150_3,"Horror, Multiplayer, Online Co-Op, Psychological Horror, Co-op, First-Person, Dark, Demons, Investigation, Surreal, Mystery, Detective, Thriller, Cinematic, Indie, 3D, Action, Tactical, Lovecraftian, Survival Horror","Demonologist is a Co-Op horror game that can be played with at least 1 and up to 4 players. Your goal is to identify the type of evil spirit in cursed places and exorcise it using your equipment, either alone or with your team."
Unknown,https://store.steampowered.com/app/1549970/Aliens_Fireteam_Elite/?snr=1_7_7_240_150_3,,No description
Ghost Janitors,https://store.steampowered.com/app/2772990/Ghost_Janitors/?snr=1_7_7_240_150_3,"Horror, Online Co-Op, Psychological Horror, Multiplayer, Indie, Supernatural, Exploration, Realistic, Adventure, PvE, First-Person, Dark, Co-op, Early Access, Singleplayer, Action-Adventure, Action, Investigation, Hidden Object, Demons",Ghost Janitors is a multiplayer psychological horror game for 1-4 players. Your job? Cleaning haunted houses while avoiding terrifying monsters. Ready to face the spine-tingling challenge with your team?
Unknown,https://store.steampowered.com/app/10090/Call_of_Duty_World_at_War/?snr=1_7_7_240_150_3,,No description
Unknown,https://store.steampowered.com/app/1256670/Library_Of_Ruina/?snr=1_7_7_240_150_3,Gore,No description
Resident Evil 4 - Separate Ways,https://store.steampowered.com/app/2109300/Resident_Evil_4__Separate_Ways/?snr=1_7_7_240_150_3,"Action, Adventure, Female Protagonist, Violent, Gore, Survival Horror, Horror, Singleplayer, Sexual Content",No description
Unknown,https://store.steampowered.com/app/254700/Resident_Evil_4_2005/?snr=1_7_7_240_150_3,Gore,No description
Poppy Playtime - Chapter 2,https://store.steampowered.com/app/1817490/Poppy_Playtime__Chapter_2/?snr=1_7_7_240_150_3,"Adventure, Action, Horror, Indie, Puzzle, Singleplayer, First-Person, Survival Horror, Mystery, Dark, Free to Play, Story Rich, Exploration, Psychological Horror, Survival, Thriller, Atmospheric, Action-Adventure, Cute, Physics",No description
Five Nights at Freddy's: Security Breach,https://store.steampowered.com/app/747660/Five_Nights_at_Freddys_Security_Breach/?snr=1_7_7_240_150_3,"Horror, Singleplayer, Survival Horror, Robots, First-Person, Multiple Endings, Stealth, Exploration, 3D, Action, Adventure, Story Rich, Indie, Artificial Intelligence, Thriller, Action-Adventure, Colorful, Family Friendly, Cartoony, Atmospheric","In Five Nights at Freddy’s: Security Breach, play as Gregory, a young boy who’s been trapped overnight inside of Freddy Fazbear’s Mega Pizzaplex. With the help of Freddy himself, Gregory must uncover the secrets of the Pizzaplex, learn the truth, and survive until dawn."
Slay the Princess — The Pristine Cut,https://store.steampowered.com/app/1989270/Slay_the_Princess__The_Pristine_Cut/?snr=1_7_7_240_150_3,"Visual Novel, Choices Matter, Psychological Horror, Horror, Story Rich, Choose Your Own Adventure, Hand-drawn, Romance, Lore-Rich, Point & Click, Interactive Fiction, CRPG, First-Person, Simulation, Dating Sim, Singleplayer, Adventure, Dark Humor, Comic Book, RPG",You're here to slay the princess. Don't believe her lies.
SCP: 5K,https://store.steampowered.com/app/872670/SCP_5K/?snr=1_7_7_240_150_3,"Strategy, Co-op, Horror, Shooter, Tactical, Multiplayer, FPS, Co-op Campaign, Immersive, Gun Customization, First-Person, Realistic, Singleplayer, Military, Combat, Conspiracy, Lore-Rich, Action, Story Rich, Early Access",SCP: 5K is a co-op or singleplayer tactical horror FPS project that puts players in the midst of a conspiracy where the SCP Foundation has turned on humanity. Enjoy Early Access as we continue to work towards a completed full release of the project!
Ground Zero,https://store.steampowered.com/app/2340130/Ground_Zero/?snr=1_7_7_240_150_3,"Survival Horror, Zombies, Action, Adventure, Third-Person Shooter, 2.5D, Stylized, Third Person, Foreign, Atmospheric, Dark, Horror, Shooter, Old School, Post-apocalyptic, Retro, Character Customization, Sci-fi, Combat, Controller",Fight through post-apocalyptic South Korea in this retro survival horror. Uncover the truth behind the devastating meteor impact that left the country in ruins and turned every living organism into a terrifying monstrosity. Fight. Solve puzzles. Upgrade gear. Make every bullet count.
Final Sentence,https://store.steampowered.com/app/2413950/Final_Sentence/?snr=1_7_7_240_150_3,"Typing, Horror, Simulation, Survival, Battle Royale, Multiplayer, PvP, Survival Horror, Psychological Horror, Thriller, Atmospheric, Text-Based, Noir, Indie, 3D, Education, Dystopian","Final Sentence is a Battle Royale typing game. Together with other players, you find yourself in a hangar, with a typewriter in front of you and a revolver loaded with a single bullet at your temple. Every mistake can be fatal. Only one will remain."
Unknown,https://store.steampowered.com/app/4318580/Dead_by_Daylight_Stranger_Things_Chapter_2/?snr=1_7_7_240_150_3,,No description
The Headliners,https://store.steampowered.com/app/3059070/The_Headliners/?snr=1_7_7_240_150_3,"Online Co-Op, Horror, Co-op, Funny, Multiplayer, Action, Indie, Action-Adventure, Team-Based, Gore, Destruction, First-Person, Atmospheric, Dark, Singleplayer, Violent, Survival Horror, Souls-like, Psychological Horror, LGBTQ+","Co-op horror game where you play in teams of 1 to 8 reckless journalists, ready to explore a city overrun by deadly creatures to snap spectacular footage. Your only goal: make the headlines without becoming one."
Undertale,https://store.steampowered.com/app/391540/Undertale/?snr=1_7_7_240_150_4,"Great Soundtrack, Story Rich, Choices Matter, Multiple Endings, Pixel Graphics, Funny, RPG, Singleplayer, Indie, 2D, Comedy, Replay Value, Bullet Hell, Cute, Memes, Retro, Dark, Psychological Horror, Dating Sim, Horror",UNDERTALE! The RPG game where you don't have to destroy anyone.
Lobotomy Corporation | Monster Management Simulation,https://store.steampowered.com/app/568220/Lobotomy_Corporation__Monster_Management_Simulation/?snr=1_7_7_240_150_4,"Management, Difficult, Psychological Horror, Story Rich, Simulation, Horror, Gore, Great Soundtrack, Singleplayer, Indie, Strategy, 2D, Cute, Lovecraftian, Anime, Atmospheric, Roguelike, Visual Novel, RTS, Roguelite","A roguelite monster-management simulation inspired by the likes of the SCP Foundation, Cabin in the Woods, and Warehouse 13. Order your employees to perform work with the creatures and watch as it unfolds; harness greater energy, and expand the facility"
Dead Space™ 2,https://store.steampowered.com/app/47780/Dead_Space_2/?snr=1_7_7_240_150_4,"Horror, Survival Horror, Third-Person Shooter, Shooter, Survival, Action, Third Person, Story Rich, Sci-fi, Space, Atmospheric, Multiplayer, Singleplayer, Aliens, Gore, Futuristic, Adventure, Combat, Co-op, Blood","Three years after the Necromorph infestation aboard the USS Ishimura, Isaac Clarke awakens from a coma, confused, disoriented, and on a space station called The Sprawl. Explore this world and its zero-g environments to discover the truth about the Unitology and its role in the Necromorph epidemic."
Danganronpa 2: Goodbye Despair,https://store.steampowered.com/app/413420/Danganronpa_2_Goodbye_Despair/?snr=1_7_7_240_150_4,"Anime, Detective, Visual Novel, Mystery, Story Rich, Great Soundtrack, Singleplayer, Psychological Horror, Adventure, Dark Comedy, Horror, Puzzle, Atmospheric, Dark, Comedy, Dating Sim, Mature, Funny, Memes, Walking Simulator","Jabberwock Island—You and your classmates were ready for fun in the sun until Monokuma returned to restart his murderous game! Trapped in a kill-or-be-killed situation, your only hope rests in solving the island’s mysteries."
Cursed Companions,https://store.steampowered.com/app/3265230/Cursed_Companions/?snr=1_7_7_240_150_4,"Early Access, Funny, Online Co-Op, Comedy, Multiplayer, Exploration, Dungeon Crawler, First-Person, Voice Control, Fantasy, Procedural Generation, Psychological Horror, Team-Based, Horror, Action-Adventure, Social Deduction, Action, Action Roguelike, 3D, Adventure","If we say the wrong words... WE DIE! This game kills you with your own voices! Online co-op where everyone gets a forbidden word, say it and you kill your friends. Explore spooky dungeons, cast spells and defeat monsters with your voices."
Unknown,https://store.steampowered.com/app/222480/Resident_Evil_Revelations/?snr=1_7_7_240_150_4,Gore,No description
Look Outside,https://store.steampowered.com/app/3373660/Look_Outside/?snr=1_7_7_240_150_4,"RPG, Survival Horror, Horror, Pixel Graphics, Lovecraftian, Turn-Based Combat, RPGMaker, Adventure, Atmospheric, 2D, Exploration, Gore, Dark, Singleplayer, Indie, Violent, Mystery, Old School, Great Soundtrack, Isometric","Look Outside is a survival horror RPG set in a single apartment building. A mysterious event turns anyone who looks out the window into grotesque monsters, leaving the world in absolute chaos. Scavenge the building to seek food, supplies, and weapons while encountering strange characters."
Into the Dead: Our Darkest Days,https://store.steampowered.com/app/2239710/Into_the_Dead_Our_Darkest_Days/?snr=1_7_7_240_150_4,"Early Access, Survival, Zombies, Side Scroller, Horror, Strategy, 2.5D, Survival Horror, Immersive Sim, Post-apocalyptic, Stealth, Management, Atmospheric, Crafting, Action, Choices Matter, Perma Death, Psychological Horror, Simulation, Psychological","Texas, 1980. Walton City has fallen to a zombie outbreak. Lead a band of desperate survivors from refuge to refuge by scavenging, crafting, and fighting in a relentless struggle for survival. Plan wisely, stick together, and — above all — keep moving if you want to make it out alive."
Baby Steps,https://store.steampowered.com/app/1281040/Baby_Steps/?snr=1_7_7_240_150_4,"Walking Simulator, Action, Adventure, Exploration, Comedy, Casual, Funny, Third Person, 3D, Physics, Singleplayer, Indie, Controller, Difficult, Psychological Horror, Nature, Satire, Horror, Sexual Content, LGBTQ+","Play as Nate, an unemployed failson with nothing going for him, until one day he discovers a power he never knew he had… putting one foot in front of the other."
Unknown,https://store.steampowered.com/app/1577120/The_Quarry/?snr=1_7_7_240_150_4,,No description
Blasphemous 2,https://store.steampowered.com/app/2114740/Blasphemous_2/?snr=1_7_7_240_150_4,"Combat, Fantasy, Metroidvania, Souls-like, Adventure, Pixel Graphics, 2D Platformer, Difficult, Side Scroller, Hack and Slash, Unforgiving, 2D, Platformer, Action RPG, Horror, Lore-Rich, Action-Adventure, Story Rich, Multiple Endings, Dark Fantasy","The Penitent One awakens as Blasphemous 2 joins him once again in an endless struggle against The Miracle. Dive into a perilous new world filled with mysteries and secrets to discover, and tear your way through monstrous foes that stand between you and your quest to end the cycle once and for all."
Six Days in Fallujah,https://store.steampowered.com/app/1548850/Six_Days_in_Fallujah/?snr=1_7_7_240_150_4,"Early Access, Military, Tactical, Realistic, FPS, Singleplayer, Co-op, War, Multiplayer, Shooter, Survival Horror, Team-Based, Simulation, Stealth, Online Co-Op, First-Person, Wargame, Horror, Historical, PvE",Six Days in Fallujah is an intensely realistic first-person tactical shooter based on true stories from one of this century’s toughest urban battles.
Metro 2033 Redux,https://store.steampowered.com/app/286690/Metro_2033_Redux/?snr=1_7_7_240_150_4,"Post-apocalyptic, FPS, Atmospheric, Story Rich, Horror, Action, Singleplayer, First-Person, Shooter, Stealth, Survival Horror, Based On A Novel, Survival, Multiplayer, Adventure, Remake, Gore, Mature, Classic, Open World","In 2013 the world was devastated by an apocalyptic event, annihilating almost all mankind and turning the Earth's surface into a poisonous wasteland. A handful of survivors took refuge in the depths of the Moscow underground, and human civilization entered a new Dark Age. The year is 2033."
Dark Hours,https://store.steampowered.com/app/2208570/Dark_Hours/?snr=1_7_7_240_150_4,"Horror, Online Co-Op, Multiplayer, Heist, Co-op, Funny, Survival Horror, Team-Based, Survival, Psychological Horror, Atmospheric, Procedural Generation, Dark, Supernatural, Mystery, PvE, Stealth, Action, Exploration, First-Person","Dark Hours is a co-op survival horror game for 1-4 players. Your heist has been disrupted by a supernatural event, and your team of robbers is now trapped with an evil entity. Forget your plan, your mission is to survive. Explore and cooperate to find a way out."
Left 4 Dead,https://store.steampowered.com/app/500/Left_4_Dead/?snr=1_7_7_240_150_4,"Zombies, Co-op, Multiplayer, FPS, Action, Horror, Shooter, Online Co-Op, Survival, Team-Based, First-Person, Post-apocalyptic, Singleplayer, Atmospheric, Moddable, Adventure, Tactical, Replay Value, Competitive, Female Protagonist","From Valve (the creators of Counter-Strike, Half-Life and more) comes Left 4 Dead, a co-op action horror game for the PC and Xbox 360 that casts up to four players in an epic struggle for survival against swarming zombie hordes and terrifying mutant monsters."
Unknown,https://store.steampowered.com/app/1649240/Returnal/?snr=1_7_7_240_150_4,,No description
People Playground,https://store.steampowered.com/app/1118200/People_Playground/?snr=1_7_7_240_150_4,"Sandbox, Gore, Physics, Blood, Violent, Moddable, 2D, Singleplayer, Destruction, Simulation, Funny, Building, Pixel Graphics, Psychological Horror, Indie, Action, Casual, Comedy, Horror, Choose Your Own Adventure","Shoot, stab, burn, poison, tear, vaporise, or crush ragdolls in a large open space."
The Séance of Blake Manor,https://store.steampowered.com/app/1395520/The_Sance_of_Blake_Manor/?snr=1_7_7_240_150_4,"Supernatural, Detective, Puzzle, Singleplayer, Atmospheric, Mystery, Adventure, Noir, Indie, Story Rich, Mythology, Investigation, Historical, Word Game, First-Person, Choices Matter, Dark, Narrative, Horror, Psychological Horror","The Séance of Blake Manor is a supernatural detective mystery, set in 1897 Ireland, where you investigate the disappearance of Evelyn Deane in a remote hotel full of secrets and other-worldly occurrences."
Metro: Last Light Redux,https://store.steampowered.com/app/287390/Metro_Last_Light_Redux/?snr=1_7_7_240_150_4,"Post-apocalyptic, FPS, Atmospheric, Action, Story Rich, Horror, Singleplayer, First-Person, Shooter, Stealth, Survival, Based On A Novel, Adventure, Survival Horror, Nudity, Remake, Sci-fi, Multiplayer, Difficult, Open World","It is the year 2034. Beneath the ruins of post-apocalyptic Moscow, in the tunnels of the Metro, the remnants of mankind are besieged by deadly threats from outside – and within. Mutants stalk the catacombs beneath the desolate surface, and hunt amidst the poisoned skies above."
Unknown,https://store.steampowered.com/app/287290/Resident_Evil_Revelations_2/?snr=1_7_7_240_150_4,Gore,No description
We Gotta Go,https://store.steampowered.com/app/3967470/We_Gotta_Go/?snr=1_7_7_240_150_4,"Online Co-Op, Indie, Comedy, Funny, Horror, First-Person, Co-op, Cartoony, Combat, Exploration, Multiplayer, Action, Atmospheric, Physics, Character Customization, Dark Humor, Simulation, Action-Adventure, Roguelike, Lovecraftian","We Gotta Go is a co-op horror comedy that’ll scare the crap out of you—literally. Team up to reach the only bathroom in a haunted mansion before your bowels betray you. Scavenge for items, fend off ghosts, and fight through cursed halls together in a desperate hunt for sweet relief."
Voodoo Fishin',https://store.steampowered.com/app/3071240/Voodoo_Fishin/?snr=1_7_7_240_150_4,"Early Access, Exploration, Fishing, First-Person, Adventure, 3D Platformer, Multiplayer, PvE, Stylized, Platformer, Character Customization, 3D, Cute, FPS, Dark Humor, Horror, Funny, Online Co-Op, Action-Adventure, Choices Matter","A creepy-cozy co-op fishing game for 1–4 players with proximity voice chat. Explore a haunted swamp for rare fish, sell your haul by the pound, and try to survive what hunts you in the dark."
Cookie Clicker,https://store.steampowered.com/app/1454400/Cookie_Clicker/?snr=1_7_7_240_150_4,"Clicker, Idler, Casual, Indie, Horror, Pixel Graphics, Management, Economy, Collectathon, Funny, Resource Management, 2D, Memes, Strategy, Comedy, Simulation, Building, Colorful, Singleplayer, Touch-Friendly","An idle game about making cookies! Originally released in 2013 on the web, and actively developed since then. This is the official version for Steam."
Darkest Dungeon®,https://store.steampowered.com/app/262060/Darkest_Dungeon/?snr=1_7_7_240_150_4,"Turn-Based Combat, Dungeon Crawler, Dark Fantasy, Roguelike, RPG, Lovecraftian, Difficult, Turn-Based, Singleplayer, Perma Death, Strategy, Atmospheric, Dark, Indie, 2D, Roguelite, Horror, Gothic, Fantasy, Kickstarter","Darkest Dungeon is a challenging gothic roguelike turn-based RPG about the psychological stresses of adventuring. Recruit, train, and lead a team of flawed heroes against unimaginable horrors, stress, disease, and the ever-encroaching dark. Can you keep your heroes together when all hope is lost?"
Unknown,https://store.steampowered.com/app/1634040/Dead_by_Daylight__Resident_Evil_Chapter/?snr=1_7_7_240_150_4,"Gore, Violent, Sexual Content",No description
Unknown,https://store.steampowered.com/app/19680/Alice_Madness_Returns/?snr=1_7_7_240_150_4,,No description
Scorn,https://store.steampowered.com/app/698670/Scorn/?snr=1_7_7_240_150_4,"Gore, Horror, Atmospheric, Puzzle, Sexual Content, First-Person, Dark, Nudity, Psychological Horror, Adventure, Lovecraftian, Violent, Singleplayer, Walking Simulator, Sci-fi, Surreal, Indie, Survival Horror, Action, FPS",Scorn is an atmospheric first-person horror adventure game set in a nightmarish universe of odd forms and somber tapestry.
Aliens: Dark Descent,https://store.steampowered.com/app/1150440/Aliens_Dark_Descent/?snr=1_7_7_240_150_4,"Strategy, Action, Tactical, RTS, Real Time Tactics, Sci-fi, Singleplayer, Aliens, Horror, Dark, Top-Down, Survival, Action-Adventure, Space, 3D, Violent, Isometric, Stealth, Combat, Top-Down Shooter","Drop into the gripping journey of Aliens: Dark Descent, a squad-based, single-player action game in the iconic Alien franchise. Lead your soldiers in real-time to stop a new and terrifying kind of Xenomorph outbreak on Planet Lethe."
The Stanley Parable: Ultra Deluxe,https://store.steampowered.com/app/1703340/The_Stanley_Parable_Ultra_Deluxe/?snr=1_7_7_240_150_4,"Multiple Endings, Choices Matter, Comedy, Walking Simulator, Narration, First-Person, Singleplayer, Funny, Psychological Horror, Exploration, 3D, Story Rich, Adventure, Casual, Mystery, Emotional, Dark Humor, Atmospheric, Horror, Game Development","The Stanley Parable: Ultra Deluxe is an expanded re-imagining of 2013's The Stanley Parable. You will play as Stanley, and you will not play as Stanley. You will make a choice, and you will become powerless. You are not here to win. The Stanley Parable is a game that plays you."
DEVOUR,https://store.steampowered.com/app/1274570/DEVOUR/?snr=1_7_7_240_150_4,"Horror, Online Co-Op, Multiplayer, Survival Horror, Sexual Content, Co-op, Psychological Horror, Dark, Survival, First-Person, VR, Atmospheric, Indie, Gore, Difficult, Puzzle, Singleplayer, Violent, Action, Stealth",DEVOUR is a co-op horror survival game for 1-4 players. Stop possessed cultists before they drag you to hell. Run. Scream. Hide. Just don't get caught.
OMORI,https://store.steampowered.com/app/1150690/OMORI/?snr=1_7_7_240_150_4,"Psychological Horror, Story Rich, Indie, Pixel Graphics, Great Soundtrack, RPG, Multiple Endings, RPGMaker, Hand-drawn, Horror, 2D, Colorful, Turn-Based, Atmospheric, Party-Based RPG, Exploration, JRPG, Stylized, Anime, Fantasy","Explore a strange world full of colorful friends and foes. When the time comes, the path you’ve chosen will determine your fate... and perhaps the fate of others as well."
Forbidden Solitaire,https://store.steampowered.com/app/3414580/Forbidden_Solitaire/?snr=1_7_7_240_150_4,"Horror, Solitaire, 1990's, Dark Fantasy, Survival Horror, FMV, Old School, Card Game, Visual Novel, Interactive Fiction, Point & Click, Card Battler, 2.5D, Colorful, Dungeon Crawler, Atmospheric, Dark, Dark Humor, Demons, Casual",Forbidden Solitaire is a card-slashing horror game about unearthing the contents of a cryptic 1995 CD-ROM that should have never existed. From the creators of Ancient Enemy and Home Safety Hotline.
Unknown,https://store.steampowered.com/app/782330/DOOM_Eternal/?snr=1_7_7_240_150_4,,No description
Idols of Ash,https://store.steampowered.com/app/4450800/Idols_of_Ash/?snr=1_7_7_240_150_4,"Horror, Atmospheric, Dark Fantasy, Parkour, Simulation, 3D Platformer, First-Person, Dark, Exploration, Physics, Adventure, Action, Platformer, Fantasy, Indie, Controller, Singleplayer","Grapple, clamber and fall thousands of meters down into a dark and ancient place in this first-person horror climbing game. You are being hunted."
Unknown,https://store.steampowered.com/app/2102730/Dead_by_Daylight__Resident_Evil_PROJECT_W_Chapter/?snr=1_7_7_240_150_4,"Gore, Violent, Sexual Content, NSFW",No description
Unknown,https://store.steampowered.com/app/1097840/Gears_5/?snr=1_7_7_240_150_4,,No description
The Mortuary Assistant,https://store.steampowered.com/app/1295920/The_Mortuary_Assistant/?snr=1_7_7_240_150_4,"Horror, Supernatural, Demons, Mystery, Atmospheric, Surreal, Simulation, Singleplayer, First-Person, Multiplayer, Indie, Adventure, Dark, Exploration, 3D, Realistic, Thriller, Female Protagonist, Hidden Object, Medical Sim","Alone with the dead... Embalm corpses, banish demons, save your soul."
Unknown,https://store.steampowered.com/app/601050/Attack_on_Titan_2__AOT2/?snr=1_7_7_240_150_4,"Gore, Nudity",No description
A Quiet Place: The Road Ahead,https://store.steampowered.com/app/2233120/A_Quiet_Place_The_Road_Ahead/?snr=1_7_7_240_150_4,"Stealth, Survival Horror, Horror, Female Protagonist, First-Person, Walking Simulator, Thriller, Post-apocalyptic, Story Rich, Atmospheric, Adventure, Linear, Drama, Emotional, Cinematic, Aliens, Multiplayer, Silent Protagonist, Puzzle, Action",A Quiet Place: The Road Ahead is a single-player horror adventure game inspired by the critically acclaimed blockbuster movie franchise. Survive in silence.
Vampyr,https://store.steampowered.com/app/427290/Vampyr/?snr=1_7_7_240_150_4,"Vampire, RPG, Choices Matter, Story Rich, Open World, Singleplayer, Action, Atmospheric, Third Person, Horror, Dark Fantasy, Violent, Dark, Souls-like, Action RPG, Gore, Adventure, Sexual Content, Action-Adventure, Stealth","London, 1918. You are newly-turned Vampyr Dr. Jonathan Reid. As a doctor, you must find a cure to save the city’s flu-ravaged citizens. As a Vampyr, you are cursed to feed on those you vowed to heal."
Mortal Sin,https://store.steampowered.com/app/1494810/Mortal_Sin/?snr=1_7_7_240_150_4,"First-Person, Action Roguelike, Dungeon Crawler, Hack and Slash, RPG, Indie, Action, Roguelite, Dark Fantasy, Procedural Generation, Roguelike, Singleplayer, Loot, Horror, Gore, Violent, Stylized, Swordplay, Boomer Shooter, Souls-like","Mortal Sin is a chaotic, blood-soaked roguelike where skill is power, and overconfidence is death. Carve through procedurally generated nightmares with brutal melee and flashy, satisfying combos."
Unknown,https://store.steampowered.com/app/3796620/Dead_by_Daylight_Five_Nights_at_Freddys/?snr=1_7_7_240_150_4,,No description
Black Mesa,https://store.steampowered.com/app/362890/Black_Mesa/?snr=1_7_7_240_150_4,"FPS, Remake, Action, Sci-fi, First-Person, Singleplayer, Shooter, Atmospheric, Classic, Story Rich, Great Soundtrack, Aliens, Zombies, Adventure, Horror, Multiplayer, Indie, Mod, Gore, Early Access",Relive Half-Life.
Unknown,https://store.steampowered.com/app/617290/Remnant_From_the_Ashes/?snr=1_7_7_240_150_4,,No description
Blasphemous,https://store.steampowered.com/app/774361/Blasphemous/?snr=1_7_7_240_150_4,"Metroidvania, Pixel Graphics, Souls-like, Dark Fantasy, Gore, 2D, Violent, Indie, Difficult, Action, Platformer, Singleplayer, Adventure, Blood, Gothic, Horror, Lore-Rich, Great Soundtrack, Side Scroller, Nudity","Blasphemous is a brutal action-platformer with skilled hack’n slash combat set in the nightmare world of Cvstodia. Explore, upgrade your abilities, and perform savage executions on the hordes of enemies that stand between you and your quest to break eternal damnation."
Prey,https://store.steampowered.com/app/480490/Prey/?snr=1_7_7_240_150_4,"Sci-fi, Immersive Sim, Space, Singleplayer, Horror, Atmospheric, FPS, First-Person, Story Rich, Exploration, Action, Aliens, Survival Horror, Futuristic, Stealth, Psychological Horror, Adventure, RPG, Open World, Great Soundtrack","In Prey, you awaken aboard Talos I, a space station orbiting the moon in the year 2032. You are the key subject of an experiment meant to alter humanity forever – but things have gone terribly wrong. The space station has been overrun by hostile aliens and you are now being hunted."
Outlast,https://store.steampowered.com/app/238320/Outlast/?snr=1_7_7_240_150_4,"Horror, First-Person, Survival Horror, Atmospheric, Psychological Horror, Gore, Singleplayer, Survival, Multiplayer, Dark, Adventure, Action, Indie, Stealth, Nudity, Parkour, Difficult, Walking Simulator, 3D Vision, Sci-fi","Hell is an experiment you can't survive in Outlast, a first-person survival horror game developed by veterans of some of the biggest game franchises in history. As investigative journalist Miles Upshur, explore Mount Massive Asylum and try to survive long enough to discover its terrible secret... if you dare."
We Were Here Forever,https://store.steampowered.com/app/1341290/We_Were_Here_Forever/?snr=1_7_7_240_150_4,"Puzzle, Online Co-Op, Escape Room, Co-op, Multiplayer, Co-op Campaign, 3D, Fantasy, Mystery, Exploration, Adventure, Psychological Horror, Detective, Story Rich, Atmospheric, Dark, Action-Adventure, Casual, First-Person, Horror","You both awaken imprisoned inside the sinister Castle Rock - were you betrayed, or simply not that clever? Find out in the greatest co-op puzzle adventure in the We Were Here Series! Do you and your partner have what it takes to face the dark forces of this realm or will you be trapped… forever?"
Unknown,https://store.steampowered.com/app/2172010/Until_Dawn/?snr=1_7_7_240_150_4,,No description
Unknown,https://store.steampowered.com/app/870780/CONTROL_Ultimate_Edition/?snr=1_7_7_240_150_4,,No description
Scarlet Hollow,https://store.steampowered.com/app/1609230/Scarlet_Hollow/?snr=1_7_7_240_150_5,"Early Access, Choices Matter, Visual Novel, Horror, Psychological Horror, Story Rich, Dating Sim, Multiple Endings, Well-Written, Interactive Fiction, Dark Fantasy, Supernatural, Mystery, Lovecraftian, Narrative, RPG, Dark Humor, Point & Click, Choose Your Own Adventure, Adventure","Your aunt’s dead, your cousin hates you, and you’re stuck in the dead-end town of Scarlet Hollow. Choose your path through a branching narrative so dense that you'll see less than 1/5 of the game on a single playthrough. You won't be able to save everyone. Good luck, and welcome home."
Nuclear Nightmare,https://store.steampowered.com/app/2909110/Nuclear_Nightmare/?snr=1_7_7_240_150_5,"Online Co-Op, Survival Horror, Horror, Co-op, First-Person, Psychological Horror, Atmospheric, Exploration, Open World, Multiplayer, Sci-fi, Funny, PvE, Aliens, Adventure, Action, Early Access, Action-Adventure, Perma Death, Procedural Generation","Venture forth as part of a specialized team of fellow players tasked with retrieving classified materials, evading the black goo virus, and the nightmarish entities it has spawned. With time running out before the US government initiates a devastating nuclear strike to contain the spreading menace."
Outer Wilds - Echoes of the Eye,https://store.steampowered.com/app/1622100/Outer_Wilds__Echoes_of_the_Eye/?snr=1_7_7_240_150_5,"Adventure, Action, Horror, Mystery, Exploration, Space, Atmospheric, Story Rich, Puzzle, Great Soundtrack, First-Person, Singleplayer, Sci-fi, Stealth, Psychological Horror, Indie, Open World, Beautiful",No description
Killing Floor 3,https://store.steampowered.com/app/1430190/Killing_Floor_3/?snr=1_7_7_240_150_5,"FPS, Co-op, Zombies, PvE, Shooter, First-Person, Horror, Gore, Cyberpunk, Action, Bullet Time, Multiplayer, Sci-fi, Character Customization, Survival Horror, Futuristic, Realistic, Dark, 3D, Combat","It’s 2091 and megacorp Horzine has produced the ultimate army: an obedient horde of bioengineered monsters called zeds. Now, join the rebel group Nightfall in this co-op action/horror FPS that puts you and your teammates in a battle for the future of humanity."
DON'T SCREAM TOGETHER,https://store.steampowered.com/app/2692990/DONT_SCREAM_TOGETHER/?snr=1_7_7_240_150_5,"Horror, Online Co-Op, Multiplayer, Survival Horror, Co-op, Simulation, Realistic, Jump Scare, Atmospheric, Casual, Adventure, First-Person, Exploration, Immersive Sim, 1990's, Walking Simulator, Dark, Violent, Gore, Demons","A very simple co-op jumpscare horror experience where you and friends walk through a pitch black forest and try to stay quiet. Reach 8:00 AM without screaming or making a loud noise, or everyone dies. You will scream, shout, and probably laugh."
MiSide,https://store.steampowered.com/app/2527500/MiSide/?snr=1_7_7_240_150_5,"Psychological Horror, Cute, Story Rich, Sexual Content, Horror, First-Person, Singleplayer, 3D, Atmospheric, Anime, Thriller, Hentai, Conversation, Adventure, Puzzle, Drama, Simulation, Life Sim, RPG, 2D",Let's imagine that you have a game in which you care for a character. But could you imagine one day getting into that game yourself?
PARANORMASIGHT: The Mermaid's Curse,https://store.steampowered.com/app/2701440/PARANORMASIGHT_The_Mermaids_Curse/?snr=1_7_7_240_150_5,"Adventure, RPG, Simulation, Visual Novel, Mystery, Violent, Gore, Horror, Story Rich, Supernatural, Multiple Endings, Point & Click, Singleplayer, Anime, 1980s, Well-Written, Hand-drawn, Choose Your Own Adventure, Retro, JRPG","Will you survive the curse together this summer? A new supernatural mystery adventure begins, telling a bittersweet story of the passions of youth featuring new locations, new legends and a new cast of characters."
"Warhammer 40,000: Darktide - Hive Scum Class",https://store.steampowered.com/app/4013290/Warhammer_40000_Darktide__Hive_Scum_Class/?snr=1_7_7_240_150_5,"Horror, Team-Based, Combat, Co-op, Warhammer 40K, PvE, Class-Based, FPS, Hack and Slash, Shooter, Zombies, Action, Character Customization, First-Person, Dark, Action-Adventure, Narration, Realistic, Dark Fantasy, Atmospheric",No description
CloverPit: Unholy Fusion,https://store.steampowered.com/app/4341120/CloverPit_Unholy_Fusion/?snr=1_7_7_240_150_5,"Gambling, Roguelite, Strategy, Roguelike, Psychological Horror, First-Person, Dark Humor, 3D, Horror, Indie, Psychological, Dark, Singleplayer, Simulation, Resource Management, Surreal, Multiple Endings, Adventure, Action, Retro",No description
Unknown,https://store.steampowered.com/app/232090/Killing_Floor_2/?snr=1_7_7_240_150_5,Gore,No description
Horripilant,https://store.steampowered.com/app/3525970/Horripilant/?snr=1_7_7_240_150_5,"Idler, Clicker, Pixel Graphics, Casual, Horror, Puzzle, Dungeon Crawler, Resource Management, Simulation, Psychological Horror, PvE, 2D, Exploration, Linear, Point & Click, Hand-drawn, RPG, Auto Battler, Dark Fantasy, Atmospheric",KILL YOUR GOD. BECOME WORTHY. Horripilant is a chilling idle incremental dungeon crawl through the horrors of a forgotten underworld.
Unknown,https://store.steampowered.com/app/1449690/The_Walking_Dead_The_Telltale_Definitive_Series/?snr=1_7_7_240_150_5,,No description
BIGFOOT,https://store.steampowered.com/app/509980/BIGFOOT/?snr=1_7_7_240_150_5,"Early Access, Multiplayer, Horror, Survival Horror, Online Co-Op, Co-op, PvP, PvE, Atmospheric, FPS, Psychological Horror, Multiple Endings, Action, Adventure, Funny, Open World, Supernatural, First-Person, Singleplayer, Shooter",You are a Bigfoot hunter with an important mission: to put an end to rumours once and for all and prove to yourself that Bigfoot is not just a myth or an invention of the mind...
Unknown,https://store.steampowered.com/app/502280/BERSERK_and_the_Band_of_the_Hawk/?snr=1_7_7_240_150_5,"Sexual Content, Gore, Violent, Nudity, Mature, Blood",No description
Unknown,https://store.steampowered.com/app/976310/Mortal_Kombat_11/?snr=1_7_7_240_150_5,,No description
Still Wakes the Deep,https://store.steampowered.com/app/1622910/Still_Wakes_the_Deep/?snr=1_7_7_240_150_5,"Horror, Psychological Horror, Gore, Lovecraftian, First-Person, Dark, Atmospheric, Walking Simulator, Story Rich, Drama, Adventure, Singleplayer, Exploration, Sci-fi, Underwater, Cinematic, Action, Narrative, Supernatural, Stealth",1975. Disaster strikes the Beira D oil rig off the coast of Scotland. Navigate the collapsing rig to save your crew from an otherworldly horror on the edge of all logic and reality in this 3x BAFTA Games Award-winning narrative horror experience.
The Forever Winter,https://store.steampowered.com/app/2828860/The_Forever_Winter/?snr=1_7_7_240_150_5,"Early Access, Extraction Shooter, PvE, Post-apocalyptic, Looter Shooter, Third-Person Shooter, Horror, Difficult, Dystopian, Third Person, Shooter, Gun Customization, Sci-fi, Mechs, Choices Matter, Character Customization, Action, Tactical, Co-op, Team-Based",The Forever Winter is a tactical shooter where you and your squad must loot the dead to survive under the shadow of terrifying and gargantuan war machines locked in a never-ending conflict. Millions of deaths later the war continues with our latest update!
Equinox: Homecoming,https://store.steampowered.com/app/3258290/Equinox_Homecoming/?snr=1_7_7_240_150_5,"Cozy, Horses, Mystery, Exploration, Open World, Investigation, Story Rich, Relaxing, Female Protagonist, Psychological Horror, Online Co-Op, Character Customization, Detective, MMORPG, Multiplayer, RPG, Massively Multiplayer, Adventure, Co-op, Horror","Saddle up with friends and investigate a dark mystery, where each trail leads to wonder and intrigue. A string of events has set the idyllic island on edge. Discover the truth behind your mother’s disappearance and a local's sudden death. For fans of horses, murder mysteries, and cozy exploration!"
Dead Space (2008),https://store.steampowered.com/app/17470/Dead_Space_2008/?snr=1_7_7_240_150_5,"Horror, Sci-fi, Action, Space, Survival Horror, Third Person, Atmospheric, Singleplayer, Third-Person Shooter, Gore, Shooter, Aliens, Dark, Futuristic, Story Rich, Silent Protagonist, Survival, Adventure, Zombies, Immersive","You are Isaac Clarke, an engineer on the spacecraft USG Ishimura. You're not a warrior. You're not a soldier. You are, however, the last line of defense for the remaining living crew."
Vampires: Bloodlord Rising,https://store.steampowered.com/app/2191500/Vampires_Bloodlord_Rising/?snr=1_7_7_240_150_5,"Early Access, Adventure, Open World, Vampire, Base Building, Survival, Crafting, Online Co-Op, Atmospheric, Exploration, Singleplayer, Gothic, Simulation, Fantasy, Lore-Rich, Building, Sandbox, RPG, Third Person, Horror","In this dark, open-world adventure, you awaken as a Vampire Lord. Build and customize your castle. Hunt for blood, fight, craft, and gather. Command your loyal servants. Shapeshift into a bat to explore the night and survive the relentless Inquisition, solo or in 4-player co-op."
Generation Zero®,https://store.steampowered.com/app/704270/Generation_Zero/?snr=1_7_7_240_150_5,"Open World, Survival, Co-op, FPS, Multiplayer, Base Building, Robots, Post-apocalyptic, Atmospheric, Shooter, Sci-fi, Mechs, Horror, Sandbox, 1980s, Crafting, PvE, Survival Horror, Action, Exploration","Generation Zero is a stealth-action shooter where you wage guerilla warfare against lethal mechanical enemies. Explore a vast open world map inspired by the Swedish Cold War era, take part in the resistance alone or with up to three friends in seamless co-op."
Crisol: Theater of Idols,https://store.steampowered.com/app/1790930/Crisol_Theater_of_Idols/?snr=1_7_7_240_150_5,"Narration, Horror, FPS, Shooter, Action-Adventure, First-Person, Story Rich, Linear, Action, Puzzle, Realistic, Dystopian, Lore-Rich, Mystery, Survival, Atmospheric, Survival Horror, Cinematic, Adventure, Dark","Crisol is a survival horror adventure set in a twisted version of Spain. As a soldier captured by religious dogmatism, you must use your own blood as ammunition, without draining to the point of death. Explore the cursed island of Tormentosa, uncover dark secrets, and battle horrifying enemies."
Unknown,https://store.steampowered.com/app/476600/Call_of_Duty_WWII/?snr=1_7_7_240_150_5,,No description
Unknown,https://store.steampowered.com/app/2968040/DayZ_Frostline/?snr=1_7_7_240_150_5,,No description
Five Nights at Freddy's,https://store.steampowered.com/app/319510/Five_Nights_at_Freddys/?snr=1_7_7_240_150_5,"Horror, Singleplayer, Survival Horror, Robots, Psychological Horror, Indie, Difficult, First-Person, Point & Click, Dark, Survival, Atmospheric, Mouse Only, Jump Scare, Supernatural, Lore-Rich, Resource Management, Silent Protagonist, Short, Historical","Welcome to your new summer job at Freddy Fazbear's Pizza, where kids and parents alike come for entertainment and food! The main attraction is Freddy Fazbear, of course; and his two friends. They are animatronic robots, programmed to please the crowds!"
Blood Trail,https://store.steampowered.com/app/1032430/Blood_Trail/?snr=1_7_7_240_150_5,"Gore, Violent, VR, Action, Sandbox, Blood, Realistic, Horror, Shooter, Early Access, Psychological Horror, FPS, Singleplayer, Dark, Simulation, Funny, Family Friendly, Atmospheric, Multiplayer, Dating Sim","You are Wendigo. A hard-hearted contract killer tasked with annihilating a fanatical cult. With your trusted arsenal at the ready, experience what has been called ""The most violent game in VR"". EARLY ACCESS includes RAID, ARENA and SANDBOX modes with a story campaign and much more on the way."
Storebound,https://store.steampowered.com/app/3417410/Storebound/?snr=1_7_7_240_150_5,"Early Access, Co-op, Puzzle, Horror, Exploration, Online Co-Op, Co-op Campaign, Psychological Horror, Atmospheric, Stealth, PvE, Dark, Supernatural, First-Person, Immersive, Multiplayer, Indie, Singleplayer, 1990's, Surreal","A 1-3 co-op puzzle horror game. Lost in an accursed megastore, work together to find the exit before its lurking horrors trap you forever."
Return of the Obra Dinn,https://store.steampowered.com/app/653530/Return_of_the_Obra_Dinn/?snr=1_7_7_240_150_5,"Detective, Mystery, Puzzle, Story Rich, Atmospheric, Singleplayer, Indie, Great Soundtrack, First-Person, Historical, Adventure, Naval, Difficult, Retro, Multiple Endings, Violent, Pirates, Horror, Noir, Walking Simulator",Lost at sea 1803 ~ The good ship Obra Dinn.
The Killing Antidote,https://store.steampowered.com/app/2254890/The_Killing_Antidote/?snr=1_7_7_240_150_5,"Early Access, Female Protagonist, Sexual Content, Zombies, Third-Person Shooter, Action, Shooter, 3D, Adventure, Third Person, Exploration, Action RPG, Puzzle, Horror, Realistic, Nudity, Hack and Slash, Drama, Thriller, Assassin","This is a TPS game. Shooting, fighting, dress-up, puzzle solving, and more. In the future, a special germ causes humans to be constantly infected and mutated. The protagonist, Jodi, is a brave journalist who goes on her way to find the legendary antidote and is in danger."
"Warhammer 40,000: Darktide - Arbites Class",https://store.steampowered.com/app/3710910/Warhammer_40000_Darktide__Arbites_Class/?snr=1_7_7_240_150_5,"Horror, Team-Based, Combat, Hack and Slash, Class-Based, Zombies, PvE, Shooter, Warhammer 40K, FPS, Action, Co-op, Action-Adventure, Character Customization, First-Person, Dark, Realistic, Narration, Dark Fantasy, Atmospheric",No description
The Long Drive,https://store.steampowered.com/app/1017180/The_Long_Drive/?snr=1_7_7_240_150_5,"Driving, Multiplayer, Open World, Survival, Automobile Sim, Exploration, Post-apocalyptic, Adventure, First-Person, Simulation, Racing, Singleplayer, Shooter, Horror, Early Access, Indie, Psychological Horror, Sexual Content, Realistic, Casual",Random generated open world semi-post apocalyptic survival car driving game.
Danganronpa Another Episode: Ultra Despair Girls,https://store.steampowered.com/app/555950/Danganronpa_Another_Episode_Ultra_Despair_Girls/?snr=1_7_7_240_150_5,"Anime, Female Protagonist, Action, Third-Person Shooter, Story Rich, Singleplayer, Sexual Content, Great Soundtrack, Visual Novel, Violent, Mature, Psychological Horror, Horror, Nudity, Puzzle, Adventure, Detective, Dark, Survival Horror, Mystery","Komaru Naegi has been imprisoned inside a mysterious apartment for over a year. Her rescue is derailed when hundreds of Monokumas suddenly attack. She teams up with Toko Fukawa to survive the rampaging Monokumas, escape the crafty Monokuma Kids, and uncover the secrets of the city."
Knights End,https://store.steampowered.com/app/4204530/Knights_End/?snr=1_7_7_240_150_5,"Horror, Action, PvE, Roguelike, 3D, First-Person, Funny, Pixel Graphics, Stylized, Dark Fantasy, Adventure, Dystopian, Medieval, Atmospheric, Survival Horror, Action RPG, Fishing, Combat, Co-op, Multiplayer",Work together to survive the night shift in this challenging co-op PvE horror game. Serve your villagers as disgraced knights by evading danger to fulfill their commands in this cursed kingdom. Reclaim your lost honor to earn your place on the watch. How long can you survive?
Unknown,https://store.steampowered.com/app/2255370/Directive_8020/?snr=1_7_7_240_150_5,,No description
Half-Life 2,https://store.steampowered.com/app/220/HalfLife_2/?snr=1_7_7_240_150_5,"FPS, Action, Sci-fi, Classic, Singleplayer, Story Rich, Shooter, First-Person, Adventure, Dystopian, Atmospheric, Silent Protagonist, Zombies, Physics, Great Soundtrack, Aliens, Horror, Multiplayer, Puzzle, Moddable","Reawakened from stasis in the occupied metropolis of City 17, Gordon Freeman is joined by Alyx Vance as he leads a desperate human resistance. Experience the landmark first-person shooter packed with immersive world-building, boundary-pushing physics, and exhilarating combat."
Mouthwashing,https://store.steampowered.com/app/2475490/Mouthwashing/?snr=1_7_7_240_150_5,"Psychological Horror, Horror, Story Rich, Atmospheric, Retro, Indie, Psychological, Gore, Walking Simulator, Dark, Surreal, Thriller, Singleplayer, First-Person, Space, Mystery, Narrative, Exploration, Adventure, Dark Humor","The five crew members of the Tulpar are stranded in the empty reaches of space, shrouded in perpetual sunset. God is not watching."
FATAL FRAME / PROJECT ZERO: Mask of the Lunar Eclipse,https://store.steampowered.com/app/2130460/FATAL_FRAME__PROJECT_ZERO_Mask_of_the_Lunar_Eclipse/?snr=1_7_7_240_150_5,"Horror, Adventure, Female Protagonist, Action, Singleplayer, Action-Adventure, Mystery, Psychological Horror, Survival Horror, JRPG, Third Person, Atmospheric, 1980s, Dark, Thriller, Lore-Rich, 3D, Psychological, Sexual Content, Beautiful","Japanese survival horror game ""FATAL FRAME / PROJECT ZERO: Mask of the Lunar Eclipse"" is back with better graphics."
Unknown,https://store.steampowered.com/app/10680/Aliens_vs_Predator/?snr=1_7_7_240_150_5,"Gore, Blood",No description
Peripeteia,https://store.steampowered.com/app/1437760/Peripeteia/?snr=1_7_7_240_150_5,"Early Access, Immersive Sim, Cyberpunk, Dark, Singleplayer, Inventory Management, Psychedelic, Atmospheric, Exploration, Horror, Hacking, Dystopian, Shooter, Conspiracy, Stealth, Action RPG, Action, RPG, First-Person, Third Person","You are Marie, a cyborg mercenary dropped into the rot of a post-Soviet city of corruption and opportunity. Shoot, sneak, hack, climb or talk your way through alt-history cyberpunk Poland in an immersive sim where every problem has multiple solutions and every rooftop is reachable."
Unknown,https://store.steampowered.com/app/1732190/FATAL_FRAME__PROJECT_ZERO_Maiden_of_Black_Water/?snr=1_7_7_240_150_5,,No description
The Exit 8,https://store.steampowered.com/app/2653790/The_Exit_8/?snr=1_7_7_240_150_5,"Exploration, Puzzle, Immersive Sim, Walking Simulator, Underground, Horror, 3D, First-Person, Psychological Horror, Surreal, Funny, Controller, Linear, Simulation, Casual, Realistic, Minimalist, Psychological, Mystery, Atmospheric","You are trapped in an endless underground passageway. Observe your surroundings carefully to reach ""The Exit 8""."
Unknown,https://store.steampowered.com/app/924970/Back_4_Blood/?snr=1_7_7_240_150_5,,No description
Unknown,https://store.steampowered.com/app/2106840/PARANORMASIGHT_The_Seven_Mysteries_of_Honjo/?snr=1_7_7_240_150_5,,No description
Space Warlord Baby Trading Simulator,https://store.steampowered.com/app/3642000/Space_Warlord_Baby_Trading_Simulator/?snr=1_7_7_240_150_5,"Strategy, Simulation, Roguelite, Gambling, Crime, Economy, Management, Roguelike, Anime, 3D, Funny, Horror, Singleplayer, Pixel Graphics, Capitalism, Story Rich, Cute, Indie, Visual Novel, Arcade","Buy low, sell high, and short an entire universe of babies in this arcade stock market sim set in the world of Space Warlord Organ Trading Simulator."
Unknown,https://store.steampowered.com/app/379720/DOOM/?snr=1_7_7_240_150_5,,No description
FIVE NIGHTS AT FREDDY'S: HELP WANTED,https://store.steampowered.com/app/732690/FIVE_NIGHTS_AT_FREDDYS_HELP_WANTED/?snr=1_7_7_240_150_5,"Horror, VR, Singleplayer, Robots, Survival Horror, First-Person, Action, Psychological Horror, Dark, Survival, Casual, Difficult, Atmospheric, Puzzle, Story Rich, Indie, Strategy, Alternate History, Early Access, Funny",Five Nights at Freddy’s: Help Wanted is a collection of classic and original mini-games set in the Five Nights universe. Experience the horror in flat (non-VR) mode or VR. Oculus Rift and HTC Vive are supported. A VR Headset is NOT required to play.
Darkwater,https://store.steampowered.com/app/619540/Darkwater/?snr=1_7_7_240_150_5,"Online Co-Op, Horror, Survival, Submarine, Multiplayer, Strategy, Naval, Underwater, Co-op, PvE, Resource Management, Survival Horror, Procedural Generation, Naval Combat, Funny, Action-Adventure, First-Person, Singleplayer, Exploration, Sci-fi",Darkwater is a cooperative extraction horror game for 1-4 players. Command a submarine trapped under the ice of an alien planet. Battle enemy vessels and deep sea abominations as you hunt for resources. Do what it takes to survive.
Don't Starve,https://store.steampowered.com/app/219740/Dont_Starve/?snr=1_7_7_240_150_5,"Survival, Open World Survival Craft, Crafting, Adventure, Indie, Sandbox, Singleplayer, Perma Death, Multiplayer, Open World, Exploration, Roguelike, Replay Value, Moddable, Difficult, Simulation, 2D, Top-Down, Survival Horror, Horror","Don’t Starve is an uncompromising wilderness survival game full of science and magic. Enter a strange and unexplored world full of strange creatures, dangers, and surprises. Gather resources to craft items and structures that match your survival style."
Little Nightmares VR: Altered Echoes,https://store.steampowered.com/app/2482940/Little_Nightmares_VR_Altered_Echoes/?snr=1_7_7_240_150_5,"Adventure, Action, Puzzle, Atmospheric, Psychological Horror, Story Rich, Stealth, VR, Exploration, Horror, 3D Platformer, First-Person, Singleplayer","Little Nightmares VR: Altered Echoes is a dark atmospheric adventure‑puzzle game where you embody Dark Six, a mysterious figure with the shape of a little girl. Navigate in a disturbing world, solve intricate puzzles, and escape terrifying giant foes in a desperate search to become whole again."
DREDGE - The Iron Rig,https://store.steampowered.com/app/2561450/DREDGE__The_Iron_Rig/?snr=1_7_7_240_150_5,"Adventure, RPG, Fishing, Lovecraftian, Horror",No description
Anomaly Company,https://store.steampowered.com/app/3099190/Anomaly_Company/?snr=1_7_7_240_150_6,"Online Co-Op, Horror, Psychological Horror, Multiplayer, Co-op, First-Person, Psychological, Adventure, Casual, Walking Simulator, Mystery, Exploration, 3D, Atmospheric, Surreal, Choices Matter, Hidden Object, Singleplayer, Indie, Early Access",You and your crew are sent in to assess reality in this 4-player co-op horror game. Memorize the environment. Spot disturbing anomalies. Decide if the timeline is safe. One bad call—and you’re forced to start over.
Five Nights at Freddy's 2,https://store.steampowered.com/app/332800/Five_Nights_at_Freddys_2/?snr=1_7_7_240_150_6,"Horror, Singleplayer, Survival Horror, Robots, Psychological Horror, Difficult, First-Person, Indie, Dark, Survival, Point & Click, Strategy, Atmospheric, Story Rich, Mystery, Fast-Paced, Jump Scare, Resource Management, Historical, Perma Death","Welcome back to the new and improved Freddy Fazbear's Pizza! As always, Fazbear Entertainment is not responsible for death or dismemberment."
Getting Over It with Bennett Foddy,https://store.steampowered.com/app/240720/Getting_Over_It_with_Bennett_Foddy/?snr=1_7_7_240_150_6,"Psychological Horror, Difficult, Singleplayer, Physics, Philosophical, Horror, Funny, Platformer, Indie, Dark Humor, Survival Horror, Casual, Replay Value, Adventure, Comedy, Action, Story Rich, Strategy, Great Soundtrack, Third Person",A game I made for a certain kind of person. To hurt them.
ANIMAL WELL,https://store.steampowered.com/app/813230/ANIMAL_WELL/?snr=1_7_7_240_150_6,"Metroidvania, Exploration, Puzzle, Pixel Graphics, Puzzle Platformer, Platformer, Horror, 2D, Atmospheric, Adventure, Mystery, Indie, Surreal, Action, Nonlinear, Cute, Relaxing, Singleplayer, Retro, Controller","Explore a dense, interconnected labyrinth, and unravel its many secrets. Collect items to manipulate your environment in surprising and meaningful ways. Encounter beautiful and unsettling creatures, as you attempt to survive what lurks in the dark. There is more than what you see."
The Coffin of Andy and Leyley,https://store.steampowered.com/app/2378900/The_Coffin_of_Andy_and_Leyley/?snr=1_7_7_240_150_6,"Psychological, Dark Comedy, Story Rich, Multiple Endings, Dark, Choices Matter, Visual Novel, Singleplayer, Horror, Demons, Drama, RPGMaker, Puzzle, Hand-drawn, Adventure, Female Protagonist, RPG, Stylized, Early Access, Exploration",Walk-n-talk adventure with light puzzling. Brother and sister practice cannibalism after witnessing a botched satanic ritual.
Home Safety Hotline,https://store.steampowered.com/app/2357910/Home_Safety_Hotline/?snr=1_7_7_240_150_6,"Horror, 1990's, Interactive Fiction, Point & Click, Simulation, Text-Based, FMV, Typing, Alternate History, Atmospheric, Dark Comedy, Lore-Rich, Lovecraftian, Mystery, Mythology, Psychological Horror, Satire, Supernatural, Choices Matter, Multiple Endings","Hearing noises? Seeing things? Call Home Safety Hotline! Our operators are standing by, waiting to give you the answers you need to protect your home from all manner of pests and household hazards."
Metro Awakening,https://store.steampowered.com/app/2669410/Metro_Awakening/?snr=1_7_7_240_150_6,"VR, Shooter, Exploration, Story Rich, FPS, Post-apocalyptic, Futuristic, Dark, Cinematic, Shoot 'Em Up, Action-Adventure, First-Person, 3D, Action, Cold War, Realistic, Adventure, 6DOF, Horror, Singleplayer","Metro Awakening is a story-driven first person adventure built for VR that blends atmospheric exploration, stealth and combat in the most immersive Metro experience yet. Don your gas mask, brave the crippling radiation and venture into the depths of the Metro where threats haunt your every step."
Outlast 2,https://store.steampowered.com/app/414700/Outlast_2/?snr=1_7_7_240_150_6,"Horror, Psychological Horror, Survival Horror, First-Person, Gore, Singleplayer, Dark, Atmospheric, Violent, Mature, Survival, Multiplayer, Nudity, Sexual Content, Action, Story Rich, Adventure, Parkour, Indie, Co-op","Outlast 2 introduces you to Sullivan Knoth and his followers, who left our wicked world behind to give birth to Temple Gate, a town, deep in the wilderness and hidden from civilization. Knoth and his flock are preparing for the tribulations of the end of times and you’re right in the thick of it."
Labyrinthine,https://store.steampowered.com/app/1302240/Labyrinthine/?snr=1_7_7_240_150_6,"Horror, Online Co-Op, Co-op, Psychological Horror, Puzzle, Multiplayer, Procedural Generation, Supernatural, First-Person, Controller, Atmospheric, Character Customization, Action-Adventure, PvE, Co-op Campaign, Team-Based, Realistic, Action, Lovecraftian, Roguelite","A co-op horror game like no other... Play with 1-8 players online as you solve puzzles, collect items and run from the horrors that lie within. Follow in the footsteps of Joan in the story mode or tackle procedurally generated maps that scale with your level and bring a fresh experience each game.."
Dead Frontier 2,https://store.steampowered.com/app/744900/Dead_Frontier_2/?snr=1_7_7_240_150_6,"Free to Play, Multiplayer, Survival Horror, Zombies, Horror, Online Co-Op, Third-Person Shooter, Survival, MMORPG, PvE, Gore, Massively Multiplayer, Violent, Sandbox, Inventory Management, Trading, Atmospheric, Post-apocalyptic, Action, RPG","Survival horror MMO. As one of the few survivors of the outbreak, you must scratch a living out of the decaying ruins of society. Scavenge for supplies, improve your skills, and trade with other players. All the while, keeping your eyes peeled for the infected lurking around every corner."
We Were Here Together,https://store.steampowered.com/app/865360/We_Were_Here_Together/?snr=1_7_7_240_150_6,"Puzzle, Online Co-Op, Co-op Campaign, Story Rich, Escape Room, Co-op, Exploration, Multiplayer, Adventure, Linear, Action-Adventure, Horror, Investigation, Mystery, First-Person, Atmospheric, Psychological Horror, Dark, Casual, Indie","As we explore these frozen wastes, misfortune strikes once again. Through the fierce blizzard, a flare lights the sky, followed by a cry for help over the radio - broken, dying... No one else can come to their rescue. Can we make it back - together?"
Unknown,https://store.steampowered.com/app/320240/We_Happy_Few/?snr=1_7_7_240_150_6,Mature,No description
Riichi City - Japanese Mahjong,https://store.steampowered.com/app/1954420/Riichi_City__Japanese_Mahjong/?snr=1_7_7_240_150_6,"Sexual Content, Casual, Mahjong, Anime, Thriller, Card Game, Cute, Horror, Strategy, Modern, RTS, JRPG, Card Battler, Sports, Funny, 2.5D, Real Time Tactics, Board Game, Souls-like, Drama","Riichi City is a competitive urban-style Anime mahjong game, featuring beginner-friendly mahjong tutorials, Ranked Matches and tournaments crowded with masters! Spice up the experience with our ACG characters voiced by famous CVs, and attractive items and decorations! Set off for Riichi City now!"
No More Room in Hell 2,https://store.steampowered.com/app/292000/No_More_Room_in_Hell_2/?snr=1_7_7_240_150_6,"Early Access, Zombies, Multiplayer, Online Co-Op, Co-op, Action, Survival Horror, Survival, First-Person, FPS, Indie, Shooter, Horror, Outbreak Sim, Looter Shooter, Atmospheric, Dark, PvE, Lore-Rich, Adventure",No More Room in Hell 2 is an intense 8 player zombie shooter. Overcome the endless undead. Avoid infection. Survive hell together.
Baldi's Basics Plus,https://store.steampowered.com/app/1275890/Baldis_Basics_Plus/?snr=1_7_7_240_150_6,"Roguelike, Horror, Stealth, Funny, Procedural Generation, Parody, Retro, Indie, 3D, Exploration, First-Person, Early Access, Strategy, Perma Death, 1990's, Singleplayer, Roguelite, Action, Survival Horror, Surreal","Baldi's Basics® Plus is an active stealth roguelike that parodies cheap '90s edutainment with a subtle horror twist! Play Hide & Seek with Baldi as he chases you through procedurally generated levels while using your surroundings, items, and game knowledge to shift chaos in your favor."
Unknown,https://store.steampowered.com/app/2527390/Dead_Rising_Deluxe_Remaster/?snr=1_7_7_240_150_6,,No description
Military Conflict: Vietnam,https://store.steampowered.com/app/1012110/Military_Conflict_Vietnam/?snr=1_7_7_240_150_6,"Early Access, FPS, Third-Person Shooter, PvP, PvE, Shooter, Arcade, Character Customization, First-Person, Third Person, Cold War, Historical, Horror, Team-Based, Action, Realistic, Military, Zombies, War, Moddable","It’s 1968 in Vietnam, the time to “Make War Not Love”. Side with the Viet Cong or U.S. Army in this intense, fast-paced FPS set in the Vietnam War — now with co-op zombie mode. Choose from 300+ weapons of destruction. Kill or be killed!"
Unknown,https://store.steampowered.com/app/2600/Vampire_The_Masquerade__Bloodlines/?snr=1_7_7_240_150_6,,No description
DarkSwitch,https://store.steampowered.com/app/3132870/DarkSwitch/?snr=1_7_7_240_150_6,"City Builder, Colony Sim, Survival, Tower Defense, Dark Fantasy, Base Building, Building, Strategy, Resource Management, Exploration, Horror, Survival Horror, Management, Isometric, 3D, Cinematic, Story Rich, Dark, Singleplayer, Mystery","DarkSwitch is a vertical survival city builder. Build a city on a great tree and defend it against the Fog. Face the challenges of limited real estate, scarce resources, and tough moral choices as you seek to uncover the mystery of the Shroud. The Tree Provides! The Tree Protects! The Tree Prevails!"
Hello Neighbor 2,https://store.steampowered.com/app/1321680/Hello_Neighbor_2/?snr=1_7_7_240_150_6,"Adventure, Puzzle, Horror, First-Person, Action-Adventure, Singleplayer, Parkour, Atmospheric, Colorful, Psychological Horror, Stealth, Action, Survival Horror, Family Friendly, Dark, Artificial Intelligence, Story Rich, Sandbox, Funny, Thriller","Welcome back to the eerie town of Raven Brooks! You play as Quentin, a journalist investigating the bizarre events of the original Hello Neighbor game, uncovering a larger mystery. Sneak into your creepy Neighbors’ houses to dig up the truth."
Among Us 3D,https://store.steampowered.com/app/3168600/Among_Us_3D/?snr=1_7_7_240_150_6,"3D, Casual, Strategy, First-Person, Funny, Cartoony, Cartoon, Colorful, Horror, Multiplayer, Space, VR, Psychological, Sci-fi, Survival, PvP, Conversation, Co-op, Online Co-Op, Minigames","The definitive social deduction party game in three dimensions! Can the Crewmates survive, or will Impostors take over? Roles, Emergency Meetings, deception, sabotages, tasks: enjoy your favorite brand of chaos from the original Among Us with a 3D twist."
PANICORE,https://store.steampowered.com/app/2695940/PANICORE/?snr=1_7_7_240_150_6,"Horror, Online Co-Op, Multiplayer, Psychological Horror, First-Person, PvE, Co-op, Action Roguelike, Stealth, Singleplayer, Action-Adventure, Action, Atmospheric, Roguelite, Survival, Psychological, Casual, Dark, Adventure, Indie","PANICORE is a survival horror game that mixes permadeath, AI monsters and a co-op experience up to 5 players (4 players in demo). Try to escape and don't get caught, but beware: they don't only hear your steps, but also your voice."
Unknown,https://store.steampowered.com/app/307780/Mortal_Kombat_X/?snr=1_7_7_240_150_6,"Gore, Violent, Blood, Mature",No description
Unknown,https://store.steampowered.com/app/4261930/Hunt_Showdown_1896__The_Heart_of_Lower_DeSalle/?snr=1_7_7_240_150_6,Gore,No description
Unknown,https://store.steampowered.com/app/282140/SOMA/?snr=1_7_7_240_150_6,,No description
Five Nights at Freddy's: Help Wanted 2,https://store.steampowered.com/app/2287520/Five_Nights_at_Freddys_Help_Wanted_2/?snr=1_7_7_240_150_6,"VR, Horror, Singleplayer, Robots, Puzzle, Simulation, Early Access, Jump Scare, Indie, First-Person, LGBTQ+",Five Nights at Freddy’s: Help Wanted 2 is the sequel to the terrifying VR experience that brought new life to the iconic horror franchise. As a brand new Fazbear employee you’ll have to prove you have what it takes to excel in all aspects of Pizzeria management and maintenance.
The Texas Chain Saw Massacre,https://store.steampowered.com/app/1433140/The_Texas_Chain_Saw_Massacre/?snr=1_7_7_240_150_6,"Horror, Multiplayer, Survival Horror, Gore, Team-Based, PvP, Third Person, Survival, Action, Stealth, Violent, Blood, Asynchronous Multiplayer, Cinematic, 3D, Atmospheric, Indie, Nudity, Psychological Horror, Strategy","Take on the role of one of the notorious Slaughter family, or their victims, in The Texas Chain Saw Massacre, a third-person asymmetrical horror experience based on the groundbreaking and iconic 1974 horror film. Experience the mad and macabre for yourself in The Texas Chain Saw Massacre."
Unknown,https://store.steampowered.com/app/3884020/Dead_by_Daylight_The_Walking_Dead/?snr=1_7_7_240_150_6,,No description
Sally Face - Episode One,https://store.steampowered.com/app/541570/Sally_Face__Episode_One/?snr=1_7_7_240_150_6,"Story Rich, Psychological Horror, Indie, Horror, Dark, Puzzle, Adventure, Mystery, Atmospheric, Singleplayer, Point & Click, Hand-drawn, 2D, Supernatural, Narrative, Emotional, Interactive Fiction, Demons, Dark Humor, Casual",Delve into a dark adventure following the boy with a prosthetic face and a tragic past. Unravel the sinister mysteries of Sally's world to find the truth that lies hidden beneath the shadows.
CAPTURED 2,https://store.steampowered.com/app/3390880/CAPTURED_2/?snr=1_7_7_240_150_6,"Horror, Psychological Horror, Exploration, Adventure, Story Rich, Immersive Sim, Escape Room, Realistic, Singleplayer, 1990's, Puzzle, Action, Action Roguelike, First-Person, Atmospheric, Mystery, Psychological, Surreal, Procedural Generation, Survival Horror","You're trapped in an apartment with ever-changing rooms. Capture anomalies on camera, survive deadly entities and escape an endless nightmare."
Firewatch,https://store.steampowered.com/app/383870/Firewatch/?snr=1_7_7_240_150_6,"Adventure, Atmospheric, Story Rich, Walking Simulator, Mystery, First-Person, Singleplayer, Exploration, Open World, Indie, Great Soundtrack, Short, Horror, Comedy, Drama, Funny, Colorful, Thriller, Mature, Casual","Firewatch is a single-player first-person mystery set in the Wyoming wilderness, where your only emotional lifeline is the person on the other end of a handheld radio."
Five Nights at Freddy's 4,https://store.steampowered.com/app/388090/Five_Nights_at_Freddys_4/?snr=1_7_7_240_150_6,"Horror, Survival Horror, Singleplayer, First-Person, Robots, Dark, Difficult, Point & Click, Psychological Horror, Survival, Strategy, Indie, Story Rich, Atmospheric, Action, Family Friendly, Jump Scare, Simulation, Animation & Modeling, Illuminati","In this last chapter of the Five Nights at Freddy's original story, you must once again defend yourself against Freddy Fazbear, Chica, Bonnie, Foxy, and even worse things that lurk in the shadows."
Into the Radius VR,https://store.steampowered.com/app/1012790/Into_the_Radius_VR/?snr=1_7_7_240_150_6,"VR, Extraction Shooter, FPS, PvE, Surreal, Survival, Gun Customization, Horror, Open World, Post-apocalyptic, Atmospheric, Shooter, Singleplayer, Survival Horror, Exploration, Realistic, First-Person, Action, Indie, Simulation","Into the Radius is a single-player survival shooter in VR. Explore the Pechorsk zone filled with surreal landscapes and dangerous anomalies. Defend yourself with realistic firearms, recover strange artifacts, scavenge for loot, and uncover the mysteries of this unforgiving dystopian environment."
YOU and ME and HER: A Love Story,https://store.steampowered.com/app/1293820/YOU_and_ME_and_HER_A_Love_Story/?snr=1_7_7_240_150_6,"Visual Novel, Psychological Horror, Sexual Content, Anime, Romance, Adventure, Story Rich, Nudity, Horror, Hentai, Multiple Endings, Gore, Dating Sim, Great Soundtrack, Choices Matter, Singleplayer, Psychological, Dark, Cute, Mature","YOU and ME and HER: A Love Story is the visual novel medium in its purest form. Will Shinichi choose Miyuki, the beautiful queen bee of the school, or the endearingly awkward misfit Aoi? With art by Tsuji Santa, these beautifully rendered romances will stay with you forever."
Kumitantei: Old-School Slaughter,https://store.steampowered.com/app/2759280/Kumitantei_OldSchool_Slaughter/?snr=1_7_7_240_150_6,"Comedy, Anime, Visual Novel, Detective, Card Battler, Mystery, 1980s, Horror, Alternate History, Singleplayer, Adventure, Psychological Horror, Dark Humor, Female Protagonist, RPG, Retro, Cute, Memes, Deckbuilding, Multiple Endings","Kill each other...for science! The class of '89 is trapped in an elite school killing game. Investigate, solve, and expose your classmates in Kumitantei™: Old-School Slaughter, an episodic murder-mystery ADV card-battler inspired by retro anime."
Terminator: Dark Fate - Defiance,https://store.steampowered.com/app/1839950/Terminator_Dark_Fate__Defiance/?snr=1_7_7_240_150_6,"Strategy, Real Time Tactics, RTS, Wargame, 3D, Atmospheric, Artificial Intelligence, Alternate History, Dark, Conspiracy, Destruction, Futuristic, Drama, Dystopian, Emotional, Lore-Rich, Horror, Management, Military, Mechs","Terminator: Dark Fate – Defiance is not just a game; it's an adrenaline-fueled journey where your strategic prowess decides the fate of mankind against the machines. After the machines took over, the greatest threats may not come from the machines but rather from other human survivors."
Viscera Cleanup Detail,https://store.steampowered.com/app/246900/Viscera_Cleanup_Detail/?snr=1_7_7_240_150_6,"Simulation, Gore, Multiplayer, Co-op, First-Person, Funny, Physics, Indie, Sci-fi, Comedy, Horror, Singleplayer, Blood, Space, Casual, Walking Simulator, Sandbox, Parody, Relaxing, Adventure","In Viscera Cleanup Detail, you step into the boots of a space-station janitor tasked with cleaning up after various horrific sci-fi horror events. Instead of machineguns and plasma-rifles, your tools are a mop and bucket. That hero left a mess, and it's up to you to deal with the aftermath."
Don't Play This,https://store.steampowered.com/app/3319120/Dont_Play_This/?snr=1_7_7_240_150_6,"Indie, Psychological Horror, Horror, Exploration, Gore, Mystery, Walking Simulator, Atmospheric, First-Person, Adventure, 3D, Thriller, Dark, Linear, Singleplayer, Realistic, Surreal, Story Rich, Psychological, Psychedelic","Five scary stories, but they all have the same ending. Can you play it?  A psychological horror game from the first person, which few will pass."
Wicked Seed,https://store.steampowered.com/app/2767530/Wicked_Seed/?snr=1_7_7_240_150_6,"Female Protagonist, RPG, Action RPG, Survival Horror, Real-Time with Pause, Turn-Based Combat, Third Person, Singleplayer, Horror, Turn-Based, 3D, Combat, PvE, Action, Dark, Sexual Content, Atmospheric, Modern, Mystery, Controller","A modern-day horror RPG with tactical combat and survival horror roots. Customize your loadout, manage limited resources, and exploit enemy weaknesses in tense, strategic encounters."
Hamster Hunter,https://store.steampowered.com/app/2726490/Hamster_Hunter/?snr=1_7_7_240_150_6,"Exploration, Arcade, Action-Adventure, 3D, First-Person, Psychological Horror, Horror, Dark Comedy, Dark Humor, Open World, Action, Casual, Pixel Graphics, Stylized, Atmospheric, Crafting, Building, Survival, Adventure, Destruction","You come home for an annual family reunion, only to find your family missing with an eerie note left by your father. After you discover what has happened you SEEK REVENGE!"
Expansion - Hearts of Iron IV: Arms Against Tyranny,https://store.steampowered.com/app/2183930/Expansion__Hearts_of_Iron_IV_Arms_Against_Tyranny/?snr=1_7_7_240_150_6,"Strategy, Simulation, World War II, War, Historical, Military, Grand Strategy, Multiplayer, Capitalism, Alternate History, Survival Horror, Story Rich, Casual, Memes, Singleplayer, Female Protagonist, Horror, Gore, Family Friendly, Cute",No description
Tombwater,https://store.steampowered.com/app/3308200/Tombwater/?snr=1_7_7_240_150_6,"Exploration, Souls-like, Metroidvania, Action RPG, RPG, Combat, 2D, Top-Down, Horror, Lore-Rich, Controller, Linear, Open World, Action, Pixel Graphics, Hack and Slash, Lovecraftian, Western, Crafting, Dark Fantasy",A Souls-Like Western full of Eldritch horrors. Explore the accursed Wild West town of Tombwater and lay bare the darkness that lies beneath. Survive blood-spilling combat in this gruesome 2D action-RPG that may just drive you to madness.
Slitterhead,https://store.steampowered.com/app/2631250/Slitterhead/?snr=1_7_7_240_150_6,"Action, Adventure, Action-Adventure, Horror, Spectacle fighter, 3D, Realistic, 1990's, Survival Horror, Mystery, Supernatural, Dog, Lore-Rich, Combat, Stealth, Tutorial, Singleplayer, Gore, Story Rich, Violent","""I must eliminate them...ALL..."" The bodiless ""Hyoki"" hunts down the brain-devouring ""Slitterheads"", lurking in the alleys of a neon-lit city"
Resident Evil Village - Winters’ Expansion,https://store.steampowered.com/app/1731080/Resident_Evil_Village__Winters_Expansion/?snr=1_7_7_240_150_6,"Action, Violent, Gore, Horror, Survival Horror, Third Person, Third-Person Shooter, Female Protagonist, Story Rich",No description
Unknown,https://store.steampowered.com/app/7670/BioShock/?snr=1_7_7_240_150_6,,No description
THYSIASTERY,https://store.steampowered.com/app/3140180/THYSIASTERY/?snr=1_7_7_240_150_6,"Dungeon Crawler, RPG, Turn-Based, Roguelike, Dark Fantasy, Difficult, JRPG, Roguelite, Exploration, Atmospheric, Party-Based RPG, Pixel Graphics, First-Person, 2D, Grid-Based Movement, Turn-Based Combat, Procedural Generation, Singleplayer, Supernatural, Horror","THYSIASTERY is a dungeon crawler RPG featuring traditional roguelike and turn-based gameplay. Command a party of bearers of the Brand, drawn into a vast Labyrinth. Recruit while exploring the Labyrinth in hope of finding a way out, and its secrets will be revealed as you delve deeper."
Unknown,https://store.steampowered.com/app/866570/System_Shock_2_25th_Anniversary_Remaster/?snr=1_7_7_240_150_6,,No description
What Remains of Edith Finch,https://store.steampowered.com/app/501300/What_Remains_of_Edith_Finch/?snr=1_7_7_240_150_6,"Story Rich, Atmospheric, Walking Simulator, Mystery, First-Person, Exploration, Adventure, Singleplayer, Female Protagonist, Indie, Great Soundtrack, Narration, Psychological Horror, Short, Drama, Dark, Puzzle, Visual Novel, Horror, Emotional","What Remains of Edith Finch is a collection of strange tales about a family in Washington state. As Edith, you’ll explore the colossal Finch house, searching for stories as she explores her family history and tries to figure out why she's the last one in her family left alive."
CRYO,https://store.steampowered.com/app/2564910/CRYO/?snr=1_7_7_240_150_6,"Action Roguelike, PvE, 3D, Horror, First-Person, Psychological Horror, Action, Multiple Endings, Nonlinear, Realistic, Stealth, Atmospheric, Survival, Dark, Survival Horror, Co-op, Multiplayer, Online Co-Op, Singleplayer, Early Access","CRYO is a multiplayer co-op survival horror for 1-4 players. You have been deployed by your company to various locations around the Antarctic due to communication issues. What awaits you in these dark, remote regions is far more sinister than a technical fault..."
System Shock,https://store.steampowered.com/app/482400/System_Shock/?snr=1_7_7_240_150_6,"Action, Immersive Sim, Cyberpunk, Adventure, Sci-fi, Horror, Remake, FPS, First-Person, Singleplayer, Atmospheric, Survival Horror, Space, Shooter, Story Rich, Gore, RPG, Violent, Survival, Kickstarter",A first-person fight to the death in the depths of space!
Unknown,https://store.steampowered.com/app/3238470/Days_Gone__Broken_Road_DLC/?snr=1_7_7_240_150_7,,No description
Rec Room,https://store.steampowered.com/app/471710/Rec_Room/?snr=1_7_7_240_150_7,"Free to Play, VR, Multiplayer, Online Co-Op, Funny, First-Person, Massively Multiplayer, Casual, Sandbox, Adventure, Co-op, Sports, Horror, Family Friendly, Character Customization, 3D, Simulation, Action, Singleplayer, Action-Adventure","Rec Room is the best place to build and play games together. Party up with friends from all around the world to chat, hang out, explore MILLIONS of player-created rooms, or build something new and amazing to share with us all."
The Occultist,https://store.steampowered.com/app/2092840/The_Occultist/?snr=1_7_7_240_150_7,"Singleplayer, Adventure, Investigation, Detective, Atmospheric, Puzzle, Horror, Action-Adventure, Psychological Horror, Story Rich, Action, First-Person, Mystery, Supernatural, Survival Horror, 3D, Realistic, Linear, Quick-Time Events, Lovecraftian","The Occultist is a first-person narrative thriller. You play as Alan Rebels, a paranormal investigator who travels to an abandoned British island after his father's disappearance. Explore Godstone island, face supernatural entities, and uncover long-buried occult rituals."
Unknown,https://store.steampowered.com/app/383150/Dead_Island_Definitive_Edition/?snr=1_7_7_240_150_7,,No description
Clue/Cluedo,https://store.steampowered.com/app/2506480/ClueCluedo/?snr=1_7_7_240_150_7,"Casual, Multiplayer, Tabletop, Detective, Crime, Board Game, Strategy, PvP, Co-op, Online Co-Op, 3D, Dark, Horror, Simulation, Local Multiplayer, Mystery, Investigation, Singleplayer, Adventure, Puzzle","Experience a fresh take on the classic crime-solving board game. Step into new mysteries and use your skills of deduction to find out whodunit, with what weapon and where."
Unknown,https://store.steampowered.com/app/1135280/Dead_by_Daylight__Stranger_Things_Chapter/?snr=1_7_7_240_150_7,,No description
Visage,https://store.steampowered.com/app/594330/Visage/?snr=1_7_7_240_150_7,"Horror, Psychological Horror, Survival Horror, Dark, Multiplayer, First-Person, Singleplayer, Atmospheric, Adventure, Indie, Walking Simulator, Realistic, Exploration, Violent, Surreal, Story Rich, Simulation, Early Access, Action, Experimental","Visage is a first-person psychological horror game. Explore a mysterious ever-changing house in a slow-paced, atmospheric world that combines both uncannily comforting and horrifyingly realistic environments, and enjoy a genuinely terrifying experience."
The Midnight Walk,https://store.steampowered.com/app/2863640/The_Midnight_Walk/?snr=1_7_7_240_150_7,"Adventure, Horror, Atmospheric, Dark Fantasy, Singleplayer, VR, Dark, Stealth, Narration, Cinematic, Story Rich, Action-Adventure, Emotional, Fantasy, Puzzle, Exploration, Hand-drawn, Controller, First-Person, Lore-Rich",Follow The Midnight Walk in a dark adventure from the minds behind Lost in Random. Befriend a lost lantern creature and light your way through a world of wonder and terror. Outsmart monsters and marvel at details in a landscape handcrafted with real clay and animated in a stop motion style.
The Other Side,https://store.steampowered.com/app/2764750/The_Other_Side/?snr=1_7_7_240_150_7,"Action, Action-Adventure, FPS, 3D, First-Person, Horror, Realistic, Dark, Demons, Psychological Horror, Co-op, Character Customization, Multiplayer, Early Access, Singleplayer, Mystery, Online Co-Op, Detective, Indie, Adventure","The Other Side is a co-op psychological thriller for up to 6 players. Your goal is to investigate haunted locations using modern ghost hunting equipment, gather evidence, identify entities, and cleanse them from the location. Customize your character, headquarters, and more."
Blood West,https://store.steampowered.com/app/1587130/Blood_West/?snr=1_7_7_240_150_7,"FPS, Open World, Western, Stealth, RPG, Retro, Horror, Immersive Sim, First-Person, 1990's, Singleplayer, Shooter, Action, Survival Horror, Souls-like, Inventory Management, Dark, Lovecraftian, Survival, Demons","Weird west legends meet eldritch horror in BLOOD WEST, an immersive stealth FPS. Become the Undead Gunslinger, doomed to roam the barren lands until he manages to purge their curse, freeing his soul. 3 varied scenarios, perk-based character progression, and 20+ hours of gameplay await you!"
Night Shippers,https://store.steampowered.com/app/3761880/Night_Shippers/?snr=1_7_7_240_150_7,"Online Co-Op, Horror, Comedy, Multiplayer, Funny, Roguelite, Parody, Survival Horror, 3D, Co-op, Supernatural, Stealth, First-Person, Action, Simulation, PvE, Dark, Replay Value, Stylized, Singleplayer","You signed up to deliver food in the underworld, alone or with up to 8 friends. Everynight your work condition changes. Take orders, dodge monsters, and survive the night - or be trapped in hell forever."
Darkwood,https://store.steampowered.com/app/274520/Darkwood/?snr=1_7_7_240_150_7,"Horror, Adventure, Survival Horror, Action, RPG, Psychological Horror, Dark, Atmospheric, Survival, Exploration, Story Rich, Open World, Dark Fantasy, Fantasy, Singleplayer, Action-Adventure, Multiple Endings, Choices Matter, Combat, Supernatural","Darkwood - a new perspective on survival horror. Scavenge and explore a rich, ever-changing free-roam world by day, then hunker down in your hideout and pray for the morning light."
Unknown,https://store.steampowered.com/app/4249130/Dino_Crisis/?snr=1_7_7_240_150_7,,No description
Unknown,https://store.steampowered.com/app/4250650/Fallout_76_Mojave_Bundle/?snr=1_7_7_240_150_7,,No description
Crow Country,https://store.steampowered.com/app/1996010/Crow_Country/?snr=1_7_7_240_150_7,"Survival Horror, 1990's, Exploration, Female Protagonist, Horror, Third-Person Shooter, Indie, Psychological Horror, Retro, Action, Old School, Third Person, Story Rich, Stylized, Singleplayer, Gore, Supernatural, Puzzle, Violent, RPG","The year is 1990. It’s been two years since the mysterious disappearance of Edward Crow and the abrupt closure of his theme park, Crow Country. But your arrival has broken the silence, Mara Forest. If you want answers, you’ll have to venture deep into the darkness of Crow Country to find them…"
Project Silverfish,https://store.steampowered.com/app/2941710/Project_Silverfish/?snr=1_7_7_240_150_7,"Early Access, Immersive Sim, FPS, Exploration, Sandbox, Shooter, 3D, Horror, Dark, Sci-fi, Survival Horror, Atmospheric, Action-Adventure, Open World, Action, First-Person, Stealth, Stylized, Singleplayer, Post-apocalyptic","Explore a hostile, living world: Uncover forgotten horrors, both man-made and supernatural, as you hunt for powerful weapons and exotic artifacts."
A Game About Digging A Hole™,https://store.steampowered.com/app/3244220/A_Game_About_Digging_A_Hole/?snr=1_7_7_240_150_7,"Exploration, Mining, Sandbox, Voxel, Horror, Simulation, Economy, Crafting, Singleplayer, Procedural Generation, Adventure, Underground, First-Person, Mystery, Atmospheric, 3D, Loot, Casual, Colorful, Physics","A minimalist game about digging a hole in the garden of a newly purchased house. Collect resources, sell them, upgrade your equipment and discover a mysterious secret. Costs you only one coffee!"
Unknown,https://store.steampowered.com/app/1324970/Dead_By_Daylight__Silent_Hill_Chapter/?snr=1_7_7_240_150_7,,No description
Painkiller,https://store.steampowered.com/app/2300120/Painkiller/?snr=1_7_7_240_150_7,"Shooter, Action, Gore, Fast-Paced, FPS, Gothic, First-Person, Horror, Old School, Demons, Realistic, Online Co-Op, Violent, Atmospheric, Adventure, Combat, Co-op, Multiplayer, Boomer Shooter, Singleplayer","The classic Painkiller series is back! Battle through Purgatory in fast-paced co-op action, wielding infernal weapons against relentless demonic hordes. Condemned for your sins, the Voice of the Creator offers you a chance at redemption. Will you seize it or be lost to darkness?"
Granny,https://store.steampowered.com/app/962400/Granny/?snr=1_7_7_240_150_7,"Horror, Survival Horror, Singleplayer, First-Person, Multiplayer, Puzzle, Indie, VR, Adventure, Violent, Difficult, Survival, Gore, Escape Room, Dark, Strategy, Action, Psychological Horror, Funny, Atmospheric",You have to escape Granny`s house...You have five days...
Bendy and the Ink Machine,https://store.steampowered.com/app/622650/Bendy_and_the_Ink_Machine/?snr=1_7_7_240_150_7,"Horror, First-Person, Singleplayer, Puzzle, Cartoony, Cartoon, Survival Horror, Dark, Indie, Mystery, Story Rich, Great Soundtrack, Action, Atmospheric, Adventure, Psychological Horror, Violent, Funny, Cute, Survival",Bendy and the Ink Machine® is the first person puzzle action horror game that will forever ruin your childhood love of cartoons.
Unknown,https://store.steampowered.com/app/3448670/Dead_by_Daylight__Tokyo_Ghoul/?snr=1_7_7_240_150_7,"Gore, Violent",No description
Unknown,https://store.steampowered.com/app/4019590/Dead_by_Daylight__Sinister_Grace/?snr=1_7_7_240_150_7,,No description
Sally Face - Season Pass,https://store.steampowered.com/app/567990/Sally_Face__Season_Pass/?snr=1_7_7_240_150_7,"Indie, Adventure, Story Rich, Psychological Horror, Horror, Puzzle, Great Soundtrack, Singleplayer, Dark, Atmospheric, Narrative, Point & Click, Hand-drawn, 2D",No description
Oh Deer,https://store.steampowered.com/app/2708450/Oh_Deer/?snr=1_7_7_240_150_7,"Multiplayer, Funny, Horror, Stealth, Social Deduction, Co-op, Archery, Comedy, Action, PvP, Satire, Detective, Third Person, Online Co-Op, First-Person, Colorful, Survival, Casual, 3D, Nature","One Hunter, and up to four more friends disguised as deer, in this thrilling game of hide-and-seek where every move could be the last. Will you blend in with the herd or stand out? Oh Deer..."
WORLD OF HORROR,https://store.steampowered.com/app/913740/WORLD_OF_HORROR/?snr=1_7_7_240_150_7,"Horror, Lovecraftian, Pixel Graphics, Survival Horror, Psychological Horror, Point & Click, Roguelite, 2D, RPG, Unforgiving, Roguelike, Turn-Based Combat, Survival, Anime, Atmospheric, Mystery, Card Game, Moddable, Adventure, Singleplayer",Experience the quiet terror of this 1-bit love letter to Junji Ito and H.P. Lovecraft. Navigate a hellish roguelite reality with turn-based combat and unforgiving choices. Experiment with your deck of event cards to discover new forms of cosmic horror in every playthrough. The inevitable awaits...
INSIDE,https://store.steampowered.com/app/304430/INSIDE/?snr=1_7_7_240_150_7,"2.5D, Puzzle Platformer, Atmospheric, Dark, Story Rich, Indie, Horror, Singleplayer, Cinematic, Adventure, Multiple Endings, Puzzle, 2D Platformer, Platformer, Ambient, Minimalist, Controller, Action-Adventure, Narrative, Action","Hunted and alone, a boy finds himself drawn into the center of a dark project. INSIDE is a dark, narrative-driven platformer combining intense action with challenging puzzles. It has been critically acclaimed for its moody art style, ambient soundtrack and unsettling atmosphere."
Grunn,https://store.steampowered.com/app/2720950/Grunn/?snr=1_7_7_240_150_7,"Horror, Multiple Endings, Choices Matter, Simulation, Mystery, Farming Sim, Adventure, Exploration, First-Person, Investigation, Atmospheric, 3D, Action-Adventure, Indie, Casual, Psychological Horror, Singleplayer, Story Rich, Dark, Cinematic","A gardener gets hired for maintenance work over the weekend. A simple task, but strangely some tools are missing… The owner of the garden isn't around, and their house is off-limits. Perhaps new tools can be found in the mysterious town, or maybe some of the reserved townsfolk have seen them?"
Unknown,https://store.steampowered.com/app/868520/killer7/?snr=1_7_7_240_150_7,,No description
Alan Wake,https://store.steampowered.com/app/108710/Alan_Wake/?snr=1_7_7_240_150_7,"Action, Horror, Third Person, Story Rich, Adventure, Thriller, Atmospheric, Singleplayer, Psychological Horror, Great Soundtrack, Mystery, Episodic, Third-Person Shooter, Supernatural, Dark, Cinematic, Narration, Survival Horror, Shooter, Survival","A Dark Presence stalks the small town of Bright Falls, pushing Alan Wake to the brink of sanity in his fight to unravel the mystery and save his love."
The Drifter,https://store.steampowered.com/app/1170570/The_Drifter/?snr=1_7_7_240_150_7,"Point & Click, Pixel Graphics, Story Rich, Investigation, Thriller, Mystery, Sci-fi, Horror, Modern, Noir, 1990's, Supernatural, 2D, Adventure, Time Manipulation, Controller, Atmospheric, Singleplayer, Dark, Conspiracy","A Pulp Adventure Thriller - A murdered drifter awakens. Alive again, seconds before his death. Hunted and haunted, help him untangle a mad web of conspiracy in this fast-paced point 'n click thrill-ride."
Hello Kitty Island Adventure - Wheatflour Wonderland,https://store.steampowered.com/app/3890520/Hello_Kitty_Island_Adventure__Wheatflour_Wonderland/?snr=1_7_7_240_150_7,"Cozy, Adventure, Open World, Simulation, Casual, Life Sim, Exploration, Cute, Colorful, Cooking, Family Friendly, Relaxing, Crafting, Immersive Sim, Story Rich, Action, Puzzle, Horror, 3D, Isometric",No description
The Floor Above,https://store.steampowered.com/app/3951680/The_Floor_Above/?snr=1_7_7_240_150_7,"Psychological Horror, Horror, Exploration, Story Rich, Lore-Rich, Minimalist, Immersive Sim, Dark, Surreal, Mystery, Thriller, Choices Matter, Simulation, Linear, Dynamic Narration, Psychedelic, Singleplayer, Multiple Endings, Cats, Casual","A claustrophobic anomaly-horror game where you can only turn, blink, and decide: is it real or not? Survive five endings and uncover Mike’s story."
Unknown,https://store.steampowered.com/app/49540/Aliens_Colonial_Marines_Collection/?snr=1_7_7_240_150_7,Gore,No description
PICO PARK 2,https://store.steampowered.com/app/2644470/PICO_PARK_2/?snr=1_7_7_240_150_7,"Casual, Multiplayer, Online Co-Op, Co-op, Action, Platformer, Cute, Local Multiplayer, Side Scroller, Pixel Graphics, Local Co-Op, Funny, Family Friendly, Retro, 2D, Puzzle Platformer, Puzzle, 4 Player Local, Horror",PICO PARK is back with all new levels! Play with 2-8 players locally or online in this co-op action-puzzle game!
PICO PARK,https://store.steampowered.com/app/1509960/PICO_PARK/?snr=1_7_7_240_150_7,"Multiplayer, Online Co-Op, Co-op, Puzzle Platformer, Local Co-Op, Casual, Cute, Local Multiplayer, Platformer, 2D, Action, Pixel Graphics, Funny, Puzzle, Party Game, Indie, Difficult, Retro, Horror, Souls-like",PICO PARK is a cooperative local/online multiplay action puzzle game for 2-8 players.
Fears to Fathom - Ironbark Lookout,https://store.steampowered.com/app/2506160/Fears_to_Fathom__Ironbark_Lookout/?snr=1_7_7_240_150_7,"Horror, Psychological Horror, Atmospheric, Narrative, Exploration, Thriller, Adventure, Episodic, First-Person, Walking Simulator, Cinematic, Realistic, Story Rich, Crime, Singleplayer, Driving, Casual, Psychological, Conversation, 3D","Jack Nelson, a 24-year-old fire lookout, transferred to a new outpost. As he settled into his new home, he couldn't shake the feeling that something was off, little did he know what was transpiring down in Ironbark State Park."
BONEWORKS,https://store.steampowered.com/app/823500/BONEWORKS/?snr=1_7_7_240_150_7,"VR, Physics, Action, Sandbox, Shooter, Singleplayer, Great Soundtrack, Adventure, Puzzle, First-Person, Realistic, Simulation, FPS, Violent, Indie, Horror, Parkour, Sci-fi, Gore, Funny","BONEWORKS is an Experimental Physics VR Adventure. Use found physics weapons, tools, and objects to fight across dangerous playscapes and mysterious architecture."
Kugayama Shiori's Death Diary,https://store.steampowered.com/app/4141950/Kugayama_Shioris_Death_Diary/?snr=1_7_7_240_150_7,"Adventure, Casual, Visual Novel, 2D Platformer, Choose Your Own Adventure, 2D, Text-Based, Cinematic, Dark Comedy, Drama, Horror, Gore, Violent, Mystery, Story Rich, Choices Matter, Singleplayer","A mystery visual novel where horror meets occult comedy. Follow Kugayama Shiori, a ghost who casually dies over and over as she searches for her cause of death and the regrets that bind her to this world. Her investigation will eventually lead to a single incident—and the truth behind her demise."
STEINS;GATE,https://store.steampowered.com/app/412830/STEINSGATE/?snr=1_7_7_240_150_7,"Visual Novel, Story Rich, Anime, Time Travel, Sci-fi, Great Soundtrack, Multiple Endings, Choices Matter, Singleplayer, Science, Atmospheric, Adventure, Romance, Mystery, Psychological Horror, Thriller, Memes, Dating Sim, Horror, Casual","Developed by 5pb. and Nitroplus, STEINS;GATE was awarded Famitsu magazine's coveted annual Game of Excellence award and was voted one of the most emotionally charged “tear-inducing games” ever made, in a Famitsu poll.　It is a gripping and moving Visual Novel, which has already spawned manga and anime adaptations."
Homicipher,https://store.steampowered.com/app/2302660/Homicipher/?snr=1_7_7_240_150_7,"Otome, Horror, Visual Novel, Female Protagonist, Atmospheric, Text-Based, Multiple Endings, Choose Your Own Adventure, Word Game, Choices Matter, Conversation, Singleplayer, Interactive Fiction, First-Person, Dark, Exploration, Thriller, Hand-drawn, Adventure, Typing","Homicipher is a language deciphering and exploration ADV based on the concept of ""romance with horror men."" The protagonist, who has wandered into another world, interacts with non-human beings to decipher their language while striving to escape."
That's not my Neighbor,https://store.steampowered.com/app/3431040/Thats_not_my_Neighbor/?snr=1_7_7_240_150_7,"Casual, Adventure, Point & Click, Choices Matter, Horror, Indie, Simulation, Multiple Endings, 2D, Arcade, Thriller, Singleplayer, Clicker, First-Person, Cartoony, Character Customization, Psychological Horror, Puzzle","It's 1955, and for unknown reasons, doppelgangers are more common than usual. Therefore, the Department of Doppelganger Detection (D.D.D.) has taken action. You are the doorman of an apartment complex, and you must decide whether to let in those who claim to be your neighbors."
"I Have No Mouth, and I Must Scream",https://store.steampowered.com/app/245390/I_Have_No_Mouth_and_I_Must_Scream/?snr=1_7_7_240_150_7,"Point & Click, Adventure, Horror, Retro, Classic, Based On A Novel, Psychological Horror, 1990's, Story Rich, Cult Classic, Singleplayer, Dark, Post-apocalyptic, Surreal, Sci-fi, 2D, Puzzle, Great Soundtrack, Cyberpunk, Funny","The adventure plunges you into the tortured and hidden past of five humans. Delve into their darkest fears. Outwit the Master Computer AM in a game of psychological warfare. Disturbing, compelling. An adventure you won't easily forget !!"
Emissary Zero,https://store.steampowered.com/app/3176060/Emissary_Zero/?snr=1_7_7_240_150_7,"Horror, Multiplayer, Online Co-Op, Psychological Horror, Co-op, Survival Horror, First-Person, Escape Room, Exploration, Adventure, Puzzle, Action, Survival, Singleplayer, Hidden Object, Stealth, Dark, Cinematic, Action-Adventure, Dungeon Crawler",Co-op horror (1-4 players). You are sent to explore a mysterious building at night. Find the Moon and try to return alive.
Corner Shop: NightShift,https://store.steampowered.com/app/3306990/Corner_Shop_NightShift/?snr=1_7_7_240_150_7,"Exploration, Time Management, Immersive Sim, Shop Keeper, Life Sim, Horror, 3D, First-Person, Psychological Horror, Choices Matter, Multiple Endings, Narration, Story Rich, Simulation, Realistic, Thriller, Atmospheric, Adventure, Dark, Survival Horror","Take a night shift job in a place that runs on habit, not purpose. Restock shelves, take deliveries, clean the mess, and try to make it till morning. Not everything feels right and you’re never quite alone. Something waits in the dark."
Unknown,https://store.steampowered.com/app/4249140/Dino_Crisis_2/?snr=1_7_7_240_150_7,,No description
Five Nights at Freddy's 3,https://store.steampowered.com/app/354140/Five_Nights_at_Freddys_3/?snr=1_7_7_240_150_7,"Horror, Singleplayer, Survival Horror, Robots, First-Person, Psychological Horror, Difficult, Indie, Survival, Strategy, Point & Click, Dark, Atmospheric, Mystery, Action, Simulation, 3D Vision, Jump Scare, Great Soundtrack, 2D","Thirty years after Freddy Fazbear's Pizza closed it's doors, the events that took place there have become nothing more than a rumor and a childhood memory, but the owners of ""Fazbear's Fright: The Horror Attraction"" are determined to revive the legend and make the experience as authentic as possible for patrons, going to great l"
CARRION,https://store.steampowered.com/app/953490/CARRION/?snr=1_7_7_240_150_7,"Villain Protagonist, Gore, Pixel Graphics, Action, Horror, Metroidvania, Indie, Violent, 2D, Adventure, Singleplayer, Blood, Puzzle, Physics, Lovecraftian, Sci-fi, Platformer, Mature, Atmospheric, Great Soundtrack","CARRION is a reverse horror game in which you assume the role of an amorphous creature of unknown origins, stalking and consuming those that imprisoned you."
Wasteland Bites,https://store.steampowered.com/app/3748640/Wasteland_Bites/?snr=1_7_7_240_150_7,"Horror, Cooking, Simulation, Time Management, Post-apocalyptic, Jump Scare, Point & Click, Survival Horror, First-Person, Resource Management, Psychological Horror, Adventure, 2.5D, Shop Keeper, Dark Comedy, Management, Stylized, Singleplayer, Life Sim, Exploration","Wasteland Bites is a horror-based food truck sim. Cooking up questionable cuisine in your post-apocalyptic food truck is tough. Fending off mutants, UFOs, rabid dogs, and things lurking in the dark? That's the real challenge. A chaotic mix of cooking and survival in a long gone world."
Obscure II (Obscure: The Aftermath),https://store.steampowered.com/app/254480/Obscure_II_Obscure_The_Aftermath/?snr=1_7_7_240_150_7,"Horror, Survival Horror, Local Co-Op, Action, Co-op, Adventure, Third Person, Survival, Singleplayer, Atmospheric, Zombies, Multiplayer, Great Soundtrack, Puzzle, Online Co-Op, Gore, Classic","Two years ago, a group of young teenagers found themselves trapped inside their school. They suffered through the longest night of their lives, chased by abominable creatures created by their principal. Some of them survived that terrible night, while others perished."
Moros Protocol,https://store.steampowered.com/app/1605250/Moros_Protocol/?snr=1_7_7_240_150_8,"FPS, Boomer Shooter, Roguelite, Shooter, Souls-like, Action, Horror, Strategy, Procedural Generation, Pixel Graphics, Stylized, Space, Sci-fi, War, Retro, Co-op, Combat, Online Co-Op, Multiplayer, Singleplayer","Face the darkness in Moros Protocol, a pixel-painted sci-fi FPS roguelite. Survive the nightmare alone or with allies as you navigate the decaying warship, stalked by horrors and guided by a voice you don’t recognize. Adapt, upgrade, and push forward. You may be outnumbered, but not outmatched."
Forgive Me Father 2,https://store.steampowered.com/app/2272250/Forgive_Me_Father_2/?snr=1_7_7_240_150_8,"FPS, Lovecraftian, Boomer Shooter, First-Person, Action, Comic Book, Atmospheric, Singleplayer, Shooter, 3D, Horror, Retro, Combat, Stylized, Dark, Violent, Story Rich, Fast-Paced, Faith, Adventure","Embark on a journey into the darkest nightmares to restore your sanity. Blast your way through hordes of possessed enemies, unlock an arsenal of deadly weapons and unearthly abilities, and get ready to face even more Lovecraftian madness in this action-packed FPS sequel."
Amnesia: The Bunker,https://store.steampowered.com/app/1944430/Amnesia_The_Bunker/?snr=1_7_7_240_150_8,"Horror, Survival Horror, Atmospheric, Immersive Sim, Stealth, First-Person, Singleplayer, Survival, Difficult, Action, Resource Management, Action-Adventure, Exploration, Psychological Horror, FPS, Open World, Story Rich, Sandbox, Adventure, Supernatural","Amnesia: The Bunker is a first-person horror game set in a WW1 bunker. A relentless, AI-driven monster stalks you. Survival depends on finding tools, crafting items, and keeping the lights on."
The Walking Dead: Saints & Sinners,https://store.steampowered.com/app/916840/The_Walking_Dead_Saints__Sinners/?snr=1_7_7_240_150_8,"VR, Zombies, Action, Gore, Adventure, Horror, Survival Horror, Shooter, Survival, Violent, Singleplayer, RPG, Choices Matter, Indie, Simulation, Strategy, Open World, First-Person, Multiplayer, FPS","Saints & Sinners is a game unlike any other in The Walking Dead universe. Every challenge you face and decision you make is driven by YOU. Fight the undead, scavenge through the flooded ruins of New Orleans, and face gut-wrenching choices for you and the other survivors. Live The Walking Dead."
Unknown,https://store.steampowered.com/app/246580/The_Typing_of_The_Dead_Overkill/?snr=1_7_7_240_150_8,"Gore, Mature",No description
The Last Faith,https://store.steampowered.com/app/1274600/The_Last_Faith/?snr=1_7_7_240_150_8,"Metroidvania, Souls-like, Pixel Graphics, Dark Fantasy, Violent, Gore, Gothic, 2D, Action, Vampire, Indie, Platformer, Difficult, Blood, Horror, Singleplayer, Adventure, Side Scroller, Dark, Controller","Dive into the latest evolution of The Last Faith: a dark and gothic fusion of metroidvania and soulslike. Engage in merciless and precise combat with a huge range of weapons, firearms, and custom executions. Let nothing stand in the way of your journey to salvation."
Unknown,https://store.steampowered.com/app/1089270/Dead_by_Daylight__Ghost_Face/?snr=1_7_7_240_150_8,,No description
FAITH: The Unholy Trinity,https://store.steampowered.com/app/1179080/FAITH_The_Unholy_Trinity/?snr=1_7_7_240_150_8,"Horror, Pixel Graphics, Psychological Horror, Indie, Retro, Story Rich, Dark, Atmospheric, Gore, Violent, Adventure, Blood, Survival Horror, Great Soundtrack, Faith, Lovecraftian, Puzzle, Classic, Animation & Modeling, Alternate History","What you are about to do has not been approved by the Vatican. As a young priest, struggle against demons, cultists, and your own weakening faith in this pixel horror game inspired by the era of classic 8-bit gaming and the ""Satanic Panic"" of the 1980s."
60 Seconds! Reatomized,https://store.steampowered.com/app/1012880/60_Seconds_Reatomized/?snr=1_7_7_240_150_8,"2D, Choose Your Own Adventure, Dark Humor, Turn-Based Tactics, Strategy, Outbreak Sim, Exploration, Immersive Sim, Point & Click, Text-Based, Difficult, Post-apocalyptic, Survival, Life Sim, Management, Wrestling, Dark Comedy, 3D, Funny, Horror","The post-apocalyptic dark comedy is back - remastered and even more radioactive than before! Scavenge supplies, rescue your family, and stay alive in your fallout shelter. Make difficult decisions, hunt mutant roaches... and maybe survive. Or not."
ZEPHON,https://store.steampowered.com/app/1481170/ZEPHON/?snr=1_7_7_240_150_8,"Strategy, Turn-Based, 4X, Tactical, Multiplayer, Lovecraftian, Sandbox, Co-op, Sci-fi, Procedural Generation, Turn-Based Strategy, RPG, Turn-Based Combat, Grand Strategy, Post-apocalyptic, Turn-Based Tactics, Horror, Cyberpunk, Base Building, PvP","From the developers of Warhammer 40,000: Gladius, ZEPHON is a post-apocalyptic 4X strategy game built on Proxy’s unique tactical combat system. Guide survivors through a turbulent future, navigating unexpected disasters, eldritch horror and cyberpunk monstrosities. What will you do to survive?"
Dreamcore,https://store.steampowered.com/app/2453060/Dreamcore/?snr=1_7_7_240_150_8,"Exploration, Walking Simulator, Psychological Horror, First-Person, 3D, Surreal, Horror, Nonlinear, Relaxing, Realistic, Underwater, Atmospheric, Minimalist, Investigation, Mystery, Singleplayer, Adventure, Indie, Dark, Escape Room","Experience liminal spaces like never before. Dreamcore is the ultimate psychological exploration game, set in the largest liminal world ever made. No guides, no path—only intuition. Will you keep your bearings in a world designed to make you lose them?"
Folklore Hunter,https://store.steampowered.com/app/696220/Folklore_Hunter/?snr=1_7_7_240_150_8,"Horror, Multiplayer, Survival Horror, Online Co-Op, Psychological Horror, Violent, Early Access, Mythology, Hunting, FPS, Atmospheric, Story Rich, Action, Co-op, First-Person, Survival, Open World, Supernatural, Action-Adventure, Shooter","You’re a world-renowned hunter of supernatural beasts. Track down urban legends from all over the world, set traps, solve disturbing puzzles, and defeat the beasts before you succumb to their otherworldly presence."
Bendy and the Dark Revival,https://store.steampowered.com/app/1063660/Bendy_and_the_Dark_Revival/?snr=1_7_7_240_150_8,"Horror, Singleplayer, Action, First-Person, Survival Horror, Adventure, Indie, Cartoony, Story Rich, Dark, Puzzle, Survival, Stealth, Action-Adventure, Sequel, Combat, Atmospheric, Strategy, Great Soundtrack, Casual","Bendy and the Dark Revival® is a first-person survival horror game set in the creepiest cartoon studio to ever exist. Discover the truth. Escape the studio. Above all, fear the Ink Demon…and survive."
HELLMART,https://store.steampowered.com/app/3762550/HELLMART/?snr=1_7_7_240_150_8,"Horror, Simulation, Life Sim, Exploration, Choices Matter, Immersive Sim, 3D, First-Person, Realistic, Atmospheric, Dark, Supernatural, Surreal, Adventure, Indie, Psychological Horror, Singleplayer, Survival Horror, Mystery, Multiple Endings",Supermarket simulator meets horror. You’re a clerk at a 24-hour convenience store. During the day - serve customers and hit your sales goals. At night - beware of strange clients. Try to survive 7 days in the Far North.
Five Nights at Freddy's: Sister Location,https://store.steampowered.com/app/506610/Five_Nights_at_Freddys_Sister_Location/?snr=1_7_7_240_150_8,"Horror, Survival Horror, Singleplayer, Robots, First-Person, Dark, Difficult, Survival, Strategy, Indie, Story Rich, Mystery, Psychological Horror, Atmospheric, Simulation, Lore-Rich, Memes, Funny, Adventure, Gore","Welcome to Circus Baby's Pizza World, where family fun and interactivity go beyond anything you've seen at those *other* pizza places! Now hiring: Late night technician. Must enjoy cramped spaces and be comfortable around active machinery. Not responsible for death or dismemberment."
Unknown,https://store.steampowered.com/app/414340/Hellblade_Senuas_Sacrifice/?snr=1_7_7_240_150_8,"Violent, Realistic, Blood",No description
Total Chaos,https://store.steampowered.com/app/2208350/Total_Chaos/?snr=1_7_7_240_150_8,"Action, Psychological Horror, Adventure, Horror, Atmospheric, Action-Adventure, Exploration, FPS, First-Person, Realistic, Crafting, Dark, Loot, Mystery, Psychological, Supernatural, Surreal, Post-apocalyptic, Action RPG, 3D","Fort Oasis is no paradise—it's a decaying nightmare where reality crumbles. The creator of Turbo Overkill unleashes survival-horror stacked with mysteries and monstrosities. Scavenge to craft weapons, while a voice on your walkie-talkie guides you into the island's depths."
Inside the Backrooms,https://store.steampowered.com/app/1987080/Inside_the_Backrooms/?snr=1_7_7_240_150_8,"Horror, Multiplayer, Survival Horror, Puzzle, Psychological Horror, Co-op, Online Co-Op, Adventure, Exploration, First-Person, Atmospheric, FPS, 3D, Dark, Mystery, VR, Sci-fi, Story Rich, PvE, Early Access","Inside the Backrooms is a horror multiplayer game mixed with different mechanics that will make you spend an intense night with friends. Explore, think, interact, but be careful, it is rumored that there are several entities wishing to find you..."
Unknown,https://store.steampowered.com/app/268050/The_Evil_Within/?snr=1_7_7_240_150_8,Gore,No description
Pathologic 3,https://store.steampowered.com/app/3199650/Pathologic_3/?snr=1_7_7_240_150_8,"Psychological Horror, Horror, Story Rich, Atmospheric, Survival Horror, Psychological, Remake, RPG, Choices Matter, First-Person, Adventure, Surreal, Simulation, Immersive Sim, Detective, Dystopian, Survival, Lovecraftian, Difficult, Open World","In this psychological horror game, you are a doctor with only 12 days to save a town from a mysterious plague. Make ruthless decisions and diagnose with precision. Shape the town's future and rewrite the past. Hold yourself together while it all falls apart."
Zero Escape: The Nonary Games,https://store.steampowered.com/app/477740/Zero_Escape_The_Nonary_Games/?snr=1_7_7_240_150_8,"Visual Novel, Story Rich, Puzzle, Mystery, Choices Matter, Multiple Endings, Psychological Horror, Anime, Adventure, Escape Room, Sci-fi, Atmospheric, Great Soundtrack, Singleplayer, Point & Click, Horror, Gore, Detective, Violent, Time Travel","Kidnapped and taken to an unfamiliar location, nine people find themselves forced to participate in a diabolical Nonary Game by an enigmatic mastermind called Zero. Why were they there? Why were they chosen to put their lives on the line? And more importantly, who can be trusted?"
Zombie Army 4: Dead War,https://store.steampowered.com/app/694280/Zombie_Army_4_Dead_War/?snr=1_7_7_240_150_8,"Zombies, Action, Shooter, Multiplayer, Co-op, Third-Person Shooter, Singleplayer, Third Person, Gore, Adventure, Horror, Sniper, PvE, World War II, Violent, Alternate History, Combat, Dark, Demons, Open World","Hitler’s hordes are back for more in this spine-chilling shooter from the makers of Sniper Elite 4! Abominable occult enemies, epic weapons and a harrowing new campaign for 1-4 players await in 1940s Europe, as you fight to save humankind from undead Armageddon!"
The Complex: Expedition,https://store.steampowered.com/app/2172260/The_Complex_Expedition/?snr=1_7_7_240_150_8,"Horror, Exploration, Realistic, Singleplayer, Psychological Horror, Story Rich, Action, Mystery, Adventure, Cinematic, Simulation, Immersive Sim, First-Person, 3D, 1990's, Atmospheric, Thriller, Open World, Walking Simulator, Multiplayer","When a routine expedition into The Complex goes horribly wrong, you're left alone and lost, wandering the seemingly infinite maze of hallways, otherwise known as the Backrooms. Might there be something following you?"
Iron Lung,https://store.steampowered.com/app/1846170/Iron_Lung/?snr=1_7_7_240_150_8,"Horror, Atmospheric, Psychological Horror, Submarine, Underwater, Indie, Short, Pixel Graphics, Minimalist, First-Person, Adventure, Sci-fi, Abstract, 3D, Exploration, Walking Simulator, Dark, Mystery, Dystopian, Surreal",A short horror game where you pilot a tiny submarine through an ocean of blood on an alien moon.
Dawn Break,https://store.steampowered.com/app/3470610/Dawn_Break/?snr=1_7_7_240_150_8,"Female Protagonist, Action, Sexual Content, Third-Person Shooter, Nudity, RPG, Zombies, Adventure, Sci-fi, 3D, Indie, Shooter, Combat, Singleplayer, Drama, Gore, Violent, Horror, Third Person, Mature","In 2039, tsunamis of varying degrees occurred all over the world, and multiple small black holes inexplicably appeared in the sky, ruthlessly devouring the world. At first, scientists believed that this phenomenon was a common natural disaster, until one day, a test report shocked the world."
FEROCIOUS,https://store.steampowered.com/app/1645630/FEROCIOUS/?snr=1_7_7_240_150_8,"Military, Dinosaurs, Singleplayer, Survival, Action, FPS, Exploration, Shooter, Atmospheric, Action-Adventure, 3D, First-Person, Lore-Rich, Nature, Adventure, Realistic, Tactical, Stealth, Horror, Sandbox","Immerse yourself in a survival FPS adventure. Stranded on a dangerous island, face mercenaries, dinosaurs, and a vibrant yet hostile ecosystem. Explore breathtaking environments and survive the onslaught of intense, fast-paced encounters."
The Song of Saya,https://store.steampowered.com/app/702050/The_Song_of_Saya/?snr=1_7_7_240_150_8,"Visual Novel, Psychological Horror, Gore, Sexual Content, Lovecraftian, Horror, Nudity, Romance, Story Rich, Anime, Dark, Great Soundtrack, Multiple Endings, Atmospheric, Cute, Adventure, Cult Classic, Singleplayer, Hentai, Simulation","Bear witness to a love that will change the world, in this classic horror romance visual novel from acclaimed writer Urobuchi Gen."
Phoenix Point,https://store.steampowered.com/app/839770/Phoenix_Point/?snr=1_7_7_240_150_8,"Tactical, Turn-Based Strategy, Grand Strategy, RPG, Strategy, Procedural Generation, Third-Person Shooter, Perma Death, PvE, Aliens, Character Customization, Post-apocalyptic, Third Person, Isometric, Horror, First-Person, Tutorial, Tactical RPG, Transhumanism, 3D","The acclaimed strategy game from the creator of X-COM. Fight tactical battles on procedural maps against a foe that adapts to your tactics. Manage diplomacy and economy on a global scale. Research, explore, overcome. Now includes Steam Workshop support for mods!"
LISA: The Painful,https://store.steampowered.com/app/335670/LISA_The_Painful/?snr=1_7_7_240_150_8,"Dark Humor, RPG, Story Rich, Post-apocalyptic, RPGMaker, Psychological Horror, Indie, Choices Matter, Pixel Graphics, Dark, Party-Based RPG, JRPG, Adventure, Singleplayer, 2D, Funny, Horror, Atmospheric, Comedy, Side Scroller",The miserable journey of a broken man...
Obenseuer,https://store.steampowered.com/app/951240/Obenseuer/?snr=1_7_7_240_150_8,"Indie, Survival, RPG, Life Sim, Early Access, Management, Dystopian, Strategy RPG, Adventure, Building, Mystery, Open World, Hidden Object, Singleplayer, Investigation, Resource Management, Horror, Controller, Narration, 3D","Obenseuer is an urban survival RPG game, where you become a property manager of a rundown unfinished tenement building, in an isolated quarantine district of Obenseuer. Maintain and upgrade your tenement for rent, uncover the secrets of this infamous district and grow your wealth with your craft."
Fears to Fathom - Woodbury Getaway,https://store.steampowered.com/app/2961530/Fears_to_Fathom__Woodbury_Getaway/?snr=1_7_7_240_150_8,"Psychological Horror, Adventure, Horror, First-Person, Casual, Atmospheric, 1990's, Walking Simulator, Exploration, Crime, Mystery, Singleplayer, Female Protagonist, Conversation, Indie, Driving, Episodic, Fishing, Multiplayer, Co-op","Sydney Harper, a 23-year-old working at a consulting firm plans a weekend getaway to a Woodbury rental with her college friends. Little did she know what was about to unfold during their stay."
Zort,https://store.steampowered.com/app/3121110/Zort/?snr=1_7_7_240_150_8,"Early Access, Horror, Online Co-Op, Co-op, Funny, Psychological Horror, First-Person, PvE, Atmospheric, Action, Realistic, Action-Adventure, Adventure, Cinematic, FPS, 3D, Multiplayer, Linear, Artificial Intelligence, Team-Based","Zort is an action, adventure, and horror game that can be played with up to 4 people. Explore maps with your friends and have fun while escaping from various creatures. Experience a realistic horror experience with in-game voice chat with your friends!"
Unknown,https://store.steampowered.com/app/893180/Catherine_Classic/?snr=1_7_7_240_150_8,,No description
Unknown,https://store.steampowered.com/app/362680/Fran_Bow/?snr=1_7_7_240_150_8,,No description
Nine-Ball Roulette,https://store.steampowered.com/app/3376250/NineBall_Roulette/?snr=1_7_7_240_150_8,"Multiplayer, Pool, Dark, Horror, Simulation, Online Co-Op, Casual, PvP, Tabletop, 3D, Co-op, Funny, Indie, First-Person, Gambling, Sports, FPS, Gore, RPG, Early Access",This will be the most thrilling pool game you have ever played. Join up to 3 of your friends in this exciting pool roulette game! Eliminate each other with pool until only one person is left.
Hell Clock,https://store.steampowered.com/app/1782460/Hell_Clock/?snr=1_7_7_240_150_8,"Action RPG, Stylized, Hack and Slash, Roguelike, Dark Fantasy, Dungeon Crawler, Action Roguelike, Loot, Alternate History, Perma Death, RPG, Action, 3D, Isometric, Horror, Story Rich, Singleplayer, Historical, Hand-drawn, Roguelite",Forge powerful builds with endless loot in this relentless combination of Roguelike and ARPG. Blast through dungeons and unleash inhuman powers in a dark fantasy twist on Brazil’s War of Canudos.
CONSCRIPT: Director’s Cut,https://store.steampowered.com/app/1286990/CONSCRIPT_Directors_Cut/?snr=1_7_7_240_150_8,"Survival Horror, World War I, Horror, Pixel Graphics, Atmospheric, Isometric, Top-Down, Inventory Management, Psychological Horror, Historical, Action-Adventure, War, Military, Multiple Endings, Dark, Alternate History, Survival, 2D, Exploration, Adventure","During the First World War, a lone French soldier must navigate twisted trenches, scavenge for limited supplies and solve complex puzzles—all whilst fighting for survival in the midst of mankind’s most brutal and horrifying conflict. CONSCRIPT is a new historical take on classic survival horror."
The Past Within,https://store.steampowered.com/app/1515210/The_Past_Within/?snr=1_7_7_240_150_8,"Co-op, Puzzle, Online Co-Op, Multiplayer, Escape Room, Horror, Mystery, Point & Click, Adventure, Indie, Psychological Horror, Local Co-Op, Story Rich, Atmospheric, Asynchronous Multiplayer, Local Multiplayer, Thriller, 2D, Surreal, 3D","The Past Within is the new co-op experience from Rusty Lake! Play together with someone you deem trustworthy: one in The Past, the other in The Future. Observe and communicate what you see around you. Solve the puzzles and uncover Albert Vanderboom’s plan."
Lunacid,https://store.steampowered.com/app/1745510/Lunacid/?snr=1_7_7_240_150_8,"Dungeon Crawler, Dark Fantasy, First-Person, RPG, Retro, Atmospheric, Souls-like, Action RPG, Singleplayer, Indie, Horror, Metroidvania, 3D, Stylized, Open World, Combat, PvE, Violent, Gore, Great Soundtrack","Cast into the Great Well, unwanted by the world above. You delve the dark in search of the Old One, your last salvation. Lunacid is a dark fantasy dungeon crawler inspired by Shadow Tower and King’s Field."
Dark Deception,https://store.steampowered.com/app/332950/Dark_Deception/?snr=1_7_7_240_150_8,"Horror, Free to Play, Multiplayer, Singleplayer, First-Person, Psychological Horror, Runner, Survival Horror, Indie, Action, Survival, Dark Humor, Adventure, Story Rich, Arcade, RPG, Multiple Endings, Cinematic, Dark, Difficult","Death awaits you in Dark Deception, a story-driven first-person horror maze game. There's nowhere to hide & nowhere to catch your breath. Run or die - it's your choice. Trapped in a realm of nightmarish mazes with a mysterious woman, your only hope of survival is to find a way to escape."
Five Nights at Freddy's: Into the Pit,https://store.steampowered.com/app/2638370/Five_Nights_at_Freddys_Into_the_Pit/?snr=1_7_7_240_150_8,"Horror, Pixel Graphics, Adventure, 2D, Singleplayer, Exploration, 1980s, Time Travel, Multiple Endings, Action, Indie, Point & Click, Dark, Alternate History, Atmospheric, Survival Horror, LGBTQ+, 1990's, Side Scroller, Psychological Horror","Survive five nights of terror in this chilling adventure game. Travel between time periods to solve puzzles, gather clues, and outrun the threat relentlessly pursuing you. Move swiftly and stay hidden, and you may just survive. But be careful—it's not just your own life that’s on the line this time."
Nubby's Number Factory,https://store.steampowered.com/app/3191030/Nubbys_Number_Factory/?snr=1_7_7_240_150_8,"Roguelike, Strategy, Arcade, Surreal, Singleplayer, Psychological Horror, Stylized, Deckbuilding, Indie, 2D, Retro, Addictive, Satire, Mouse Only, Roguelite, Gambling, Casual, 1990's, Horror, Hentai","A plinko-style roguelike where you work at a number factory. Launch your spherical friend, Nubby, down a pegboard to make bigger and bigger numbers! But beware, if you fail to meet your number quota, the sun will explode."
Secret Neighbor: Hello Neighbor Multiplayer,https://store.steampowered.com/app/859570/Secret_Neighbor_Hello_Neighbor_Multiplayer/?snr=1_7_7_240_150_8,"Multiplayer, Horror, Online Co-Op, PvP, Co-op, Cartoony, Survival Horror, First-Person, Stealth, Adventure, Family Friendly, Mystery, Colorful, Funny, Action, Indie, Puzzle, Thriller, Casual, Comedy",Hello Neighbor Multiplayer. Secret Neighbor is a Multiplayer Social Horror Game where a group of intruders try to rescue their friend from the Neighbor's creepy basement. Only problem is one of the intruders is the Neighbor in disguise.
UMIGARI | ウミガリ,https://store.steampowered.com/app/3772960/UMIGARI/?snr=1_7_7_240_150_8,"Fishing, Exploration, Horror, Hunting, Sailing, Lovecraftian, Survival Horror, FPS, First-Person, 3D, Inventory Management, Mythology, Immersive Sim, Psychological Horror, Shooter, Surreal, Nonlinear, Open World, Post-apocalyptic, Story Rich","UMIGARI is a first-person harpoon fishing game set in the foggy waters off the coast of Japan. Hunt fish with your harpoon, sell your catch, buy fuel, and upgrade your gear. Alone at sea, the more you explore, the stranger the fish become."
Summer’s Heartbeat,https://store.steampowered.com/app/4179020/Summers_Heartbeat/?snr=1_7_7_240_150_8,"Romance, Choose Your Own Adventure, Sexual Content, Dating Sim, FMV, Immersive Sim, RPG, Visual Novel, Interactive Fiction, Simulation, First-Person, Adventure, Horror, Female Protagonist, Relaxing, Multiple Endings, Choices Matter, Nudity, Story Rich, Emotional","Village romance hotter than summer's heat! Drowning in debt, you escape to the countryside only to meet the loan shark noona, your first love, and the tsundere village princess! This summer, your heart’s melting faster than ice cream. Who’s going to set your world on fire?"
We Were Here Too,https://store.steampowered.com/app/677160/We_Were_Here_Too/?snr=1_7_7_240_150_8,"Online Co-Op, Escape Room, Puzzle, Co-op, Horror, Multiplayer, Investigation, Action-Adventure, First-Person, Atmospheric, Adventure, Multiple Endings, Co-op Campaign, Mystery, Psychological Horror, Linear, Casual, Dark, Immersive, Indie","As your final hour approaches, a large structure looms up in the distance, towering above the relentless storm. Discover the truth behind this dark castle in a communication-based, cooperative puzzle adventure."
Unknown,https://store.steampowered.com/app/265550/Dead_Rising_3_Apocalypse_Edition/?snr=1_7_7_240_150_8,Gore,No description
Unknown,https://store.steampowered.com/app/1016800/Chernobylite_Complete_Edition/?snr=1_7_7_240_150_8,,No description
Lorelei and the Laser Eyes,https://store.steampowered.com/app/2008920/Lorelei_and_the_Laser_Eyes/?snr=1_7_7_240_150_8,"Puzzle, Adventure, Exploration, Action, Horror, Mystery, Stylized, Action-Adventure, Indie, 3D, Psychological, Dark Fantasy, Story Rich, Female Protagonist, Singleplayer, Noir","The stage is set. Imagine an old baroque manor, perhaps a hotel or a museum, somewhere in central Europe. A woman wanders in search of answers."
Empire of the Ants,https://store.steampowered.com/app/2287330/Empire_of_the_Ants/?snr=1_7_7_240_150_8,"Wargame, Real Time Tactics, Sandbox, PvE, PvP, RTS, Grand Strategy, RPG, Strategy, Third Person, 3D, Horror, Narration, Story Rich, Realistic, Tactical, Nature, Survival, War, Resource Management","Conquer enemy nests and lead your colony through the perils of the forest in this groundbreaking RTS. Empire of the Ants is a photorealistic, third-person real-time strategy game where you command your insect legions in epic battles."
KILL IT WITH FIRE! 2,https://store.steampowered.com/app/2357000/KILL_IT_WITH_FIRE_2/?snr=1_7_7_240_150_9,"Online Co-Op, Sci-fi, Co-op, Multiplayer, Comedy, 3D, Physics, Casual, Funny, Horror, Action-Adventure, Adventure, Action, Simulation, Exploration, PvE, First-Person, Singleplayer, Dark Humor, Family Friendly","KILL IT WITH FIRE! 2 is the ultimate co-op spider-hunting experience! Either solo or as a team of Exterminators, unleash an arsenal of crazy weapons, wreak havoc, and complete dozens of challenges across seven dimensions under spider siege."
Killer Frequency,https://store.steampowered.com/app/1903620/Killer_Frequency/?snr=1_7_7_240_150_9,"Horror, Adventure, Puzzle, Interactive Fiction, 1980s, Simulation, First-Person, Walking Simulator, Atmospheric, Exploration, Story Rich, Investigation, Singleplayer, Dark Comedy, Funny, America, Comedy, Choices Matter, Emotional, Multiple Endings","Killer Frequency is a first-person horror puzzle game set in 1987, that puts you in the role of a late-night radio talk show host in small town America whose callers are being stalked by a mysterious killer."
Book of Yog Idle RPG,https://store.steampowered.com/app/1097430/Book_of_Yog_Idle_RPG/?snr=1_7_7_240_150_9,"Sexual Content, Anime, Hentai, Hack and Slash, Loot, Strategy, PvP, Idler, Clicker, Visual Novel, Free to Play, Indie, Cute, NSFW, Horror, Nudity, Mature, Deckbuilding, Female Protagonist, Multiplayer","The Book of Yog is a 3D idle RPG game presented with a Cel-Shading art style. You can rally heroes, develop the kingdom and explore the secrets of a lost world. Dozens of heroes, hundreds of skills, thousands of loot for you to combine freely. Come to embark on a journey to build the strongest team!"
It Has My Face,https://store.steampowered.com/app/2506530/It_Has_My_Face/?snr=1_7_7_240_150_9,"Psychological Horror, Action Roguelike, Atmospheric, Singleplayer, Procedural Generation, Multiplayer, Stealth, Roguelite, First-Person, Horror, Survival Horror, Gore, Shooter, Pixel Graphics, Social Deduction, PvP, Psychological, Immersive Sim, Roguelike, FPS","IT HAS YOUR FACE. Now it wants your life. Hide, seek, and try to kill your clone in this deceptively simple first-person horror roguelite."
KinitoPET,https://store.steampowered.com/app/2075070/KinitoPET/?snr=1_7_7_240_150_9,"Psychological Horror, Horror, Indie, Retro, 2D, Immersive Sim, Multiple Endings, Story Rich, 1990's, Artificial Intelligence, Pixel Graphics, Visual Novel, Singleplayer, Linear, Psychological, Conversation, Simulation, Narration, 3D, Casual","KinitoPET is a psychological horror experience that takes place through Kinito, an early 2000s virtual assistant. Kinito is able to walk, talk, browse, adapt, and play games as Kinito is like no other with its adaptive technology!"
Deadzone: Rogue - Operative Pack,https://store.steampowered.com/app/3897660/Deadzone_Rogue__Operative_Pack/?snr=1_7_7_240_150_9,"Roguelike, PvE, Online Co-Op, FPS, Roguelite, Action, Dungeon Crawler, Horror, Looter Shooter, First-Person, Post-apocalyptic, Shooter, Action Roguelike, Atmospheric, Zombies, Sci-fi, Loot, Dark, 3D, Futuristic",No description
SIDE EFFECTS,https://store.steampowered.com/app/3799100/SIDE_EFFECTS/?snr=1_7_7_240_150_9,"Strategy, Gambling, Dark, Horror, 3D, Multiplayer, First-Person, Psychological, Surreal, Indie, Psychological Horror, PvP, PvE, Singleplayer, Turn-Based Tactics, Thriller, Multiple Endings, Co-op",A twisted trial of pill roulette for up to 4 players (solo or online). Pick your poison. Use experimental items to shift the odds. And remember: only one of you can survive.
Waltz of the Wizard,https://store.steampowered.com/app/1094390/Waltz_of_the_Wizard/?snr=1_7_7_240_150_9,"Simulation, Magic, VR, Action, Combat, Atmospheric, Sandbox, Fantasy, Horror, Indie, Action-Adventure, Exploration, Comedy, First-Person, Immersive, Physics, Singleplayer, Dark Fantasy, Dark Humor, Adventure","Waltz of the Wizard is a wizard simulator where you find yourself in a fantastical realm filled with spells, secrets and some pretty strange characters."
Silly Polly Beast,https://store.steampowered.com/app/1598780/Silly_Polly_Beast/?snr=1_7_7_240_150_9,"Female Protagonist, Combat, Survival Horror, Story Rich, Demons, Anime, Shooter, Singleplayer, Dark, Top-Down Shooter, Spectacle fighter, Stylized, Action-Adventure, Drama, Atmospheric, Horror, Adventure, Action, 3D, Gore","An otherworldly, story-driven shooter with aggressive gunfights and terrifying monsters awaits you. This is the story of a girl who, by the will of fate, faced the beast - and in order to become free, she was forced to study its nature. How far can you go in the fight for your freedom?"
DUSK,https://store.steampowered.com/app/519860/DUSK/?snr=1_7_7_240_150_9,"Boomer Shooter, FPS, Retro, Shooter, Fast-Paced, Old School, Horror, First-Person, Great Soundtrack, Lovecraftian, 1990's, Action, Singleplayer, Dark Humor, Classic, Atmospheric, Blood, Arena Shooter, Level Editor, PvP","Battle through an onslaught of mystical backwater cultists, possessed militants & even darker forces as you attempt to discover just what lurks beneath the Earth in this retro FPS inspired by the '90s legends."
Pacify,https://store.steampowered.com/app/967050/Pacify/?snr=1_7_7_240_150_9,"Horror, Online Co-Op, Multiplayer, Psychological Horror, Co-op, Survival Horror, Exploration, First-Person, Supernatural, Dark, Sci-fi, Procedural Generation, Demons, Mystery, Action-Adventure, PvE, Thriller, Atmospheric, Adventure, Time Management","There is reportedly an evil inside that house. Something about an old funeral parlor offering a last chance to talk to their dead loved ones. Plus something about lights, laughter, a girl, missing people, etc... You know the same stuff everyone claims. Take a team, and check the place out."
Rising Storm 2: Vietnam,https://store.steampowered.com/app/418460/Rising_Storm_2_Vietnam/?snr=1_7_7_240_150_9,"FPS, Wargame, Military, Cold War, Massively Multiplayer, War, Immersive Sim, PvP, Historical, First-Person, Gore, Horror, Realistic, Team-Based, Action, Vehicular Combat, Simulation, Tactical, Multiplayer, Atmospheric","Red Orchestra Series' take on Vietnam: 64-player MP matches; 20+ maps; US Army & Marines, PAVN/NVA, NLF/VC; Australians and ARVN forces; 50+ weapons; 4 flyable helicopters; mines, traps and tunnels; Brutal. Authentic. Gritty. Character customization. And napalm in the morning."
Unknown,https://store.steampowered.com/app/960990/Beyond_Two_Souls/?snr=1_7_7_240_150_9,Violent,No description
Unheard - Voices of Crime,https://store.steampowered.com/app/942970/Unheard__Voices_of_Crime/?snr=1_7_7_240_150_9,"Detective, Puzzle, Mystery, Indie, RPG, Simulation, Story Rich, Horror, Singleplayer, Atmospheric, Investigation, Point & Click, 2D, Top-Down, Crime, Short, Psychological Horror, Co-op",What if you could hear every word spoken at the scene of a crime? “Acoustic Detectives” wanted for testing our new device! Return aurally to crime scenes and use the voices you hear to identify potential suspects and solve the mysteries. What is it that’s connecting these seemingly unrelated cases?
The Medium,https://store.steampowered.com/app/1293160/The_Medium/?snr=1_7_7_240_150_9,"Adventure, Horror, Female Protagonist, Psychological Horror, Atmospheric, Story Rich, Third Person, Dark, Singleplayer, Sexual Content, Mature, Great Soundtrack, Psychological, Walking Simulator, Violent, Gore, Puzzle, Action, Indie, Soundtrack","A third‑person psychological horror game where you explore both the real world and the spirit realm. As a medium drawn to a deserted resort, you’ll uncover dark secrets, confront echoes of trauma, and face the consequences of seeing more than one truth."
Whisper Mountain Outbreak,https://store.steampowered.com/app/1953230/Whisper_Mountain_Outbreak/?snr=1_7_7_240_150_9,"Early Access, Survival Horror, Online Co-Op, Isometric, 2.5D, Zombies, Tactical, Action Roguelike, Horror, Investigation, PvE, Pixel Graphics, Lovecraftian, Extraction Shooter, Twin Stick Shooter, Top-Down Shooter, Exploration, Puzzle, Co-op, Multiplayer","Escape room meets co-op survival horror. The year is 1998, and an ancient curse has been unleashed, trapping everyone on Mount Bisik. Alone or with up to 4 players, you must explore, find clues, figure out a way to escape...and survive the horror."
Bogos Binted?,https://store.steampowered.com/app/3588490/Bogos_Binted/?snr=1_7_7_240_150_9,"Casual, Multiplayer, Simulation, Strategy, PvP, Card Game, Board Game, Tabletop, FPS, 3D, First-Person, Dark, Funny, Horror, Gambling, Co-op, Online Co-Op, Gore, Puzzle, Party Game","Welcome to a sinful night with the galaxy’s wackiest aliens. Play twisted tabletop games with up to 4 players, devise brilliant strategies, bluff your way to victory, and try not to lose your head - literally."
The Coma 3: Bloodlines,https://store.steampowered.com/app/3885590/The_Coma_3_Bloodlines/?snr=1_7_7_240_150_9,"Adventure, Horror, Action, Survival Horror, Lovecraftian, Action-Adventure, Psychological Horror, 2D, Mystery, Story Rich, Singleplayer, Dark, Exploration, Indie, Gore, Lore-Rich, Puzzle, Survival, Visual Novel, Violent","Welcome to the world of The Coma 3: Bloodlines. In this realm of shadows rumors and urban legends become reality, and danger lurks around every corner. If a living intruder dies here, their body will be severed from their spirit and never wake again ..."
Unknown,https://store.steampowered.com/app/115320/Prototype_2/?snr=1_7_7_240_150_9,"Gore, Violent",No description
Little Goody Two Shoes,https://store.steampowered.com/app/1812370/Little_Goody_Two_Shoes/?snr=1_7_7_240_150_9,"Adventure, Horror, RPG, LGBTQ+, Dating Sim, Exploration, 2D, Choices Matter, Multiple Endings, Female Protagonist, Mystery, Singleplayer, Time Management, Story Rich, Romance, Anime, Controller, 1990's, Resource Management, Puzzle","Venture into the woods as you play Little Goody Two Shoes, a phantasmagorical horror narrative adventure where all your decisions matter!"
The Outlast Trials - Sweet Release Pack,https://store.steampowered.com/app/3518320/The_Outlast_Trials__Sweet_Release_Pack/?snr=1_7_7_240_150_9,"Horror, Multiplayer, Co-op, Survival Horror, Psychological Horror, First-Person, PvE, Character Customization, Stealth, Action, Action-Adventure, Survival, Dark Humor, Dark, Alternate History, Realistic, Atmospheric, Adventure, Science, Management",No description
PROJECT: PLAYTIME,https://store.steampowered.com/app/1961460/PROJECT_PLAYTIME/?snr=1_7_7_240_150_9,"Multiplayer, Horror, Survival Horror, Online Co-Op, Puzzle, Team-Based, Romance, 3D, Free to Play, First-Person, Character Customization, Cute, Dark, Psychological Horror, Action, Lore-Rich, Atmospheric, Early Access, Exploration, Third Person",PROJECT: PLAYTIME is a Free-to-Play multiplayer horror game where six players attempt to create one giant toy while surviving a terrifying monster that roams the toy factory. A seventh player controls the monster and is given only one goal: Find and kill everyone.
Cabernet,https://store.steampowered.com/app/2401410/Cabernet/?snr=1_7_7_240_150_9,"Singleplayer, Female Protagonist, Vampire, Choices Matter, Story Rich, Simulation, Horror, Visual Novel, Multiple Endings, Choose Your Own Adventure, Romance, Psychological Horror, Dating Sim, Dark Fantasy, Stylized, Interactive Fiction, Point & Click, RPG, Hand-drawn, 2D","Cabernet is a 2D narrative RPG set in a 19th century Eastern European inspired world, with a modern twist. Guide Liza, a young vampire in her new unlife among the unsuspecting townsfolk. Will you retain your humanity or descend further into the horror you have become?"
Deadzone: Rogue - MARK II Pack,https://store.steampowered.com/app/4208730/Deadzone_Rogue__MARK_II_Pack/?snr=1_7_7_240_150_9,"Roguelike, FPS, Online Co-Op, PvE, Roguelite, Looter Shooter, Action, Horror, Dungeon Crawler, First-Person, Shooter, Post-apocalyptic, Action Roguelike, Atmospheric, Zombies, Sci-fi, Loot, Dark, 3D, Futuristic",No description
Eclipsium,https://store.steampowered.com/app/2419670/Eclipsium/?snr=1_7_7_240_150_9,"Walking Simulator, Surreal, Psychological Horror, Psychedelic, Pixel Graphics, Silent Protagonist, FMV, Horror, Stylized, Exploration, Puzzle, Adventure, Retro, Mystery, Thriller, Lovecraftian, Atmospheric, Singleplayer, First-Person, Dark","Longing for light, a sunless world begins devouring itself. Every step shifts the landscape beneath you as you search for what remains of her."
Angel Engine,https://store.steampowered.com/app/4173750/Angel_Engine/?snr=1_7_7_240_150_9,"Survival Horror, Resource Management, Time Management, Quick-Time Events, Psychological Horror, Puzzle, Horror, Difficult, First-Person, Simulation, Medical Sim, Story Rich, 3D, Point & Click, Jump Scare, Thriller, Singleplayer, Atmospheric, Demons, Supernatural","Cage an angel. Ransack Heaven. In a far-flung dystopian future, the Angel Engine Initiative carries on as the last hope for humanity. Seal yourself in your operating room, perform surgery on comatose test subjects, and pray you make it out alive."
Unknown,https://store.steampowered.com/app/750381/Dead_by_Daylight__The_Saw_Chapter/?snr=1_7_7_240_150_9,"Gore, Violent",No description
Murky Divers,https://store.steampowered.com/app/2963880/Murky_Divers/?snr=1_7_7_240_150_9,"Multiplayer, Horror, Funny, First-Person, Online Co-Op, Underwater, Psychological Horror, Exploration, Survival Horror, Dungeon Crawler, Procedural Generation, Time Management, Loot, Sci-fi, PvE, Character Customization, Atmospheric, Action-Adventure, Mystery, Action","Solo or up to 8 players. Get rid of your employer's failed experiments in abandoned underwater labs. Navigate your submarine, avoid abyssal terrors, and remove all corpses."
The Classrooms,https://store.steampowered.com/app/2099110/The_Classrooms/?snr=1_7_7_240_150_9,"Early Access, Psychological Horror, Procedural Generation, Exploration, Surreal, 1990's, Survival Horror, Atmospheric, First-Person, Horror, 1980s, Cinematic, Mystery Dungeon, 3D, Dark, Investigation, Demons, Mystery, Adventure, Action","The Classrooms is a procedural, liminal-space, found-footage, survival horror game. Explore The Classrooms and discover the various anomalies it contains; from malicious entities, to harmless oddities. And remember, it's different every time you play, so your found footage is uniquely yours."
Vampire Therapist,https://store.steampowered.com/app/2481020/Vampire_Therapist/?snr=1_7_7_240_150_9,"Visual Novel, LGBTQ+, Dark Comedy, Historical, Choose Your Own Adventure, 2D, Alternate History, Funny, Dark Humor, Story Rich, Horror, Lore-Rich, Vampire, Casual, Simulation, Dark Fantasy, Gothic, Philosophical, Atmospheric, Comedy","Guide vampires through centuries of emotional baggage, decades of delusions and the odd bout of self-loathing with real cognitive behavioral therapy concepts and become a Vampire Therapist! Even vampires need a shoulder to cry on when a neck to bite just won’t do."
Unknown,https://store.steampowered.com/app/2469400/Dead_by_Daylight__Nicolas_Cage_Chapter_Pack/?snr=1_7_7_240_150_9,"Violent, Gore",No description
Little Misfortune,https://store.steampowered.com/app/714120/Little_Misfortune/?snr=1_7_7_240_150_9,"Psychological Horror, Point & Click, Indie, Story Rich, Choices Matter, Adventure, Horror, Female Protagonist, Singleplayer, Cute, Dark Humor, Dark, Atmospheric, 2D, Funny, Interactive Fiction, Dark Fantasy, Casual, Puzzle, Great Soundtrack","Led by her new friend, Mr. Voice, Misfortune ventures into the woods, where mysteries are unraveled and a little bad luck unfolds."
Unknown,https://store.steampowered.com/app/2661270/Dead_by_Daylight__All_Things_Wicked_Chapter/?snr=1_7_7_240_150_9,"Violent, Gore",No description
Hidden Deep,https://store.steampowered.com/app/976890/Hidden_Deep/?snr=1_7_7_240_150_9,"Early Access, Shooter, Physics, 2D Platformer, Aliens, Action, Horror, Dark, 2D, Thriller, Mystery, Puzzle, Action-Adventure, Multiplayer, Co-op, Sci-fi, Exploration, Mining, Singleplayer, Nostalgia","Hidden Deep is an atmospheric sci-fi action game heavily inspired by Aliens, The Thing, and Half-Life. Explore, climb, swim, scan, blast and shoot your way through dangerous missions in a huge sub oceanic mining and research facility. Fear the horrors that lurk below…"
ODDCORE,https://store.steampowered.com/app/2896260/ODDCORE/?snr=1_7_7_240_150_9,"Early Access, Roguelike, Arena Shooter, Retro, FPS, Boomer Shooter, Shoot 'Em Up, Bullet Hell, Shooter, Arcade, Action Roguelike, Action, Runner, First-Person, Perma Death, 3D, Horror, PvE, Singleplayer, Cartoony","You have only 5 minutes to stylishly explode your way through the hordes of corrupted entities in a retro FPS, roguelike liminal-nightmare... and Timmee is here to help!"
Unknown,https://store.steampowered.com/app/207610/The_Walking_Dead/?snr=1_7_7_240_150_9,,No description
PIGFACE,https://store.steampowered.com/app/3341650/PIGFACE/?snr=1_7_7_240_150_9,"Shooter, Fast-Paced, FPS, Immersive Sim, First-Person, Female Protagonist, Horror, Action-Adventure, 3D, Gore, Action, Retro, Tactical, 1990's, Combat, Singleplayer, Violent, Indie, Mature, Early Access","You wake up with an explosive headache in a pool of your own blood. You're Exit, a terrible woman whose awful past has finally caught up to her. Fulfill contracts for the people who drilled into your skull — guns-blazing, slow and tactical — it doesn’t matter. They know you’ll do whatever it takes."
Deep Rock Galactic - Skullcrusher Pack,https://store.steampowered.com/app/3481460/Deep_Rock_Galactic__Skullcrusher_Pack/?snr=1_7_7_240_150_9,"Dwarf, Co-op, PvE, FPS, Procedural Generation, Class-Based, Shooter, Exploration, First-Person, Loot, Sci-fi, Action, Space, Atmospheric, Looter Shooter, Combat, Survival, Horror, Dark, Action Roguelike",No description
The Outlast Trials - Reagent Starter Pack,https://store.steampowered.com/app/2328320/The_Outlast_Trials__Reagent_Starter_Pack/?snr=1_7_7_240_150_9,"Horror, Multiplayer, Co-op, Survival Horror, Psychological Horror, First-Person, Action, PvE, Character Customization, Stealth, Action-Adventure, Survival, Dark Humor, Adventure, Alternate History, Dark, Realistic, Atmospheric, Science, Management",No description
Wonderful Everyday Down the Rabbit-Hole,https://store.steampowered.com/app/658620/Wonderful_Everyday_Down_the_RabbitHole/?snr=1_7_7_240_150_9,"Visual Novel, Psychological Horror, Philosophical, Story Rich, Sexual Content, Violent, Anime, Mystery, Nudity, Female Protagonist, Psychological, Gore, Horror, Romance, Singleplayer, Atmospheric, Adventure, Choices Matter, Casual, Cute","Wonderful Everyday is a visual novel with multiple routes which develops a story based on a few concepts: ""the sky and the world"", ""the beginning and the end"", ""literature and science"", ""savior and hero"", ""brother and sister""."
Unknown,https://store.steampowered.com/app/3024580/Dead_by_Daylight__Tomb_Raider_Chapter/?snr=1_7_7_240_150_9,"Violent, Gore",No description
No Players Online,https://store.steampowered.com/app/2701800/No_Players_Online/?snr=1_7_7_240_150_9,"Horror, Story Rich, Simulation, Adventure, Atmospheric, Interactive Fiction, FPS, Retro, Abstract, Puzzle, Singleplayer, Psychological Horror, Walking Simulator, Immersive Sim, Supernatural, 3D, First-Person, Game Development, 1980s, Hacking",you find an abandoned fps game on an old computer. you decide to play it.
Psychopomp GOLD,https://store.steampowered.com/app/3243190/Psychopomp_GOLD/?snr=1_7_7_240_150_9,"Psychological Horror, Surreal, Atmospheric, Female Protagonist, Dungeon Crawler, Adventure, Psychological, Anime, First-Person, Cute, Survival Horror, Horror, Action-Adventure, Supernatural, Singleplayer, Indie, Combat, Action, Psychedelic, Sexual Content","Psychopomp is BACK. The catacombs stretch down farther than ever before. Your entire life has been a lie. Delve into the depths, and discover the horrors that lie below. More realms, more modes, more secrets. An ancient voice calls to you from the center of the earth. Will you answer it?"
OFF,https://store.steampowered.com/app/3339880/OFF/?snr=1_7_7_240_150_9,"RPG, Pixel Graphics, Story Rich, RPGMaker, 2D, Psychological Horror, Indie, Singleplayer, Surreal, Great Soundtrack, JRPG, Baseball, Cats, Puzzle, Combat, Atmospheric, Cult Classic, Multiple Endings, Horror, Dark","“I’m the Batter. I’ve been entrusted with a sacred mission.” -- One of the most influential RPGs of the last 20 years is finally coming to Steam. Take control of the Batter as he seeks to purify an uncanny and hopeless world haunted by specters, guided by a cryptic, grinning cat called The Judge."
Platform 8,https://store.steampowered.com/app/2903560/Platform_8/?snr=1_7_7_240_150_9,"Psychological Horror, Adventure, Walking Simulator, Simulation, Puzzle, Hidden Object, Exploration, Immersive Sim, First-Person, 3D, Realistic, Cinematic, Horror, Dark, Stealth, Mystery, Modern, Funny, Surreal, Atmospheric",You are trapped on a train that runs forever. Keep an eye out for anomalies and find a way out.
Urban Myth Dissolution Center,https://store.steampowered.com/app/2089600/Urban_Myth_Dissolution_Center/?snr=1_7_7_240_150_9,"Visual Novel, Psychological Horror, Adventure, Pixel Graphics, Singleplayer, 2D, Mystery, Exploration, Story Rich, Drama, Well-Written, Horror, Text-Based, Illuminati, Detective, Supernatural, Point & Click, Anime, Choose Your Own Adventure, Choices Matter","Join forces with the psychic Director of the Urban Myth Dissolution Center and solve a variety of cases involving cursed relics, rental properties with shady histories, and dimensional anomalies. Monstrous oddities and otherworldly planes abound in this occult mystery adventure game!"
Tormented Souls 2,https://store.steampowered.com/app/2464280/Tormented_Souls_2/?snr=1_7_7_240_150_9,"Survival Horror, Exploration, 1990's, Female Protagonist, Puzzle, Third-Person Shooter, Shooter, Action-Adventure, Third Person, 3D, Horror, Psychological Horror, Story Rich, Action, Atmospheric, Mystery, Adventure, Dark, Supernatural, Inventory Management","Caroline Walker returns in the sequel to the award-winning survival horror classic. Explore the decaying remains of the secluded Villa Hess, use improvised weapons to confront terrifying creatures, and bend the fabric of reality to save your sister from a twisted cult."
DEAD LETTER DEPT.,https://store.steampowered.com/app/1627350/DEAD_LETTER_DEPT/?snr=1_7_7_240_150_9,"Horror, Typing, Mystery, Simulation, Atmospheric, Psychological Horror, Stylized, Text-Based, Dystopian, Surreal, Short, Dark, Singleplayer, First-Person, Emotional, Supernatural, Multiple Endings, Procedural Generation, Experimental, Adventure","Working at a data entry job in the big city, you type up and transcribe the lost mail and letters that have nowhere else to go. But as the days carry on oddities in the mail start to emerge, and cracks begin to appear."
Egging On,https://store.steampowered.com/app/2897610/Egging_On/?snr=1_7_7_240_150_9,"Philosophical, Physics, Difficult, Psychological Horror, Action, Adventure, Singleplayer, Dark Humor, Simulation, Horror, Replay Value, Third Person, Precision Platformer, Platformer, Funny, Casual, Controller, Atmospheric, 3D Platformer, 3D","This game is hard-boiled. Face the challenge of being a real, fragile egg. Escape the hen-house and jump, roll and climb your way through a farm shop, factory and other perilous environments. With some determination, you might just reach your freedom."
The Outlast Trials - Unholy Night Pack,https://store.steampowered.com/app/3307910/The_Outlast_Trials__Unholy_Night_Pack/?snr=1_7_7_240_150_9,"Horror, Multiplayer, Co-op, Survival Horror, Psychological Horror, First-Person, PvE, Action, Character Customization, Stealth, Action-Adventure, Survival, Dark Humor, Dark, Realistic, Alternate History, Atmospheric, Adventure, Science, Management",No description
Heaven Does Not Respond,https://store.steampowered.com/app/3817240/Heaven_Does_Not_Respond/?snr=1_7_7_240_150_10,"Horror, Investigation, Psychological Horror, Retro, Point & Click, Detective, Puzzle, Choices Matter, Story Rich, Crime, Atmospheric, Exploration, Immersive Sim, Surreal, 2D, Conversation, Dynamic Narration, Simulation, RPG, Interactive Fiction","Heaven Does Not Respond is a psychological and analog horror game set in an alternate 2005 timeline. Play as an intelligence agent, exploring a retro computer interface to decipher secret files, watch mysterious videos, and uncover the dark secrets behind a young man's death."
Castlevania Dominus Collection,https://store.steampowered.com/app/2369900/Castlevania_Dominus_Collection/?snr=1_7_7_240_150_10,"Metroidvania, Action, Action RPG, 2D Platformer, Action-Adventure, RPG, Exploration, Vampire, Dark Fantasy, Pixel Graphics, Retro, Platformer, Singleplayer, 2D, Horror, Demons, Controller, Magic, Violent, Great Soundtrack","Three incredible action adventure games from the Castlevania series have finally returned, for the first time! But wait, there's more! Haunted Castle Revisited, a redesigned version of the very first Castlevania arcade game, makes its debut!"
Species: Unknown - Supporter Pack,https://store.steampowered.com/app/4030870/Species_Unknown__Supporter_Pack/?snr=1_7_7_240_150_10,"Horror, Online Co-Op, First-Person, Atmospheric, Aliens, Survival Horror, Stealth, Action, Indie, Exploration, Investigation, PvE, FPS, Shooter, Multiplayer, Sci-fi, 3D, Psychological Horror, Realistic, Space",No description
Granny: Escape Together,https://store.steampowered.com/app/3070520/Granny_Escape_Together/?snr=1_7_7_240_150_10,"Horror, Survival Horror, Atmospheric, Hidden Object, Puzzle, Multiplayer, PvP, Stealth, Logic, 3D, First-Person, Psychological Horror, Action, Multiple Endings, Realistic, Loot, Thriller, Adventure, Survival, Cinematic","This is a creepy co-op horror game. In which you find yourself locked in a crazy Granny's house. But Granny is not the only danger that awaits you in the house, someone else creepy lives in the basement. You have five days to get out of the house!"
Backrooms: Extractions,https://store.steampowered.com/app/2835530/Backrooms_Extractions/?snr=1_7_7_240_150_10,"Multiplayer, Horror, Online Co-Op, Psychological Horror, Survival Horror, First-Person, Exploration, Action-Adventure, PvE, Atmospheric, Realistic, Casual, Escape Room, Sci-fi, Dungeon Crawler, Early Access, Action, Co-op, Adventure, Indie","Cooperate with up to 6 players to explore, search, and extract lost agents within the Backrooms. Solve puzzles, unlock tools, survive against entities, and progress through increasingly dangerous levels."
Unknown,https://store.steampowered.com/app/1899750/Dead_by_Daylight__Sadako_Rising_Chapter/?snr=1_7_7_240_150_10,"Violent, Gore, Sexual Content",No description
Thymesia,https://store.steampowered.com/app/1343240/Thymesia/?snr=1_7_7_240_150_10,"Souls-like, Difficult, Singleplayer, Dark Fantasy, Hack and Slash, Action RPG, Third Person, Action, Atmospheric, RPG, Dark, Fantasy, Gore, Gothic, Medieval, Horror, Combat, 3D, Post-apocalyptic, Fighting","Thymesia is a gruelling action-RPG with fast-paced combat and an intricate plague weapon system. In a kingdom where death spreads, play as a mysterious character known by the code name ""Corvus"". Prey upon your enemies, wield the power of disease and find the truth in your own memories."
Worshippers of Cthulhu,https://store.steampowered.com/app/2807150/Worshippers_of_Cthulhu/?snr=1_7_7_240_150_10,"Colony Sim, Sandbox, Lovecraftian, Management, City Builder, Strategy, Base Building, Simulation, Building, Horror, Supernatural, Dark Fantasy, Economy, Alternate History, Demons, Lore-Rich, Singleplayer, Atmospheric, Dark, Isometric","LEAD the CULT OF CTHULHU. Decide the fate of your followers, perform eldritch rituals, and master the art of city-building in a world where the line between sanity and madness blurs. Can you endure the horrors you unleash?"
Dark Deception Complete,https://store.steampowered.com/app/1022850/Dark_Deception_Complete/?snr=1_7_7_240_150_10,"Action, Adventure, Indie, Horror, RPG, First-Person, Multiplayer, Runner, Singleplayer, Difficult, Free to Play, Atmospheric, Survival Horror",No description
The Scourge | Tai Ương,https://store.steampowered.com/app/2456350/The_Scourge__Tai_ng/?snr=1_7_7_240_150_10,"Horror, Singleplayer, Supernatural, Multiple Endings, Exploration, First-Person, Indie, Realistic, Adventure, Puzzle, Psychological Horror, Walking Simulator, Thriller, RPG, Atmospheric, Survival Horror, Modern, Gore, Foreign, Story Rich","Explore the nightmarish lucid dreams of Nhat Huy to solve his family's mystery. Set in 90s Saigon, navigate dilapidated corridors, solve mind-bending puzzles, and uncover sinister secrets. Can you survive the twisting maze and The Scourge?"
INDUSTRIA,https://store.steampowered.com/app/1172650/INDUSTRIA/?snr=1_7_7_240_150_10,"FPS, Action, Sci-fi, Singleplayer, Dystopian, Atmospheric, Story Rich, Mystery, Shooter, Adventure, Surreal, Female Protagonist, Puzzle, First-Person, Alternate History, Horror, Soundtrack, Robots, Immersive, Indie","Embark on a gripping journey in INDUSTRIA, an atmospheric FPS set in Cold War-era East Berlin. Unravel the secrets of a mysterious parallel dimension while searching for a missing colleague. Explore a haunting reality where the truth awaits. Discover the dark past that lies beyond."
Job Simulator,https://store.steampowered.com/app/448280/Job_Simulator/?snr=1_7_7_240_150_10,"VR, Simulation, Horror, Psychological Horror, Funny, First-Person, Singleplayer, Robots, Comedy, Physics, Memes, Family Friendly, Job Simulator, Casual, Sandbox, Sci-fi, Action, Indie, Atmospheric, Realistic","In a world where robots have replaced all human jobs, step into the ""Job Simulator"" to learn what it was like 'to job'."
Unknown,https://store.steampowered.com/app/700282/Dead_by_Daylight__A_Nightmare_on_Elm_Street/?snr=1_7_7_240_150_10,"Violent, Gore",No description
Sker Ritual,https://store.steampowered.com/app/1492070/Sker_Ritual/?snr=1_7_7_240_150_10,"Adventure, Co-op, Atmospheric, Action-Adventure, Multiplayer, FPS, Story Rich, Survival, Third-Person Shooter, Zombies, 3D, Survival Horror, Shooter, Online Co-Op, Singleplayer, Horror, First-Person, Action, PvE, Realistic","An intense round-based zombie survival FPS, play solo or co-op. Shoot your way through relentless waves of vicious horrors with high-octane objectives, upgrading steampunk weapons, collecting Celtic God powers, and surviving the onslaught of the Quiet Ones."
Killer Chat! - Original Edition,https://store.steampowered.com/app/3476730/Killer_Chat__Original_Edition/?snr=1_7_7_240_150_10,"Dating Sim, LGBTQ+, Dark, Visual Novel, Horror, Satire, Free to Play, Comedy, Psychological Horror, Dark Humor, Romance, Immersive Sim, Choose Your Own Adventure, Interactive Fiction, RPG, First-Person, Dark Comedy, Simulation, Otome, Casual","Killer Chat! is a satirical serial killer dating chatsim. Play as a (customisable!) writer as you pretend to be a serial killer, get inspiration for your book, fall in love and try not to call the cops through a whirlwind six months with your murderous beau of choice. What could possibly go wrong?"
CULTIC,https://store.steampowered.com/app/1684930/CULTIC/?snr=1_7_7_240_150_10,"Boomer Shooter, FPS, Shooter, Old School, Action, First-Person, Retro, Horror, Gore, 3D, Dark, Violent, Stylized, Pixel Graphics, Indie, Singleplayer, Combat, Physics, PvE, Lovecraftian","Death is only the beginning. Crawl from your grave and gear up to fight your way through the ranks of a mysterious and twisted cult. You, your guns, and your dynamite will have to shoot, slide, blast, duck, dodge, and maybe throw a gib or two to survive in this old-school-inspired shooter."
Unknown,https://store.steampowered.com/app/1250/Killing_Floor/?snr=1_7_7_240_150_10,"Violent, Gore",No description
Ghost Watchers,https://store.steampowered.com/app/1850740/Ghost_Watchers/?snr=1_7_7_240_150_10,"Horror, Co-op, Multiplayer, Survival Horror, Demons, Adventure, Puzzle, First-Person, Action-Adventure, Cinematic, Dark, Realistic, Detective, Online Co-Op, PvE, Team-Based, Nonlinear, VR, Singleplayer, Sexual Content",Ghost Watchers is a co-op online horror game. You will explore and hunt ghosts in abandoned houses
Trombone Champ,https://store.steampowered.com/app/1059990/Trombone_Champ/?snr=1_7_7_240_150_10,"Rhythm, Comedy, Funny, Music, Cute, Cartoon, Casual, Singleplayer, Colorful, Parody, Moddable, Satire, 3D, Memes, Family Friendly, Experimental, Indie, Souls-like, Horror, Difficult","Honk, blow, & toot your way through over 60 songs, collect all 50 unique Tromboner Cards, and uncover the mysteries of the Trombiverse. Do you have what it takes to become the true Trombone Champ?"
Unknown,https://store.steampowered.com/app/1281590/The_Dark_Pictures_Anthology_House_of_Ashes/?snr=1_7_7_240_150_10,,No description
Unknown,https://store.steampowered.com/app/4261920/Hunt_Showdown_1896__The_Madness_of_Montresor/?snr=1_7_7_240_150_10,Gore,No description
Unknown,https://store.steampowered.com/app/581450/Call_of_Duty_Black_Ops_III__Zombies_Chronicles/?snr=1_7_7_240_150_10,"Violent, Gore",No description
Echoes of the Living,https://store.steampowered.com/app/2173460/Echoes_of_the_Living/?snr=1_7_7_240_150_10,"Early Access, Survival Horror, Zombies, Horror, Post-apocalyptic, Dark, Psychological Horror, Action-Adventure, 1990's, Mystery, Shooter, Adventure, Exploration, Inventory Management, Resource Management, Hidden Object, Choices Matter, Action, Gun Customization, Singleplayer","Echoes of the Living is a dark Classic Survival Horror inspired by the greatest hits from the 90's focused on reimagining visual horror, your goal is to make it out alive while uncovering the truth about the incident."
Outlast: Whistleblower DLC,https://store.steampowered.com/app/273300/Outlast_Whistleblower_DLC/?snr=1_7_7_240_150_10,"Horror, Action, Atmospheric, Adventure, Gore, Indie, Survival Horror, First-Person, Singleplayer, Psychological Horror, Survival, Stealth, Dark, Nudity, Blood, Sexual Content, Parkour, Multiplayer, Walking Simulator, FPS",No description
Paranormal Cleanup,https://store.steampowered.com/app/2197890/Paranormal_Cleanup/?snr=1_7_7_240_150_10,"Horror, Online Co-Op, Psychological Horror, Action-Adventure, First-Person, Choices Matter, Stealth, Nonlinear, Survival Horror, Action, Team-Based, Realistic, Demons, Multiplayer, Dark, Collectathon, Procedural Generation, PvE, 3D, Atmospheric",Clock in for the worst cleaning shift of your life: Unclog nasty toilets and scrub ectoplasm in this 1-4 player online co-op survival horror game. Get the job done and don't get caught by the entities hunting you!
Mortal Shell,https://store.steampowered.com/app/1110910/Mortal_Shell/?snr=1_7_7_240_150_10,"Souls-like, Dark Fantasy, Action, RPG, Difficult, Singleplayer, Violent, Action RPG, Third Person, Hack and Slash, Atmospheric, Adventure, Open World, Multiplayer, Indie, Gore, Horror, Sexual Content, Co-op, Nudity","Their Flesh is Your Armor. Mortal Shell is a deep action-RPG that tests your sanity and resilience in a shattered world. Survival demands superior awareness, precision, and instincts. Possess lost warriors, track down hidden sanctums of the devout, and face formidable foes."
Beacon Pines,https://store.steampowered.com/app/1269640/Beacon_Pines/?snr=1_7_7_240_150_10,"Visual Novel, Story Rich, Emotional, Cozy, Colorful, Exploration, Singleplayer, Interactive Fiction, Horror, Casual, Cute, Relaxing, RPG, Mystery, Atmospheric, Narration, Hand-drawn, Adventure, Action-Adventure, Point & Click","Beacon Pines is a cute and creepy adventure set within a mysterious book. Sneak out late, make new friends, uncover hidden truths, and collect words that will change the course of fate!"
Escape from Yandere,https://store.steampowered.com/app/4081840/Escape_from_Yandere/?snr=1_7_7_240_150_10,"Anime, Horror, Cute, Conversation, Life Sim, Adventure, First-Person, Psychological Horror, Sexual Content, Simulation, Hentai, Violent, Thriller, Singleplayer, Indie, Atmospheric, RPG, Artificial Intelligence, Souls-like","Yandera has locked you in your house and is asking for a declaration of love. You can stay with her or try to escape. Explore the house, but be careful, Yandera can kill you."
Saint Slayer: Spear of Sacrilege,https://store.steampowered.com/app/3695650/Saint_Slayer_Spear_of_Sacrilege/?snr=1_7_7_240_150_10,"Action, Arcade, 2D Platformer, Medieval, Metroidvania, Retro, Side Scroller, 2D, Pixel Graphics, 1980s, 1990's, Alternate History, Dark Fantasy, Dark Humor, Demons, Co-op Campaign, Local Co-Op, Fantasy, Historical, Horror","Saint Slayer is an NES-style 2D action game, featuring loads of stages, enemies, and gore set against the backdrop of late-17th century Europe. Play as the ex-soldier Rudiger and wield the Spear of Sacrilege as you save the Holy Roman Empire from the corrupt Catholic priest Father Pacer."
Withering Rooms,https://store.steampowered.com/app/2006140/Withering_Rooms/?snr=1_7_7_240_150_10,"Horror, Action Roguelike, 2.5D, Mystery, Adventure, Procedural Generation, Female Protagonist, 2D, Stealth, Action, RPG, Souls-like, Singleplayer, Side Scroller, Survival Horror, Dark, Action RPG, Roguelite, Difficult, Atmospheric","Withering Rooms is a challenging 2.5D horror RPG set in a procedurally generated Victorian mansion that changes each night. Explore Mostyn House to collect the perfect items for your build and face a huge cast of overgrown undead, invisible ghosts, devious witches, and more."
Abnormality,https://store.steampowered.com/app/2541890/Abnormality/?snr=1_7_7_240_150_10,"Early Access, Horror, Multiplayer, Psychological Horror, Supernatural, Exploration, First-Person, Co-op, Immersive Sim, Investigation, Puzzle, Atmospheric, Demons, Mystery, Tutorial, 3D, Detective, Conversation, Action, Thriller","Explore abandoned locations, collect paranormal evidence, and survive the wrath of the former residents still haunting them. Team up with up to 3 friends to investigate by day, and hide for your life by night. What begins as an investigation quickly turns into a desperate struggle to stay alive."
Decktamer,https://store.steampowered.com/app/2870340/Decktamer/?snr=1_7_7_240_150_10,"Roguelike Deckbuilder, Card Game, Card Battler, Turn-Based Combat, Creature Collector, Deckbuilding, Strategy, Turn-Based Strategy, Difficult, 2D, Fantasy, Hand-drawn, Controller, Singleplayer, Horror, Roguelike, Lovecraftian, Indie, Anime, Cartoony",Deck-building meets monster catching in this turn-based roguelike. Recruit enemy cards to your party as you dive into the depths of the abyss. Will you kill them or will you tame them?
Project Songbird,https://store.steampowered.com/app/3180410/Project_Songbird/?snr=1_7_7_240_150_10,"Psychological Horror, Story Rich, Cinematic, Psychological, FPS, Walking Simulator, Atmospheric, Surreal, Interactive Fiction, Horror, First-Person, Linear, Perma Death, Action, Survival Horror, Thriller, Adventure, LGBTQ+, Drama, Singleplayer","Project Songbird is a cinematic first-person narrative horror game set in the Appalachian forest. Take on the role of Dakota, a musician who must record their new album in a remote log cabin amidst a writer's block. Take caution, however. These woods were never empty..."
Unknown,https://store.steampowered.com/app/601430/The_Evil_Within_2/?snr=1_7_7_240_150_10,"Gore, Violent",No description
The Sims 3: Supernatural,https://store.steampowered.com/app/223593/The_Sims_3_Supernatural/?snr=1_7_7_240_150_10,"Simulation, Fantasy, Supernatural, Vampire, Werewolves, Zombies, Magic, Funny, Horror",No description
Unknown,https://store.steampowered.com/app/8850/BioShock_2/?snr=1_7_7_240_150_10,,No description
SKALD: Against the Black Priory,https://store.steampowered.com/app/1069160/SKALD_Against_the_Black_Priory/?snr=1_7_7_240_150_10,"Strategy, Singleplayer, Atmospheric, Minimalist, Exploration, Horror, Turn-Based Strategy, Story Rich, Character Customization, Choices Matter, Class-Based, RPG, CRPG, Dark Fantasy, Party-Based RPG, Lovecraftian, Old School, Adventure, Fantasy, Magic","SKALD:Against the Black Priory is a retro-style party-based RPG set in a grim-dark fantasy world of tragic heroes, violent deaths and Lovecraftian horror. Take a chance and roll the dice as you embark on a compelling story filled with deadly creatures, branching story and tactical, turn-based combat"
Obey the Voice™,https://store.steampowered.com/app/3919190/Obey_the_Voice/?snr=1_7_7_240_150_10,"Horror, Adventure, Atmospheric, Dark, Exploration, First-Person, Walking Simulator, 3D, Realistic, Singleplayer, Cinematic, Gore, Indie, Choices Matter, Psychological, Thriller, Psychological Horror, Story Rich, Supernatural, Linear","You are here to listen to The Voice, do what he says. But don't listen to other voices..."
At Dead Of Night,https://store.steampowered.com/app/1450830/At_Dead_Of_Night/?snr=1_7_7_240_150_10,"Survival Horror, Horror, Strategy, Investigation, Supernatural, Point & Click, First-Person, Tactical, Indie, FMV, Gothic, Atmospheric, Mystery, RPG, Story Rich, Real Time Tactics, Cinematic, Co-op, Singleplayer, Multiplayer","At Dead Of Night is part horror film, part horror game and part ghost hunt. It blends live-action and graphics to create a unique immersive horror experience like no other."
PARANOIA PLACE,https://store.steampowered.com/app/1592290/PARANOIA_PLACE/?snr=1_7_7_240_150_10,"Survival Horror, Horror, Puzzle, Survival, Stealth, Perma Death, First-Person, Post-apocalyptic, Psychological Horror, Realistic, Co-op, Demons, Co-op Campaign, Supernatural, Gore, Multiplayer, Online Co-Op, Hunting, Action-Adventure, Singleplayer","PARANOIA PLACE is a 1-4 player online co-op survival horror game. Together or alone, you will need to solve puzzles, find items and run from the bloodthirsty demonic killer."
Unknown,https://store.steampowered.com/app/427190/DEAD_RISING/?snr=1_7_7_240_150_10,"Gore, Nudity",No description
The Anomaly Project,https://store.steampowered.com/app/2960770/The_Anomaly_Project/?snr=1_7_7_240_150_10,"Online Co-Op, Horror, Psychological Horror, Multiplayer, Co-op, First-Person, Psychological, Adventure, Casual, Walking Simulator, Mystery, Exploration, 3D, Atmospheric, Surreal, Choices Matter, Hidden Object, Singleplayer, Indie, Early Access","Your goal is simple, spot anomalies to escape. Play alone or together with up to 8 players in online co-op. Make the right decisions to advance to the next level, or risk being reset to the beginning!"
SUCCUBUS,https://store.steampowered.com/app/985830/SUCCUBUS/?snr=1_7_7_240_150_10,"Sexual Content, Nudity, Mature, Gore, Female Protagonist, Violent, Demons, Action, Horror, Singleplayer, Dark Fantasy, Adventure, First-Person, Atmospheric, Exploration, Survival, Psychological Horror, Survival Horror, Action-Adventure, Psychedelic",Become a demonic priestess of lust and use her unique skills to take revenge on your enemies. Regain your kingdom making hell tremble under your hooves! Leave no one alive if they won't bend the knee.
Pacific Drive: Whispers in the Woods,https://store.steampowered.com/app/3594760/Pacific_Drive_Whispers_in_the_Woods/?snr=1_7_7_240_150_10,"Adventure, Simulation, Indie, Action, Racing, Horror",No description
Unknown,https://store.steampowered.com/app/208200/DOOM_3/?snr=1_7_7_240_150_10,,No description
Unknown,https://store.steampowered.com/app/752590/A_Plague_Tale_Innocence/?snr=1_7_7_240_150_10,Violent,No description
Unknown,https://store.steampowered.com/app/22300/Fallout_3/?snr=1_7_7_240_150_10,,No description
Stay Out,https://store.steampowered.com/app/1180380/Stay_Out/?snr=1_7_7_240_150_10,"Early Access, Free to Play, Shooter, Open World, MMORPG, Third Person, Survival, RPG, Post-apocalyptic, PvP, Action, Multiplayer, Character Customization, Atmospheric, Online Co-Op, Co-op, Horror, Third-Person Shooter, Alternate History, 1990's","Stay Out - is a MMORPG with shooter elements, based on spirit of “stalking” - an urban exploration, searching and exploring mysterious, abandoned and forgotten by humanity pieces of our planet."
Autopsy Simulator,https://store.steampowered.com/app/1283230/Autopsy_Simulator/?snr=1_7_7_240_150_10,"Simulation, Indie, Nudity, Gore, Horror, Medical Sim, Mature, First-Person, Realistic, Psychological Horror, Blood, Singleplayer, Sexual Content, Dark, Story Rich, Atmospheric, Adventure, Crime, Detective","Autopsy Simulator is a first-person horror-sim hybrid where players take on the role of a practice pathologist and study case files, created in collaboration with real-world forensic doctors, to help guide their dissection of anatomically accurate bodies to determine each subject’s cause of death."
Static Dread: The Lighthouse,https://store.steampowered.com/app/3298940/Static_Dread_The_Lighthouse/?snr=1_7_7_240_150_10,"Psychological, Indie, Horror, Singleplayer, Choices Matter, Psychological Horror, Lovecraftian, Story Rich, Atmospheric, Multiple Endings, Dark, First-Person, Simulation, Lore-Rich, Psychedelic, Life Sim, Survival Horror, Visual Novel, Dystopian, Gore","Lovecraft meets Papers, Please. Play as a lighthouse keeper and guide ships safely into the harbor using your radio. Survive the presence of something impossible, and don’t let the shadows consume you!"
Deathground,https://store.steampowered.com/app/1200770/Deathground/?snr=1_7_7_240_150_11,"Early Access, Horror, Dinosaurs, Survival Horror, PvE, Hunting, Stealth, Survival, Hacking, Action-Adventure, First-Person, 3D, Team-Based, Psychological Horror, Action, Thriller, Atmospheric, Crafting, Adventure, Physics","A 1-4 player co-op horror game that throws you into a desperate fight for survival against deadly dinosaurs. Run, hide and work together to complete missions and uncover the secrets buried within the abandoned AEON research facility. Can you and your friends make it out alive?"
The Sinking City Remastered,https://store.steampowered.com/app/750130/The_Sinking_City_Remastered/?snr=1_7_7_240_150_11,"Lovecraftian, Third-Person Shooter, Detective, Story Rich, Horror, Exploration, RPG, Open World, Psychological Horror, Third Person, Action-Adventure, Action RPG, Choices Matter, Conversation, Action, Narration, Atmospheric, Realistic, Adventure, Thriller","Powered by Unreal Engine 5, The Sinking City Remastered brings the eerie, atmospheric world of Oakmont back to life with enhanced gameplay and fully relit environments, perfect for both newcomers and returning players."
Layers of Fear,https://store.steampowered.com/app/1946700/Layers_of_Fear/?snr=1_7_7_240_150_11,"Psychological Horror, Horror, First-Person, Adventure, Story Rich, Psychedelic, Exploration, Atmospheric, Singleplayer, Multiple Endings, Dark, Mystery, Emotional, Immersive, Mature, Puzzle, Narrative, Interactive Fiction, Walking Simulator, Supernatural",The era-defining first-person psychological horror in all its terrifying glory. All of the game’s chapters collected into one convenient package that allows you to plumb the depths of madness in pursuit of artistic revelation.
CHAOS;CHILD,https://store.steampowered.com/app/970570/CHAOSCHILD/?snr=1_7_7_240_150_11,"Visual Novel, Mystery, Anime, Story Rich, Gore, Violent, Psychological Horror, Adventure, Horror, Great Soundtrack, Sci-fi, Multiple Endings, Psychological, Atmospheric, Thriller, Singleplayer, Sexual Content, Science, Nudity, Emotional","From the creators of the critically acclaimed STEINS;GATE comes a sensational new visual novel: CHAOS;CHILD. Set in Shibuya in 2015, a group of high school students who survived an earthquake six years ago find themselves at the center of a new series of bizarre murders in the city."
I'm on Observation Duty 8,https://store.steampowered.com/app/2564960/Im_on_Observation_Duty_8/?snr=1_7_7_240_150_11,"Psychological Horror, Horror, Psychological, Atmospheric, Puzzle, Hidden Object, Point & Click, Logic, 3D Vision, Investigation, Surreal, Supernatural, Mystery, Singleplayer, Illuminati, Indie, Story Rich, 3D, Controller, Clicker",As an employee of a mysterious organization your job is to monitor live surveillance camera footage and spot anomalies using your sharp eyes and good memory. Can you survive the entire night shift or will you succumb into paranoia?
Unknown,https://store.steampowered.com/app/1670870/MADiSON/?snr=1_7_7_240_150_11,,No description
Call of Cthulhu®,https://store.steampowered.com/app/399810/Call_of_Cthulhu/?snr=1_7_7_240_150_11,"Lovecraftian, Horror, Psychological Horror, Detective, Adventure, Atmospheric, Story Rich, Singleplayer, Mystery, First-Person, RPG, Narration, Walking Simulator, Choices Matter, Dark, Stealth, Survival Horror, Gore, Puzzle, Multiplayer","1924. Private Investigator Pierce is sent to look into the tragic death of the Hawkins family. Plunge into a world of creeping madness and cosmic horror. Cryptic clues, shadowy figures, and pure terror bar your way as you fight to retain your sanity and solve an otherworldly mystery."
Nightingale,https://store.steampowered.com/app/1928980/Nightingale/?snr=1_7_7_240_150_11,"Early Access, Open World Survival Craft, Survival, Multiplayer, Open World, Online Co-Op, Building, Crafting, Base Building, Co-op, Exploration, Adventure, RPG, First-Person, Action, Singleplayer, PvE, Fantasy, Realistic, Procedural Generation","Nightingale is an open world survival crafting game, where you’ll adventure across the mysterious and dangerous Fae Realms. As a daring Realmwalker, you’ll defeat monstrous enemies, survive hostile environments, and build elaborate estates in a visually stunning Gaslamp Fantasy world."
Alone in the Dark,https://store.steampowered.com/app/1310410/Alone_in_the_Dark/?snr=1_7_7_240_150_11,"Psychological Horror, Lovecraftian, Horror, Action, Adventure, Noir, Dark, Cinematic, Third Person, Realistic, Detective, Female Protagonist, Mystery, Psychological, Supernatural, Survival Horror, Surreal, Thriller, Combat, Narration","Return to Derceto Manor in this reimagination of Alone in the Dark, a love letter to the 90’s cult classic horror game."
Blood Typers,https://store.steampowered.com/app/2790330/Blood_Typers/?snr=1_7_7_240_150_11,"Survival Horror, Typing, Online Co-Op, Procedural Generation, Co-op Campaign, Word Game, Dark Humor, Old School, Horror, Third Person, Combat, PvE, Exploration, Adventure, Zombies, Psychological Horror, Atmospheric, Inventory Management, Singleplayer, Multiplayer","TYPE TO KILL in this survival horror adventure. Alone or with friends, explore a sprawling cursed film studio as its horror movies bleed into reality. Choose from a roster of characters then plan your escape from this bloody homage to old school horror. But remember... death is just a typo away."
The Bleakest Keep,https://store.steampowered.com/app/3231520/The_Bleakest_Keep/?snr=1_7_7_240_150_11,"Action Roguelike, Action-Adventure, Third-Person Shooter, Souls-like, Roguelike, Hack and Slash, Beat 'em up, Dungeon Crawler, Survival Horror, Dark Fantasy, Medieval, Horror, Arcade, Roguelite, Action, 3D, Third Person, Stylized, Fantasy, Dark","The Bleakest Keep is a challenging action horror roguelike. Survive the horrors of the Keep, upgrade your gear, and earn ranks as you ascend the tower and save the world!"
Spooky's Jump Scare Mansion: HD Renovation,https://store.steampowered.com/app/577690/Spookys_Jump_Scare_Mansion_HD_Renovation/?snr=1_7_7_240_150_11,"Horror, Indie, Adventure, First-Person, Cute, Action, Psychological Horror, Great Soundtrack, Survival Horror, Singleplayer, Atmospheric, VR, Walking Simulator, Funny, Jump Scare, Gore, Multiplayer","Can you survive 1000 rooms of cute terror? Or will you break once the cuteness starts to fade off and you're running for your life from the unspeakable hideous beings that shake and writhe in bowels of this house? They wait for you, they wait and hunger for meeting you."
Climb The Backrooms,https://store.steampowered.com/app/3575300/Climb_The_Backrooms/?snr=1_7_7_240_150_11,"Adventure, Casual, Platformer, Puzzle, 3D Platformer, Puzzle Platformer, 3D, First-Person, Dark, Funny, Horror, Psychological, Supernatural, Linear, Co-op, Multiplayer, Online Co-Op, Gore","Ascend through the twisted levels of the Backrooms using physics-based object manipulation to overcome obstacles, solve mind-bending puzzles, and uncover unsettling secrets. Play solo or team up in online co-op with up to 4 players as you climb higher, think smarter, and survive the unknown."
Zompiercer,https://store.steampowered.com/app/1262460/Zompiercer/?snr=1_7_7_240_150_11,"Early Access, Sandbox, Zombies, FPS, Base Building, Shooter, Post-apocalyptic, Action-Adventure, First-Person, Trains, Action RPG, Open World, 3D, Survival, Horror, Funny, Action, Casual, Agriculture, Stealth","Take control of the train which will become your haven on the rails. Collect resources, craft equipment, construct a cozy house on railway cars, and travel through the carefully handcrafted locations to explore the story of a zombie apocalypse world."
Soul Dossier,https://store.steampowered.com/app/1520470/Soul_Dossier/?snr=1_7_7_240_150_11,"Sexual Content, Nudity, Free to Play, Mature, Hentai, Horror, Multiplayer, Female Protagonist, NSFW, Action, Online Co-Op, Survival, PvP, 3D Platformer, 3D, Massively Multiplayer, Team-Based, Anime, Adventure, Action-Adventure","Soul Dossier is a multiplayer game based on Oriental culture (5vS1). The game is based on a variety of traditional Oriental cultures, including five elements, eight diagrams and folklore."
Unknown,https://store.steampowered.com/app/449800/Attack_on_Titan__AOT_Wings_of_Freedom/?snr=1_7_7_240_150_11,"Gore, Nudity",No description
Dead Space™ 3 Awakened,https://store.steampowered.com/app/1238070/Dead_Space_3_Awakened/?snr=1_7_7_240_150_11,"Action, Gore, Violent, Horror, Co-op",No description
Umineko When They Cry - Question Arcs,https://store.steampowered.com/app/406550/Umineko_When_They_Cry__Question_Arcs/?snr=1_7_7_240_150_11,"Great Soundtrack, Visual Novel, Mystery, Story Rich, Cult Classic, Anime, Horror, Psychological Horror, Fantasy, Atmospheric, Detective, Philosophical, Psychological, Adventure, Magic, Linear, Singleplayer, Dark, Classic, Romance",Umineko When They Cry is the 2nd series of Sound Novel released by 07th Expansion. The steam version features renewed character sprites which is swappable from the classic art.
Duskers,https://store.steampowered.com/app/254320/Duskers/?snr=1_7_7_240_150_11,"Exploration, Typing, Real Time Tactics, Space, Roguelite, Programming, Hacking, Horror, Survival, Puzzle, Roguelike, Difficult, Strategy, 2D, Procedural Generation, Simulation, Nonlinear, Sci-fi, Tactical, Atmospheric",Pilot drones into derelict spaceships to find the means to survive and piece together how the universe became a giant graveyard.
Unknown,https://store.steampowered.com/app/282512/Alien_Isolation__Corporate_Lockdown/?snr=1_7_7_240_150_11,,No description
Unknown,https://store.steampowered.com/app/700280/Dead_by_Daylight__Leatherface/?snr=1_7_7_240_150_11,"Violent, Gore",No description
Unknown,https://store.steampowered.com/app/45740/Dead_Rising_2/?snr=1_7_7_240_150_11,Gore,No description
Unknown,https://store.steampowered.com/app/1622940/Dead_by_Daylight__Terror_Expansion_Pack/?snr=1_7_7_240_150_11,Gore,No description
CHAOS;HEAD NOAH,https://store.steampowered.com/app/1961950/CHAOSHEAD_NOAH/?snr=1_7_7_240_150_11,"Visual Novel, Gore, Story Rich, Anime, Mystery, Adventure, Psychological Horror, Singleplayer, Violent, Horror, Sci-fi, Great Soundtrack, Sexual Content, Atmospheric, Choices Matter, Science, 2D, Romance, Thriller",CHAOS;HEAD NOAH is now available on Steam!
Banishers: Ghosts of New Eden,https://store.steampowered.com/app/1493640/Banishers_Ghosts_of_New_Eden/?snr=1_7_7_240_150_11,"Narration, Third Person, Lore-Rich, Emotional, Atmospheric, Action RPG, Exploration, RPG, Action-Adventure, Choices Matter, Story Rich, Horror, Dark Fantasy, Action, Fantasy, Adventure, Vampire, Cinematic, Supernatural, Singleplayer","Hunt ghosts as two memorable characters in a story-driven Action-RPG where your decisions carry dramatic consequences. Torn between honoring your oath to the living and saving your departed partner, how far will you go for love?"
Pocket Mirror ~ GoldenerTraum,https://store.steampowered.com/app/1899060/Pocket_Mirror__GoldenerTraum/?snr=1_7_7_240_150_11,"Horror, RPG, Adventure, Pixel Graphics, 2D, Puzzle, Anime, Casual, Singleplayer, Female Protagonist, Interactive Fiction, Choose Your Own Adventure, Exploration, CRPG, Atmospheric, Dark Fantasy, Dark, Top-Down, Colorful, Stylized","Delve into the enthralling world of Pocket Mirror ~ GoldenerTraum, the acclaimed RPG Maker gothic horror game that'll take you on a moving journey of self-discovery."
Kathy Rain 2: Soothsayer,https://store.steampowered.com/app/1466390/Kathy_Rain_2_Soothsayer/?snr=1_7_7_240_150_11,"Atmospheric, Investigation, 2D, Mystery, Point & Click, Detective, Puzzle, Horror, Story Rich, Interactive Fiction, Noir, Singleplayer, Adventure, Female Protagonist, Conspiracy, 1990's, Thriller, Retro, Pixel Graphics, Dark","In this point-and-click urban thriller, down-and-out private eye Kathy Rain will embark on her most dangerous case yet — the pursuit of the notorious serial killer known as the Soothsayer. Find clues, gather evidence, connect the dots, and confront the murderer before the hunter becomes the hunted…"
SAS: Zombie Assault 4,https://store.steampowered.com/app/678800/SAS_Zombie_Assault_4/?snr=1_7_7_240_150_11,"Free to Play, Zombies, Multiplayer, Top-Down Shooter, Co-op, Action, Shooter, Top-Down, 2D, Survival, RPG, Singleplayer, Online Co-Op, Horror, Gore, Sci-fi, Violent, Atmospheric, Casual, Twin Stick Shooter","Purge the undead! Intense action-shooter with deep rpg elements, including upgradeable guns and armor, unique class skills, and class special abilities. Entire game can be played single player or as a 4-player online co-op game, including PvP events like Last Man Standing."
Unknown,https://store.steampowered.com/app/3713770/Hunt_Showdown_1896__Cry_of_the_Caged_Bird/?snr=1_7_7_240_150_11,,No description
Spider Roulette,https://store.steampowered.com/app/3900650/Spider_Roulette/?snr=1_7_7_240_150_11,"Party Game, Comedy, Funny, Horror, Gambling, Casual, Psychological Horror, Strategy, Board Game, PvP, Puzzle, Asynchronous Multiplayer, Dark, Card Game, 2D, Cartoon, Drama, Multiplayer, Hidden Object, Cartoony","Spider Roulette is a tense online party game where 2-4 friends take turns flipping cups, trying to avoid finding each other's spiders.."
Fears to Fathom - Carson House,https://store.steampowered.com/app/2120900/Fears_to_Fathom__Carson_House/?snr=1_7_7_240_150_11,"Psychological Horror, Horror, Atmospheric, Episodic, Narration, Adventure, Crime, Story Rich, Exploration, Conversation, Realistic, Walking Simulator, Mystery, Casual, Thriller, Cycling, First-Person, Linear, Singleplayer, Noir","Noah Baker, an 18 year old highschooler experiences unsettling occurrences while house-sitting for a media personality, little did he know what was about to unfold that night."
Choo-Choo Charles,https://store.steampowered.com/app/1766740/ChooChoo_Charles/?snr=1_7_7_240_150_11,"Survival Horror, Horror, Open World, First-Person, Trains, Singleplayer, Shooter, Dark, 3D, Action-Adventure, FPS, Adventure, Atmospheric, Indie, Psychological Horror, Action, Choices Matter, Thriller, Hand-drawn, Sexual Content","Navigate an open-world island in an old train, upgrade it over time, and use it to fight an evil spider train named Charles."
Cube Escape Collection,https://store.steampowered.com/app/1292940/Cube_Escape_Collection/?snr=1_7_7_240_150_11,"Puzzle, Point & Click, Mystery, Horror, Psychological Horror, Story Rich, Indie, Escape Room, Singleplayer, Atmospheric, Detective, Adventure, Dark, Surreal, Hand-drawn, 2D, Short, Multiple Endings, Casual, Multiplayer","In this classic point-and-click adventure anthology you follow the path of Dale and Laura and other famous Rusty lake characters such as Mr. Crow and Mr. Owl. The series will be updated, preserved and bundled to survive the end of the Flash Games era."
Unknown,https://store.steampowered.com/app/21090/FEAR/?snr=1_7_7_240_150_11,Gore,No description
Hello Neighbor: Hide and Seek,https://store.steampowered.com/app/960420/Hello_Neighbor_Hide_and_Seek/?snr=1_7_7_240_150_11,"Horror, Adventure, Singleplayer, First-Person, Stealth, Puzzle, Family Friendly, Story Rich, Difficult, Indie, Puzzle Platformer, 3D Platformer, 3D, Cartoony, Character Action Game, Colorful, Psychedelic, Emotional, Atmospheric, Logic",Hello Neighbor: Hide and Seek follows the tragic story of the Neighbor’s family in this dramatic prequel to Hello Neighbor. Experience playing a game of hide-and-seek with your brother as you both deal with the loss of a family member.
Still Wakes the Deep: Siren’s Rest,https://store.steampowered.com/app/3465690/Still_Wakes_the_Deep_Sirens_Rest/?snr=1_7_7_240_150_11,"Psychological Horror, Horror, Story Rich, Lovecraftian, Action, Atmospheric, Gore, Walking Simulator, Singleplayer, First-Person, Sci-fi, Narrative, Dark, Dark Fantasy, Thriller, Stealth, Adventure, Survival Horror, Female Protagonist, Underwater",No description
CONVRGENCE,https://store.steampowered.com/app/2609610/CONVRGENCE/?snr=1_7_7_240_150_11,"VR, Atmospheric, Post-apocalyptic, Shooter, Extraction Shooter, Survival Horror, Survival, Horror, Stealth, Exploration, First-Person, FPS, Realistic, Gun Customization, Procedural Generation, Physics, Singleplayer, Early Access, Adventure, Action","CONVRGENCE is an atmospheric VR extraction shooter set in the procedurally generated, ever-changing Chernokamensk Anomaly Zone. Scavenge loot, fight bandits and hunt for mystical artifacts — all with your loyal dog companion by your side. But extract before nightfall, or face what lurks in the dark."
Unknown,https://store.steampowered.com/app/1998340/Labyrinth_of_Galleria_The_Moon_Society/?snr=1_7_7_240_150_11,,No description
Zero Escape: Zero Time Dilemma,https://store.steampowered.com/app/311240/Zero_Escape_Zero_Time_Dilemma/?snr=1_7_7_240_150_11,"Puzzle, Visual Novel, Story Rich, Psychological Horror, Mystery, Choices Matter, Adventure, Anime, Sci-fi, Singleplayer, Horror, Great Soundtrack, Multiple Endings, Mature, Gore, Thriller, Escape Room, Atmospheric, Point & Click, Dark","Nine participants awaken, trapped in an underground facility. To escape, they must play a game with deadly consequences. Who will live, and who will die? The choice is yours. Let the Decision Game begin…"
Outbreak Island,https://store.steampowered.com/app/1442530/Outbreak_Island/?snr=1_7_7_240_150_11,"Early Access, Survival, Horror, Sandbox, Exploration, Crafting, RPG, First-Person, Base Building, Driving, Action, Open World, FPS, Post-apocalyptic, Building, Transportation, Story Rich, Zombies, Atmospheric, Adventure","Survive on a remote Island, where a mysterious Outbreak awakens bloodthirsty monsters at night. Craft, build and defend your base in the brutal world of Outbreak Island, an open-world sandbox survival horror game."
DAIMON BLADES,https://store.steampowered.com/app/1869500/DAIMON_BLADES/?snr=1_7_7_240_150_11,"Early Access, Roguelite, Co-op, Action, Dungeon Crawler, Dark Fantasy, Hack and Slash, Souls-like, Medieval, First-Person, Violent, PvE, Online Co-Op, Character Customization, RPG, Horror, Demons, Crafting, Combat, 3D","From the creators of E.Y.E: Divine Cybermancy, a cult cyberpunk RPG. Daimon Blades is a brutal first person slasher that combines the depth of action RPGs and replayability of roguelites. Launch expeditions solo or up to 4 players, and survive the many horrors of the Daimon Realm."
Soul Mates,https://store.steampowered.com/app/2279440/Soul_Mates/?snr=1_7_7_240_150_11,"Adventure, Indie, Simulation, Strategy, Dating Sim, Early Access, Anime, Horror, Romance, Visual Novel, Funny, Cute, Puzzle, Hand-drawn, Comedy, Drama, Narrative, 2D, Singleplayer, Story Rich","You’re trapped inside a haunted house, stalked by angry ghosts. To survive, you’ll have to run, hide, strategize, give gifts, chat, flirt… Wait, what kind of game is this? Oh right, it’s a point-and-click survival horror dating sim!"
Exanima,https://store.steampowered.com/app/362490/Exanima/?snr=1_7_7_240_150_11,"Physics, RPG, Dungeon Crawler, Dark Fantasy, Medieval, Difficult, Adventure, Isometric, Action, Early Access, Singleplayer, Atmospheric, Indie, Simulation, Character Customization, Souls-like, Horror, Roguelike, Nudity, Action Roguelike","Explore, fight, survive and unravel mysteries in this unique and unforgiving 3D isometric RPG set in an original dark, low fantasy world. Exanima's exceptional attention to detail and realistic simulation of all things aim to provide a deeply immersive and dynamic gameplay experience."
The Casting of Frank Stone™,https://store.steampowered.com/app/2223840/The_Casting_of_Frank_Stone/?snr=1_7_7_240_150_11,"Choices Matter, Multiple Endings, Horror, Singleplayer, Story Rich, Adventure, Atmospheric, Psychological Horror, Choose Your Own Adventure, Cinematic, Lore-Rich, Interactive Fiction, Dark, Lovecraftian, Mystery, Exploration, Thriller, Supernatural, Investigation, Crime","The shadow of Frank Stone looms over Cedar Hills, a town forever altered by his violent past. As a group of young friends are about to discover, Stone’s blood-soaked legacy cuts deep, leaving scars across families, generations, and the very fabric of reality itself."
My Friendly Neighborhood,https://store.steampowered.com/app/1574260/My_Friendly_Neighborhood/?snr=1_7_7_240_150_11,"Singleplayer, Survival Horror, Funny, Horror, Puzzle, Resource Management, Exploration, First-Person, Survival, FPS, Shooter, Adventure, Story Rich, Choices Matter, Lore-Rich, Multiple Endings, Atmospheric, Action, Action-Adventure, 3D","Something scary is happening with everyone's favorite Saturday morning puppet show, The Friendly Neighborhood! Play as Gordon, a repairman sent to get to the bottom of this disturbing dilemma. Fend off puppets and solve puzzles in this survival horror adventure."
Deceit 2,https://store.steampowered.com/app/2064870/Deceit_2/?snr=1_7_7_240_150_11,"Social Deduction, Free to Play, Multiplayer, Shooter, FPS, Casual, Survival Horror, Horror, Sandbox, First-Person, Funny, Action, Psychological Horror, Choices Matter, Controller, Action RPG, Dark Fantasy, Zombies, Atmospheric, Strategy","Deceit 2 is an online social deduction horror game. Inspire fear as the Infected, investigate as the Innocent, or create mayhem as the Cursed. Trapped with friends and strangers: who can you trust to help you escape?"
IMMORTALITY,https://store.steampowered.com/app/1350200/IMMORTALITY/?snr=1_7_7_240_150_11,"Hidden Object, Choose Your Own Adventure, Realistic, Story Rich, Horror, Noir, FMV, Puzzle, Interactive Fiction, Adventure, Drama, Point & Click, Visual Novel, LGBTQ+, Exploration, Detective, Emotional, Immersive Sim, Dark, Open World","Marissa Marcel was a film star. She made three movies. But none of the movies were ever released. And Marissa Marcel disappeared. An interactive trilogy from Sam Barlow, creator of Her Story."
Eternity Egg,https://store.steampowered.com/app/1670690/Eternity_Egg/?snr=1_7_7_240_150_11,"Early Access, Exploration, Surreal, 3D Platformer, Souls-like, Platformer, Cute, 3D, Action-Adventure, Metroidvania, Horror, Nonlinear, Singleplayer, Colorful, Stylized, Demons, Dark Fantasy, Dystopian, Philosophical, Adventure","Chaotic adventure-platformer with bouncy movement, grotesque characters & high-energy trance music."
Unknown,https://store.steampowered.com/app/939850/The_Dark_Pictures_Anthology_Man_of_Medan/?snr=1_7_7_240_150_11,,No description
Last Report,https://store.steampowered.com/app/3209480/Last_Report/?snr=1_7_7_240_150_11,"Horror, Pixel Graphics, Psychological Horror, Atmospheric, Dark, Point & Click, Action-Adventure, Psychological, Linear, Mystery, Adventure, Story Rich, Supernatural, Interactive Fiction, Indie, 2D, Puzzle, Action, Singleplayer, Exploration","Last Report is a dark horror game where you play as a night shift park ranger. While monitoring the camera footage, you start noticing strange events. Uncover the terrifying secret of the National Park. Something moved in the window, but don’t worry it’s probably just another deer, right?"
Brno Transit,https://store.steampowered.com/app/3476880/Brno_Transit/?snr=1_7_7_240_150_12,"Psychological Horror, Trains, Casual, Driving, Exploration, Atmospheric, Horror, Walking Simulator, Underground, Open World, Point & Click, 3D, First-Person, Transportation, Life Sim, Story Rich, Multiple Endings, Simulation, Pixel Graphics, Mystery",A short narrative-driven psychological horror game about a trainee metro driver trapped in the dampest subway east of anything that matters.
Dreamcore: Rabbit Hole,https://store.steampowered.com/app/4149700/Dreamcore_Rabbit_Hole/?snr=1_7_7_240_150_12,"Exploration, Walking Simulator, Psychological Horror, First-Person, 3D, Adventure, Nonlinear, Surreal, Horror, Indie, Relaxing, Underwater, Simulation, Atmospheric, Realistic, Minimalist, Investigation, Mystery, Singleplayer, Dark","Walking simulator. Explore cozy liminal spaces that feel unsettlingly familiar and spark your imagination, like a dream you’ve been in before."
Ghost Master: Resurrection,https://store.steampowered.com/app/3289090/Ghost_Master_Resurrection/?snr=1_7_7_240_150_12,"3D, Atmospheric, Puzzle, Supernatural, Funny, Horror, Isometric, Management, Dark Humor, Relaxing, PvE, Resource Management, Strategy, Dark Comedy, Top-Down, Cute, Parody, Tower Defense, Choices Matter, Colorful","Command an army of specters, unleash terror on the town of Gravenville, and solve puzzles to unlock mysteries in this strategic adventure game of resource management and supernatural mayhem."
Menace from the Deep,https://store.steampowered.com/app/2644610/Menace_from_the_Deep/?snr=1_7_7_240_150_12,"Lovecraftian, Roguelike Deckbuilder, Deckbuilding, Roguelike, Card Battler, Dark, Card Game, Indie, Roguelite, Adventure, Strategy, Noir, PvE, Comic Book, Horror, Base Building, Singleplayer, Atmospheric, Simulation","Menace from the Deep is an enthralling Roguelike Deckbuilding card game that unfolds in a dark world, drawing inspiration from Howard Lovecraft and the Cthulhu Mythos.Set against the backdrop of 1920s USA, the narrative revolves around a clandestine occult society."
Fears to Fathom - Norwood Hitchhike,https://store.steampowered.com/app/1763050/Fears_to_Fathom__Norwood_Hitchhike/?snr=1_7_7_240_150_12,"Psychological Horror, Horror, Atmospheric, Retro, Thriller, Story Rich, Dark, Walking Simulator, Narration, Exploration, Conversation, Adventure, Driving, Episodic, Crime, Casual, Singleplayer, Psychological, Perma Death, Noir","Holly Gardner, a 19 year old on an interstate drive experiences unusual happenings that leads to an unplanned stay at a motel, little did she know what was transpiring down in Norwood Valley."
Unknown,https://store.steampowered.com/app/16450/FEAR_2_Project_Origin/?snr=1_7_7_240_150_12,,No description
Counter-Strike Nexon,https://store.steampowered.com/app/273110/CounterStrike_Nexon/?snr=1_7_7_240_150_12,"Free to Play, FPS, Zombies, Sandbox, Multiplayer, PvE, Shooter, PvP, Horror, Action, Co-op, First-Person, Survival Horror, Online Co-Op, Gore, Funny, 3D, Dark, Mod, Singleplayer","Counter-Strike Nexon is a Free to Play MMOFPS offering competitive PvP and PvE action including content from the original Counter-Strike and all new game modes, map creation function, weapons, and hordes of Zombies!"
LIMBO,https://store.steampowered.com/app/48000/LIMBO/?snr=1_7_7_240_150_12,"Puzzle Platformer, Indie, Puzzle, Platformer, Dark, Atmospheric, 2D, Adventure, Singleplayer, Horror, Surreal, Short, Side Scroller, Difficult, Minimalist, Physics, Action, Cinematic, Casual, Controller","Uncertain of his sister's fate, a boy enters LIMBO"
AI: The Somnium Files,https://store.steampowered.com/app/948740/AI_The_Somnium_Files/?snr=1_7_7_240_150_12,"Visual Novel, Anime, Story Rich, Mystery, Detective, Adventure, Gore, Sci-fi, Comedy, Multiple Endings, Choices Matter, Singleplayer, Violent, Great Soundtrack, Puzzle, Sexual Content, Psychological Horror, Horror, Point & Click, LGBTQ+","Play as detective Kaname Date on the case of an elusive serial killer in this thrilling, sci-fi murder mystery."
Kindergarten 2,https://store.steampowered.com/app/1067850/Kindergarten_2/?snr=1_7_7_240_150_12,"Adventure, Pixel Graphics, Gore, Funny, Indie, Violent, Puzzle, Singleplayer, Dark Humor, Comedy, 2D, Blood, Choices Matter, Dark, Story Rich, RPG, Horror, Action, Psychological Horror, Cute","Welcome to Kindergarten 2, which takes place on Tuesday! After the events of Monday, you'll find yourself in a new school with new friends...and new ways to get ruthlessly murdered."
Welcome to the Game II,https://store.steampowered.com/app/720250/Welcome_to_the_Game_II/?snr=1_7_7_240_150_12,"Horror, Hacking, Strategy, Psychological Horror, Indie, Simulation, Difficult, Singleplayer, Nudity, First-Person, Violent, Sexual Content, Dark, Survival Horror, Puzzle, Atmospheric, Gore, Multiplayer, Memes, Roguelike",Welcome to the Game II is an atmospheric horror / strategy / puzzle game that takes you into the world of the deep web in search of the shadow web. Play as an investigative reporter trying to solve a case of a mysterious woman broadcasting for help as masked men are on the hunt to kill her.
Amnesia: The Dark Descent,https://store.steampowered.com/app/57300/Amnesia_The_Dark_Descent/?snr=1_7_7_240_150_12,"Horror, Gore, Psychological Horror, Survival Horror, Atmospheric, Puzzle, First-Person, Nudity, Dark, Lovecraftian, Adventure, Indie, Singleplayer, Stealth, Exploration, Action, Story Rich, Walking Simulator, Physics, Surreal","Amnesia: The Dark Descent, a first person survival horror. A game about immersion, discovery and living through a nightmare. An experience that will chill you to the core."
Amanda the Adventurer,https://store.steampowered.com/app/2166060/Amanda_the_Adventurer/?snr=1_7_7_240_150_12,"Horror, First-Person, Puzzle, 1990's, Old School, Mystery, Story Rich, Atmospheric, Adventure, Point & Click, Interactive Fiction, 3D, Choose Your Own Adventure, Exploration, Psychological Horror, Dark, Colorful, Stylized, Psychological, Supernatural","Join Amanda and her pal Wooly on a series of adventures as they explore and learn about our wonderful world! With several NEW play-along, laugh-along, learn-along episodes there's always fun to be had! Just make sure to do everything Amanda says or she might get angry."
Arctic Eggs,https://store.steampowered.com/app/2763670/Arctic_Eggs/?snr=1_7_7_240_150_12,"Cooking, Surreal, Physics, Sci-fi, Atmospheric, First-Person, Exploration, Lore-Rich, Crime, Cyberpunk, Open World, Capitalism, Flight, Game Development, Investigation, Programming, Stealth, Tutorial, Horror, Story Rich",Eggs: perfection in two parts. The simple whites. The sublime yolk. Each the lesser without its partner. Chorus and verse. A symphony of flavor. The catchy tune reminding us of warm baths and late-night movies. The elevator music to whatever lies beyond.
CRUEL,https://store.steampowered.com/app/2689470/CRUEL/?snr=1_7_7_240_150_12,"Action, First-Person, Roguelike, Boomer Shooter, Procedural Generation, Shooter, Perma Death, Gore, FPS, Pixel Graphics, Indie, Violent, Horror, Shoot 'Em Up, Post-apocalyptic, Singleplayer, Adventure, 3D, Combat, Choices Matter",A fast run and gun horror shooter with roguelike elements
Observer: System Redux,https://store.steampowered.com/app/1386900/Observer_System_Redux/?snr=1_7_7_240_150_12,"Horror, Investigation, Cyberpunk, Hacking, Stealth, Walking Simulator, First-Person, Story Rich, Action-Adventure, Alternate History, Detective, Psychological Horror, Dynamic Narration, Surreal, Choices Matter, Conversation, Multiple Endings, Narration, Dystopian, Stylized","A first‑person cyberpunk horror detective story set in a decaying, neon‑scarred future. As an Observer who invades minds to hunt for clues, you will sift through corrupted memories to track down a mysterious killer and confront your own dark past."
Milk outside a bag of milk outside a bag of milk,https://store.steampowered.com/app/1604000/Milk_outside_a_bag_of_milk_outside_a_bag_of_milk/?snr=1_7_7_240_150_12,"Psychological Horror, Visual Novel, Psychedelic, Pixel Graphics, Story Rich, Indie, Multiple Endings, Psychological, Abstract, 2D, Text-Based, Singleplayer, Surreal, Horror, Great Soundtrack, Female Protagonist, Anime, Casual, Choices Matter, Point & Click",A sequel to Milk inside a bag of milk inside a bag of milk. Dive into demented and bizarre world once again and help the girl become a little happier.
The Cabin Factory,https://store.steampowered.com/app/3311740/The_Cabin_Factory/?snr=1_7_7_240_150_12,"Horror, Psychological Horror, Walking Simulator, Choices Matter, Immersive Sim, Atmospheric, First-Person, Adventure, 3D, Simulation, Realistic, Logic, Choose Your Own Adventure, Survival Horror, Singleplayer, Dark, Multiplayer, Indie, Female Protagonist, Co-op","Your job at the Cabin Factory is simple: inspect the cabins and decide on whether they’re haunted or not. If you do find any anomalies, get out…immediately."
Unknown,https://store.steampowered.com/app/3204800/Hunt_Showdown_1896__Ghost_Face_Rampage/?snr=1_7_7_240_150_12,,No description
Duck Season,https://store.steampowered.com/app/503580/Duck_Season/?snr=1_7_7_240_150_12,"Horror, VR, Psychological Horror, Action, Indie, Adventure, Casual, First-Person, 1980s, Singleplayer, Multiple Endings, FPS, Story Rich, Shooter, Gore, Atmospheric, Retro, Hentai","The game of your dreams just dropped, DUCK SEASON, a hunter with ridiculous graphics. Luckily, it's summer vacation and Mom just surprised you with a one day rental of it! Unfortunately, as you binge play it becomes apparent that all is not right with Duck Season..."
CAPTURED,https://store.steampowered.com/app/3114010/CAPTURED/?snr=1_7_7_240_150_12,"Psychological Horror, Horror, Atmospheric, Exploration, Immersive Sim, Hidden Object, Puzzle, Action-Adventure, First-Person, Surreal, Procedural Generation, Action, Dark Humor, Realistic, Mystery, Psychological, Survival Horror, 1990's, Escape Room, Singleplayer","Trapped in what appears to be an endless hallway in your home, rooms begin to feel unfamiliar. Capture anomalies on camera and stay away from any sinister entities."
Pinball FX Midnight,https://store.steampowered.com/app/2337640/Pinball_FX_Midnight/?snr=1_7_7_240_150_12,"Pinball, Horror, Simulation, Gore, Blood, Dark, Survival Horror, Arcade, 3D, 1980s, Atmospheric, Mystery, Psychological Horror, Thriller, Controller, Singleplayer, 4 Player Local, Violent, Casual, Action","Get ready to tilt into terror. The new horror-inspired pinball platform for fearless players. Prove your skills on the most sinister, gory, and badass tables ever brought to life."
Seed of the Dead: Sweet Home,https://store.steampowered.com/app/1566390/Seed_of_the_Dead_Sweet_Home/?snr=1_7_7_240_150_12,"Sexual Content, Shooter, Anime, NSFW, Zombies, Action, Post-apocalyptic, FPS, 3D, Survival, Hentai, Visual Novel, Horror, Romance, First-Person, Thriller, Dark, Building, Survival Horror, Cute",Slaughter the ghouls to save the girls! Build up your love nest and woo four heroines as you fight to survive a ruined zombie hellscape! A one-of-a-kind Post apocalyptic FPS dating sim game filled with intense zombie killing action and lusty romance!
Feed the Reactor,https://store.steampowered.com/app/4009730/Feed_the_Reactor/?snr=1_7_7_240_150_12,"Strategy, Clicker, Idler, Casual, Simulation, Auto Battler, Management, 2D, Relaxing, Horror, Multiple Endings, Pixel Graphics, Hand-drawn, Sci-fi, Singleplayer, Mystery, Retro","An incremental unfolding game about feeding fuel into a reactor. Combine elements to produce energy, unlock exotic technologies and explore a strange galaxy."
Unknown,https://store.steampowered.com/app/19000/Silent_Hill_Homecoming/?snr=1_7_7_240_150_12,,No description
Unknown,https://store.steampowered.com/app/2310/Quake/?snr=1_7_7_240_150_12,Gore,No description
Bye Sweet Carole,https://store.steampowered.com/app/2428980/Bye_Sweet_Carole/?snr=1_7_7_240_150_12,"Dark Fantasy, Horror, Supernatural, Female Protagonist, Atmospheric, Survival Horror, Cartoony, Adventure, Puzzle Platformer, Singleplayer, Dark, Story Rich, Cartoon, 2D, Psychological Horror, Action-Adventure, Narration, 2D Platformer, Action, Stealth",Bye Sweet Carole is a narrative-horror adventure game completely hand-drawn in the style of classic animated films. Follow the trail of missing Carole Simmons and uncover the dark secrets hidden behind her disappearance from Bunny Hall orphanage.
SEVERANCE,https://store.steampowered.com/app/3815750/SEVERANCE/?snr=1_7_7_240_150_12,"Early Access, Horror, Psychological Horror, Multiplayer, Survival Horror, Online Co-Op, Action, Investigation, Action-Adventure, Realistic, Atmospheric, Dark, Psychological, Supernatural, Thriller, Singleplayer, Inventory Management, PvP, PvE, Strategy","Severance is a 1-5 player paranormal investigation game… with a twist. Use tools and equipment to identify the correct ghost type while a dangerous, violent entity hunts you down. The twist? YOU can become the ghost. Choose Ghost AI, or an asymmetrical mode where a player takes the Ghost role."
The Room 4: Old Sins,https://store.steampowered.com/app/1361320/The_Room_4_Old_Sins/?snr=1_7_7_240_150_12,"Puzzle, Mystery, Point & Click, Adventure, Lovecraftian, Escape Room, Singleplayer, Hidden Object, Story Rich, Horror, Exploration, First-Person, 3D, Atmospheric, Indie, Multiplayer, Casual, VR","The disappearance of an ambitious engineer and his high-society wife provokes a hunt for a precious artefact. The trail leads you to the attic of their home, and the discovery of an old, peculiar dollhouse. What secrets lie within these walls?"
A Difficult Game About Climbing,https://store.steampowered.com/app/2497920/A_Difficult_Game_About_Climbing/?snr=1_7_7_240_150_12,"Difficult, Psychological Horror, Adventure, Singleplayer, Platformer, Precision Platformer, Action, Funny, Philosophical, Physics, Horror, Casual, Dark Humor, Replay Value, Third Person, Surreal, Comedy, Survival Horror, 2.5D, 2D",This is a difficult game about climbing.
20 Minutes Till Dawn,https://store.steampowered.com/app/1966900/20_Minutes_Till_Dawn/?snr=1_7_7_240_150_12,"Action Roguelike, Bullet Hell, Survival, Roguelite, Shoot 'Em Up, Horror, Top-Down Shooter, Combat, Pixel Graphics, Lovecraftian, Casual, Singleplayer, Strategy, Action, RPG, Gun Customization, Controller, Score Attack, Dark Fantasy, Shooter",20 Minutes Till Dawn is a survival roguelite where endless hordes of creatures lurk from the dark. Craft an array of overpowering builds and eradicate waves of Lovecraftian nightmares. Will you be able to survive the night?
ORDER 13,https://store.steampowered.com/app/2259310/ORDER_13/?snr=1_7_7_240_150_12,"Survival Horror, Immersive Sim, Cats, Psychological Horror, First-Person, Horror, Simulation, Capitalism, Life Sim, Atmospheric, Exploration, Realistic, Singleplayer, 3D, Action Roguelike, Dark, Stealth, Logic, Mystery, Supernatural","You wake up in a dark warehouse, tasked with packing orders while something lurks in the shadows. Work fast, stay safe, and protect your cat. He’s all you’ve got."
Unknown,https://store.steampowered.com/app/10150/Prototype/?snr=1_7_7_240_150_12,"Gore, Violent",No description
Trench Tales,https://store.steampowered.com/app/2214220/Trench_Tales/?snr=1_7_7_240_150_12,"Early Access, PvE, Third-Person Shooter, Souls-like, Shooter, Action-Adventure, Open World, War, 3D, Singleplayer, Horror, Surreal, Story Rich, Action, Combat, Realistic, Demons, Dark Fantasy, Magic, Drama","Trench Tales is a third-person action game set in a strange, war-torn world. Inspired by early 20th-century themes, it offers open-ended exploration, scattered combat encounters, and glimpses into a broken land shaped by endless conflict."
Execute,https://store.steampowered.com/app/3829620/Execute/?snr=1_7_7_240_150_12,"Clicker, Idler, 1990's, Dystopian, Automation, God Game, Strategy, Outbreak Sim, Horror, Crafting, Management, Capitalism, Economy, Retro, Psychological Horror, Surreal, Alternate History, Dark, Simulation, Pixel Graphics",Kill everyone in the world with a guillotine… on a cursed Win98 desktop.
SILENT BREATH,https://store.steampowered.com/app/2796180/SILENT_BREATH/?snr=1_7_7_240_150_12,"Horror, Psychological Horror, Thriller, 1990's, Realistic, Dark, Multiplayer, Early Access, First-Person, Exploration, Simulation, Multiple Endings, Perma Death, Open World, Singleplayer, Mystery, Artificial Intelligence, Walking Simulator, Indie, Adventure","Unpredictable horrors lurk around every corner, forcing you to find the missing people while desperately clinging to survival. In this experience even your own mind can become your enemy. Stay vigilant and keep your voice hushed, or risk becoming another victim of the forest's darkness"
Zoochosis,https://store.steampowered.com/app/2458560/Zoochosis/?snr=1_7_7_240_150_12,"Realistic, 3D, Dark, Horror, Atmospheric, Singleplayer, Simulation, Thriller, Exploration, First-Person, Indie, Trains, Detective, Choices Matter, Multiple Endings, Narration, 1990's, Survival Horror, Story Rich, Nonlinear","Zoochosis is a bodycam horror simulation game. You’re a zookeeper. Identify infected mutant animals, make a vaccine and cure them. Will you save all of them and survive?"
"El Paso, Elsewhere",https://store.steampowered.com/app/1546310/El_Paso_Elsewhere/?snr=1_7_7_240_150_12,"Bullet Time, Third-Person Shooter, Cinematic, Adventure, Action-Adventure, Action, Horror, Survival Horror, Survival, Stealth, Dark, Zombies, Singleplayer, Story Rich, 3D, Psychological Horror, Gore, Third Person, Shooter, Atmospheric","STAKES. GUNS. SLOW-MO. Fight werewolves and vampires in a reality-shifting motel. Dive through barricades to escape the grasp of evil puppets. Destroy the villain you loved. A new, third-person love letter to classic shooters. Neo-noir never looked so good."
Unknown,https://store.steampowered.com/app/383180/Dead_Island_Riptide_Definitive_Edition/?snr=1_7_7_240_150_12,,No description
The House in Fata Morgana,https://store.steampowered.com/app/303310/The_House_in_Fata_Morgana/?snr=1_7_7_240_150_12,"Visual Novel, Story Rich, Gothic, Mystery, Psychological Horror, Romance, Atmospheric, Dark, Horror, Anime, Philosophical, LGBTQ+, Great Soundtrack, Singleplayer, Adventure, Indie, Multiple Endings, 2D, Choices Matter, Female Protagonist","A gothic suspense tale set in a cursed mansion. ""The House in Fata Morgana"" is a full-length visual novel spanning nearly a millennium that deals in tragedy, human nature, and insanity."
FOREWARNED,https://store.steampowered.com/app/1562420/FOREWARNED/?snr=1_7_7_240_150_12,"Horror, Online Co-Op, Survival Horror, Co-op, Multiplayer, Psychological Horror, VR, PvE, Survival, Asymmetric VR, Action-Adventure, Atmospheric, Dark, Exploration, PvP, First-Person, Action, Adventure, 3D, Singleplayer","FOREWARNED is a 1-4 player co-op survival horror. Delve deep into ancient Egyptian ruins with your team of fellow archaeologists. Investigate phenomena, collect treasure, discover lore, survive danger, and banish the evil that lurks within."
INDIKA,https://store.steampowered.com/app/1373960/INDIKA/?snr=1_7_7_240_150_12,"Surreal, Puzzle, Horror, Third Person, Story Rich, Psychedelic, Dark, Psychological, Mature, Exploration, Narration, Cinematic, Mystery, Adventure, Female Protagonist, Walking Simulator, Linear, Singleplayer, Atmospheric, Conversation","Play a third-person, story-driven game set in alternative Russia at the turn of the XIX century where religious visions clash with harsh reality. INDIKA tells the story of a young nun who sets off on a journey of self-discovery with the most unusual companion by her side, the devil himself."
Rusty Lake: Roots,https://store.steampowered.com/app/532110/Rusty_Lake_Roots/?snr=1_7_7_240_150_12,"Puzzle, Point & Click, Indie, Psychological Horror, Adventure, Horror, Story Rich, Singleplayer, Atmospheric, Hidden Object, Mystery, Dark, 2D, Surreal, Escape Room, Gore, Hand-drawn, Casual, Immersive, Lovecraftian",Experience the beginning and end of characters' lives and build your own family tree! Rusty Lake: Roots is the second premium point-and-click adventure by the creators of the Cube Escape series and Rusty Lake Hotel.
Unknown,https://store.steampowered.com/app/12140/Max_Payne/?snr=1_7_7_240_150_12,Violent,No description
Batman: Arkham Asylum Game of the Year Edition,https://store.steampowered.com/app/35140/Batman_Arkham_Asylum_Game_of_the_Year_Edition/?snr=1_7_7_240_150_12,"Action, Stealth, Third Person, Superhero, Adventure, Singleplayer, Open World, Beat 'em up, Comic Book, Detective, Atmospheric, Story Rich, Action-Adventure, Fighting, Controller, Metroidvania, Puzzle, Horror, Dark, 3D Vision",Experience what it’s like to be Batman and face off against Gotham's greatest villians. Explore every inch of Arkham Asylum and roam freely on the infamous island.
Unknown,https://store.steampowered.com/app/12130/Manhunt/?snr=1_7_7_240_150_12,"Gore, Violent, Blood, Mature, Nudity",No description
The Baby In Yellow,https://store.steampowered.com/app/2291340/The_Baby_In_Yellow/?snr=1_7_7_240_150_12,"Early Access, Horror, Singleplayer, Lovecraftian, Puzzle, Physics, Linear, Surreal, Dark Comedy, Action-Adventure, Dark Humor, Demons, First-Person, Story Rich, Psychological Horror, Lore-Rich, Supernatural, Gothic, Comedy, Atmospheric","You've got a new babysitting job, and things are taking a turn for the weird. Feed him, read him a bedtime story, and try not to fall into his dreams. How long can you stay in control?"
Unknown,https://store.steampowered.com/app/2254450/The_Last_of_Us_Part_I__Upgrade_to_Digital_Deluxe_Edition/?snr=1_7_7_240_150_12,,No description
Squirrel Stapler,https://store.steampowered.com/app/2535830/Squirrel_Stapler/?snr=1_7_7_240_150_12,"Horror, Hunting, Dark Humor, Nature, Exploration, Atmospheric, Action, Walking Simulator, Dark Comedy, FPS, 3D, Colorful, First-Person, Shooter, Pixel Graphics, Stylized, 1990's, Funny, Psychological Horror, Comedy","Hunt squirrels, staple them to a corpse, and meet god."
Unknown,https://store.steampowered.com/app/1092660/Blair_Witch/?snr=1_7_7_240_150_12,,No description
