id,title,release_year,decade,primary_genre,subgenre,primary_platform,developer,publisher,mainstream_signal,inclusion_reason,discovery_source
1,Space Invaders,1978,1970s,Shooter,Arcade shooter,Arcade,Taito,Taito,critical_canon,Seminal arcade hit often treated as a foundational mainstream game.,https://en.wikipedia.org/wiki/List_of_video_games_listed_among_the_best
2,Pac-Man,1980,1980s,Arcade,Maze,Arcade,Namco,Namco,critical_canon,Mass-market arcade phenomenon with enduring cultural visibility.,https://en.wikipedia.org/wiki/List_of_video_games_listed_among_the_best
3,Donkey Kong,1981,1980s,Platformer,Arcade platformer,Arcade,Nintendo R&D1,Nintendo,critical_canon,Early mascot platformer central to Nintendo history.,https://en.wikipedia.org/wiki/List_of_video_games_listed_among_the_best
4,Tetris,1984,1980s,Puzzle,Tile-matching,Game Boy / Multi-platform,Alexey Pajitnov,Various,critical_canon;best_seller,Puzzle game with exceptional global reach and long commercial life.,https://en.wikipedia.org/wiki/List_of_video_games_listed_among_the_best
5,Super Mario Bros.,1985,1980s,Platformer,Side-scrolling platformer,NES,Nintendo R&D4,Nintendo,critical_canon,Landmark console platformer and long-running mainstream reference point.,https://en.wikipedia.org/wiki/List_of_video_games_listed_among_the_best
6,The Legend of Zelda,1986,1980s,Action-adventure,Adventure,NES,Nintendo EAD,Nintendo,critical_canon,Canonical action-adventure title with major franchise legacy.,https://en.wikipedia.org/wiki/List_of_video_games_listed_among_the_best
7,Final Fantasy,1987,1980s,Role-playing,JRPG,NES,Square,Square,critical_canon,Franchise starter for one of the most visible JRPG series.,https://en.wikipedia.org/wiki/List_of_video_games_listed_among_the_best
8,Street Fighter II,1991,1990s,Fighting,Arcade fighting,Arcade / SNES,Capcom,Capcom,critical_canon,Fighting-game standard that shaped competitive play.,https://en.wikipedia.org/wiki/List_of_video_games_listed_among_the_best
9,Sonic the Hedgehog,1991,1990s,Platformer,Mascot platformer,Sega Genesis,Sega,Sega,critical_canon,Mascot platformer central to 1990s console competition.,https://en.wikipedia.org/wiki/List_of_video_games_listed_among_the_best
10,Civilization,1991,1990s,Strategy,4X,PC,MicroProse,MicroProse,critical_canon,Mainstream strategy landmark with strong long-term franchise influence.,https://en.wikipedia.org/wiki/List_of_video_games_listed_among_the_best
11,Mortal Kombat,1992,1990s,Fighting,Arcade fighting,Arcade / Multi-platform,Midway Games,Midway,critical_canon,Highly visible fighting game with major cultural controversy and commercial success.,https://en.wikipedia.org/wiki/List_of_video_games_listed_among_the_best
12,Doom,1993,1990s,Shooter,First-person shooter,PC,id Software,id Software,critical_canon,Foundational FPS title with lasting genre influence.,https://en.wikipedia.org/wiki/List_of_video_games_listed_among_the_best
13,Myst,1993,1990s,Adventure,Puzzle adventure,PC,Cyan,Broderbund,critical_canon;platform_sales,One of the defining mainstream PC adventure games of the 1990s.,https://en.wikipedia.org/wiki/List_of_best-selling_PC_games
14,Donkey Kong Country,1994,1990s,Platformer,Side-scrolling platformer,SNES,Rare,Nintendo,critical_canon,Major SNES-era mainstream platformer.,https://en.wikipedia.org/wiki/List_of_video_games_listed_among_the_best
15,Pokémon Red/Blue,1996,1990s,Role-playing,Monster-collecting RPG,Game Boy,Game Freak,Nintendo / The Pokémon Company,critical_canon,Launch point for Pokémon as a global mainstream franchise.,https://en.wikipedia.org/wiki/List_of_video_games_listed_among_the_best
16,Super Mario 64,1996,1990s,Platformer,3D platformer,Nintendo 64,Nintendo EAD,Nintendo,critical_canon,Canonical 3D platformer often used as a genre benchmark.,https://en.wikipedia.org/wiki/List_of_video_games_listed_among_the_best
17,Resident Evil,1996,1990s,Survival horror,Horror action,PlayStation,Capcom,Capcom,critical_canon,Franchise origin for mainstream survival horror.,https://en.wikipedia.org/wiki/List_of_video_games_listed_among_the_best
18,Final Fantasy VII,1997,1990s,Role-playing,JRPG,PlayStation,Square,Square,critical_canon,Breakout JRPG with broad international mainstream visibility.,https://en.wikipedia.org/wiki/List_of_video_games_listed_among_the_best
19,GoldenEye 007,1997,1990s,Shooter,Console FPS,Nintendo 64,Rare,Nintendo,critical_canon,Major console shooter and multiplayer touchstone.,https://en.wikipedia.org/wiki/List_of_video_games_listed_among_the_best
20,StarCraft,1998,1990s,Strategy,Real-time strategy,PC,Blizzard Entertainment,Blizzard,critical_canon;esports_impact,RTS landmark with massive competitive and international impact.,https://en.wikipedia.org/wiki/List_of_video_games_listed_among_the_best
21,The Legend of Zelda: Ocarina of Time,1998,1990s,Action-adventure,Adventure,Nintendo 64,Nintendo EAD,Nintendo,critical_canon,Top-ranked all-time game on Metacritic and a canonical classic.,https://www.metacritic.com/browse/game/
22,Half-Life,1998,1990s,Shooter,First-person shooter,PC,Valve,Sierra Studios,critical_canon,Canonical PC shooter and storytelling benchmark.,https://en.wikipedia.org/wiki/List_of_video_games_listed_among_the_best
23,Counter-Strike,1999,1990s,Shooter,Tactical FPS,PC,Valve,Sierra Studios,critical_canon;esports_impact,Long-running competitive shooter with major esports legacy.,https://en.wikipedia.org/wiki/List_of_video_games_listed_among_the_best
24,The Sims,2000,2000s,Simulation,Life simulation,PC,Maxis,Electronic Arts,critical_canon;platform_sales,One of the most culturally visible life-simulation games.,https://en.wikipedia.org/wiki/List_of_best-selling_PC_games
25,Diablo II,2000,2000s,Role-playing,Action RPG,PC,Blizzard North,Blizzard,critical_canon;platform_sales,Defining action RPG with mainstream PC reach.,https://en.wikipedia.org/wiki/List_of_best-selling_PC_games
26,Halo: Combat Evolved,2001,2000s,Shooter,First-person shooter,Xbox,Bungie,Microsoft Game Studios,critical_canon,Xbox-defining shooter with major mainstream reach.,https://en.wikipedia.org/wiki/List_of_video_games_listed_among_the_best
27,Grand Theft Auto III,2001,2000s,Action,Open-world action,PlayStation 2,DMA Design / Rockstar North,Rockstar Games,critical_canon,Major milestone in open-world mainstream design.,https://en.wikipedia.org/wiki/List_of_video_games_listed_among_the_best
28,Super Smash Bros. Melee,2001,2000s,Fighting,Platform fighter,GameCube,HAL Laboratory,Nintendo,critical_canon;esports_impact,Mainstream Nintendo fighter with unusual competitive longevity.,https://en.wikipedia.org/wiki/List_of_video_games_listed_among_the_best
29,Warcraft III: Reign of Chaos,2002,2000s,Strategy,Real-time strategy,PC,Blizzard Entertainment,Blizzard,critical_canon;esports_impact,RTS landmark and a bridge to later esports and mod scenes.,https://en.wikipedia.org/wiki/List_of_video_games_listed_among_the_best
30,Metroid Prime,2002,2000s,Action-adventure,First-person adventure,GameCube,Retro Studios,Nintendo,critical_canon,Highly acclaimed console action-adventure.,https://en.wikipedia.org/wiki/List_of_video_games_listed_among_the_best
31,Call of Duty,2003,2000s,Shooter,First-person shooter,PC,Infinity Ward,Activision,critical_canon,Start of one of the most commercially dominant shooter franchises.,https://en.wikipedia.org/wiki/List_of_video_games_listed_among_the_best
32,Prince of Persia: The Sands of Time,2003,2000s,Action-adventure,Platforming adventure,PS2 / Multi-platform,Ubisoft Montreal,Ubisoft,critical_canon,Highly visible 2000s action-adventure title.,https://en.wikipedia.org/wiki/List_of_video_games_listed_among_the_best
33,Half-Life 2,2004,2000s,Shooter,First-person shooter,PC,Valve,Valve,critical_canon;platform_sales,One of the most visible high-selling PC shooters.,https://en.wikipedia.org/wiki/List_of_best-selling_PC_games
34,World of Warcraft,2004,2000s,Role-playing,MMORPG,PC,Blizzard Entertainment,Blizzard,platform_sales;cultural_impact,MMO phenomenon with long mainstream cultural visibility.,https://en.wikipedia.org/wiki/List_of_best-selling_PC_games
35,Grand Theft Auto: San Andreas,2004,2000s,Action,Open-world action,PlayStation 2,Rockstar North,Rockstar Games,best_seller;critical_canon,One of the best-selling PS2-era blockbusters.,https://en.wikipedia.org/wiki/List_of_best-selling_video_games
36,Resident Evil 4,2005,2000s,Action,Action horror,GameCube / PS2,Capcom Production Studio 4,Capcom,critical_canon,Frequently cited genre-defining action-horror title.,https://en.wikipedia.org/wiki/List_of_video_games_listed_among_the_best
37,Guitar Hero,2005,2000s,Rhythm,Music game,PS2,Harmonix,RedOctane,cultural_impact,Represents the mid-2000s rhythm-game boom.,https://en.wikipedia.org/wiki/List_of_video_games_listed_among_the_best
38,Wii Sports,2006,2000s,Sports,Party sports,Wii,Nintendo EAD,Nintendo,best_seller,One of the top-selling games ever via Wii bundling.,https://en.wikipedia.org/wiki/List_of_best-selling_video_games
39,The Elder Scrolls IV: Oblivion,2006,2000s,Role-playing,Action RPG,PC / Xbox 360,Bethesda Game Studios,Bethesda Softworks,critical_canon,Major mainstream RPG in the rise of console/PC open worlds.,https://en.wikipedia.org/wiki/List_of_video_games_listed_among_the_best
40,BioShock,2007,2000s,Shooter,Immersive sim / FPS,PC / Xbox 360,2K Boston / 2K Australia,2K,critical_canon,High-visibility prestige shooter from the late 2000s.,https://en.wikipedia.org/wiki/List_of_video_games_listed_among_the_best
41,Super Mario Galaxy,2007,2000s,Platformer,3D platformer,Wii,Nintendo EAD Tokyo,Nintendo,critical_canon,One of Metacritic's highest-rated games ever.,https://www.metacritic.com/browse/game/
42,Call of Duty 4: Modern Warfare,2007,2000s,Shooter,First-person shooter,PS3 / Xbox 360 / PC,Infinity Ward,Activision,critical_canon,Redefined mainstream modern military shooters.,https://en.wikipedia.org/wiki/List_of_video_games_listed_among_the_best
43,Portal,2007,2000s,Puzzle,Puzzle-platform,PC / Xbox 360,Valve,Valve,critical_canon,Short-form puzzle game with unusually broad cultural recognition.,https://en.wikipedia.org/wiki/List_of_video_games_listed_among_the_best
44,Grand Theft Auto IV,2008,2000s,Action,Open-world action,Xbox 360 / PS3,Rockstar North,Rockstar Games,critical_canon,Among Metacritic's top all-time games.,https://www.metacritic.com/browse/game/
45,Left 4 Dead,2008,2000s,Shooter,Co-op shooter,PC / Xbox 360,Valve,Valve,critical_canon,Key late-2000s cooperative shooter.,https://en.wikipedia.org/wiki/List_of_video_games_listed_among_the_best
46,League of Legends,2009,2000s,Strategy,MOBA,PC,Riot Games,Riot Games,esports_impact;cultural_impact,Long-running competitive game central to global esports.,https://en.wikipedia.org/wiki/List_of_video_games_listed_among_the_best
47,Minecraft,2009,2000s,Sandbox,Survival sandbox,PC / Multi-platform,Mojang Studios,Mojang Studios,best_seller;cultural_impact,Top-selling game and major sandbox phenomenon; initial public release year used.,https://en.wikipedia.org/wiki/List_of_best-selling_video_games
48,Angry Birds,2009,2000s,Puzzle,Mobile physics puzzle,Mobile,Rovio Entertainment,Rovio Entertainment,mobile_phenomenon,Representative early smartphone mega-hit.,https://en.wikipedia.org/wiki/List_of_video_games_listed_among_the_best
49,Red Dead Redemption,2010,2010s,Action,Open-world action,PS3 / Xbox 360,Rockstar San Diego,Rockstar Games,critical_canon,Prestige open-world blockbuster preceding RDR2.,https://en.wikipedia.org/wiki/List_of_video_games_listed_among_the_best
50,Super Mario Galaxy 2,2010,2010s,Platformer,3D platformer,Wii,Nintendo EAD Tokyo,Nintendo,critical_canon,Another Metacritic all-time top title.,https://www.metacritic.com/browse/game/
51,StarCraft II: Wings of Liberty,2010,2010s,Strategy,Real-time strategy,PC,Blizzard Entertainment,Blizzard,platform_sales;esports_impact,Massive RTS sequel with sustained esports relevance.,https://en.wikipedia.org/wiki/List_of_best-selling_PC_games
52,Terraria,2011,2010s,Sandbox,Survival crafting,PC / Multi-platform,Re-Logic,Re-Logic / 505 Games,best_seller,One of the top-selling games ever with long-tail popularity.,https://en.wikipedia.org/wiki/List_of_best-selling_video_games
53,The Elder Scrolls V: Skyrim,2011,2010s,Role-playing,Action RPG,PC / Multi-platform,Bethesda Game Studios,Bethesda Softworks,best_seller;critical_canon,Massively visible open-world RPG and long-selling title.,https://en.wikipedia.org/wiki/List_of_best-selling_video_games
54,Dark Souls,2011,2010s,Role-playing,Action RPG,PS3 / Xbox 360,FromSoftware,Namco Bandai Games,critical_canon,Highly influential action RPG with distinctive difficulty discourse.,https://en.wikipedia.org/wiki/List_of_video_games_listed_among_the_best
55,Portal 2,2011,2010s,Puzzle,Puzzle-platform,PC / Multi-platform,Valve,Valve,critical_canon,Widely cited sequel with crossover mainstream recognition.,https://en.wikipedia.org/wiki/List_of_video_games_listed_among_the_best
56,The Last of Us,2013,2010s,Action-adventure,Narrative action,PlayStation 3,Naughty Dog,Sony Computer Entertainment,critical_canon,Prestige narrative blockbuster with cross-media visibility.,https://en.wikipedia.org/wiki/List_of_video_games_listed_among_the_best
57,Grand Theft Auto V,2013,2010s,Action,Open-world action,PS3 / Multi-platform,Rockstar North,Rockstar Games,best_seller,One of the highest-selling games of all time.,https://en.wikipedia.org/wiki/List_of_best-selling_video_games
58,Dota 2,2013,2010s,Strategy,MOBA,PC,Valve,Valve,esports_impact;cultural_impact,Central live-service esports title.,https://en.wikipedia.org/wiki/List_of_video_games_listed_among_the_best
59,Hearthstone,2014,2010s,Strategy,Digital card game,PC / Mobile,Blizzard Entertainment,Blizzard,cultural_impact,Representative of digital card games going mainstream.,https://en.wikipedia.org/wiki/List_of_video_games_listed_among_the_best
60,Mario Kart 8,2014,2010s,Racing,Kart racing,Wii U / Switch,Nintendo EAD / Nintendo EPD,Nintendo,best_seller;platform_sales,Long-selling Nintendo racer with major cross-generation success.,https://en.wikipedia.org/wiki/List_of_best-selling_video_games
61,Bloodborne,2015,2010s,Role-playing,Action RPG,PlayStation 4,FromSoftware,Sony Computer Entertainment,critical_canon,Prestige console action RPG with strong critical reputation.,https://en.wikipedia.org/wiki/List_of_video_games_listed_among_the_best
62,The Witcher 3: Wild Hunt,2015,2010s,Role-playing,Action RPG,PC / Multi-platform,CD Projekt Red,CD Projekt,best_seller;critical_canon,Top-selling prestige RPG and frequent 'best of' inclusion.,https://en.wikipedia.org/wiki/List_of_best-selling_video_games
63,Undertale,2015,2010s,Role-playing,Indie RPG,PC,Toby Fox,Toby Fox,critical_canon;indie_breakout,Indie game that crossed into mainstream cultural discussion.,https://en.wikipedia.org/wiki/List_of_video_games_listed_among_the_best
64,Overwatch,2016,2010s,Shooter,Hero shooter,PC / Console,Blizzard Entertainment,Blizzard,award_winner;cultural_impact,2016 Game Awards GOTY winner and hero-shooter breakthrough.,https://thegameawards.com/winners/game-of-the-year
65,Pokémon GO,2016,2010s,Mobile,Augmented reality,Mobile,Niantic,Niantic / The Pokémon Company,mobile_phenomenon;cultural_impact,AR mobile phenomenon with broad nontraditional audience reach.,https://en.wikipedia.org/wiki/List_of_video_games_listed_among_the_best
66,The Legend of Zelda: Breath of the Wild,2017,2010s,Action-adventure,Open-world adventure,Switch / Wii U,Nintendo EPD,Nintendo,platform_sales;critical_canon,High-selling Switch flagship and Metacritic all-time leader.,https://en.wikipedia.org/wiki/List_of_best-selling_Nintendo_Switch_video_games
67,PUBG: Battlegrounds,2017,2010s,Shooter,Battle royale,PC / Multi-platform,PUBG Studios,Krafton,best_seller;cultural_impact,One of the top-selling games ever and battle-royale catalyst.,https://en.wikipedia.org/wiki/List_of_best-selling_video_games
68,Fortnite Battle Royale,2017,2010s,Shooter,Battle royale,PC / Console / Mobile,Epic Games,Epic Games,cultural_impact;live_service,Key live-service and crossover event-based mainstream title.,https://en.wikipedia.org/wiki/List_of_video_games_listed_among_the_best
69,Among Us,2018,2010s,Party,Social deduction,PC / Mobile,Innersloth,Innersloth,cultural_impact,Low-budget release that later became a global social gaming phenomenon.,https://en.wikipedia.org/wiki/List_of_video_games_listed_among_the_best
70,God of War,2018,2010s,Action-adventure,Cinematic action,PlayStation 4,Santa Monica Studio,Sony Interactive Entertainment,award_winner;critical_canon,2018 Game Awards GOTY winner and prestige franchise reinvention.,https://thegameawards.com/winners/game-of-the-year
71,Red Dead Redemption 2,2018,2010s,Action,Open-world action,PS4 / Xbox One / PC,Rockstar Games,Rockstar Games,best_seller,One of the highest-selling games ever.,https://en.wikipedia.org/wiki/List_of_best-selling_video_games
72,Hades,2020,2020s,Action,Roguelike action,PC / Switch,Supergiant Games,Supergiant Games,critical_canon;indie_breakout,Indie hit with mainstream critical recognition.,https://en.wikipedia.org/wiki/List_of_video_games_listed_among_the_best
73,Animal Crossing: New Horizons,2020,2020s,Simulation,Social simulation,Switch,Nintendo EPD,Nintendo,platform_sales;cultural_impact,Pandemic-era breakout and one of Switch's top sellers.,https://en.wikipedia.org/wiki/List_of_best-selling_Nintendo_Switch_video_games
74,Genshin Impact,2020,2020s,Role-playing,Action RPG / gacha,PC / Mobile / Console,miHoYo,miHoYo,live_service;cultural_impact,Cross-platform free-to-play RPG with major global reach.,https://en.wikipedia.org/wiki/List_of_video_games_listed_among_the_best
75,It Takes Two,2021,2020s,Action-adventure,Co-op platform adventure,PC / Console,Hazelight Studios,Electronic Arts,award_winner,2021 Game Awards GOTY winner and co-op breakout.,https://thegameawards.com/winners/game-of-the-year
76,Elden Ring,2022,2020s,Role-playing,Action RPG,PC / Console,FromSoftware,Bandai Namco Entertainment,critical_canon;award_winner,Widely listed among the best games and 2022 GOTY winner.,https://en.wikipedia.org/wiki/List_of_video_games_listed_among_the_best
77,God of War Ragnarök,2022,2020s,Action-adventure,Cinematic action,PS4 / PS5,Santa Monica Studio,Sony Interactive Entertainment,critical_canon,Prestige sequel with broad mainstream attention.,https://en.wikipedia.org/wiki/List_of_video_games_listed_among_the_best
78,Baldur's Gate 3,2023,2020s,Role-playing,CRPG,PC / Console,Larian Studios,Larian Studios,critical_canon;award_winner,Widely listed among the best games and 2023 GOTY winner.,https://en.wikipedia.org/wiki/List_of_video_games_listed_among_the_best
79,The Legend of Zelda: Tears of the Kingdom,2023,2020s,Action-adventure,Open-world adventure,Switch,Nintendo EPD,Nintendo,platform_sales;critical_canon,High-profile Switch blockbuster and one of the platform's biggest hits.,https://en.wikipedia.org/wiki/List_of_best-selling_Nintendo_Switch_video_games
80,Hogwarts Legacy,2023,2020s,Role-playing,Action RPG,PC / Console,Avalanche Software,Warner Bros. Games,cultural_impact,Mass-market licensed blockbuster with broad crossover visibility.,https://en.wikipedia.org/wiki/List_of_video_games_listed_among_the_best
81,Helldivers 2,2024,2020s,Shooter,Co-op extraction / horde shooter,PC / PS5,Arrowhead Game Studios,Sony Interactive Entertainment,cultural_impact,Major 2024 multiplayer breakout with strong public visibility.,https://en.wikipedia.org/wiki/List_of_video_games_listed_among_the_best
82,Black Myth: Wukong,2024,2020s,Role-playing,Action RPG,PC / PS5,Game Science,Game Science,cultural_impact,Globally visible 2024 action RPG and useful for cross-regional analysis.,https://en.wikipedia.org/wiki/List_of_video_games_listed_among_the_best
83,Astro Bot,2024,2020s,Platformer,3D platformer,PS5,Team Asobi,Sony Interactive Entertainment,award_winner,2024 Game Awards GOTY winner and platformer resurgence case.,https://thegameawards.com/winners/game-of-the-year
84,Clair Obscur: Expedition 33,2025,2020s,Role-playing,Turn-based / hybrid RPG,PC / Console,Sandfall Interactive,Kepler Interactive,award_winner,Listed as 2025 Game Awards GOTY winner.,https://thegameawards.com/winners/game-of-the-year
85,Counter-Strike 2,2012,2010s,Action,action game,PC,307,Valve,best_seller,Steam-verified mainstream title with 100000000 - 200000000 estimated owners.,https://www.kaggle.com/datasets/fronkongames/steam-games-dataset
86,Apex Legends™,2020,2020s,Action-adventure,action-adventure game,PC,269,Respawn,best_seller,Steam-verified mainstream title with 100000000 - 200000000 estimated owners.,https://www.kaggle.com/datasets/fronkongames/steam-games-dataset
87,Palworld,2024,2020s,Role-playing,role-playing game,PC,156,Pocketpair,best_seller,Steam-verified mainstream title with 50000000 - 100000000 estimated owners.,https://www.kaggle.com/datasets/fronkongames/steam-games-dataset
88,Lost Ark,2022,2020s,Role-playing,role-playing game,PC,335,Smilegate RPG,best_seller,Steam-verified mainstream title with 50000000 - 100000000 estimated owners.,https://www.kaggle.com/datasets/fronkongames/steam-games-dataset
89,Call of Duty®,2022,2020s,Action,action game,PC,269,"Treyarch,Raven Software,Beenox,High Moon Studios,Sledgehammer Games,Infinity Ward,Activision Shanghai,Demonware",best_seller,Steam-verified mainstream title with 50000000 - 100000000 estimated owners.,https://www.kaggle.com/datasets/fronkongames/steam-games-dataset
90,Team Fortress 2,2007,2000s,Action,action game,PC,37,Valve,best_seller,Steam-verified mainstream title with 50000000 - 100000000 estimated owners.,https://www.kaggle.com/datasets/fronkongames/steam-games-dataset
91,Grand Theft Auto V Legacy,2015,2010s,Action-adventure,action-adventure game,PC,158,Rockstar North,best_seller,Steam-verified mainstream title with 50000000 - 100000000 estimated owners.,https://www.kaggle.com/datasets/fronkongames/steam-games-dataset
92,Unturned,2017,2010s,Action-adventure,action-adventure game,PC,855,Smartly Dressed Games,best_seller,Steam-verified mainstream title with 50000000 - 100000000 estimated owners.,https://www.kaggle.com/datasets/fronkongames/steam-games-dataset
93,New World: Aeternum,2021,2020s,Role-playing,role-playing game,PC,11,Amazon Games,best_seller,Steam-verified mainstream title with 50000000 - 100000000 estimated owners.,https://www.kaggle.com/datasets/fronkongames/steam-games-dataset
94,Left 4 Dead 2,2009,2000s,Action,action game,PC,109,Valve,best_seller,Steam-verified mainstream title with 50000000 - 100000000 estimated owners.,https://www.kaggle.com/datasets/fronkongames/steam-games-dataset
95,Monster Hunter Wilds,2025,2020s,Role-playing,role-playing game,PC,281,"CAPCOM Co., Ltd.",best_seller,Steam-verified mainstream title with 20000000 - 50000000 estimated owners.,https://www.kaggle.com/datasets/fronkongames/steam-games-dataset
96,PAYDAY 2,2013,2010s,Role-playing,role-playing game,PC,736,OVERKILL - a Starbreeze Studio.,best_seller,Steam-verified mainstream title with 20000000 - 50000000 estimated owners.,https://www.kaggle.com/datasets/fronkongames/steam-games-dataset
97,Path of Exile 2,2024,2020s,Role-playing,role-playing game,PC,679,Grinding Gear Games,best_seller,Steam-verified mainstream title with 20000000 - 50000000 estimated owners.,https://www.kaggle.com/datasets/fronkongames/steam-games-dataset
98,Fall Guys,2020,2020s,Sports,sports game,PC,55,Mediatonic,best_seller,Steam-verified mainstream title with 20000000 - 50000000 estimated owners.,https://www.kaggle.com/datasets/fronkongames/steam-games-dataset
99,Rust,2018,2010s,Role-playing,role-playing game,PC,373,Facepunch Studios,best_seller,Steam-verified mainstream title with 20000000 - 50000000 estimated owners.,https://www.kaggle.com/datasets/fronkongames/steam-games-dataset
100,World of Warships,2017,2010s,Strategy,strategy game,PC,728,Wargaming Group Limited,best_seller,Steam-verified mainstream title with 20000000 - 50000000 estimated owners.,https://www.kaggle.com/datasets/fronkongames/steam-games-dataset
101,ARK: Survival Evolved,2017,2010s,Role-playing,role-playing game,PC,627,"Studio Wildcard,Instinct Games,Efecto Studios,Virtual Basement LLC",best_seller,Steam-verified mainstream title with 20000000 - 50000000 estimated owners.,https://www.kaggle.com/datasets/fronkongames/steam-games-dataset
102,Half-Life 2: Lost Coast,2005,2000s,Action,action game,PC,0,Valve,best_seller,Steam-verified mainstream title with 20000000 - 50000000 estimated owners.,https://www.kaggle.com/datasets/fronkongames/steam-games-dataset
103,Destiny 2,2019,2010s,Action-adventure,action-adventure game,PC,654,Bungie,best_seller,Steam-verified mainstream title with 20000000 - 50000000 estimated owners.,https://www.kaggle.com/datasets/fronkongames/steam-games-dataset
104,VRChat,2017,2010s,Sports,sports game,PC,466,VRChat Inc.,best_seller,Steam-verified mainstream title with 20000000 - 50000000 estimated owners.,https://www.kaggle.com/datasets/fronkongames/steam-games-dataset
105,Garry's Mod,2006,2000s,Simulation,simulation game,PC,100,Facepunch Studios,best_seller,Steam-verified mainstream title with 20000000 - 50000000 estimated owners.,https://www.kaggle.com/datasets/fronkongames/steam-games-dataset
106,Path of Exile,2013,2010s,Role-playing,role-playing game,PC,553,Grinding Gear Games,best_seller,Steam-verified mainstream title with 20000000 - 50000000 estimated owners.,https://www.kaggle.com/datasets/fronkongames/steam-games-dataset
107,Tom Clancy's Rainbow Six® Siege X,2015,2010s,Action,action game,PC,209,Ubisoft Montreal,best_seller,Steam-verified mainstream title with 20000000 - 50000000 estimated owners.,https://www.kaggle.com/datasets/fronkongames/steam-games-dataset
108,Dead by Daylight,2016,2010s,Action,action game,PC,289,Behaviour Interactive Inc.,best_seller,Steam-verified mainstream title with 20000000 - 50000000 estimated owners.,https://www.kaggle.com/datasets/fronkongames/steam-games-dataset
109,HELLDIVERS™ 2,2024,2020s,Action,action game,PC,172,Arrowhead Game Studios,best_seller,Steam-verified mainstream title with 20000000 - 50000000 estimated owners.,https://www.kaggle.com/datasets/fronkongames/steam-games-dataset
110,Warface: Clutch,2014,2010s,Action,action game,PC,117,MY.GAMES,best_seller,Steam-verified mainstream title with 20000000 - 50000000 estimated owners.,https://www.kaggle.com/datasets/fronkongames/steam-games-dataset
111,Cyberpunk 2077,2020,2020s,Role-playing,role-playing game,PC,111,CD PROJEKT RED,best_seller,Steam-verified mainstream title with 20000000 - 50000000 estimated owners.,https://www.kaggle.com/datasets/fronkongames/steam-games-dataset
112,War Robots: Frontiers,2025,2020s,Simulation,simulation game,PC,0,MY.GAMES,best_seller,Steam-verified mainstream title with 20000000 - 50000000 estimated owners.,https://www.kaggle.com/datasets/fronkongames/steam-games-dataset
113,Warframe,2013,2010s,Role-playing,role-playing game,PC,753,Digital Extremes,best_seller,Steam-verified mainstream title with 20000000 - 50000000 estimated owners.,https://www.kaggle.com/datasets/fronkongames/steam-games-dataset
114,Wallpaper Engine,2018,2010s,Simulation,simulation game,PC,9,Wallpaper Engine Team,best_seller,Steam-verified mainstream title with 20000000 - 50000000 estimated owners.,https://www.kaggle.com/datasets/fronkongames/steam-games-dataset
115,War Thunder,2013,2010s,Simulation,simulation game,PC,334,Gaijin Entertainment,best_seller,Steam-verified mainstream title with 20000000 - 50000000 estimated owners.,https://www.kaggle.com/datasets/fronkongames/steam-games-dataset
116,Stardew Valley,2016,2010s,Simulation,simulation game,PC,127,ConcernedApe,best_seller,Steam-verified mainstream title with 20000000 - 50000000 estimated owners.,https://www.kaggle.com/datasets/fronkongames/steam-games-dataset
117,Last Epoch,2024,2020s,Role-playing,role-playing game,PC,535,Eleventh Hour Games,best_seller,Steam-verified mainstream title with 20000000 - 50000000 estimated owners.,https://www.kaggle.com/datasets/fronkongames/steam-games-dataset
118,Brawlhalla,2017,2010s,Action,action game,PC,65,Blue Mammoth Games,best_seller,Steam-verified mainstream title with 20000000 - 50000000 estimated owners.,https://www.kaggle.com/datasets/fronkongames/steam-games-dataset
119,The Forest,2018,2010s,Simulation,simulation game,PC,122,Endnight Games Ltd,best_seller,Steam-verified mainstream title with 20000000 - 50000000 estimated owners.,https://www.kaggle.com/datasets/fronkongames/steam-games-dataset
120,Battlefield™ 2042,2021,2020s,Action-adventure,action-adventure game,PC,116,DICE,best_seller,Steam-verified mainstream title with 10000000 - 20000000 estimated owners.,https://www.kaggle.com/datasets/fronkongames/steam-games-dataset
121,Euro Truck Simulator 2,2012,2010s,Simulation,simulation game,PC,196,SCS Software,best_seller,Steam-verified mainstream title with 10000000 - 20000000 estimated owners.,https://www.kaggle.com/datasets/fronkongames/steam-games-dataset
122,Satisfactory,2024,2020s,Strategy,strategy game,PC,400,Coffee Stain Studios,best_seller,Steam-verified mainstream title with 10000000 - 20000000 estimated owners.,https://www.kaggle.com/datasets/fronkongames/steam-games-dataset
123,Sid Meier’s Civilization® VI,2016,2010s,Strategy,strategy game,PC,242,"Firaxis Games,Aspyr (Mac),Aspyr (Linux)",best_seller,Steam-verified mainstream title with 10000000 - 20000000 estimated owners.,https://www.kaggle.com/datasets/fronkongames/steam-games-dataset
124,Sid Meier's Civilization® V,2010,2010s,Strategy,strategy game,PC,2203,"Firaxis Games,Aspyr (Mac),Aspyr (Linux)",best_seller,Steam-verified mainstream title with 10000000 - 20000000 estimated owners.,https://www.kaggle.com/datasets/fronkongames/steam-games-dataset
125,Rocket League®,2015,2010s,Racing,racing game,PC,249,Psyonix LLC,best_seller,Steam-verified mainstream title with 10000000 - 20000000 estimated owners.,https://www.kaggle.com/datasets/fronkongames/steam-games-dataset
126,CyberCorp,2025,2020s,Role-playing,role-playing game,PC,0,Megame LLC,best_seller,Steam-verified mainstream title with 10000000 - 20000000 estimated owners.,https://www.kaggle.com/datasets/fronkongames/steam-games-dataset
127,7 Days to Die,2024,2020s,Strategy,strategy game,PC,287,The Fun Pimps,best_seller,Steam-verified mainstream title with 10000000 - 20000000 estimated owners.,https://www.kaggle.com/datasets/fronkongames/steam-games-dataset
128,Half-Life 2: Deathmatch,2004,2000s,Action,action game,PC,138,Valve,best_seller,Steam-verified mainstream title with 10000000 - 20000000 estimated owners.,https://www.kaggle.com/datasets/fronkongames/steam-games-dataset
129,Paladins®,2018,2010s,Strategy,strategy game,PC,5761,Evil Mojo Games,best_seller,Steam-verified mainstream title with 10000000 - 20000000 estimated owners.,https://www.kaggle.com/datasets/fronkongames/steam-games-dataset
130,Project Zomboid,2013,2010s,Simulation,simulation game,PC,199,The Indie Stone,best_seller,Steam-verified mainstream title with 10000000 - 20000000 estimated owners.,https://www.kaggle.com/datasets/fronkongames/steam-games-dataset
131,Raft,2022,2020s,Simulation,simulation game,PC,257,Redbeet Interactive,best_seller,Steam-verified mainstream title with 10000000 - 20000000 estimated owners.,https://www.kaggle.com/datasets/fronkongames/steam-games-dataset
132,Life is Strange 2,2018,2010s,Action-adventure,action-adventure game,PC,1272,"DONTNOD Entertainment,Feral Interactive (Mac),Feral Interactive (Linux)",best_seller,Steam-verified mainstream title with 10000000 - 20000000 estimated owners.,https://www.kaggle.com/datasets/fronkongames/steam-games-dataset
133,Don't Starve Together,2016,2010s,Strategy,strategy game,PC,55,Klei Entertainment,best_seller,Steam-verified mainstream title with 10000000 - 20000000 estimated owners.,https://www.kaggle.com/datasets/fronkongames/steam-games-dataset
134,"Warhammer 40,000: Rogue Trader",2023,2020s,Strategy,strategy game,PC,422,Owlcat Games,best_seller,Steam-verified mainstream title with 10000000 - 20000000 estimated owners.,https://www.kaggle.com/datasets/fronkongames/steam-games-dataset
135,Trove,2015,2010s,Role-playing,role-playing game,PC,238,gamigo US Inc.,best_seller,Steam-verified mainstream title with 10000000 - 20000000 estimated owners.,https://www.kaggle.com/datasets/fronkongames/steam-games-dataset
136,Halo Infinite,2021,2020s,Action,action game,PC,62,343 Industries,best_seller,Steam-verified mainstream title with 10000000 - 20000000 estimated owners.,https://www.kaggle.com/datasets/fronkongames/steam-games-dataset
137,Black Squad,2019,2010s,Action,action game,PC,13171,"VALOFE,NS STUDIO",best_seller,Steam-verified mainstream title with 10000000 - 20000000 estimated owners.,https://www.kaggle.com/datasets/fronkongames/steam-games-dataset
138,Cities: Skylines,2015,2010s,Strategy,strategy game,PC,144,Colossal Order,best_seller,Steam-verified mainstream title with 10000000 - 20000000 estimated owners.,https://www.kaggle.com/datasets/fronkongames/steam-games-dataset
139,Fallout 4,2015,2010s,Role-playing,role-playing game,PC,93,Bethesda Game Studios,best_seller,Steam-verified mainstream title with 10000000 - 20000000 estimated owners.,https://www.kaggle.com/datasets/fronkongames/steam-games-dataset
140,Grim Dawn,2016,2010s,Role-playing,role-playing game,PC,711,Crate Entertainment,best_seller,Steam-verified mainstream title with 10000000 - 20000000 estimated owners.,https://www.kaggle.com/datasets/fronkongames/steam-games-dataset
141,Borderlands 2,2012,2010s,Role-playing,role-playing game,PC,101,"Gearbox Software,Aspyr (Mac),Aspyr (Linux)",best_seller,Steam-verified mainstream title with 10000000 - 20000000 estimated owners.,https://www.kaggle.com/datasets/fronkongames/steam-games-dataset
142,Phasmophobia,2020,2020s,Action,action game,PC,105,Kinetic Games,best_seller,Steam-verified mainstream title with 10000000 - 20000000 estimated owners.,https://www.kaggle.com/datasets/fronkongames/steam-games-dataset
143,Monster Hunter: World,2018,2010s,Action,action game,PC,103,"CAPCOM Co., Ltd.",best_seller,Steam-verified mainstream title with 10000000 - 20000000 estimated owners.,https://www.kaggle.com/datasets/fronkongames/steam-games-dataset
144,DayZ,2018,2010s,Action-adventure,action-adventure game,PC,1379,Bohemia Interactive,best_seller,Steam-verified mainstream title with 10000000 - 20000000 estimated owners.,https://www.kaggle.com/datasets/fronkongames/steam-games-dataset
145,World of Tanks Blitz,2016,2010s,Strategy,strategy game,PC,396,Wargaming Group Limited,best_seller,Steam-verified mainstream title with 10000000 - 20000000 estimated owners.,https://www.kaggle.com/datasets/fronkongames/steam-games-dataset
146,Sekiro™: Shadows Die Twice - GOTY Edition,2019,2010s,Action-adventure,action-adventure game,PC,102,"FromSoftware, Inc.",best_seller,Steam-verified mainstream title with 10000000 - 20000000 estimated owners.,https://www.kaggle.com/datasets/fronkongames/steam-games-dataset
147,NARAKA: BLADEPOINT,2021,2020s,Action-adventure,action-adventure game,PC,290,24 Entertainment,best_seller,Steam-verified mainstream title with 10000000 - 20000000 estimated owners.,https://www.kaggle.com/datasets/fronkongames/steam-games-dataset
148,Human Fall Flat,2016,2010s,Simulation,simulation game,PC,85,No Brakes Games,best_seller,Steam-verified mainstream title with 10000000 - 20000000 estimated owners.,https://www.kaggle.com/datasets/fronkongames/steam-games-dataset
149,Hunt: Showdown 1896,2019,2010s,Action,action game,PC,458,Crytek,best_seller,Steam-verified mainstream title with 10000000 - 20000000 estimated owners.,https://www.kaggle.com/datasets/fronkongames/steam-games-dataset
150,Mount & Blade II: Bannerlord,2022,2020s,Strategy,strategy game,PC,481,TaleWorlds Entertainment,best_seller,Steam-verified mainstream title with 10000000 - 20000000 estimated owners.,https://www.kaggle.com/datasets/fronkongames/steam-games-dataset
151,R.E.P.O.,2025,2020s,Action,action game,PC,108,semiwork,best_seller,Steam-verified mainstream title with 10000000 - 20000000 estimated owners.,https://www.kaggle.com/datasets/fronkongames/steam-games-dataset
152,Dying Light,2015,2010s,Role-playing,role-playing game,PC,295,Techland,best_seller,Steam-verified mainstream title with 10000000 - 20000000 estimated owners.,https://www.kaggle.com/datasets/fronkongames/steam-games-dataset
153,eFootball™,2021,2020s,Sports,sports game,PC,644,KONAMI,best_seller,Steam-verified mainstream title with 10000000 - 20000000 estimated owners.,https://www.kaggle.com/datasets/fronkongames/steam-games-dataset
154,Street Warriors Online,2016,2010s,Sports,sports game,PC,0,Crazy Rocks Studios,best_seller,Steam-verified mainstream title with 10000000 - 20000000 estimated owners.,https://www.kaggle.com/datasets/fronkongames/steam-games-dataset
155,Arma 3,2013,2010s,Strategy,strategy game,PC,228,Bohemia Interactive,best_seller,Steam-verified mainstream title with 10000000 - 20000000 estimated owners.,https://www.kaggle.com/datasets/fronkongames/steam-games-dataset
156,The Sims™ 4,2020,2020s,Simulation,simulation game,PC,150,Maxis,best_seller,Steam-verified mainstream title with 10000000 - 20000000 estimated owners.,https://www.kaggle.com/datasets/fronkongames/steam-games-dataset
157,Counter-Strike: Condition Zero,2004,2000s,Action,action game,PC,1,Valve,best_seller,Steam-verified mainstream title with 10000000 - 20000000 estimated owners.,https://www.kaggle.com/datasets/fronkongames/steam-games-dataset
158,Counter-Strike: Source,2004,2000s,Action,action game,PC,89,Valve,best_seller,Steam-verified mainstream title with 10000000 - 20000000 estimated owners.,https://www.kaggle.com/datasets/fronkongames/steam-games-dataset
159,Schedule I,2025,2020s,Strategy,strategy game,PC,122,TVGS,best_seller,Steam-verified mainstream title with 10000000 - 20000000 estimated owners.,https://www.kaggle.com/datasets/fronkongames/steam-games-dataset
160,Battlefield™ V,2020,2020s,Action,action game,PC,222,DICE,best_seller,Steam-verified mainstream title with 10000000 - 20000000 estimated owners.,https://www.kaggle.com/datasets/fronkongames/steam-games-dataset
161,Sons Of The Forest,2024,2020s,Simulation,simulation game,PC,281,Endnight Games Ltd,best_seller,Steam-verified mainstream title with 10000000 - 20000000 estimated owners.,https://www.kaggle.com/datasets/fronkongames/steam-games-dataset
162,SMITE®,2015,2010s,Strategy,strategy game,PC,244,Titan Forge Games,best_seller,Steam-verified mainstream title with 10000000 - 20000000 estimated owners.,https://www.kaggle.com/datasets/fronkongames/steam-games-dataset
163,Z1 Battle Royale,2018,2010s,Action-adventure,action-adventure game,PC,32,Daybreak Game Company,best_seller,Steam-verified mainstream title with 10000000 - 20000000 estimated owners.,https://www.kaggle.com/datasets/fronkongames/steam-games-dataset
164,Lethal Company,2023,2020s,Action-adventure,action-adventure game,PC,124,Zeekerss,best_seller,Steam-verified mainstream title with 10000000 - 20000000 estimated owners.,https://www.kaggle.com/datasets/fronkongames/steam-games-dataset
165,Valheim,2021,2020s,Role-playing,role-playing game,PC,320,Iron Gate AB,best_seller,Steam-verified mainstream title with 10000000 - 20000000 estimated owners.,https://www.kaggle.com/datasets/fronkongames/steam-games-dataset
166,Half-Life 2: Episode Two,2007,2000s,Action,action game,PC,0,Valve,platform_sales,Steam-verified mainstream title with 5000000 - 10000000 estimated owners.,https://www.kaggle.com/datasets/fronkongames/steam-games-dataset
167,Grand Theft Auto V Enhanced,2025,2020s,Racing,racing game,PC,202,Rockstar North,platform_sales,Steam-verified mainstream title with 5000000 - 10000000 estimated owners.,https://www.kaggle.com/datasets/fronkongames/steam-games-dataset
168,Conan Exiles,2018,2010s,Strategy,strategy game,PC,447,Funcom,platform_sales,Steam-verified mainstream title with 5000000 - 10000000 estimated owners.,https://www.kaggle.com/datasets/fronkongames/steam-games-dataset
169,Saints Row IV: Re-Elected,2013,2010s,Action-adventure,action-adventure game,PC,575,Deep Silver Volition,platform_sales,Steam-verified mainstream title with 5000000 - 10000000 estimated owners.,https://www.kaggle.com/datasets/fronkongames/steam-games-dataset
170,Halo: The Master Chief Collection,2019,2010s,Action,action game,PC,78,"343 Industries,Splash Damage,Ruffian Games,Bungie,Saber Interactive",platform_sales,Steam-verified mainstream title with 5000000 - 10000000 estimated owners.,https://www.kaggle.com/datasets/fronkongames/steam-games-dataset
171,RimWorld,2018,2010s,Strategy,strategy game,PC,300,Ludeon Studios,platform_sales,Steam-verified mainstream title with 5000000 - 10000000 estimated owners.,https://www.kaggle.com/datasets/fronkongames/steam-games-dataset
172,SCUM,2025,2020s,Action-adventure,action-adventure game,PC,1534,Gamepires,platform_sales,Steam-verified mainstream title with 5000000 - 10000000 estimated owners.,https://www.kaggle.com/datasets/fronkongames/steam-games-dataset
173,theHunter: Call of the Wild™,2017,2010s,Sports,sports game,PC,192,Expansive Worlds,platform_sales,Steam-verified mainstream title with 5000000 - 10000000 estimated owners.,https://www.kaggle.com/datasets/fronkongames/steam-games-dataset
174,Total War: THREE KINGDOMS,2019,2010s,Strategy,strategy game,PC,306,"CREATIVE ASSEMBLY,Feral Interactive (Mac),Feral Interactive (Linux)",platform_sales,Steam-verified mainstream title with 5000000 - 10000000 estimated owners.,https://www.kaggle.com/datasets/fronkongames/steam-games-dataset
175,Metro 2033 Redux,2014,2010s,Action,action game,PC,67,4A Games,platform_sales,Steam-verified mainstream title with 5000000 - 10000000 estimated owners.,https://www.kaggle.com/datasets/fronkongames/steam-games-dataset
176,Europa Universalis IV,2013,2010s,Strategy,strategy game,PC,346,"Paradox Development Studio,Paradox Tinto",platform_sales,Steam-verified mainstream title with 5000000 - 10000000 estimated owners.,https://www.kaggle.com/datasets/fronkongames/steam-games-dataset
177,Infestation: The New Z,2016,2010s,Role-playing,role-playing game,PC,40,Fredaikis AB,platform_sales,Steam-verified mainstream title with 5000000 - 10000000 estimated owners.,https://www.kaggle.com/datasets/fronkongames/steam-games-dataset
178,Battlefield™ 1,2020,2020s,Action,action game,PC,50,DICE,platform_sales,Steam-verified mainstream title with 5000000 - 10000000 estimated owners.,https://www.kaggle.com/datasets/fronkongames/steam-games-dataset
179,Titanfall® 2,2020,2020s,Action,action game,PC,212,Respawn Entertainment,platform_sales,Steam-verified mainstream title with 5000000 - 10000000 estimated owners.,https://www.kaggle.com/datasets/fronkongames/steam-games-dataset
180,Day of Defeat,2003,2000s,Action,action game,PC,948,Valve,platform_sales,Steam-verified mainstream title with 5000000 - 10000000 estimated owners.,https://www.kaggle.com/datasets/fronkongames/steam-games-dataset
181,No More Room in Hell,2013,2010s,Action,action game,PC,551,No More Room in Hell Team,platform_sales,Steam-verified mainstream title with 5000000 - 10000000 estimated owners.,https://www.kaggle.com/datasets/fronkongames/steam-games-dataset
182,Divinity: Original Sin 2 - Definitive Edition,2017,2010s,Strategy,strategy game,PC,210,Larian Studios,platform_sales,Steam-verified mainstream title with 5000000 - 10000000 estimated owners.,https://www.kaggle.com/datasets/fronkongames/steam-games-dataset
183,Splitgate,2019,2010s,Action,action game,PC,0,1047 Games,platform_sales,Steam-verified mainstream title with 5000000 - 10000000 estimated owners.,https://www.kaggle.com/datasets/fronkongames/steam-games-dataset
184,DCS World Steam Edition,2013,2010s,Simulation,simulation game,PC,1178,Eagle Dynamics SA,platform_sales,Steam-verified mainstream title with 5000000 - 10000000 estimated owners.,https://www.kaggle.com/datasets/fronkongames/steam-games-dataset
185,theHunter Classic,2014,2010s,Sports,sports game,PC,26,"Expansive Worlds,Avalanche Studios",platform_sales,Steam-verified mainstream title with 5000000 - 10000000 estimated owners.,https://www.kaggle.com/datasets/fronkongames/steam-games-dataset
186,Doki Doki Literature Club!,2017,2010s,Simulation,simulation game,PC,2,Team Salvato,platform_sales,Steam-verified mainstream title with 5000000 - 10000000 estimated owners.,https://www.kaggle.com/datasets/fronkongames/steam-games-dataset
187,Little Nightmares,2017,2010s,Action-adventure,action-adventure game,PC,127,Tarsier Studios,platform_sales,Steam-verified mainstream title with 5000000 - 10000000 estimated owners.,https://www.kaggle.com/datasets/fronkongames/steam-games-dataset
188,A Story About My Uncle,2014,2010s,Action-adventure,action-adventure game,PC,0,Gone North Games,platform_sales,Steam-verified mainstream title with 5000000 - 10000000 estimated owners.,https://www.kaggle.com/datasets/fronkongames/steam-games-dataset
189,PlanetSide 2,2012,2010s,Action,action game,PC,55,Rogue Planet Games,platform_sales,Steam-verified mainstream title with 5000000 - 10000000 estimated owners.,https://www.kaggle.com/datasets/fronkongames/steam-games-dataset
190,Braveland,2014,2010s,Strategy,strategy game,PC,0,Tortuga Team,platform_sales,Steam-verified mainstream title with 5000000 - 10000000 estimated owners.,https://www.kaggle.com/datasets/fronkongames/steam-games-dataset
191,The Elder Scrolls V: Skyrim Special Edition,2016,2010s,Role-playing,role-playing game,PC,318,Bethesda Game Studios,platform_sales,Steam-verified mainstream title with 5000000 - 10000000 estimated owners.,https://www.kaggle.com/datasets/fronkongames/steam-games-dataset
192,AdVenture Capitalist,2015,2010s,Simulation,simulation game,PC,29,Hyper Hippo Games,platform_sales,Steam-verified mainstream title with 5000000 - 10000000 estimated owners.,https://www.kaggle.com/datasets/fronkongames/steam-games-dataset
193,Mount & Blade: Warband,2010,2010s,Role-playing,role-playing game,PC,264,TaleWorlds Entertainment,platform_sales,Steam-verified mainstream title with 5000000 - 10000000 estimated owners.,https://www.kaggle.com/datasets/fronkongames/steam-games-dataset
194,Half-Life 2: Episode One,2006,2000s,Action,action game,PC,0,Valve,platform_sales,Steam-verified mainstream title with 5000000 - 10000000 estimated owners.,https://www.kaggle.com/datasets/fronkongames/steam-games-dataset
195,Stray,2022,2020s,Action-adventure,action-adventure game,PC,130,BlueTwelve Studio,platform_sales,Steam-verified mainstream title with 5000000 - 10000000 estimated owners.,https://www.kaggle.com/datasets/fronkongames/steam-games-dataset
196,No Man's Sky,2016,2010s,Action-adventure,action-adventure game,PC,144,Hello Games,platform_sales,Steam-verified mainstream title with 5000000 - 10000000 estimated owners.,https://www.kaggle.com/datasets/fronkongames/steam-games-dataset
197,Counter-Strike Nexon,2014,2010s,Action,action game,PC,14886,"Valve,NEXON",platform_sales,Steam-verified mainstream title with 5000000 - 10000000 estimated owners.,https://www.kaggle.com/datasets/fronkongames/steam-games-dataset
198,Crossout,2017,2010s,Racing,racing game,PC,5004,Targem Games,platform_sales,Steam-verified mainstream title with 5000000 - 10000000 estimated owners.,https://www.kaggle.com/datasets/fronkongames/steam-games-dataset
199,Grand Theft Auto IV: The Complete Edition,2020,2020s,Action-adventure,action-adventure game,PC,111,"Rockstar North,Rockstar Toronto",platform_sales,Steam-verified mainstream title with 5000000 - 10000000 estimated owners.,https://www.kaggle.com/datasets/fronkongames/steam-games-dataset
200,Football Manager 2020,2019,2010s,Sports,sports game,PC,0,Sports Interactive,platform_sales,Steam-verified mainstream title with 5000000 - 10000000 estimated owners.,https://www.kaggle.com/datasets/fronkongames/steam-games-dataset
201,War Robots,2018,2010s,Action,action game,PC,12009,MY.GAMES,platform_sales,Steam-verified mainstream title with 5000000 - 10000000 estimated owners.,https://www.kaggle.com/datasets/fronkongames/steam-games-dataset
202,Forza Horizon 5,2021,2020s,Racing,racing game,PC,74,Playground Games,platform_sales,Steam-verified mainstream title with 5000000 - 10000000 estimated owners.,https://www.kaggle.com/datasets/fronkongames/steam-games-dataset
203,Clicker Heroes,2015,2010s,Strategy,strategy game,PC,2314,Playsaurus,platform_sales,Steam-verified mainstream title with 5000000 - 10000000 estimated owners.,https://www.kaggle.com/datasets/fronkongames/steam-games-dataset
204,Evolve Stage 2,2015,2010s,Action,action game,PC,0,Turtle Rock Studios,platform_sales,Steam-verified mainstream title with 5000000 - 10000000 estimated owners.,https://www.kaggle.com/datasets/fronkongames/steam-games-dataset
205,Chivalry: Medieval Warfare,2012,2010s,Action,action game,PC,0,Torn Banner Studios,platform_sales,Steam-verified mainstream title with 5000000 - 10000000 estimated owners.,https://www.kaggle.com/datasets/fronkongames/steam-games-dataset
206,Fallout: New Vegas,2010,2010s,Role-playing,role-playing game,PC,265,Obsidian Entertainment,platform_sales,Steam-verified mainstream title with 5000000 - 10000000 estimated owners.,https://www.kaggle.com/datasets/fronkongames/steam-games-dataset
207,Business Tour - Board Game with Online Multiplayer,2017,2010s,Strategy,strategy game,PC,35,8Floor,platform_sales,Steam-verified mainstream title with 5000000 - 10000000 estimated owners.,https://www.kaggle.com/datasets/fronkongames/steam-games-dataset
208,Neverwinter,2013,2010s,Role-playing,role-playing game,PC,1870,Cryptic Studios,platform_sales,Steam-verified mainstream title with 5000000 - 10000000 estimated owners.,https://www.kaggle.com/datasets/fronkongames/steam-games-dataset
209,Blender,2015,2010s,Action,action game,PC,120,Blender Foundation,platform_sales,Steam-verified mainstream title with 5000000 - 10000000 estimated owners.,https://www.kaggle.com/datasets/fronkongames/steam-games-dataset
210,V Rising,2024,2020s,Action-adventure,action-adventure game,PC,342,Stunlock Studios,platform_sales,Steam-verified mainstream title with 5000000 - 10000000 estimated owners.,https://www.kaggle.com/datasets/fronkongames/steam-games-dataset
211,Risk of Rain 2,2020,2020s,Action,action game,PC,167,Hopoo Games,platform_sales,Steam-verified mainstream title with 5000000 - 10000000 estimated owners.,https://www.kaggle.com/datasets/fronkongames/steam-games-dataset
212,Tomb Raider Game of the Year,2013,2010s,Action-adventure,action-adventure game,PC,72,"Crystal Dynamics,Eidos-Montréal,Feral Interactive (Mac),Nixxes",platform_sales,Steam-verified mainstream title with 5000000 - 10000000 estimated owners.,https://www.kaggle.com/datasets/fronkongames/steam-games-dataset
213,Resident Evil 2,2019,2010s,Action,action game,PC,135,"CAPCOM Co., Ltd.",platform_sales,Steam-verified mainstream title with 5000000 - 10000000 estimated owners.,https://www.kaggle.com/datasets/fronkongames/steam-games-dataset
214,Assetto Corsa,2014,2010s,Racing,racing game,PC,80,Kunos Simulazioni,platform_sales,Steam-verified mainstream title with 5000000 - 10000000 estimated owners.,https://www.kaggle.com/datasets/fronkongames/steam-games-dataset
215,KurtzPel,2019,2010s,Action,action game,PC,8331,KOG,platform_sales,Steam-verified mainstream title with 5000000 - 10000000 estimated owners.,https://www.kaggle.com/datasets/fronkongames/steam-games-dataset
216,FOR HONOR™,2017,2010s,Action,action game,PC,204,"Ubisoft Montreal,Ubisoft Quebec,Ubisoft Toronto,Blue Byte",platform_sales,Steam-verified mainstream title with 5000000 - 10000000 estimated owners.,https://www.kaggle.com/datasets/fronkongames/steam-games-dataset
217,Assassin's Creed® Odyssey,2018,2010s,Role-playing,role-playing game,PC,158,"Ubisoft Quebec,Ubisoft Montreal,Ubisoft Bucharest,Ubisoft Singapore,Ubisoft Montpellier,Ubisoft Kiev,Ubisoft Shanghai",platform_sales,Steam-verified mainstream title with 5000000 - 10000000 estimated owners.,https://www.kaggle.com/datasets/fronkongames/steam-games-dataset
218,Devil May Cry 5,2019,2010s,Action,action game,PC,57,"CAPCOM Co., Ltd.",platform_sales,Steam-verified mainstream title with 5000000 - 10000000 estimated owners.,https://www.kaggle.com/datasets/fronkongames/steam-games-dataset
219,STAR WARS™: The Old Republic™,2020,2020s,Role-playing,role-playing game,PC,400,Broadsword,platform_sales,Steam-verified mainstream title with 5000000 - 10000000 estimated owners.,https://www.kaggle.com/datasets/fronkongames/steam-games-dataset
220,Age of Empires II (Retired),2013,2010s,Strategy,strategy game,PC,468,"Skybox Labs,Hidden Path Entertainment,Ensemble Studios,Forgotten Empires",platform_sales,Steam-verified mainstream title with 5000000 - 10000000 estimated owners.,https://www.kaggle.com/datasets/fronkongames/steam-games-dataset
221,Dying Light 2 Stay Human: Reloaded Edition,2022,2020s,Role-playing,role-playing game,PC,700,Techland,platform_sales,Steam-verified mainstream title with 5000000 - 10000000 estimated owners.,https://www.kaggle.com/datasets/fronkongames/steam-games-dataset
222,BattleBit Remastered,2023,2020s,Action,action game,PC,404,"SgtOkiDoki,Vilaskis,TheLiquidHorse",platform_sales,Steam-verified mainstream title with 5000000 - 10000000 estimated owners.,https://www.kaggle.com/datasets/fronkongames/steam-games-dataset
223,Cry of Fear,2013,2010s,Action-adventure,action-adventure game,PC,15,Team Psykskallar,platform_sales,Steam-verified mainstream title with 5000000 - 10000000 estimated owners.,https://www.kaggle.com/datasets/fronkongames/steam-games-dataset
224,Call of Duty®: Modern Warfare® 2 (2009),2009,2000s,Action,action game,PC,85,Infinity Ward,platform_sales,Steam-verified mainstream title with 5000000 - 10000000 estimated owners.,https://www.kaggle.com/datasets/fronkongames/steam-games-dataset
225,Prison Architect,2015,2010s,Strategy,strategy game,PC,317,"Introversion Software,Double Eleven",platform_sales,Steam-verified mainstream title with 5000000 - 10000000 estimated owners.,https://www.kaggle.com/datasets/fronkongames/steam-games-dataset
226,Eternal Return,2023,2020s,Strategy,strategy game,PC,443,Nimble Neuron,platform_sales,Steam-verified mainstream title with 5000000 - 10000000 estimated owners.,https://www.kaggle.com/datasets/fronkongames/steam-games-dataset
227,Crab Game,2021,2020s,Racing,racing game,PC,6399,Dani,platform_sales,Steam-verified mainstream title with 5000000 - 10000000 estimated owners.,https://www.kaggle.com/datasets/fronkongames/steam-games-dataset
228,EA SPORTS FC™ 24,2023,2020s,Sports,sports game,PC,139,"EA Canada,EA Romania",platform_sales,Steam-verified mainstream title with 5000000 - 10000000 estimated owners.,https://www.kaggle.com/datasets/fronkongames/steam-games-dataset
229,Poppy Playtime,2021,2020s,Action-adventure,action-adventure game,PC,438,Mob Entertainment,platform_sales,Steam-verified mainstream title with 5000000 - 10000000 estimated owners.,https://www.kaggle.com/datasets/fronkongames/steam-games-dataset
230,Call of Duty®: Black Ops III,2015,2010s,Action-adventure,action-adventure game,PC,161,"Treyarch,Aspyr (Mac)",platform_sales,Steam-verified mainstream title with 5000000 - 10000000 estimated owners.,https://www.kaggle.com/datasets/fronkongames/steam-games-dataset
231,Dota Underlords,2019,2010s,Strategy,strategy game,PC,218,Valve,platform_sales,Steam-verified mainstream title with 5000000 - 10000000 estimated owners.,https://www.kaggle.com/datasets/fronkongames/steam-games-dataset
232,APB Reloaded,2011,2010s,Action,action game,PC,16622,Little Orbit,platform_sales,Steam-verified mainstream title with 5000000 - 10000000 estimated owners.,https://www.kaggle.com/datasets/fronkongames/steam-games-dataset
233,Sea of Thieves: 2025 Edition,2020,2020s,Action-adventure,action-adventure game,PC,265,Rare Ltd,platform_sales,Steam-verified mainstream title with 5000000 - 10000000 estimated owners.,https://www.kaggle.com/datasets/fronkongames/steam-games-dataset
234,Deceit,2017,2010s,Action,action game,PC,14,World Makers,platform_sales,Steam-verified mainstream title with 5000000 - 10000000 estimated owners.,https://www.kaggle.com/datasets/fronkongames/steam-games-dataset
235,The Elder Scrolls® Online,2017,2010s,Role-playing,role-playing game,PC,910,ZeniMax Online Studios,platform_sales,Steam-verified mainstream title with 5000000 - 10000000 estimated owners.,https://www.kaggle.com/datasets/fronkongames/steam-games-dataset
236,Hollow Knight,2017,2010s,Action-adventure,action-adventure game,PC,162,Team Cherry,platform_sales,Steam-verified mainstream title with 5000000 - 10000000 estimated owners.,https://www.kaggle.com/datasets/fronkongames/steam-games-dataset
237,Deathmatch Classic,2001,2000s,Action,action game,PC,0,Valve,platform_sales,Steam-verified mainstream title with 5000000 - 10000000 estimated owners.,https://www.kaggle.com/datasets/fronkongames/steam-games-dataset
238,DOOM Eternal,2020,2020s,Action,action game,PC,131,id Software,platform_sales,Steam-verified mainstream title with 5000000 - 10000000 estimated owners.,https://www.kaggle.com/datasets/fronkongames/steam-games-dataset
239,Dirty Bomb®,2015,2010s,Action,action game,PC,0,Splash Damage,platform_sales,Steam-verified mainstream title with 5000000 - 10000000 estimated owners.,https://www.kaggle.com/datasets/fronkongames/steam-games-dataset
240,Slay the Spire,2019,2010s,Strategy,strategy game,PC,127,Mega Crit,platform_sales,Steam-verified mainstream title with 5000000 - 10000000 estimated owners.,https://www.kaggle.com/datasets/fronkongames/steam-games-dataset
241,Life is Strange - Episode 1,2015,2010s,Action-adventure,action-adventure game,PC,201,"DONTNOD Entertainment,Feral Interactive (Mac),Feral Interactive (Linux)",platform_sales,Steam-verified mainstream title with 5000000 - 10000000 estimated owners.,https://www.kaggle.com/datasets/fronkongames/steam-games-dataset
242,People Playground,2019,2010s,Simulation,simulation game,PC,64,mestiez,platform_sales,Steam-verified mainstream title with 5000000 - 10000000 estimated owners.,https://www.kaggle.com/datasets/fronkongames/steam-games-dataset
243,DAVE THE DIVER,2023,2020s,Simulation,simulation game,PC,182,MINTROCKET,platform_sales,Steam-verified mainstream title with 5000000 - 10000000 estimated owners.,https://www.kaggle.com/datasets/fronkongames/steam-games-dataset
244,Vampire Survivors,2022,2020s,Role-playing,role-playing game,PC,95,poncle,platform_sales,Steam-verified mainstream title with 5000000 - 10000000 estimated owners.,https://www.kaggle.com/datasets/fronkongames/steam-games-dataset
245,Castle Crashers®,2012,2010s,Role-playing,role-playing game,PC,115,The Behemoth,platform_sales,Steam-verified mainstream title with 5000000 - 10000000 estimated owners.,https://www.kaggle.com/datasets/fronkongames/steam-games-dataset
246,Black Desert,2017,2010s,Strategy,strategy game,PC,433,Pearl Abyss,platform_sales,Steam-verified mainstream title with 5000000 - 10000000 estimated owners.,https://www.kaggle.com/datasets/fronkongames/steam-games-dataset
247,Counter-Strike: Condition Zero,2004,2000s,Action,action game,PC,46,Valve,platform_sales,Steam-verified mainstream title with 5000000 - 10000000 estimated owners.,https://www.kaggle.com/datasets/fronkongames/steam-games-dataset
248,Content Warning,2024,2020s,Action-adventure,action-adventure game,PC,68,"Wilnyl,Philip,thePetHen,Skog,Zorro",platform_sales,Steam-verified mainstream title with 5000000 - 10000000 estimated owners.,https://www.kaggle.com/datasets/fronkongames/steam-games-dataset
249,Total War: WARHAMMER II,2017,2010s,Strategy,strategy game,PC,643,"CREATIVE ASSEMBLY,Feral Interactive (Mac),Feral Interactive (Linux)",platform_sales,Steam-verified mainstream title with 5000000 - 10000000 estimated owners.,https://www.kaggle.com/datasets/fronkongames/steam-games-dataset
250,EA SPORTS FC™ 25,2024,2020s,Sports,sports game,PC,185,"EA Canada,EA Romania",platform_sales,Steam-verified mainstream title with 5000000 - 10000000 estimated owners.,https://www.kaggle.com/datasets/fronkongames/steam-games-dataset
251,Ready or Not,2023,2020s,Action-adventure,action-adventure game,PC,91,VOID Interactive,platform_sales,Steam-verified mainstream title with 5000000 - 10000000 estimated owners.,https://www.kaggle.com/datasets/fronkongames/steam-games-dataset
252,Half-Life Deathmatch: Source,2006,2000s,Action,action game,PC,0,Valve,platform_sales,Steam-verified mainstream title with 5000000 - 10000000 estimated owners.,https://www.kaggle.com/datasets/fronkongames/steam-games-dataset
253,Cuphead,2017,2010s,Action,action game,PC,45,Studio MDHR Entertainment Inc.,platform_sales,Steam-verified mainstream title with 5000000 - 10000000 estimated owners.,https://www.kaggle.com/datasets/fronkongames/steam-games-dataset
254,Geometry Dash,2014,2010s,Action,action game,PC,56,RobTop Games,platform_sales,Steam-verified mainstream title with 5000000 - 10000000 estimated owners.,https://www.kaggle.com/datasets/fronkongames/steam-games-dataset
255,Dead Cells,2018,2010s,Action-adventure,action-adventure game,PC,112,Motion Twin,platform_sales,Steam-verified mainstream title with 5000000 - 10000000 estimated owners.,https://www.kaggle.com/datasets/fronkongames/steam-games-dataset
256,Factorio,2020,2020s,Strategy,strategy game,PC,574,Wube Software LTD.,platform_sales,Steam-verified mainstream title with 5000000 - 10000000 estimated owners.,https://www.kaggle.com/datasets/fronkongames/steam-games-dataset
257,MONSTER HUNTER RISE,2022,2020s,Action,action game,PC,265,"CAPCOM Co., Ltd.",platform_sales,Steam-verified mainstream title with 5000000 - 10000000 estimated owners.,https://www.kaggle.com/datasets/fronkongames/steam-games-dataset
258,Deep Rock Galactic,2020,2020s,Action,action game,PC,153,Ghost Ship Games,platform_sales,Steam-verified mainstream title with 5000000 - 10000000 estimated owners.,https://www.kaggle.com/datasets/fronkongames/steam-games-dataset
259,Company of Heroes 2,2013,2010s,Strategy,strategy game,PC,420,"Relic Entertainment,Feral Interactive (Mac),Feral Interactive (Linux)",platform_sales,Steam-verified mainstream title with 5000000 - 10000000 estimated owners.,https://www.kaggle.com/datasets/fronkongames/steam-games-dataset
260,ULTRAKILL,2020,2020s,Action,action game,PC,62,Arsi Hakita Patala,platform_sales,Steam-verified mainstream title with 5000000 - 10000000 estimated owners.,https://www.kaggle.com/datasets/fronkongames/steam-games-dataset
261,Call of Duty® 2,2006,2000s,Action,action game,PC,201,Infinity Ward,platform_sales,Steam-verified mainstream title with 5000000 - 10000000 estimated owners.,https://www.kaggle.com/datasets/fronkongames/steam-games-dataset
262,Kathy Rain,2016,2010s,Action-adventure,action-adventure game,PC,271,Clifftop Games,platform_sales,Steam-verified mainstream title with 5000000 - 10000000 estimated owners.,https://www.kaggle.com/datasets/fronkongames/steam-games-dataset
263,Call of Duty®: Modern Warfare® 2 (2009),2009,2000s,Action,action game,PC,281,Infinity Ward,platform_sales,Steam-verified mainstream title with 5000000 - 10000000 estimated owners.,https://www.kaggle.com/datasets/fronkongames/steam-games-dataset
264,Guacamelee! Super Turbo Championship Edition,2014,2010s,Action-adventure,action-adventure game,PC,129,Drinkbox Studios,platform_sales,Steam-verified mainstream title with 5000000 - 10000000 estimated owners.,https://www.kaggle.com/datasets/fronkongames/steam-games-dataset
265,Fishing Planet,2017,2010s,Sports,sports game,PC,128,Fishing Planet LLC,platform_sales,Steam-verified mainstream title with 5000000 - 10000000 estimated owners.,https://www.kaggle.com/datasets/fronkongames/steam-games-dataset
266,Subnautica,2018,2010s,Action-adventure,action-adventure game,PC,405,Unknown Worlds Entertainment,platform_sales,Steam-verified mainstream title with 5000000 - 10000000 estimated owners.,https://www.kaggle.com/datasets/fronkongames/steam-games-dataset
267,DARK SOULS™ III,2016,2010s,Action,action game,PC,155,"FromSoftware, Inc.",platform_sales,Steam-verified mainstream title with 5000000 - 10000000 estimated owners.,https://www.kaggle.com/datasets/fronkongames/steam-games-dataset
268,Hearts of Iron IV,2016,2010s,Strategy,strategy game,PC,400,Paradox Development Studio,platform_sales,Steam-verified mainstream title with 5000000 - 10000000 estimated owners.,https://www.kaggle.com/datasets/fronkongames/steam-games-dataset
269,"Warhammer 40,000: Space Marine 2",2024,2020s,Role-playing,role-playing game,PC,227,Saber Interactive,platform_sales,Steam-verified mainstream title with 5000000 - 10000000 estimated owners.,https://www.kaggle.com/datasets/fronkongames/steam-games-dataset
270,Just Cause™ 3,2015,2010s,Action-adventure,action-adventure game,PC,319,Avalanche Studios,platform_sales,Steam-verified mainstream title with 5000000 - 10000000 estimated owners.,https://www.kaggle.com/datasets/fronkongames/steam-games-dataset
271,POSTAL 2,2012,2010s,Action-adventure,action-adventure game,PC,141,Running With Scissors,platform_sales,Steam-verified mainstream title with 5000000 - 10000000 estimated owners.,https://www.kaggle.com/datasets/fronkongames/steam-games-dataset
272,XCOM® 2,2016,2010s,Strategy,strategy game,PC,339,"Firaxis Games,Feral Interactive (Mac),Feral Interactive (Linux)",platform_sales,Steam-verified mainstream title with 5000000 - 10000000 estimated owners.,https://www.kaggle.com/datasets/fronkongames/steam-games-dataset
273,BeamNG.drive,2015,2010s,Racing,racing game,PC,104,BeamNG,platform_sales,Steam-verified mainstream title with 5000000 - 10000000 estimated owners.,https://www.kaggle.com/datasets/fronkongames/steam-games-dataset
274,The Binding of Isaac: Rebirth,2014,2010s,Action,action game,PC,94,"Nicalis, Inc.,Edmund McMillen",platform_sales,Steam-verified mainstream title with 5000000 - 10000000 estimated owners.,https://www.kaggle.com/datasets/fronkongames/steam-games-dataset
275,Russian Fishing 4,2021,2020s,Sports,sports game,PC,965,FishSoft LLC,platform_sales,Steam-verified mainstream title with 5000000 - 10000000 estimated owners.,https://www.kaggle.com/datasets/fronkongames/steam-games-dataset
276,Z1 Battle Royale: Test Server,2016,2010s,Role-playing,role-playing game,PC,0,Daybreak Game Company,platform_sales,Steam-verified mainstream title with 5000000 - 10000000 estimated owners.,https://www.kaggle.com/datasets/fronkongames/steam-games-dataset
277,EA SPORTS™ FIFA 23,2022,2020s,Sports,sports game,PC,541,"EA Canada,EA Romania",platform_sales,Steam-verified mainstream title with 5000000 - 10000000 estimated owners.,https://www.kaggle.com/datasets/fronkongames/steam-games-dataset
278,Tom Clancy’s The Division™,2016,2010s,Role-playing,role-playing game,PC,465,Massive Entertainment,platform_sales,Steam-verified mainstream title with 5000000 - 10000000 estimated owners.,https://www.kaggle.com/datasets/fronkongames/steam-games-dataset
279,SCP: Secret Laboratory,2017,2010s,Role-playing,role-playing game,PC,187,Northwood Studios,platform_sales,Steam-verified mainstream title with 5000000 - 10000000 estimated owners.,https://www.kaggle.com/datasets/fronkongames/steam-games-dataset
280,Stumble Guys,2021,2020s,Racing,racing game,PC,137,Scopely,platform_sales,Steam-verified mainstream title with 5000000 - 10000000 estimated owners.,https://www.kaggle.com/datasets/fronkongames/steam-games-dataset
281,PAYDAY 3,2023,2020s,Role-playing,role-playing game,PC,194,Starbreeze Studios,platform_sales,Steam-verified mainstream title with 2000000 - 5000000 estimated owners.,https://www.kaggle.com/datasets/fronkongames/steam-games-dataset
282,Shadow of the Tomb Raider: Definitive Edition,2018,2010s,Action-adventure,action-adventure game,PC,265,"Eidos-Montréal,Crystal Dynamics,Nixxes,Feral Interactive (Mac),Feral interactive (Linux)",platform_sales,Steam-verified mainstream title with 2000000 - 5000000 estimated owners.,https://www.kaggle.com/datasets/fronkongames/steam-games-dataset
283,Soundpad,2017,2010s,Action,action game,PC,77,Leppsoft,platform_sales,Steam-verified mainstream title with 2000000 - 5000000 estimated owners.,https://www.kaggle.com/datasets/fronkongames/steam-games-dataset
284,Magic Duels,2015,2010s,Strategy,strategy game,PC,0,Stainless Games Ltd.,platform_sales,Steam-verified mainstream title with 2000000 - 5000000 estimated owners.,https://www.kaggle.com/datasets/fronkongames/steam-games-dataset
285,American Truck Simulator,2016,2010s,Simulation,simulation game,PC,211,SCS Software,platform_sales,Steam-verified mainstream title with 2000000 - 5000000 estimated owners.,https://www.kaggle.com/datasets/fronkongames/steam-games-dataset
286,Split Fiction,2025,2020s,Action-adventure,action-adventure game,PC,159,Hazelight Studios,platform_sales,Steam-verified mainstream title with 2000000 - 5000000 estimated owners.,https://www.kaggle.com/datasets/fronkongames/steam-games-dataset
287,The Darkness II,2012,2010s,Action,action game,PC,14,Digital Extremes,platform_sales,Steam-verified mainstream title with 2000000 - 5000000 estimated owners.,https://www.kaggle.com/datasets/fronkongames/steam-games-dataset
288,Space Engineers,2019,2010s,Strategy,strategy game,PC,359,Keen Software House,platform_sales,Steam-verified mainstream title with 2000000 - 5000000 estimated owners.,https://www.kaggle.com/datasets/fronkongames/steam-games-dataset
289,Deus Ex: Human Revolution - Director's Cut,2013,2010s,Role-playing,role-playing game,PC,131,Eidos Montreal,platform_sales,Steam-verified mainstream title with 2000000 - 5000000 estimated owners.,https://www.kaggle.com/datasets/fronkongames/steam-games-dataset
290,Hacknet,2015,2010s,Simulation,simulation game,PC,232,Team Fractal Alligator,platform_sales,Steam-verified mainstream title with 2000000 - 5000000 estimated owners.,https://www.kaggle.com/datasets/fronkongames/steam-games-dataset
291,The Awesome Adventures of Captain Spirit,2018,2010s,Action-adventure,action-adventure game,PC,0,DONTNOD Entertainment,platform_sales,Steam-verified mainstream title with 2000000 - 5000000 estimated owners.,https://www.kaggle.com/datasets/fronkongames/steam-games-dataset
292,Killing Floor,2009,2000s,Action,action game,PC,4011,Tripwire Interactive,platform_sales,Steam-verified mainstream title with 2000000 - 5000000 estimated owners.,https://www.kaggle.com/datasets/fronkongames/steam-games-dataset
293,Dishonored 2,2016,2010s,Action,action game,PC,382,Arkane Studios,platform_sales,Steam-verified mainstream title with 2000000 - 5000000 estimated owners.,https://www.kaggle.com/datasets/fronkongames/steam-games-dataset
294,NARUTO SHIPPUDEN: Ultimate Ninja STORM 4,2016,2010s,Action-adventure,action-adventure game,PC,139,CyberConnect2 Co. Ltd.,platform_sales,Steam-verified mainstream title with 2000000 - 5000000 estimated owners.,https://www.kaggle.com/datasets/fronkongames/steam-games-dataset
295,Tree of Savior (English Ver.),2016,2010s,Role-playing,role-playing game,PC,0,"IMCGAMES Co.,Ltd.",platform_sales,Steam-verified mainstream title with 2000000 - 5000000 estimated owners.,https://www.kaggle.com/datasets/fronkongames/steam-games-dataset
296,Ghost of Tsushima DIRECTOR'S CUT,2024,2020s,Action-adventure,action-adventure game,PC,320,"Sucker Punch Productions,Nixxes Software",platform_sales,Steam-verified mainstream title with 2000000 - 5000000 estimated owners.,https://www.kaggle.com/datasets/fronkongames/steam-games-dataset
297,Saints Row 2,2009,2000s,Action,action game,PC,530,Volition,platform_sales,Steam-verified mainstream title with 2000000 - 5000000 estimated owners.,https://www.kaggle.com/datasets/fronkongames/steam-games-dataset
298,DARK SOULS™ II: Scholar of the First Sin,2015,2010s,Role-playing,role-playing game,PC,1360,"FromSoftware, Inc.",platform_sales,Steam-verified mainstream title with 2000000 - 5000000 estimated owners.,https://www.kaggle.com/datasets/fronkongames/steam-games-dataset
299,Need for Speed™ Heat,2020,2020s,Racing,racing game,PC,212,Ghost Games,platform_sales,Steam-verified mainstream title with 2000000 - 5000000 estimated owners.,https://www.kaggle.com/datasets/fronkongames/steam-games-dataset
300,Ori and the Blind Forest: Definitive Edition,2016,2010s,Action,action game,PC,0,Moon Studios GmbH,platform_sales,Steam-verified mainstream title with 2000000 - 5000000 estimated owners.,https://www.kaggle.com/datasets/fronkongames/steam-games-dataset
301,Life is Strange: Before the Storm,2017,2010s,Action-adventure,action-adventure game,PC,0,"Deck Nine,Feral Interactive (Mac),Feral Interactive (Linux)",platform_sales,Steam-verified mainstream title with 2000000 - 5000000 estimated owners.,https://www.kaggle.com/datasets/fronkongames/steam-games-dataset
302,Neon Abyss,2020,2020s,Role-playing,role-playing game,PC,42,Veewo Games,platform_sales,Steam-verified mainstream title with 2000000 - 5000000 estimated owners.,https://www.kaggle.com/datasets/fronkongames/steam-games-dataset
303,Moonlighter,2018,2010s,Action-adventure,action-adventure game,PC,440,Digital Sun,platform_sales,Steam-verified mainstream title with 2000000 - 5000000 estimated owners.,https://www.kaggle.com/datasets/fronkongames/steam-games-dataset
304,ROUNDS,2021,2020s,Action,action game,PC,179,Landfall,platform_sales,Steam-verified mainstream title with 2000000 - 5000000 estimated owners.,https://www.kaggle.com/datasets/fronkongames/steam-games-dataset
305,NARUTO TO BORUTO: SHINOBI STRIKER,2023,2020s,Action,action game,PC,126,Soleil Ltd.,platform_sales,Steam-verified mainstream title with 2000000 - 5000000 estimated owners.,https://www.kaggle.com/datasets/fronkongames/steam-games-dataset
306,Bless Unleashed,2021,2020s,Role-playing,role-playing game,PC,73,VALOFE,platform_sales,Steam-verified mainstream title with 2000000 - 5000000 estimated owners.,https://www.kaggle.com/datasets/fronkongames/steam-games-dataset
307,S.T.A.L.K.E.R. 2: Heart of Chornobyl,2024,2020s,Role-playing,role-playing game,PC,261,GSC Game World,platform_sales,Steam-verified mainstream title with 2000000 - 5000000 estimated owners.,https://www.kaggle.com/datasets/fronkongames/steam-games-dataset
308,Magicka,2011,2010s,Role-playing,role-playing game,PC,1,Arrowhead Game Studios,platform_sales,Steam-verified mainstream title with 2000000 - 5000000 estimated owners.,https://www.kaggle.com/datasets/fronkongames/steam-games-dataset
309,Party Animals,2023,2020s,Action,action game,PC,91,Recreate Games,platform_sales,Steam-verified mainstream title with 2000000 - 5000000 estimated owners.,https://www.kaggle.com/datasets/fronkongames/steam-games-dataset
310,STAR WARS™ Battlefront™ II,2020,2020s,Action-adventure,action-adventure game,PC,402,DICE,platform_sales,Steam-verified mainstream title with 2000000 - 5000000 estimated owners.,https://www.kaggle.com/datasets/fronkongames/steam-games-dataset
311,Starbound,2016,2010s,Role-playing,role-playing game,PC,304,Chucklefish,platform_sales,Steam-verified mainstream title with 2000000 - 5000000 estimated owners.,https://www.kaggle.com/datasets/fronkongames/steam-games-dataset
312,Half-Life: Alyx,2020,2020s,Action-adventure,action-adventure game,PC,52,Valve,platform_sales,Steam-verified mainstream title with 2000000 - 5000000 estimated owners.,https://www.kaggle.com/datasets/fronkongames/steam-games-dataset
313,World War 3,2022,2020s,Action,action game,PC,0,New Generation Games,platform_sales,Steam-verified mainstream title with 2000000 - 5000000 estimated owners.,https://www.kaggle.com/datasets/fronkongames/steam-games-dataset
314,Tom Clancy's Ghost Recon® Wildlands,2017,2010s,Action-adventure,action-adventure game,PC,528,"Ubisoft Paris,Ubisoft Annecy,Ubisoft Bucharest,Ubisoft Montpellier,Ubisoft Milan,Reflections,Ubisoft Belgrade",platform_sales,Steam-verified mainstream title with 2000000 - 5000000 estimated owners.,https://www.kaggle.com/datasets/fronkongames/steam-games-dataset
315,Bastion,2011,2010s,Role-playing,role-playing game,PC,0,Supergiant Games,platform_sales,Steam-verified mainstream title with 2000000 - 5000000 estimated owners.,https://www.kaggle.com/datasets/fronkongames/steam-games-dataset
316,Kenshi,2018,2010s,Strategy,strategy game,PC,688,Lo-Fi Games,platform_sales,Steam-verified mainstream title with 2000000 - 5000000 estimated owners.,https://www.kaggle.com/datasets/fronkongames/steam-games-dataset
317,Cookie Clicker,2021,2020s,Strategy,strategy game,PC,672,"Orteil,DashNet",platform_sales,Steam-verified mainstream title with 2000000 - 5000000 estimated owners.,https://www.kaggle.com/datasets/fronkongames/steam-games-dataset
318,Sniper Elite 3,2014,2010s,Action-adventure,action-adventure game,PC,28,Rebellion,platform_sales,Steam-verified mainstream title with 2000000 - 5000000 estimated owners.,https://www.kaggle.com/datasets/fronkongames/steam-games-dataset
319,Quake Champions,2022,2020s,Action,action game,PC,12,id Software,platform_sales,Steam-verified mainstream title with 2000000 - 5000000 estimated owners.,https://www.kaggle.com/datasets/fronkongames/steam-games-dataset
320,Call of Duty® 4: Modern Warfare® (2007),2007,2000s,Action,action game,PC,102,Infinity Ward,platform_sales,Steam-verified mainstream title with 2000000 - 5000000 estimated owners.,https://www.kaggle.com/datasets/fronkongames/steam-games-dataset
321,A Way Out,2020,2020s,Action-adventure,action-adventure game,PC,94,Hazelight Studios,platform_sales,Steam-verified mainstream title with 2000000 - 5000000 estimated owners.,https://www.kaggle.com/datasets/fronkongames/steam-games-dataset
322,Granblue Fantasy: Relink,2024,2020s,Role-playing,role-playing game,PC,925,"Cygames, Inc.",platform_sales,Steam-verified mainstream title with 2000000 - 5000000 estimated owners.,https://www.kaggle.com/datasets/fronkongames/steam-games-dataset
323,Helltaker,2020,2020s,Action-adventure,action-adventure game,PC,89,vanripper,platform_sales,Steam-verified mainstream title with 2000000 - 5000000 estimated owners.,https://www.kaggle.com/datasets/fronkongames/steam-games-dataset
324,Balatro,2024,2020s,Strategy,strategy game,PC,44,LocalThunk,platform_sales,Steam-verified mainstream title with 2000000 - 5000000 estimated owners.,https://www.kaggle.com/datasets/fronkongames/steam-games-dataset
325,BioShock Infinite,2013,2010s,Action,action game,PC,207,"Irrational Games,Virtual Programming (Linux)",platform_sales,Steam-verified mainstream title with 2000000 - 5000000 estimated owners.,https://www.kaggle.com/datasets/fronkongames/steam-games-dataset
326,Who's Your Daddy?!,2016,2010s,Action,action game,PC,148,Evil Tortilla Games,platform_sales,Steam-verified mainstream title with 2000000 - 5000000 estimated owners.,https://www.kaggle.com/datasets/fronkongames/steam-games-dataset
327,ELDEN RING NIGHTREIGN,2025,2020s,Role-playing,role-playing game,PC,432,"FromSoftware, Inc.",platform_sales,Steam-verified mainstream title with 2000000 - 5000000 estimated owners.,https://www.kaggle.com/datasets/fronkongames/steam-games-dataset
328,Mirror,2018,2010s,Role-playing,role-playing game,PC,28,KAGAMI WORKS,platform_sales,Steam-verified mainstream title with 2000000 - 5000000 estimated owners.,https://www.kaggle.com/datasets/fronkongames/steam-games-dataset
329,TEKKEN 7,2017,2010s,Sports,sports game,PC,41,BANDAI NAMCO Studios Inc.,platform_sales,Steam-verified mainstream title with 2000000 - 5000000 estimated owners.,https://www.kaggle.com/datasets/fronkongames/steam-games-dataset
330,Total War: ROME II - Emperor Edition,2013,2010s,Strategy,strategy game,PC,668,"CREATIVE ASSEMBLY,Feral Interactive",platform_sales,Steam-verified mainstream title with 2000000 - 5000000 estimated owners.,https://www.kaggle.com/datasets/fronkongames/steam-games-dataset
331,The Descendant,2016,2010s,Action-adventure,action-adventure game,PC,0,Gaming Corps AB,platform_sales,Steam-verified mainstream title with 2000000 - 5000000 estimated owners.,https://www.kaggle.com/datasets/fronkongames/steam-games-dataset
332,FINAL FANTASY XIV Online,2014,2010s,Role-playing,role-playing game,PC,1036,Square Enix,platform_sales,Steam-verified mainstream title with 2000000 - 5000000 estimated owners.,https://www.kaggle.com/datasets/fronkongames/steam-games-dataset
333,Serious Sam 3: BFE,2011,2010s,Action,action game,PC,0,Croteam,platform_sales,Steam-verified mainstream title with 2000000 - 5000000 estimated owners.,https://www.kaggle.com/datasets/fronkongames/steam-games-dataset
334,SpeedRunners,2016,2010s,Racing,racing game,PC,3863,DoubleDutch Games,platform_sales,Steam-verified mainstream title with 2000000 - 5000000 estimated owners.,https://www.kaggle.com/datasets/fronkongames/steam-games-dataset
335,Guns of Icarus Online,2012,2010s,Simulation,simulation game,PC,0,Muse Games,platform_sales,Steam-verified mainstream title with 2000000 - 5000000 estimated owners.,https://www.kaggle.com/datasets/fronkongames/steam-games-dataset
336,Call of Duty®: WWII,2017,2010s,Action,action game,PC,0,"Sledgehammer Games,Raven Software",platform_sales,Steam-verified mainstream title with 2000000 - 5000000 estimated owners.,https://www.kaggle.com/datasets/fronkongames/steam-games-dataset
337,Dragon Age™: The Veilguard,2024,2020s,Strategy,strategy game,PC,725,BioWare,platform_sales,Steam-verified mainstream title with 2000000 - 5000000 estimated owners.,https://www.kaggle.com/datasets/fronkongames/steam-games-dataset
338,OUTRIDERS,2021,2020s,Role-playing,role-playing game,PC,0,People Can Fly,platform_sales,Steam-verified mainstream title with 2000000 - 5000000 estimated owners.,https://www.kaggle.com/datasets/fronkongames/steam-games-dataset
339,Hades II,2025,2020s,Role-playing,role-playing game,PC,252,Supergiant Games,platform_sales,Steam-verified mainstream title with 2000000 - 5000000 estimated owners.,https://www.kaggle.com/datasets/fronkongames/steam-games-dataset
340,DRAGON BALL: Sparking! ZERO,2024,2020s,Action,action game,PC,142,"Spike Chunsoft Co., Ltd.",platform_sales,Steam-verified mainstream title with 2000000 - 5000000 estimated owners.,https://www.kaggle.com/datasets/fronkongames/steam-games-dataset
341,METAL GEAR RISING: REVENGEANCE,2014,2010s,Action,action game,PC,17,PlatinumGames,platform_sales,Steam-verified mainstream title with 2000000 - 5000000 estimated owners.,https://www.kaggle.com/datasets/fronkongames/steam-games-dataset
342,"Warhammer 40,000: Darktide",2022,2020s,Role-playing,role-playing game,PC,385,Fatshark,platform_sales,Steam-verified mainstream title with 2000000 - 5000000 estimated owners.,https://www.kaggle.com/datasets/fronkongames/steam-games-dataset
343,Super Meat Boy,2010,2010s,Action,action game,PC,1704,Team Meat,platform_sales,Steam-verified mainstream title with 2000000 - 5000000 estimated owners.,https://www.kaggle.com/datasets/fronkongames/steam-games-dataset
344,Darksiders™,2010,2010s,Action-adventure,action-adventure game,PC,1582,Vigil Games,platform_sales,Steam-verified mainstream title with 2000000 - 5000000 estimated owners.,https://www.kaggle.com/datasets/fronkongames/steam-games-dataset
345,Orcs Must Die! 2,2012,2010s,Strategy,strategy game,PC,0,Robot Entertainment,platform_sales,Steam-verified mainstream title with 2000000 - 5000000 estimated owners.,https://www.kaggle.com/datasets/fronkongames/steam-games-dataset
346,The Escapists 2,2017,2010s,Strategy,strategy game,PC,261,"Team17,Mouldy Toof Studios",platform_sales,Steam-verified mainstream title with 2000000 - 5000000 estimated owners.,https://www.kaggle.com/datasets/fronkongames/steam-games-dataset
347,KARDS - The WW2 Card Game,2020,2020s,Strategy,strategy game,PC,1155,1939 Games,platform_sales,Steam-verified mainstream title with 2000000 - 5000000 estimated owners.,https://www.kaggle.com/datasets/fronkongames/steam-games-dataset
348,Tribes of Midgard,2021,2020s,Role-playing,role-playing game,PC,153,Norsfell,platform_sales,Steam-verified mainstream title with 2000000 - 5000000 estimated owners.,https://www.kaggle.com/datasets/fronkongames/steam-games-dataset
349,America's Army: Proving Grounds,2013,2010s,Action,action game,PC,0,U.S. Army,platform_sales,Steam-verified mainstream title with 2000000 - 5000000 estimated owners.,https://www.kaggle.com/datasets/fronkongames/steam-games-dataset
350,Dragon's Dogma 2,2024,2020s,Role-playing,role-playing game,PC,297,"CAPCOM Co., Ltd.",platform_sales,Steam-verified mainstream title with 2000000 - 5000000 estimated owners.,https://www.kaggle.com/datasets/fronkongames/steam-games-dataset
351,Fallout 3: Game of the Year Edition,2009,2000s,Role-playing,role-playing game,PC,59,Bethesda Game Studios,platform_sales,Steam-verified mainstream title with 2000000 - 5000000 estimated owners.,https://www.kaggle.com/datasets/fronkongames/steam-games-dataset
352,Insurgency: Sandstorm,2018,2010s,Action,action game,PC,54,New World Interactive,platform_sales,Steam-verified mainstream title with 2000000 - 5000000 estimated owners.,https://www.kaggle.com/datasets/fronkongames/steam-games-dataset
353,Middle-earth™: Shadow of War™,2017,2010s,Role-playing,role-playing game,PC,367,Monolith Productions,platform_sales,Steam-verified mainstream title with 2000000 - 5000000 estimated owners.,https://www.kaggle.com/datasets/fronkongames/steam-games-dataset
354,ACE COMBAT™ 7: SKIES UNKNOWN,2019,2010s,Simulation,simulation game,PC,156,Bandai Namco Studios Inc.,platform_sales,Steam-verified mainstream title with 2000000 - 5000000 estimated owners.,https://www.kaggle.com/datasets/fronkongames/steam-games-dataset
355,"Warhammer 40,000: Dawn of War II - Anniversary Edition",2009,2000s,Strategy,strategy game,PC,22,"Relic Entertainment,Feral Interactive (Mac/Linux)",platform_sales,Steam-verified mainstream title with 2000000 - 5000000 estimated owners.,https://www.kaggle.com/datasets/fronkongames/steam-games-dataset
356,For The King,2018,2010s,Strategy,strategy game,PC,211,IronOak Games,platform_sales,Steam-verified mainstream title with 2000000 - 5000000 estimated owners.,https://www.kaggle.com/datasets/fronkongames/steam-games-dataset
357,Stellaris,2016,2010s,Strategy,strategy game,PC,382,Paradox Development Studio,platform_sales,Steam-verified mainstream title with 2000000 - 5000000 estimated owners.,https://www.kaggle.com/datasets/fronkongames/steam-games-dataset
358,Batman: Arkham Asylum Game of the Year Edition,2010,2010s,Action-adventure,action-adventure game,PC,892,Rocksteady Studios,platform_sales,Steam-verified mainstream title with 2000000 - 5000000 estimated owners.,https://www.kaggle.com/datasets/fronkongames/steam-games-dataset
359,INSIDE,2016,2010s,Action-adventure,action-adventure game,PC,71,Playdead,platform_sales,Steam-verified mainstream title with 2000000 - 5000000 estimated owners.,https://www.kaggle.com/datasets/fronkongames/steam-games-dataset
360,Insurgency,2014,2010s,Strategy,strategy game,PC,3215,New World Interactive,platform_sales,Steam-verified mainstream title with 2000000 - 5000000 estimated owners.,https://www.kaggle.com/datasets/fronkongames/steam-games-dataset
361,ARK: The Survival Of The Fittest,2017,2010s,Strategy,strategy game,PC,3,"Studio Wildcard,Instinct Games,Efecto Studios,Virtual Basement LLC",platform_sales,Steam-verified mainstream title with 2000000 - 5000000 estimated owners.,https://www.kaggle.com/datasets/fronkongames/steam-games-dataset
362,Supermarket Together,2024,2020s,Simulation,simulation game,PC,147,DeadDevsTellNoLies,platform_sales,Steam-verified mainstream title with 2000000 - 5000000 estimated owners.,https://www.kaggle.com/datasets/fronkongames/steam-games-dataset
363,RuneScape ®,2020,2020s,Role-playing,role-playing game,PC,386,Jagex Ltd,platform_sales,Steam-verified mainstream title with 2000000 - 5000000 estimated owners.,https://www.kaggle.com/datasets/fronkongames/steam-games-dataset
364,Nioh: Complete Edition,2017,2010s,Role-playing,role-playing game,PC,284,"KOEI TECMO GAMES CO., LTD.",platform_sales,Steam-verified mainstream title with 2000000 - 5000000 estimated owners.,https://www.kaggle.com/datasets/fronkongames/steam-games-dataset
365,Football Manager 2023,2022,2020s,Sports,sports game,PC,1488,Sports Interactive,platform_sales,Steam-verified mainstream title with 2000000 - 5000000 estimated owners.,https://www.kaggle.com/datasets/fronkongames/steam-games-dataset
366,Amnesia: The Dark Descent,2010,2010s,Action-adventure,action-adventure game,PC,128,Frictional Games,platform_sales,Steam-verified mainstream title with 2000000 - 5000000 estimated owners.,https://www.kaggle.com/datasets/fronkongames/steam-games-dataset
367,Metro Exodus,2020,2020s,Action,action game,PC,371,4A Games,platform_sales,Steam-verified mainstream title with 2000000 - 5000000 estimated owners.,https://www.kaggle.com/datasets/fronkongames/steam-games-dataset
368,Stories: The Path of Destinies,2016,2010s,Role-playing,role-playing game,PC,0,Spearhead Games,platform_sales,Steam-verified mainstream title with 2000000 - 5000000 estimated owners.,https://www.kaggle.com/datasets/fronkongames/steam-games-dataset
369,The Witcher 2: Assassins of Kings Enhanced Edition,2012,2010s,Role-playing,role-playing game,PC,102,CD PROJEKT RED,platform_sales,Steam-verified mainstream title with 2000000 - 5000000 estimated owners.,https://www.kaggle.com/datasets/fronkongames/steam-games-dataset
370,Resident Evil 7 Biohazard,2017,2010s,Action-adventure,action-adventure game,PC,208,"CAPCOM Co., Ltd.",platform_sales,Steam-verified mainstream title with 2000000 - 5000000 estimated owners.,https://www.kaggle.com/datasets/fronkongames/steam-games-dataset
371,RIFT,2011,2010s,Role-playing,role-playing game,PC,50,gamigo US Inc.,platform_sales,Steam-verified mainstream title with 2000000 - 5000000 estimated owners.,https://www.kaggle.com/datasets/fronkongames/steam-games-dataset
372,MORDHAU,2019,2010s,Action,action game,PC,304,Triternion,platform_sales,Steam-verified mainstream title with 2000000 - 5000000 estimated owners.,https://www.kaggle.com/datasets/fronkongames/steam-games-dataset
373,Mirror 2: Project X,2022,2020s,Role-playing,role-playing game,PC,25,KAGAMI Ⅱ WORKs,platform_sales,Steam-verified mainstream title with 2000000 - 5000000 estimated owners.,https://www.kaggle.com/datasets/fronkongames/steam-games-dataset
374,Kingdom Two Crowns,2018,2010s,Strategy,strategy game,PC,491,"Stumpy🐙Squid,Fury Studios,Coatsink",platform_sales,Steam-verified mainstream title with 2000000 - 5000000 estimated owners.,https://www.kaggle.com/datasets/fronkongames/steam-games-dataset
375,BioShock™ Remastered,2016,2010s,Role-playing,role-playing game,PC,210,"2K Boston,2K Australia,Blind Squirrel,Feral Interactive (Mac)",platform_sales,Steam-verified mainstream title with 2000000 - 5000000 estimated owners.,https://www.kaggle.com/datasets/fronkongames/steam-games-dataset
376,Alien Swarm,2010,2010s,Action,action game,PC,0,Valve,platform_sales,Steam-verified mainstream title with 2000000 - 5000000 estimated owners.,https://www.kaggle.com/datasets/fronkongames/steam-games-dataset
377,Call of Duty®: Modern Warfare® 3 (2011),2011,2010s,Action,action game,PC,0,"Infinity Ward,Sledgehammer Games",platform_sales,Steam-verified mainstream title with 2000000 - 5000000 estimated owners.,https://www.kaggle.com/datasets/fronkongames/steam-games-dataset
378,METAL GEAR SOLID V: THE PHANTOM PAIN,2015,2010s,Action-adventure,action-adventure game,PC,957,KONAMI,platform_sales,Steam-verified mainstream title with 2000000 - 5000000 estimated owners.,https://www.kaggle.com/datasets/fronkongames/steam-games-dataset
379,No Rest for the Wicked,2024,2020s,Role-playing,role-playing game,PC,795,Moon Studios GmbH,platform_sales,Steam-verified mainstream title with 2000000 - 5000000 estimated owners.,https://www.kaggle.com/datasets/fronkongames/steam-games-dataset
380,HITMAN World of Assassination,2022,2020s,Action-adventure,action-adventure game,PC,110,IO Interactive A/S,platform_sales,Steam-verified mainstream title with 2000000 - 5000000 estimated owners.,https://www.kaggle.com/datasets/fronkongames/steam-games-dataset
381,The Walking Dead,2012,2010s,Action-adventure,action-adventure game,PC,298,Telltale Games,platform_sales,Steam-verified mainstream title with 2000000 - 5000000 estimated owners.,https://www.kaggle.com/datasets/fronkongames/steam-games-dataset
382,Goat Simulator,2014,2010s,Simulation,simulation game,PC,60,Coffee Stain Studios,platform_sales,Steam-verified mainstream title with 2000000 - 5000000 estimated owners.,https://www.kaggle.com/datasets/fronkongames/steam-games-dataset
383,Football Manager 2021,2020,2020s,Sports,sports game,PC,0,Sports Interactive,platform_sales,Steam-verified mainstream title with 2000000 - 5000000 estimated owners.,https://www.kaggle.com/datasets/fronkongames/steam-games-dataset
384,Sins of a Solar Empire®: Rebellion,2012,2010s,Strategy,strategy game,PC,328,"Ironclad Games Corporation,Stardock Entertainment",platform_sales,Steam-verified mainstream title with 2000000 - 5000000 estimated owners.,https://www.kaggle.com/datasets/fronkongames/steam-games-dataset
385,Crosshair X,2020,2020s,Action-adventure,action-adventure game,PC,2407,CenterPoint Gaming,platform_sales,Steam-verified mainstream title with 2000000 - 5000000 estimated owners.,https://www.kaggle.com/datasets/fronkongames/steam-games-dataset
386,Marvel’s Spider-Man Remastered,2022,2020s,Action-adventure,action-adventure game,PC,441,"Insomniac Games,Nixxes Software",platform_sales,Steam-verified mainstream title with 2000000 - 5000000 estimated owners.,https://www.kaggle.com/datasets/fronkongames/steam-games-dataset
387,Street Fighter V,2016,2010s,Action,action game,PC,6723,"CAPCOM Co., Ltd.",platform_sales,Steam-verified mainstream title with 2000000 - 5000000 estimated owners.,https://www.kaggle.com/datasets/fronkongames/steam-games-dataset
388,BattleBlock Theater®,2014,2010s,Action-adventure,action-adventure game,PC,2,The Behemoth,platform_sales,Steam-verified mainstream title with 2000000 - 5000000 estimated owners.,https://www.kaggle.com/datasets/fronkongames/steam-games-dataset
389,Tales of Arise,2021,2020s,Role-playing,role-playing game,PC,579,Bandai Namco Studios Inc.,platform_sales,Steam-verified mainstream title with 2000000 - 5000000 estimated owners.,https://www.kaggle.com/datasets/fronkongames/steam-games-dataset
390,Warhammer: Vermintide 2,2018,2010s,Role-playing,role-playing game,PC,139,Fatshark,platform_sales,Steam-verified mainstream title with 2000000 - 5000000 estimated owners.,https://www.kaggle.com/datasets/fronkongames/steam-games-dataset
391,The I of the Dragon,2015,2010s,Role-playing,role-playing game,PC,0,Primal,platform_sales,Steam-verified mainstream title with 2000000 - 5000000 estimated owners.,https://www.kaggle.com/datasets/fronkongames/steam-games-dataset
392,Totally Accurate Battle Simulator,2021,2020s,Strategy,strategy game,PC,211,Landfall,platform_sales,Steam-verified mainstream title with 2000000 - 5000000 estimated owners.,https://www.kaggle.com/datasets/fronkongames/steam-games-dataset
393,Saints Row: The Third,2011,2010s,Action,action game,PC,116,Volition,platform_sales,Steam-verified mainstream title with 2000000 - 5000000 estimated owners.,https://www.kaggle.com/datasets/fronkongames/steam-games-dataset
394,Black Mesa,2020,2020s,Action-adventure,action-adventure game,PC,126,Crowbar Collective,platform_sales,Steam-verified mainstream title with 2000000 - 5000000 estimated owners.,https://www.kaggle.com/datasets/fronkongames/steam-games-dataset
395,Day of Defeat: Source,2010,2010s,Action,action game,PC,1095,Valve,platform_sales,Steam-verified mainstream title with 2000000 - 5000000 estimated owners.,https://www.kaggle.com/datasets/fronkongames/steam-games-dataset
396,Dishonored,2012,2010s,Action-adventure,action-adventure game,PC,130,Arkane Studios,platform_sales,Steam-verified mainstream title with 2000000 - 5000000 estimated owners.,https://www.kaggle.com/datasets/fronkongames/steam-games-dataset
397,Vampire: The Masquerade - Bloodhunt,2022,2020s,Action,action game,PC,44,Sharkmob AB,platform_sales,Steam-verified mainstream title with 2000000 - 5000000 estimated owners.,https://www.kaggle.com/datasets/fronkongames/steam-games-dataset
398,Chivalry 2,2022,2020s,Action,action game,PC,183,Torn Banner Studios,platform_sales,Steam-verified mainstream title with 2000000 - 5000000 estimated owners.,https://www.kaggle.com/datasets/fronkongames/steam-games-dataset
399,Pacify,2019,2010s,Strategy,strategy game,PC,57,Shawn Hitchcock,platform_sales,Steam-verified mainstream title with 2000000 - 5000000 estimated owners.,https://www.kaggle.com/datasets/fronkongames/steam-games-dataset
400,FTL: Faster Than Light,2012,2010s,Strategy,strategy game,PC,261,Subset Games,platform_sales,Steam-verified mainstream title with 2000000 - 5000000 estimated owners.,https://www.kaggle.com/datasets/fronkongames/steam-games-dataset
401,Bully: Scholarship Edition,2008,2000s,Action-adventure,action-adventure game,PC,61,Rockstar New England,platform_sales,Steam-verified mainstream title with 2000000 - 5000000 estimated owners.,https://www.kaggle.com/datasets/fronkongames/steam-games-dataset
402,The Outlast Trials,2024,2020s,Action-adventure,action-adventure game,PC,216,Red Barrels,platform_sales,Steam-verified mainstream title with 2000000 - 5000000 estimated owners.,https://www.kaggle.com/datasets/fronkongames/steam-games-dataset
403,Slime Rancher,2017,2010s,Simulation,simulation game,PC,701,Monomi Park,platform_sales,Steam-verified mainstream title with 2000000 - 5000000 estimated owners.,https://www.kaggle.com/datasets/fronkongames/steam-games-dataset
404,Resident Evil Village,2021,2020s,Action,action game,PC,479,"CAPCOM Co., Ltd.",platform_sales,Steam-verified mainstream title with 2000000 - 5000000 estimated owners.,https://www.kaggle.com/datasets/fronkongames/steam-games-dataset
405,Mad Max,2015,2010s,Action-adventure,action-adventure game,PC,88,Avalanche Studios,platform_sales,Steam-verified mainstream title with 2000000 - 5000000 estimated owners.,https://www.kaggle.com/datasets/fronkongames/steam-games-dataset
406,To the Moon,2012,2010s,Role-playing,role-playing game,PC,24,Freebird Games,platform_sales,Steam-verified mainstream title with 2000000 - 5000000 estimated owners.,https://www.kaggle.com/datasets/fronkongames/steam-games-dataset
407,Resident Evil 6,2013,2010s,Action-adventure,action-adventure game,PC,321,Capcom,platform_sales,Steam-verified mainstream title with 2000000 - 5000000 estimated owners.,https://www.kaggle.com/datasets/fronkongames/steam-games-dataset
408,Marvel's Midnight Suns,2022,2020s,Strategy,strategy game,PC,13,Firaxis Games,platform_sales,Steam-verified mainstream title with 2000000 - 5000000 estimated owners.,https://www.kaggle.com/datasets/fronkongames/steam-games-dataset
409,Mafia II: Definitive Edition,2020,2020s,Action-adventure,action-adventure game,PC,208,"Hangar 13,D3T",platform_sales,Steam-verified mainstream title with 2000000 - 5000000 estimated owners.,https://www.kaggle.com/datasets/fronkongames/steam-games-dataset
410,The Evil Within,2014,2010s,Action,action game,PC,299,Tango Gameworks,platform_sales,Steam-verified mainstream title with 2000000 - 5000000 estimated owners.,https://www.kaggle.com/datasets/fronkongames/steam-games-dataset
411,Red Dead Online,2020,2020s,Action-adventure,action-adventure game,PC,1220,Rockstar Games,platform_sales,Steam-verified mainstream title with 2000000 - 5000000 estimated owners.,https://www.kaggle.com/datasets/fronkongames/steam-games-dataset
412,Kingdom Come: Deliverance II,2025,2020s,Role-playing,role-playing game,PC,479,Warhorse Studios,platform_sales,Steam-verified mainstream title with 2000000 - 5000000 estimated owners.,https://www.kaggle.com/datasets/fronkongames/steam-games-dataset
413,Dungeon Defenders II,2017,2010s,Strategy,strategy game,PC,0,Chromatic Games,platform_sales,Steam-verified mainstream title with 2000000 - 5000000 estimated owners.,https://www.kaggle.com/datasets/fronkongames/steam-games-dataset
414,Darksiders II Deathinitive Edition,2015,2010s,Role-playing,role-playing game,PC,0,"Gunfire Games,Vigil Games,THQ Nordic",platform_sales,Steam-verified mainstream title with 2000000 - 5000000 estimated owners.,https://www.kaggle.com/datasets/fronkongames/steam-games-dataset
415,World of Guns: Gun Disassembly,2014,2010s,Strategy,strategy game,PC,57,Noble Empire Corp.,platform_sales,Steam-verified mainstream title with 2000000 - 5000000 estimated owners.,https://www.kaggle.com/datasets/fronkongames/steam-games-dataset
416,Black Myth: Wukong Benchmark Tool,2024,2020s,Action,action game,PC,0,Game Science,platform_sales,Steam-verified mainstream title with 2000000 - 5000000 estimated owners.,https://www.kaggle.com/datasets/fronkongames/steam-games-dataset
417,ENDLESS™ Legend,2014,2010s,Strategy,strategy game,PC,77,AMPLITUDE Studios,platform_sales,Steam-verified mainstream title with 2000000 - 5000000 estimated owners.,https://www.kaggle.com/datasets/fronkongames/steam-games-dataset
418,Homefront,2011,2010s,Action,action game,PC,0,"Kaos Studios,Digital Extremes",platform_sales,Steam-verified mainstream title with 2000000 - 5000000 estimated owners.,https://www.kaggle.com/datasets/fronkongames/steam-games-dataset
419,SOMA,2015,2010s,Action-adventure,action-adventure game,PC,180,Frictional Games,platform_sales,Steam-verified mainstream title with 2000000 - 5000000 estimated owners.,https://www.kaggle.com/datasets/fronkongames/steam-games-dataset
420,Monaco: What's Yours Is Mine,2013,2010s,Strategy,strategy game,PC,0,Pocketwatch Games,platform_sales,Steam-verified mainstream title with 2000000 - 5000000 estimated owners.,https://www.kaggle.com/datasets/fronkongames/steam-games-dataset
421,Liar's Bar,2024,2020s,Strategy,strategy game,PC,77,Curve Animation,platform_sales,Steam-verified mainstream title with 2000000 - 5000000 estimated owners.,https://www.kaggle.com/datasets/fronkongames/steam-games-dataset
422,The Elder Scrolls IV: Oblivion Remastered,2025,2020s,Role-playing,role-playing game,PC,216,"Bethesda Game Studios,Virtuos",platform_sales,Steam-verified mainstream title with 2000000 - 5000000 estimated owners.,https://www.kaggle.com/datasets/fronkongames/steam-games-dataset
423,Codename CURE,2017,2010s,Action,action game,PC,0,Raptor Byte,platform_sales,Steam-verified mainstream title with 2000000 - 5000000 estimated owners.,https://www.kaggle.com/datasets/fronkongames/steam-games-dataset
424,FIFA 22,2021,2020s,Sports,sports game,PC,435,EA Canada & EA Romania,platform_sales,Steam-verified mainstream title with 2000000 - 5000000 estimated owners.,https://www.kaggle.com/datasets/fronkongames/steam-games-dataset
425,Far Cry® 4,2014,2010s,Action-adventure,action-adventure game,PC,341,"Ubisoft Montreal, Red Storm, Shanghai, Toronto, Kiev",platform_sales,Steam-verified mainstream title with 2000000 - 5000000 estimated owners.,https://www.kaggle.com/datasets/fronkongames/steam-games-dataset
426,Pummel Party,2018,2010s,Action,action game,PC,128,Rebuilt Games,platform_sales,Steam-verified mainstream title with 2000000 - 5000000 estimated owners.,https://www.kaggle.com/datasets/fronkongames/steam-games-dataset
427,Secret in Story,2017,2010s,Action-adventure,action-adventure game,PC,0,Naivus Luo,platform_sales,Steam-verified mainstream title with 2000000 - 5000000 estimated owners.,https://www.kaggle.com/datasets/fronkongames/steam-games-dataset
428,BioShock™,2007,2000s,Role-playing,role-playing game,PC,71,"2K Boston,2K Australia",platform_sales,Steam-verified mainstream title with 2000000 - 5000000 estimated owners.,https://www.kaggle.com/datasets/fronkongames/steam-games-dataset
429,S.K.I.L.L. - Special Force 2 (Shooter),2015,2010s,Sports,sports game,PC,0,"Dragonfly GF Co., LTD",platform_sales,Steam-verified mainstream title with 2000000 - 5000000 estimated owners.,https://www.kaggle.com/datasets/fronkongames/steam-games-dataset
430,Company of Heroes - Legacy Edition,2007,2000s,Strategy,strategy game,PC,0,Relic Entertainment,platform_sales,Steam-verified mainstream title with 2000000 - 5000000 estimated owners.,https://www.kaggle.com/datasets/fronkongames/steam-games-dataset
431,Bloons TD 6,2018,2010s,Strategy,strategy game,PC,43,Ninja Kiwi,platform_sales,Steam-verified mainstream title with 2000000 - 5000000 estimated owners.,https://www.kaggle.com/datasets/fronkongames/steam-games-dataset
432,Divide By Sheep,2015,2010s,Action-adventure,action-adventure game,PC,0,"Victor Solodilov,Denis Novikov",platform_sales,Steam-verified mainstream title with 2000000 - 5000000 estimated owners.,https://www.kaggle.com/datasets/fronkongames/steam-games-dataset
433,Guild Wars 2,2022,2020s,Role-playing,role-playing game,PC,931,ArenaNet®,platform_sales,Steam-verified mainstream title with 2000000 - 5000000 estimated owners.,https://www.kaggle.com/datasets/fronkongames/steam-games-dataset
434,Far Cry® 5,2018,2010s,Action-adventure,action-adventure game,PC,197,"Ubisoft Montreal,Red Storm,Ubisoft Shanghai,Ubisoft Toronto,Ubisoft Kiev",platform_sales,Steam-verified mainstream title with 2000000 - 5000000 estimated owners.,https://www.kaggle.com/datasets/fronkongames/steam-games-dataset
435,Skullgirls 2nd Encore,2013,2010s,Action,action game,PC,180,Hidden Variable Studios,platform_sales,Steam-verified mainstream title with 2000000 - 5000000 estimated owners.,https://www.kaggle.com/datasets/fronkongames/steam-games-dataset
436,DISTRAINT: Deluxe Edition,2015,2010s,Action-adventure,action-adventure game,PC,2,Jesse Makkonen,platform_sales,Steam-verified mainstream title with 2000000 - 5000000 estimated owners.,https://www.kaggle.com/datasets/fronkongames/steam-games-dataset
437,Gunfire Reborn,2021,2020s,Role-playing,role-playing game,PC,315,Duoyi Games,platform_sales,Steam-verified mainstream title with 2000000 - 5000000 estimated owners.,https://www.kaggle.com/datasets/fronkongames/steam-games-dataset
438,FINAL FANTASY XV WINDOWS EDITION,2018,2010s,Role-playing,role-playing game,PC,11,Square Enix,platform_sales,Steam-verified mainstream title with 2000000 - 5000000 estimated owners.,https://www.kaggle.com/datasets/fronkongames/steam-games-dataset
439,One-armed robber,2023,2020s,Strategy,strategy game,PC,71,Duhndal,platform_sales,Steam-verified mainstream title with 2000000 - 5000000 estimated owners.,https://www.kaggle.com/datasets/fronkongames/steam-games-dataset
440,Celeste,2018,2010s,Action-adventure,action-adventure game,PC,140,"Maddy Makes Games Inc.,Extremely OK Games, Ltd.",platform_sales,Steam-verified mainstream title with 2000000 - 5000000 estimated owners.,https://www.kaggle.com/datasets/fronkongames/steam-games-dataset
441,GunZ 2: The Second Duel,2014,2010s,Action,action game,PC,0,Masangsoft,platform_sales,Steam-verified mainstream title with 2000000 - 5000000 estimated owners.,https://www.kaggle.com/datasets/fronkongames/steam-games-dataset
442,Borderlands Game of the Year,2023,2020s,Role-playing,role-playing game,PC,0,Gearbox Software,platform_sales,Steam-verified mainstream title with 2000000 - 5000000 estimated owners.,https://www.kaggle.com/datasets/fronkongames/steam-games-dataset
443,Operation: Harsh Doorstop,2023,2020s,Strategy,strategy game,PC,0,Drakeling Labs,platform_sales,Steam-verified mainstream title with 2000000 - 5000000 estimated owners.,https://www.kaggle.com/datasets/fronkongames/steam-games-dataset
444,Fistful of Frags,2014,2010s,Action,action game,PC,46,Fistful of Frags Team,platform_sales,Steam-verified mainstream title with 2000000 - 5000000 estimated owners.,https://www.kaggle.com/datasets/fronkongames/steam-games-dataset
445,Shadow Warrior,2013,2010s,Action-adventure,action-adventure game,PC,0,Flying Wild Hog,platform_sales,Steam-verified mainstream title with 2000000 - 5000000 estimated owners.,https://www.kaggle.com/datasets/fronkongames/steam-games-dataset
446,Sniper Elite 5,2022,2020s,Action-adventure,action-adventure game,PC,193,Rebellion,platform_sales,Steam-verified mainstream title with 2000000 - 5000000 estimated owners.,https://www.kaggle.com/datasets/fronkongames/steam-games-dataset
447,"Papers, Please",2013,2010s,Action-adventure,action-adventure game,PC,50,Lucas Pope,platform_sales,Steam-verified mainstream title with 2000000 - 5000000 estimated owners.,https://www.kaggle.com/datasets/fronkongames/steam-games-dataset
448,Dungeon Defenders,2011,2010s,Strategy,strategy game,PC,72,Chromatic Games,platform_sales,Steam-verified mainstream title with 2000000 - 5000000 estimated owners.,https://www.kaggle.com/datasets/fronkongames/steam-games-dataset
449,Hotline Miami 2: Wrong Number,2015,2010s,Action,action game,PC,62,Dennaton Games,platform_sales,Steam-verified mainstream title with 2000000 - 5000000 estimated owners.,https://www.kaggle.com/datasets/fronkongames/steam-games-dataset
450,RISK: Global Domination,2020,2020s,Strategy,strategy game,PC,147,SMG Studio,platform_sales,Steam-verified mainstream title with 2000000 - 5000000 estimated owners.,https://www.kaggle.com/datasets/fronkongames/steam-games-dataset
451,South Park™: The Fractured But Whole™,2017,2010s,Role-playing,role-playing game,PC,167,Ubisoft San Francisco,platform_sales,Steam-verified mainstream title with 2000000 - 5000000 estimated owners.,https://www.kaggle.com/datasets/fronkongames/steam-games-dataset
452,Call of Duty®: Black Ops,2010,2010s,Action,action game,PC,81,Treyarch,platform_sales,Steam-verified mainstream title with 2000000 - 5000000 estimated owners.,https://www.kaggle.com/datasets/fronkongames/steam-games-dataset
453,Duck Game,2015,2010s,Action,action game,PC,55,Landon Podbielski,platform_sales,Steam-verified mainstream title with 2000000 - 5000000 estimated owners.,https://www.kaggle.com/datasets/fronkongames/steam-games-dataset
454,Football Manager 2022,2021,2020s,Sports,sports game,PC,1457,Sports Interactive,platform_sales,Steam-verified mainstream title with 2000000 - 5000000 estimated owners.,https://www.kaggle.com/datasets/fronkongames/steam-games-dataset
455,The Tiny Bang Story,2011,2010s,Action-adventure,action-adventure game,PC,0,Colibri Games,platform_sales,Steam-verified mainstream title with 2000000 - 5000000 estimated owners.,https://www.kaggle.com/datasets/fronkongames/steam-games-dataset
456,Firewatch,2016,2010s,Action-adventure,action-adventure game,PC,301,Campo Santo,platform_sales,Steam-verified mainstream title with 2000000 - 5000000 estimated owners.,https://www.kaggle.com/datasets/fronkongames/steam-games-dataset
457,Kholat,2015,2010s,Action-adventure,action-adventure game,PC,939,IMGN.PRO,platform_sales,Steam-verified mainstream title with 2000000 - 5000000 estimated owners.,https://www.kaggle.com/datasets/fronkongames/steam-games-dataset
458,Dead Space (2008),2009,2000s,Action-adventure,action-adventure game,PC,289,EA Redwood Shores,platform_sales,Steam-verified mainstream title with 2000000 - 5000000 estimated owners.,https://www.kaggle.com/datasets/fronkongames/steam-games-dataset
459,Killing Floor 2,2016,2010s,Action,action game,PC,572,Tripwire Interactive,platform_sales,Steam-verified mainstream title with 2000000 - 5000000 estimated owners.,https://www.kaggle.com/datasets/fronkongames/steam-games-dataset
460,Call of Juarez: Gunslinger,2013,2010s,Action,action game,PC,56,Techland,platform_sales,Steam-verified mainstream title with 2000000 - 5000000 estimated owners.,https://www.kaggle.com/datasets/fronkongames/steam-games-dataset
461,Layers of Fear (2016),2016,2010s,Action-adventure,action-adventure game,PC,14,Bloober Team SA,platform_sales,Steam-verified mainstream title with 2000000 - 5000000 estimated owners.,https://www.kaggle.com/datasets/fronkongames/steam-games-dataset
462,Age of Mythology: Extended Edition,2014,2010s,Strategy,strategy game,PC,0,"SkyBox Labs,Ensemble Studios,Forgotten Empires",platform_sales,Steam-verified mainstream title with 2000000 - 5000000 estimated owners.,https://www.kaggle.com/datasets/fronkongames/steam-games-dataset
463,Torchlight II,2012,2010s,Role-playing,role-playing game,PC,21,Runic Games,platform_sales,Steam-verified mainstream title with 2000000 - 5000000 estimated owners.,https://www.kaggle.com/datasets/fronkongames/steam-games-dataset
464,鬼谷八荒 Tale of Immortal,2023,2020s,Simulation,simulation game,PC,445,鬼谷工作室,platform_sales,Steam-verified mainstream title with 2000000 - 5000000 estimated owners.,https://www.kaggle.com/datasets/fronkongames/steam-games-dataset
465,Cult of the Lamb,2022,2020s,Strategy,strategy game,PC,331,Massive Monster,platform_sales,Steam-verified mainstream title with 2000000 - 5000000 estimated owners.,https://www.kaggle.com/datasets/fronkongames/steam-games-dataset
466,Far Cry®,2008,2000s,Action,action game,PC,2,Crytek Studios,platform_sales,Steam-verified mainstream title with 2000000 - 5000000 estimated owners.,https://www.kaggle.com/datasets/fronkongames/steam-games-dataset
467,The Scroll Of Taiwu,2018,2010s,Strategy,strategy game,PC,597,ConchShip Games,platform_sales,Steam-verified mainstream title with 2000000 - 5000000 estimated owners.,https://www.kaggle.com/datasets/fronkongames/steam-games-dataset
468,Yu-Gi-Oh! Duel Links,2017,2010s,Strategy,strategy game,PC,2477,KONAMI,platform_sales,Steam-verified mainstream title with 2000000 - 5000000 estimated owners.,https://www.kaggle.com/datasets/fronkongames/steam-games-dataset
469,Awesomenauts,2012,2010s,Strategy,strategy game,PC,16622,Ronimo Games,platform_sales,Steam-verified mainstream title with 2000000 - 5000000 estimated owners.,https://www.kaggle.com/datasets/fronkongames/steam-games-dataset
470,The Witcher: Enhanced Edition Director's Cut,2008,2000s,Role-playing,role-playing game,PC,138,CD PROJEKT RED,platform_sales,Steam-verified mainstream title with 2000000 - 5000000 estimated owners.,https://www.kaggle.com/datasets/fronkongames/steam-games-dataset
471,Microsoft Flight Simulator X: Steam Edition,2014,2010s,Simulation,simulation game,PC,0,Microsoft Game Studios,platform_sales,Steam-verified mainstream title with 2000000 - 5000000 estimated owners.,https://www.kaggle.com/datasets/fronkongames/steam-games-dataset
472,RaceRoom Racing Experience,2013,2010s,Racing,racing game,PC,56,KW Studios,platform_sales,Steam-verified mainstream title with 2000000 - 5000000 estimated owners.,https://www.kaggle.com/datasets/fronkongames/steam-games-dataset
473,Enshrouded,2024,2020s,Role-playing,role-playing game,PC,553,Keen Games GmbH,platform_sales,Steam-verified mainstream title with 2000000 - 5000000 estimated owners.,https://www.kaggle.com/datasets/fronkongames/steam-games-dataset
474,Ryse: Son of Rome,2014,2010s,Action,action game,PC,293,Crytek,platform_sales,Steam-verified mainstream title with 2000000 - 5000000 estimated owners.,https://www.kaggle.com/datasets/fronkongames/steam-games-dataset
475,"STAR WARS™ Battlefront II (Classic, 2005)",2009,2000s,Action,action game,PC,148,Pandemic Studios,platform_sales,Steam-verified mainstream title with 2000000 - 5000000 estimated owners.,https://www.kaggle.com/datasets/fronkongames/steam-games-dataset
476,Chained Together,2024,2020s,Simulation,simulation game,PC,116,Anegar Games,platform_sales,Steam-verified mainstream title with 2000000 - 5000000 estimated owners.,https://www.kaggle.com/datasets/fronkongames/steam-games-dataset
477,Freddy Fazbear's Pizzeria Simulator,2017,2010s,Simulation,simulation game,PC,44,Scott Cawthon,platform_sales,Steam-verified mainstream title with 2000000 - 5000000 estimated owners.,https://www.kaggle.com/datasets/fronkongames/steam-games-dataset
478,Crusader Kings II,2012,2010s,Strategy,strategy game,PC,628,Paradox Development Studio,platform_sales,Steam-verified mainstream title with 2000000 - 5000000 estimated owners.,https://www.kaggle.com/datasets/fronkongames/steam-games-dataset
479,Frostpunk,2018,2010s,Strategy,strategy game,PC,316,11 bit studios,platform_sales,Steam-verified mainstream title with 2000000 - 5000000 estimated owners.,https://www.kaggle.com/datasets/fronkongames/steam-games-dataset
480,Just Cause 2: Multiplayer Mod,2013,2010s,Action-adventure,action-adventure game,PC,23,Avalanche Studios,platform_sales,Steam-verified mainstream title with 2000000 - 5000000 estimated owners.,https://www.kaggle.com/datasets/fronkongames/steam-games-dataset
481,"Warhammer 40,000: Chaos Gate - Daemonhunters",2022,2020s,Strategy,strategy game,PC,10,Complex Games,platform_sales,Steam-verified mainstream title with 2000000 - 5000000 estimated owners.,https://www.kaggle.com/datasets/fronkongames/steam-games-dataset
482,Dead Bits,2014,2010s,Action,action game,PC,388,Microblast Games,platform_sales,Steam-verified mainstream title with 2000000 - 5000000 estimated owners.,https://www.kaggle.com/datasets/fronkongames/steam-games-dataset
483,Star Conflict,2013,2010s,Simulation,simulation game,PC,11,Star Gem Inc.,platform_sales,Steam-verified mainstream title with 2000000 - 5000000 estimated owners.,https://www.kaggle.com/datasets/fronkongames/steam-games-dataset
484,Phantasy Star Online 2 New Genesis,2020,2020s,Role-playing,role-playing game,PC,1808,SEGA,platform_sales,Steam-verified mainstream title with 2000000 - 5000000 estimated owners.,https://www.kaggle.com/datasets/fronkongames/steam-games-dataset
485,Assassin's Creed 2,2010,2010s,Action-adventure,action-adventure game,PC,411,Ubisoft Montreal,platform_sales,Steam-verified mainstream title with 2000000 - 5000000 estimated owners.,https://www.kaggle.com/datasets/fronkongames/steam-games-dataset
486,Red Orchestra 2: Heroes of Stalingrad with Rising Storm,2011,2010s,Simulation,simulation game,PC,77,Tripwire Interactive,platform_sales,Steam-verified mainstream title with 2000000 - 5000000 estimated owners.,https://www.kaggle.com/datasets/fronkongames/steam-games-dataset
487,STAR WARS Jedi: Fallen Order™,2019,2010s,Action-adventure,action-adventure game,PC,520,Respawn Entertainment,platform_sales,Steam-verified mainstream title with 2000000 - 5000000 estimated owners.,https://www.kaggle.com/datasets/fronkongames/steam-games-dataset
488,Gray Zone Warfare,2024,2020s,Simulation,simulation game,PC,944,"MADFINGER Games, a.s.",platform_sales,Steam-verified mainstream title with 2000000 - 5000000 estimated owners.,https://www.kaggle.com/datasets/fronkongames/steam-games-dataset
489,Half-Life: Opposing Force,1999,1990s,Action,action game,PC,2,Gearbox Software,platform_sales,Steam-verified mainstream title with 2000000 - 5000000 estimated owners.,https://www.kaggle.com/datasets/fronkongames/steam-games-dataset
490,Arma 2: Operation Arrowhead,2010,2010s,Strategy,strategy game,PC,20,Bohemia Interactive,platform_sales,Steam-verified mainstream title with 2000000 - 5000000 estimated owners.,https://www.kaggle.com/datasets/fronkongames/steam-games-dataset
491,Muse Dash,2019,2010s,Action,action game,PC,161,peropero,platform_sales,Steam-verified mainstream title with 2000000 - 5000000 estimated owners.,https://www.kaggle.com/datasets/fronkongames/steam-games-dataset
492,Microsoft Flight Simulator (2020) 40th Anniversary Edition,2020,2020s,Simulation,simulation game,PC,665,Asobo Studio,platform_sales,Steam-verified mainstream title with 2000000 - 5000000 estimated owners.,https://www.kaggle.com/datasets/fronkongames/steam-games-dataset
493,Katana ZERO,2019,2010s,Action,action game,PC,38,Askiisoft,platform_sales,Steam-verified mainstream title with 2000000 - 5000000 estimated owners.,https://www.kaggle.com/datasets/fronkongames/steam-games-dataset
494,Green Hell,2019,2010s,Simulation,simulation game,PC,240,Creepy Jar,platform_sales,Steam-verified mainstream title with 2000000 - 5000000 estimated owners.,https://www.kaggle.com/datasets/fronkongames/steam-games-dataset
495,Grand Theft Auto: Episodes from Liberty City,2010,2010s,Action,action game,PC,0,Rockstar North / Toronto,platform_sales,Steam-verified mainstream title with 2000000 - 5000000 estimated owners.,https://www.kaggle.com/datasets/fronkongames/steam-games-dataset
496,Plants vs. Zombies GOTY Edition,2009,2000s,Strategy,strategy game,PC,54,"PopCap Games, Inc.",platform_sales,Steam-verified mainstream title with 2000000 - 5000000 estimated owners.,https://www.kaggle.com/datasets/fronkongames/steam-games-dataset
497,L.A. Noire,2011,2010s,Strategy,strategy game,PC,63,"Team Bondi,Rockstar Leeds",platform_sales,Steam-verified mainstream title with 2000000 - 5000000 estimated owners.,https://www.kaggle.com/datasets/fronkongames/steam-games-dataset
498,Stick Fight: The Game,2017,2010s,Action,action game,PC,41,Landfall West,platform_sales,Steam-verified mainstream title with 2000000 - 5000000 estimated owners.,https://www.kaggle.com/datasets/fronkongames/steam-games-dataset
499,Call of Duty®: Black Ops II,2012,2010s,Action,action game,PC,39,Treyarch,platform_sales,Steam-verified mainstream title with 2000000 - 5000000 estimated owners.,https://www.kaggle.com/datasets/fronkongames/steam-games-dataset
500,Assassin's Creed® Unity,2014,2010s,Action-adventure,action-adventure game,PC,279,Ubisoft,platform_sales,Steam-verified mainstream title with 2000000 - 5000000 estimated owners.,https://www.kaggle.com/datasets/fronkongames/steam-games-dataset
501,Deus Ex: Mankind Divided,2016,2010s,Role-playing,role-playing game,PC,192,"Eidos Montreal,Feral Interactive (Linux/Mac)",platform_sales,Steam-verified mainstream title with 2000000 - 5000000 estimated owners.,https://www.kaggle.com/datasets/fronkongames/steam-games-dataset
502,Hell Let Loose,2021,2020s,Strategy,strategy game,PC,90,Expression Games,platform_sales,Steam-verified mainstream title with 2000000 - 5000000 estimated owners.,https://www.kaggle.com/datasets/fronkongames/steam-games-dataset
503,XCOM: Enemy Unknown,2012,2010s,Strategy,strategy game,PC,761,"Firaxis Games,Feral Interactive (Linux)",platform_sales,Steam-verified mainstream title with 2000000 - 5000000 estimated owners.,https://www.kaggle.com/datasets/fronkongames/steam-games-dataset
504,Shadowverse CCG,2016,2010s,Strategy,strategy game,PC,0,"Cygames, Inc.",platform_sales,Steam-verified mainstream title with 2000000 - 5000000 estimated owners.,https://www.kaggle.com/datasets/fronkongames/steam-games-dataset
505,Ultimate Custom Night,2018,2010s,Action,action game,PC,98,Scott Cawthon,platform_sales,Steam-verified mainstream title with 2000000 - 5000000 estimated owners.,https://www.kaggle.com/datasets/fronkongames/steam-games-dataset
506,BioShock™ 2 Remastered,2016,2010s,Role-playing,role-playing game,PC,268,"2K Marin,2K China,Digital Extremes,2K Australia,Blind Squirrel,Feral Interactive (Mac)",platform_sales,Steam-verified mainstream title with 2000000 - 5000000 estimated owners.,https://www.kaggle.com/datasets/fronkongames/steam-games-dataset
507,Watch_Dogs® 2,2016,2010s,Action-adventure,action-adventure game,PC,54,Ubisoft,platform_sales,Steam-verified mainstream title with 2000000 - 5000000 estimated owners.,https://www.kaggle.com/datasets/fronkongames/steam-games-dataset
508,Alien: Isolation,2014,2010s,Action,action game,PC,517,"Creative Assembly,Feral Interactive (Mac),Feral Interactive (Linux)",platform_sales,Steam-verified mainstream title with 2000000 - 5000000 estimated owners.,https://www.kaggle.com/datasets/fronkongames/steam-games-dataset
509,Resident Evil 3,2020,2020s,Action,action game,PC,571,"CAPCOM Co., Ltd.",platform_sales,Steam-verified mainstream title with 2000000 - 5000000 estimated owners.,https://www.kaggle.com/datasets/fronkongames/steam-games-dataset
510,Century: Age of Ashes,2021,2020s,Racing,racing game,PC,72,Playwing LTD,platform_sales,Steam-verified mainstream title with 2000000 - 5000000 estimated owners.,https://www.kaggle.com/datasets/fronkongames/steam-games-dataset
511,Call of Duty®: Black Ops II,2012,2010s,Action,action game,PC,1,Treyarch,platform_sales,Steam-verified mainstream title with 2000000 - 5000000 estimated owners.,https://www.kaggle.com/datasets/fronkongames/steam-games-dataset
512,TCG Card Shop Simulator,2024,2020s,Simulation,simulation game,PC,225,OPNeon Games,platform_sales,Steam-verified mainstream title with 2000000 - 5000000 estimated owners.,https://www.kaggle.com/datasets/fronkongames/steam-games-dataset
513,CRSED: Cuisine Royale,2018,2010s,Action,action game,PC,0,"Darkflow Software,Matter Team",platform_sales,Steam-verified mainstream title with 2000000 - 5000000 estimated owners.,https://www.kaggle.com/datasets/fronkongames/steam-games-dataset
514,Resident Evil 4 (2005),2014,2010s,Action-adventure,action-adventure game,PC,67,Capcom,platform_sales,Steam-verified mainstream title with 2000000 - 5000000 estimated owners.,https://www.kaggle.com/datasets/fronkongames/steam-games-dataset
515,Buckshot Roulette,2024,2020s,Simulation,simulation game,PC,51,Mike Klubnika,platform_sales,Steam-verified mainstream title with 2000000 - 5000000 estimated owners.,https://www.kaggle.com/datasets/fronkongames/steam-games-dataset
516,Total War: SHOGUN 2,2011,2010s,Strategy,strategy game,PC,0,"CREATIVE ASSEMBLY,Feral Interactive (Mac),Feral Interactive (Linux)",platform_sales,Steam-verified mainstream title with 2000000 - 5000000 estimated owners.,https://www.kaggle.com/datasets/fronkongames/steam-games-dataset
517,ARK: Survival Ascended,2023,2020s,Role-playing,role-playing game,PC,579,"Studio Wildcard,Grove Street Games,Instinct Games",platform_sales,Steam-verified mainstream title with 2000000 - 5000000 estimated owners.,https://www.kaggle.com/datasets/fronkongames/steam-games-dataset
518,Five Nights at Freddy's,2014,2010s,Simulation,simulation game,PC,47,Scott Cawthon,platform_sales,Steam-verified mainstream title with 2000000 - 5000000 estimated owners.,https://www.kaggle.com/datasets/fronkongames/steam-games-dataset
519,Starfield,2023,2020s,Role-playing,role-playing game,PC,189,Bethesda Game Studios,platform_sales,Steam-verified mainstream title with 2000000 - 5000000 estimated owners.,https://www.kaggle.com/datasets/fronkongames/steam-games-dataset
520,Glass Masquerade,2016,2010s,Simulation,simulation game,PC,0,Onyx Lute,platform_sales,Steam-verified mainstream title with 2000000 - 5000000 estimated owners.,https://www.kaggle.com/datasets/fronkongames/steam-games-dataset
521,Assassin's Creed® Syndicate,2015,2010s,Action-adventure,action-adventure game,PC,54,"Ubisoft Quebec, in collaboration with Ubisoft Annecy, Bucharest, Kiev, Montreal, Montpellier, Shanghai, Singapore, Sofia, Toronto studios",platform_sales,Steam-verified mainstream title with 2000000 - 5000000 estimated owners.,https://www.kaggle.com/datasets/fronkongames/steam-games-dataset
522,Mortal Kombat X,2015,2010s,Action,action game,PC,136,"NetherRealm Studios,QLOC",platform_sales,Steam-verified mainstream title with 2000000 - 5000000 estimated owners.,https://www.kaggle.com/datasets/fronkongames/steam-games-dataset
523,Call of Duty®: Modern Warfare® 3 (2011),2011,2010s,Action,action game,PC,144,"Infinity Ward,Sledgehammer Games",platform_sales,Steam-verified mainstream title with 2000000 - 5000000 estimated owners.,https://www.kaggle.com/datasets/fronkongames/steam-games-dataset
524,Oxygen Not Included,2019,2010s,Simulation,simulation game,PC,281,Klei Entertainment,platform_sales,Steam-verified mainstream title with 2000000 - 5000000 estimated owners.,https://www.kaggle.com/datasets/fronkongames/steam-games-dataset
525,Vindictus,2012,2010s,Role-playing,role-playing game,PC,0,NEXON,platform_sales,Steam-verified mainstream title with 2000000 - 5000000 estimated owners.,https://www.kaggle.com/datasets/fronkongames/steam-games-dataset
526,Broforce,2015,2010s,Action-adventure,action-adventure game,PC,4068,Free Lives,platform_sales,Steam-verified mainstream title with 2000000 - 5000000 estimated owners.,https://www.kaggle.com/datasets/fronkongames/steam-games-dataset
527,POSTAL,1997,1990s,Action,action game,PC,0,Running With Scissors,platform_sales,Steam-verified mainstream title with 2000000 - 5000000 estimated owners.,https://www.kaggle.com/datasets/fronkongames/steam-games-dataset
528,Mitos.is: The Game,2015,2010s,Simulation,simulation game,PC,3,Freakinware Studios,platform_sales,Steam-verified mainstream title with 2000000 - 5000000 estimated owners.,https://www.kaggle.com/datasets/fronkongames/steam-games-dataset
529,Wolfenstein: Youngblood,2019,2010s,Action,action game,PC,4288,"MachineGames,Arkane Studios",platform_sales,Steam-verified mainstream title with 2000000 - 5000000 estimated owners.,https://www.kaggle.com/datasets/fronkongames/steam-games-dataset
530,Batman™: Arkham Origins,2013,2010s,Action-adventure,action-adventure game,PC,351,"WB Games Montreal,Splash Damage",platform_sales,Steam-verified mainstream title with 2000000 - 5000000 estimated owners.,https://www.kaggle.com/datasets/fronkongames/steam-games-dataset
531,Aimlabs,2023,2020s,Simulation,simulation game,PC,37,Statespace,platform_sales,Steam-verified mainstream title with 2000000 - 5000000 estimated owners.,https://www.kaggle.com/datasets/fronkongames/steam-games-dataset
532,A Dance of Fire and Ice,2019,2010s,Action,action game,PC,55,7th Beat Games,platform_sales,Steam-verified mainstream title with 2000000 - 5000000 estimated owners.,https://www.kaggle.com/datasets/fronkongames/steam-games-dataset
533,Star Trek Online,2012,2010s,Role-playing,role-playing game,PC,856,Cryptic Studios,platform_sales,Steam-verified mainstream title with 2000000 - 5000000 estimated owners.,https://www.kaggle.com/datasets/fronkongames/steam-games-dataset
534,Cities: Skylines II,2023,2020s,Simulation,simulation game,PC,262,Colossal Order,platform_sales,Steam-verified mainstream title with 2000000 - 5000000 estimated owners.,https://www.kaggle.com/datasets/fronkongames/steam-games-dataset
535,Tabletop Simulator,2015,2010s,Strategy,strategy game,PC,172,Berserk Games,platform_sales,Steam-verified mainstream title with 2000000 - 5000000 estimated owners.,https://www.kaggle.com/datasets/fronkongames/steam-games-dataset
536,Totally Accurate Battlegrounds,2018,2010s,Action,action game,PC,32,Landfall,platform_sales,Steam-verified mainstream title with 2000000 - 5000000 estimated owners.,https://www.kaggle.com/datasets/fronkongames/steam-games-dataset
537,Far Cry 3,2012,2010s,Action-adventure,action-adventure game,PC,42,"Ubisoft Montreal, Massive Entertainment, and Ubisoft Shanghai",platform_sales,Steam-verified mainstream title with 2000000 - 5000000 estimated owners.,https://www.kaggle.com/datasets/fronkongames/steam-games-dataset
538,Beat Saber,2019,2010s,Action,action game,PC,35,Beat Games,platform_sales,Steam-verified mainstream title with 2000000 - 5000000 estimated owners.,https://www.kaggle.com/datasets/fronkongames/steam-games-dataset
539,Sniper Elite 4,2017,2010s,Action-adventure,action-adventure game,PC,357,Rebellion,platform_sales,Steam-verified mainstream title with 2000000 - 5000000 estimated owners.,https://www.kaggle.com/datasets/fronkongames/steam-games-dataset
540,Kerbal Space Program,2015,2010s,Simulation,simulation game,PC,149,Squad,platform_sales,Steam-verified mainstream title with 2000000 - 5000000 estimated owners.,https://www.kaggle.com/datasets/fronkongames/steam-games-dataset
541,Ori and the Will of the Wisps,2020,2020s,Action,action game,PC,76,Moon Studios GmbH,platform_sales,Steam-verified mainstream title with 2000000 - 5000000 estimated owners.,https://www.kaggle.com/datasets/fronkongames/steam-games-dataset
542,Persona 5 Royal,2022,2020s,Role-playing,role-playing game,PC,262,ATLUS,platform_sales,Steam-verified mainstream title with 2000000 - 5000000 estimated owners.,https://www.kaggle.com/datasets/fronkongames/steam-games-dataset
543,Ghostrunner,2020,2020s,Action,action game,PC,157,"One More Level,3D Realms,Slipgate Ironworks™,All in! Games",platform_sales,Steam-verified mainstream title with 2000000 - 5000000 estimated owners.,https://www.kaggle.com/datasets/fronkongames/steam-games-dataset
544,TrackMania Nations Forever,2008,2000s,Racing,racing game,PC,9,Nadeo,platform_sales,Steam-verified mainstream title with 2000000 - 5000000 estimated owners.,https://www.kaggle.com/datasets/fronkongames/steam-games-dataset
545,Age of Empires IV: Anniversary Edition,2021,2020s,Strategy,strategy game,PC,216,"World's Edge,Relic Entertainment,Forgotten Empires,Climax Studios",platform_sales,Steam-verified mainstream title with 2000000 - 5000000 estimated owners.,https://www.kaggle.com/datasets/fronkongames/steam-games-dataset
546,Dome Keeper,2022,2020s,Simulation,simulation game,PC,90,Bippinbits,platform_sales,Steam-verified mainstream title with 2000000 - 5000000 estimated owners.,https://www.kaggle.com/datasets/fronkongames/steam-games-dataset
547,Heart of a Warrior,2022,2020s,Role-playing,role-playing game,PC,0,Techworld Communication,platform_sales,Steam-verified mainstream title with 2000000 - 5000000 estimated owners.,https://www.kaggle.com/datasets/fronkongames/steam-games-dataset
548,Call of Duty®: Black Ops,2010,2010s,Action,action game,PC,714,Treyarch,platform_sales,Steam-verified mainstream title with 2000000 - 5000000 estimated owners.,https://www.kaggle.com/datasets/fronkongames/steam-games-dataset
549,Fallout 76,2020,2020s,Role-playing,role-playing game,PC,182,Bethesda Game Studios,platform_sales,Steam-verified mainstream title with 2000000 - 5000000 estimated owners.,https://www.kaggle.com/datasets/fronkongames/steam-games-dataset
550,Battlerite,2017,2010s,Action,action game,PC,0,Stunlock Studios,platform_sales,Steam-verified mainstream title with 2000000 - 5000000 estimated owners.,https://www.kaggle.com/datasets/fronkongames/steam-games-dataset
551,Mafia II (Classic),2011,2010s,Action,action game,PC,42,2K Czech,platform_sales,Steam-verified mainstream title with 2000000 - 5000000 estimated owners.,https://www.kaggle.com/datasets/fronkongames/steam-games-dataset
552,EVE Online,2010,2010s,Strategy,strategy game,PC,459,CCP,platform_sales,Steam-verified mainstream title with 2000000 - 5000000 estimated owners.,https://www.kaggle.com/datasets/fronkongames/steam-games-dataset
553,DARK SOULS™: REMASTERED,2018,2010s,Action,action game,PC,297,"QLOC,FromSoftware, Inc.",platform_sales,Steam-verified mainstream title with 2000000 - 5000000 estimated owners.,https://www.kaggle.com/datasets/fronkongames/steam-games-dataset
554,Return to Castle Wolfenstein,2007,2000s,Action,action game,PC,53,Gray Matter Studios,platform_sales,Steam-verified mainstream title with 2000000 - 5000000 estimated owners.,https://www.kaggle.com/datasets/fronkongames/steam-games-dataset
555,HELLDIVERS™ Dive Harder Edition,2015,2010s,Action,action game,PC,85,Arrowhead Game Studios,platform_sales,Steam-verified mainstream title with 2000000 - 5000000 estimated owners.,https://www.kaggle.com/datasets/fronkongames/steam-games-dataset
556,The Sims™ 3,2011,2010s,Simulation,simulation game,PC,395,"The Sims Studio,Maxis",platform_sales,Steam-verified mainstream title with 2000000 - 5000000 estimated owners.,https://www.kaggle.com/datasets/fronkongames/steam-games-dataset
557,Wolfenstein: The New Order,2014,2010s,Action,action game,PC,253,MachineGames,platform_sales,Steam-verified mainstream title with 2000000 - 5000000 estimated owners.,https://www.kaggle.com/datasets/fronkongames/steam-games-dataset
558,NieR:Automata™,2017,2010s,Role-playing,role-playing game,PC,147,"Square Enix,PlatinumGames Inc.",platform_sales,Steam-verified mainstream title with 2000000 - 5000000 estimated owners.,https://www.kaggle.com/datasets/fronkongames/steam-games-dataset
559,Magicka 2,2015,2010s,Action-adventure,action-adventure game,PC,88,Pieces Interactive,platform_sales,Steam-verified mainstream title with 2000000 - 5000000 estimated owners.,https://www.kaggle.com/datasets/fronkongames/steam-games-dataset
560,Pathfinder: Wrath of the Righteous - Enhanced Edition,2021,2020s,Strategy,strategy game,PC,293,Owlcat Games,platform_sales,Steam-verified mainstream title with 2000000 - 5000000 estimated owners.,https://www.kaggle.com/datasets/fronkongames/steam-games-dataset
561,Age of Empires II: Definitive Edition,2019,2010s,Strategy,strategy game,PC,283,"World's Edge,Forgotten Empires,CaptureAge,Tantalus Media,Wicked Witch",platform_sales,Steam-verified mainstream title with 2000000 - 5000000 estimated owners.,https://www.kaggle.com/datasets/fronkongames/steam-games-dataset
562,Gang Beasts,2017,2010s,Simulation,simulation game,PC,87,"Boneloaf,Rocket Science",platform_sales,Steam-verified mainstream title with 2000000 - 5000000 estimated owners.,https://www.kaggle.com/datasets/fronkongames/steam-games-dataset
563,UNO,2017,2010s,Simulation,simulation game,PC,42,Ubisoft Entertainment,platform_sales,Steam-verified mainstream title with 2000000 - 5000000 estimated owners.,https://www.kaggle.com/datasets/fronkongames/steam-games-dataset
564,Albion Online,2018,2010s,Role-playing,role-playing game,PC,815,Sandbox Interactive GmbH,platform_sales,Steam-verified mainstream title with 2000000 - 5000000 estimated owners.,https://www.kaggle.com/datasets/fronkongames/steam-games-dataset
565,Surviving Mars,2018,2010s,Strategy,strategy game,PC,288,"Haemimont Games,Abstraction",platform_sales,Steam-verified mainstream title with 2000000 - 5000000 estimated owners.,https://www.kaggle.com/datasets/fronkongames/steam-games-dataset
566,Overcooked! 2,2018,2010s,Action,action game,PC,85,"Ghost Town Games Ltd.,Team17",platform_sales,Steam-verified mainstream title with 2000000 - 5000000 estimated owners.,https://www.kaggle.com/datasets/fronkongames/steam-games-dataset
567,Spiral Knights,2011,2010s,Role-playing,role-playing game,PC,332,Grey Havens,platform_sales,Steam-verified mainstream title with 2000000 - 5000000 estimated owners.,https://www.kaggle.com/datasets/fronkongames/steam-games-dataset
568,Metro: Last Light Redux,2014,2010s,Action,action game,PC,321,4A Games,platform_sales,Steam-verified mainstream title with 2000000 - 5000000 estimated owners.,https://www.kaggle.com/datasets/fronkongames/steam-games-dataset
569,Car Mechanic Simulator 2018,2017,2010s,Racing,racing game,PC,64,Red Dot Games,platform_sales,Steam-verified mainstream title with 2000000 - 5000000 estimated owners.,https://www.kaggle.com/datasets/fronkongames/steam-games-dataset
570,Batman™: Arkham Knight,2015,2010s,Action-adventure,action-adventure game,PC,159,Rocksteady Studios,platform_sales,Steam-verified mainstream title with 2000000 - 5000000 estimated owners.,https://www.kaggle.com/datasets/fronkongames/steam-games-dataset
571,Sanctum 2,2013,2010s,Strategy,strategy game,PC,32,Coffee Stain Studios,platform_sales,Steam-verified mainstream title with 2000000 - 5000000 estimated owners.,https://www.kaggle.com/datasets/fronkongames/steam-games-dataset
572,Manor Lords,2024,2020s,Strategy,strategy game,PC,149,Slavic Magic,platform_sales,Steam-verified mainstream title with 2000000 - 5000000 estimated owners.,https://www.kaggle.com/datasets/fronkongames/steam-games-dataset
573,Banished,2014,2010s,Strategy,strategy game,PC,0,Shining Rock Software LLC,platform_sales,Steam-verified mainstream title with 2000000 - 5000000 estimated owners.,https://www.kaggle.com/datasets/fronkongames/steam-games-dataset
574,CarX Drift Racing Online,2017,2010s,Racing,racing game,PC,52,"CarX Technologies, LLC",platform_sales,Steam-verified mainstream title with 2000000 - 5000000 estimated owners.,https://www.kaggle.com/datasets/fronkongames/steam-games-dataset
575,Brotato,2023,2020s,Role-playing,role-playing game,PC,122,Blobfish,platform_sales,Steam-verified mainstream title with 2000000 - 5000000 estimated owners.,https://www.kaggle.com/datasets/fronkongames/steam-games-dataset
576,Don't Starve,2013,2010s,Simulation,simulation game,PC,26,Klei Entertainment,platform_sales,Steam-verified mainstream title with 2000000 - 5000000 estimated owners.,https://www.kaggle.com/datasets/fronkongames/steam-games-dataset
577,Pathfinder: Kingmaker — Enhanced Plus Edition,2018,2010s,Role-playing,role-playing game,PC,1162,Owlcat Games,platform_sales,Steam-verified mainstream title with 2000000 - 5000000 estimated owners.,https://www.kaggle.com/datasets/fronkongames/steam-games-dataset
578,Hotline Miami,2012,2010s,Action,action game,PC,122,Dennaton Games,platform_sales,Steam-verified mainstream title with 2000000 - 5000000 estimated owners.,https://www.kaggle.com/datasets/fronkongames/steam-games-dataset
579,The Expendabros,2014,2010s,Action-adventure,action-adventure game,PC,0,Free Lives,platform_sales,Steam-verified mainstream title with 2000000 - 5000000 estimated owners.,https://www.kaggle.com/datasets/fronkongames/steam-games-dataset
580,Teardown,2022,2020s,Strategy,strategy game,PC,88,Tuxedo Labs,platform_sales,Steam-verified mainstream title with 2000000 - 5000000 estimated owners.,https://www.kaggle.com/datasets/fronkongames/steam-games-dataset
581,Squad,2020,2020s,Strategy,strategy game,PC,332,Offworld,platform_sales,Steam-verified mainstream title with 2000000 - 5000000 estimated owners.,https://www.kaggle.com/datasets/fronkongames/steam-games-dataset
582,Hitman: Blood Money,2007,2000s,Action,action game,PC,115,Io-Interactive A/S,platform_sales,Steam-verified mainstream title with 2000000 - 5000000 estimated owners.,https://www.kaggle.com/datasets/fronkongames/steam-games-dataset
583,Half-Life: Source,2004,2000s,Action,action game,PC,0,Valve,platform_sales,Steam-verified mainstream title with 2000000 - 5000000 estimated owners.,https://www.kaggle.com/datasets/fronkongames/steam-games-dataset
584,Kingdom: Classic,2015,2010s,Strategy,strategy game,PC,0,"Noio,Licorice",platform_sales,Steam-verified mainstream title with 2000000 - 5000000 estimated owners.,https://www.kaggle.com/datasets/fronkongames/steam-games-dataset
585,Knight Online,2016,2010s,Role-playing,role-playing game,PC,0,"Noah System,Mgame",platform_sales,Steam-verified mainstream title with 2000000 - 5000000 estimated owners.,https://www.kaggle.com/datasets/fronkongames/steam-games-dataset
586,This War of Mine,2014,2010s,Simulation,simulation game,PC,952,11 bit studios,platform_sales,Steam-verified mainstream title with 2000000 - 5000000 estimated owners.,https://www.kaggle.com/datasets/fronkongames/steam-games-dataset
587,Mortal Kombat 11,2019,2010s,Action,action game,PC,198,"NetherRealm Studios,QLOC,Shiver",platform_sales,Steam-verified mainstream title with 2000000 - 5000000 estimated owners.,https://www.kaggle.com/datasets/fronkongames/steam-games-dataset
588,Getting Over It with Bennett Foddy,2017,2010s,Action,action game,PC,180,Bennett Foddy,platform_sales,Steam-verified mainstream title with 2000000 - 5000000 estimated owners.,https://www.kaggle.com/datasets/fronkongames/steam-games-dataset
589,BLOCKADE 3D,2014,2010s,Action,action game,PC,1,Novalink,platform_sales,Steam-verified mainstream title with 2000000 - 5000000 estimated owners.,https://www.kaggle.com/datasets/fronkongames/steam-games-dataset
590,Detroit: Become Human,2020,2020s,Action-adventure,action-adventure game,PC,78,Quantic Dream,platform_sales,Steam-verified mainstream title with 2000000 - 5000000 estimated owners.,https://www.kaggle.com/datasets/fronkongames/steam-games-dataset
591,House Flipper,2018,2010s,Simulation,simulation game,PC,172,Empyrean,platform_sales,Steam-verified mainstream title with 2000000 - 5000000 estimated owners.,https://www.kaggle.com/datasets/fronkongames/steam-games-dataset
592,Minimalism,2017,2010s,Action-adventure,action-adventure game,PC,0,PixelMouse,platform_sales,Steam-verified mainstream title with 2000000 - 5000000 estimated owners.,https://www.kaggle.com/datasets/fronkongames/steam-games-dataset
593,Hellblade: Senua's Sacrifice,2017,2010s,Action-adventure,action-adventure game,PC,308,Ninja Theory,platform_sales,Steam-verified mainstream title with 2000000 - 5000000 estimated owners.,https://www.kaggle.com/datasets/fronkongames/steam-games-dataset
594,The Bureau: XCOM Declassified,2013,2010s,Action,action game,PC,0,2K Marin,platform_sales,Steam-verified mainstream title with 2000000 - 5000000 estimated owners.,https://www.kaggle.com/datasets/fronkongames/steam-games-dataset
595,CODE VEIN,2019,2010s,Role-playing,role-playing game,PC,811,Bandai Namco Studios,platform_sales,Steam-verified mainstream title with 2000000 - 5000000 estimated owners.,https://www.kaggle.com/datasets/fronkongames/steam-games-dataset
596,Outlast,2013,2010s,Action-adventure,action-adventure game,PC,228,Red Barrels,platform_sales,Steam-verified mainstream title with 2000000 - 5000000 estimated owners.,https://www.kaggle.com/datasets/fronkongames/steam-games-dataset
597,Northgard: Definitive Edition,2018,2010s,Strategy,strategy game,PC,429,Shiro Games,platform_sales,Steam-verified mainstream title with 2000000 - 5000000 estimated owners.,https://www.kaggle.com/datasets/fronkongames/steam-games-dataset
598,Barotrauma,2023,2020s,Strategy,strategy game,PC,1295,"FakeFish,Undertow Games",platform_sales,Steam-verified mainstream title with 2000000 - 5000000 estimated owners.,https://www.kaggle.com/datasets/fronkongames/steam-games-dataset
599,Dwarf Fortress,2022,2020s,Strategy,strategy game,PC,684,Bay 12 Games,platform_sales,Steam-verified mainstream title with 2000000 - 5000000 estimated owners.,https://www.kaggle.com/datasets/fronkongames/steam-games-dataset
600,Scrap Mechanic,2016,2010s,Simulation,simulation game,PC,149,Axolot Games,platform_sales,Steam-verified mainstream title with 2000000 - 5000000 estimated owners.,https://www.kaggle.com/datasets/fronkongames/steam-games-dataset
601,Borderlands: The Pre-Sequel,2014,2010s,Role-playing,role-playing game,PC,152,"2K Australia,Gearbox Software,Aspyr (Linux)",platform_sales,Steam-verified mainstream title with 2000000 - 5000000 estimated owners.,https://www.kaggle.com/datasets/fronkongames/steam-games-dataset
602,Fallout Shelter,2017,2010s,Simulation,simulation game,PC,109,Bethesda Game Studios,platform_sales,Steam-verified mainstream title with 2000000 - 5000000 estimated owners.,https://www.kaggle.com/datasets/fronkongames/steam-games-dataset
603,MechWarrior Online™ Legends,2015,2010s,Strategy,strategy game,PC,21,Piranha Games Inc.,platform_sales,Steam-verified mainstream title with 2000000 - 5000000 estimated owners.,https://www.kaggle.com/datasets/fronkongames/steam-games-dataset
604,The Lord of the Rings Online™,2012,2010s,Role-playing,role-playing game,PC,732,Standing Stone Games,platform_sales,Steam-verified mainstream title with 2000000 - 5000000 estimated owners.,https://www.kaggle.com/datasets/fronkongames/steam-games-dataset
605,Ori and the Blind Forest,2015,2010s,Action,action game,PC,0,Moon Studios GmbH,platform_sales,Steam-verified mainstream title with 2000000 - 5000000 estimated owners.,https://www.kaggle.com/datasets/fronkongames/steam-games-dataset
606,Batman: Arkham City - Game of the Year Edition,2012,2010s,Action-adventure,action-adventure game,PC,49,Rocksteady Studios,platform_sales,Steam-verified mainstream title with 2000000 - 5000000 estimated owners.,https://www.kaggle.com/datasets/fronkongames/steam-games-dataset
607,Monster Hunter Stories 2: Wings of Ruin,2021,2020s,Role-playing,role-playing game,PC,330,"CAPCOM Co., Ltd.",platform_sales,Steam-verified mainstream title with 2000000 - 5000000 estimated owners.,https://www.kaggle.com/datasets/fronkongames/steam-games-dataset
608,South Park™: The Stick of Truth™,2014,2010s,Role-playing,role-playing game,PC,439,Obsidian Entertainment,platform_sales,Steam-verified mainstream title with 2000000 - 5000000 estimated owners.,https://www.kaggle.com/datasets/fronkongames/steam-games-dataset
609,Just Cause 2,2010,2010s,Action-adventure,action-adventure game,PC,0,Avalanche Studios,platform_sales,Steam-verified mainstream title with 2000000 - 5000000 estimated owners.,https://www.kaggle.com/datasets/fronkongames/steam-games-dataset
610,Shadowrun Returns,2013,2010s,Strategy,strategy game,PC,120,Harebrained Schemes,platform_sales,Steam-verified mainstream title with 2000000 - 5000000 estimated owners.,https://www.kaggle.com/datasets/fronkongames/steam-games-dataset
611,Grounded,2022,2020s,Action-adventure,action-adventure game,PC,434,Obsidian Entertainment,platform_sales,Steam-verified mainstream title with 2000000 - 5000000 estimated owners.,https://www.kaggle.com/datasets/fronkongames/steam-games-dataset
612,Borderlands 3,2020,2020s,Role-playing,role-playing game,PC,124,Gearbox Software,platform_sales,Steam-verified mainstream title with 2000000 - 5000000 estimated owners.,https://www.kaggle.com/datasets/fronkongames/steam-games-dataset
613,Days Gone,2021,2020s,Action-adventure,action-adventure game,PC,263,Bend Studio,platform_sales,Steam-verified mainstream title with 2000000 - 5000000 estimated owners.,https://www.kaggle.com/datasets/fronkongames/steam-games-dataset
614,Quake Live,2014,2010s,Action,action game,PC,52,id Software,platform_sales,Steam-verified mainstream title with 2000000 - 5000000 estimated owners.,https://www.kaggle.com/datasets/fronkongames/steam-games-dataset
615,Street Fighter™ 6,2023,2020s,Action-adventure,action-adventure game,PC,324,"CAPCOM Co., Ltd.",platform_sales,Steam-verified mainstream title with 2000000 - 5000000 estimated owners.,https://www.kaggle.com/datasets/fronkongames/steam-games-dataset
616,Titan Quest Anniversary Edition,2016,2010s,Role-playing,role-playing game,PC,626,"Iron Lore Entertainment,THQ Nordic",platform_sales,Steam-verified mainstream title with 2000000 - 5000000 estimated owners.,https://www.kaggle.com/datasets/fronkongames/steam-games-dataset
617,ASTRONEER,2019,2010s,Action-adventure,action-adventure game,PC,191,System Era Softworks,platform_sales,Steam-verified mainstream title with 2000000 - 5000000 estimated owners.,https://www.kaggle.com/datasets/fronkongames/steam-games-dataset
618,ARMORED CORE™ VI FIRES OF RUBICON™,2023,2020s,Action,action game,PC,202,"FromSoftware, Inc.",platform_sales,Steam-verified mainstream title with 2000000 - 5000000 estimated owners.,https://www.kaggle.com/datasets/fronkongames/steam-games-dataset
619,They Are Billions,2019,2010s,Strategy,strategy game,PC,3835,Numantian Games,platform_sales,Steam-verified mainstream title with 2000000 - 5000000 estimated owners.,https://www.kaggle.com/datasets/fronkongames/steam-games-dataset
620,Subnautica: Below Zero,2021,2020s,Action-adventure,action-adventure game,PC,383,Unknown Worlds Entertainment,platform_sales,Steam-verified mainstream title with 2000000 - 5000000 estimated owners.,https://www.kaggle.com/datasets/fronkongames/steam-games-dataset
621,Kingdom Come: Deliverance,2018,2010s,Role-playing,role-playing game,PC,197,Warhorse Studios,platform_sales,Steam-verified mainstream title with 2000000 - 5000000 estimated owners.,https://www.kaggle.com/datasets/fronkongames/steam-games-dataset
622,Farming Simulator 19,2018,2010s,Simulation,simulation game,PC,159,Giants Software,platform_sales,Steam-verified mainstream title with 2000000 - 5000000 estimated owners.,https://www.kaggle.com/datasets/fronkongames/steam-games-dataset
623,Max Payne 3,2012,2010s,Action,action game,PC,62,Rockstar Studios,platform_sales,Steam-verified mainstream title with 2000000 - 5000000 estimated owners.,https://www.kaggle.com/datasets/fronkongames/steam-games-dataset
624,Total War: WARHAMMER III,2022,2020s,Strategy,strategy game,PC,294,"CREATIVE ASSEMBLY,Feral Interactive",platform_sales,Steam-verified mainstream title with 2000000 - 5000000 estimated owners.,https://www.kaggle.com/datasets/fronkongames/steam-games-dataset
625,STAR WARS™ Knights of the Old Republic™,2009,2000s,Role-playing,role-playing game,PC,89,"BioWare,Aspyr (Mac)",platform_sales,Steam-verified mainstream title with 2000000 - 5000000 estimated owners.,https://www.kaggle.com/datasets/fronkongames/steam-games-dataset
626,Trine Enchanted Edition,2009,2000s,Action-adventure,action-adventure game,PC,370,Frozenbyte,platform_sales,Steam-verified mainstream title with 2000000 - 5000000 estimated owners.,https://www.kaggle.com/datasets/fronkongames/steam-games-dataset
627,Iron Snout,2016,2010s,Action,action game,PC,9,SnoutUp,platform_sales,Steam-verified mainstream title with 2000000 - 5000000 estimated owners.,https://www.kaggle.com/datasets/fronkongames/steam-games-dataset
628,Total War: SHOGUN 2,2011,2010s,Strategy,strategy game,PC,1348,"CREATIVE ASSEMBLY,Feral Interactive (Mac),Feral Interactive (Linux)",platform_sales,Steam-verified mainstream title with 2000000 - 5000000 estimated owners.,https://www.kaggle.com/datasets/fronkongames/steam-games-dataset
629,Brutal Legend,2013,2010s,Strategy,strategy game,PC,725,Double Fine Productions,platform_sales,Steam-verified mainstream title with 2000000 - 5000000 estimated owners.,https://www.kaggle.com/datasets/fronkongames/steam-games-dataset
630,Dead Frontier 2,2019,2010s,Role-playing,role-playing game,PC,26,Creaky Corpse Ltd,platform_sales,Steam-verified mainstream title with 2000000 - 5000000 estimated owners.,https://www.kaggle.com/datasets/fronkongames/steam-games-dataset
631,Remnant: From the Ashes,2019,2010s,Role-playing,role-playing game,PC,62,Gunfire Games,platform_sales,Steam-verified mainstream title with 2000000 - 5000000 estimated owners.,https://www.kaggle.com/datasets/fronkongames/steam-games-dataset
632,The Crew™ 2,2018,2010s,Racing,racing game,PC,320,Ivory Tower,platform_sales,Steam-verified mainstream title with 2000000 - 5000000 estimated owners.,https://www.kaggle.com/datasets/fronkongames/steam-games-dataset
633,The Red Solstice,2015,2010s,Strategy,strategy game,PC,304,Ironward,platform_sales,Steam-verified mainstream title with 2000000 - 5000000 estimated owners.,https://www.kaggle.com/datasets/fronkongames/steam-games-dataset
634,GRIS,2018,2010s,Action-adventure,action-adventure game,PC,442,Nomada Studio,platform_sales,Steam-verified mainstream title with 2000000 - 5000000 estimated owners.,https://www.kaggle.com/datasets/fronkongames/steam-games-dataset
635,Trine 2: Complete Story,2013,2010s,Action-adventure,action-adventure game,PC,435,Frozenbyte,platform_sales,Steam-verified mainstream title with 2000000 - 5000000 estimated owners.,https://www.kaggle.com/datasets/fronkongames/steam-games-dataset
636,DRAGON BALL FighterZ,2018,2010s,Action,action game,PC,28,Arc System Works,platform_sales,Steam-verified mainstream title with 2000000 - 5000000 estimated owners.,https://www.kaggle.com/datasets/fronkongames/steam-games-dataset
637,Enter the Gungeon,2016,2010s,Action-adventure,action-adventure game,PC,255,Dodge Roll,platform_sales,Steam-verified mainstream title with 2000000 - 5000000 estimated owners.,https://www.kaggle.com/datasets/fronkongames/steam-games-dataset
638,Golf With Your Friends,2020,2020s,Sports,sports game,PC,100,"Blacklight Interactive,Team17",platform_sales,Steam-verified mainstream title with 2000000 - 5000000 estimated owners.,https://www.kaggle.com/datasets/fronkongames/steam-games-dataset
639,The Stanley Parable,2013,2010s,Action-adventure,action-adventure game,PC,17,Galactic Cafe,platform_sales,Steam-verified mainstream title with 2000000 - 5000000 estimated owners.,https://www.kaggle.com/datasets/fronkongames/steam-games-dataset
640,Call of Duty: World at War,2008,2000s,Action,action game,PC,56,Treyarch,platform_sales,Steam-verified mainstream title with 2000000 - 5000000 estimated owners.,https://www.kaggle.com/datasets/fronkongames/steam-games-dataset
641,Jotun: Valhalla Edition,2015,2010s,Action-adventure,action-adventure game,PC,0,Thunder Lotus,platform_sales,Steam-verified mainstream title with 2000000 - 5000000 estimated owners.,https://www.kaggle.com/datasets/fronkongames/steam-games-dataset
642,State of Decay 2: Juggernaut Edition,2020,2020s,Simulation,simulation game,PC,156,Undead Labs,platform_sales,Steam-verified mainstream title with 2000000 - 5000000 estimated owners.,https://www.kaggle.com/datasets/fronkongames/steam-games-dataset
643,Soul Dossier,2021,2020s,Strategy,strategy game,PC,1,GKD GAME,platform_sales,Steam-verified mainstream title with 2000000 - 5000000 estimated owners.,https://www.kaggle.com/datasets/fronkongames/steam-games-dataset
644,LIMBO,2011,2010s,Action-adventure,action-adventure game,PC,313,Playdead,platform_sales,Steam-verified mainstream title with 2000000 - 5000000 estimated owners.,https://www.kaggle.com/datasets/fronkongames/steam-games-dataset
645,Dyson Sphere Program,2021,2020s,Strategy,strategy game,PC,818,Youthcat Studio,platform_sales,Steam-verified mainstream title with 2000000 - 5000000 estimated owners.,https://www.kaggle.com/datasets/fronkongames/steam-games-dataset
646,Inscryption,2021,2020s,Strategy,strategy game,PC,191,Daniel Mullins Games,platform_sales,Steam-verified mainstream title with 2000000 - 5000000 estimated owners.,https://www.kaggle.com/datasets/fronkongames/steam-games-dataset
647,Elite Dangerous,2015,2010s,Strategy,strategy game,PC,691,Frontier Developments,platform_sales,Steam-verified mainstream title with 2000000 - 5000000 estimated owners.,https://www.kaggle.com/datasets/fronkongames/steam-games-dataset
648,Heaven Forest NIGHTS,2017,2010s,Action-adventure,action-adventure game,PC,0,Fabio Ferrara,platform_sales,Steam-verified mainstream title with 2000000 - 5000000 estimated owners.,https://www.kaggle.com/datasets/fronkongames/steam-games-dataset
649,The Long Dark,2017,2010s,Strategy,strategy game,PC,671,Hinterland Studio Inc.,platform_sales,Steam-verified mainstream title with 2000000 - 5000000 estimated owners.,https://www.kaggle.com/datasets/fronkongames/steam-games-dataset
650,Planet Coaster,2016,2010s,Strategy,strategy game,PC,253,"Frontier Developments,Aspyr (Mac)",platform_sales,Steam-verified mainstream title with 2000000 - 5000000 estimated owners.,https://www.kaggle.com/datasets/fronkongames/steam-games-dataset
651,Dragon's Dogma: Dark Arisen,2016,2010s,Role-playing,role-playing game,PC,20,Capcom,platform_sales,Steam-verified mainstream title with 2000000 - 5000000 estimated owners.,https://www.kaggle.com/datasets/fronkongames/steam-games-dataset
652,Noita,2020,2020s,Simulation,simulation game,PC,146,Nolla Games,platform_sales,Steam-verified mainstream title with 2000000 - 5000000 estimated owners.,https://www.kaggle.com/datasets/fronkongames/steam-games-dataset
653,Last Man Standing,2017,2010s,Strategy,strategy game,PC,0,"Free Reign Entertainment,Free Reign Entertainment",platform_sales,Steam-verified mainstream title with 2000000 - 5000000 estimated owners.,https://www.kaggle.com/datasets/fronkongames/steam-games-dataset
654,Back to Bed,2014,2010s,Action,action game,PC,0,Bedtime Digital Games,platform_sales,Steam-verified mainstream title with 2000000 - 5000000 estimated owners.,https://www.kaggle.com/datasets/fronkongames/steam-games-dataset
655,SPORE™,2008,2000s,Strategy,strategy game,PC,113,Maxis™,platform_sales,Steam-verified mainstream title with 2000000 - 5000000 estimated owners.,https://www.kaggle.com/datasets/fronkongames/steam-games-dataset
656,Supermarket Simulator,2025,2020s,Simulation,simulation game,PC,455,Nokta Games,platform_sales,Steam-verified mainstream title with 2000000 - 5000000 estimated owners.,https://www.kaggle.com/datasets/fronkongames/steam-games-dataset
657,Alan Wake,2012,2010s,Action-adventure,action-adventure game,PC,229,Remedy Entertainment,platform_sales,Steam-verified mainstream title with 2000000 - 5000000 estimated owners.,https://www.kaggle.com/datasets/fronkongames/steam-games-dataset
658,Jurassic World Evolution,2018,2010s,Strategy,strategy game,PC,0,Frontier Developments,platform_sales,Steam-verified mainstream title with 2000000 - 5000000 estimated owners.,https://www.kaggle.com/datasets/fronkongames/steam-games-dataset
659,Fallout: A Post Nuclear Role Playing Game,2015,2010s,Role-playing,role-playing game,PC,7,Interplay Inc.,platform_sales,Steam-verified mainstream title with 2000000 - 5000000 estimated owners.,https://www.kaggle.com/datasets/fronkongames/steam-games-dataset
660,Line of Sight,2017,2010s,Action,action game,PC,0,BlackSpot Entertainment,platform_sales,Steam-verified mainstream title with 2000000 - 5000000 estimated owners.,https://www.kaggle.com/datasets/fronkongames/steam-games-dataset
661,Rec Room,2021,2020s,Action-adventure,action-adventure game,PC,2173,Rec Room,platform_sales,Steam-verified mainstream title with 2000000 - 5000000 estimated owners.,https://www.kaggle.com/datasets/fronkongames/steam-games-dataset
662,Lossless Scaling,2018,2010s,Action,action game,PC,32,THS,platform_sales,Steam-verified mainstream title with 2000000 - 5000000 estimated owners.,https://www.kaggle.com/datasets/fronkongames/steam-games-dataset
663,Sleeping Dogs: Definitive Edition,2014,2010s,Racing,racing game,PC,303,"United Front Games,Feral Interactive (Mac)",platform_sales,Steam-verified mainstream title with 2000000 - 5000000 estimated owners.,https://www.kaggle.com/datasets/fronkongames/steam-games-dataset
664,Transformice,2015,2010s,Role-playing,role-playing game,PC,57,Atelier 801,platform_sales,Steam-verified mainstream title with 2000000 - 5000000 estimated owners.,https://www.kaggle.com/datasets/fronkongames/steam-games-dataset
665,DEVOUR,2021,2020s,Action,action game,PC,79,Straight Back Games,platform_sales,Steam-verified mainstream title with 2000000 - 5000000 estimated owners.,https://www.kaggle.com/datasets/fronkongames/steam-games-dataset
666,Heaven Forest - VR MMO,2016,2010s,Action-adventure,action-adventure game,PC,0,Fabio Ferrara,platform_sales,Steam-verified mainstream title with 2000000 - 5000000 estimated owners.,https://www.kaggle.com/datasets/fronkongames/steam-games-dataset
667,Crusader Kings III,2020,2020s,Strategy,strategy game,PC,323,Paradox Development Studio,platform_sales,Steam-verified mainstream title with 2000000 - 5000000 estimated owners.,https://www.kaggle.com/datasets/fronkongames/steam-games-dataset
668,Farming Simulator 22,2021,2020s,Simulation,simulation game,PC,612,Giants Software,platform_sales,Steam-verified mainstream title with 2000000 - 5000000 estimated owners.,https://www.kaggle.com/datasets/fronkongames/steam-games-dataset
669,The Elder Scrolls IV: Oblivion® Game of the Year Edition (2009),2009,2000s,Role-playing,role-playing game,PC,74,Bethesda Game Studios,platform_sales,Steam-verified mainstream title with 2000000 - 5000000 estimated owners.,https://www.kaggle.com/datasets/fronkongames/steam-games-dataset
670,Darkest Dungeon®,2016,2010s,Strategy,strategy game,PC,164,Red Hook Studios,platform_sales,Steam-verified mainstream title with 2000000 - 5000000 estimated owners.,https://www.kaggle.com/datasets/fronkongames/steam-games-dataset
671,Total War: ATTILA,2015,2010s,Strategy,strategy game,PC,620,CREATIVE ASSEMBLY,platform_sales,Steam-verified mainstream title with 2000000 - 5000000 estimated owners.,https://www.kaggle.com/datasets/fronkongames/steam-games-dataset
672,Mirror's Edge™,2009,2000s,Action-adventure,action-adventure game,PC,186,DICE,platform_sales,Steam-verified mainstream title with 2000000 - 5000000 estimated owners.,https://www.kaggle.com/datasets/fronkongames/steam-games-dataset
673,GTFO,2021,2020s,Action,action game,PC,118,10 Chambers,platform_sales,Steam-verified mainstream title with 2000000 - 5000000 estimated owners.,https://www.kaggle.com/datasets/fronkongames/steam-games-dataset
674,Rising Storm 2: Vietnam,2017,2010s,Strategy,strategy game,PC,155,"Antimatter Games,Tripwire Interactive",platform_sales,Steam-verified mainstream title with 2000000 - 5000000 estimated owners.,https://www.kaggle.com/datasets/fronkongames/steam-games-dataset
675,PAYDAY™ The Heist,2011,2010s,Action,action game,PC,37,OVERKILL - a Starbreeze Studio.,platform_sales,Steam-verified mainstream title with 2000000 - 5000000 estimated owners.,https://www.kaggle.com/datasets/fronkongames/steam-games-dataset
676,Planet Zoo,2019,2010s,Strategy,strategy game,PC,45,Frontier Developments,platform_sales,Steam-verified mainstream title with 2000000 - 5000000 estimated owners.,https://www.kaggle.com/datasets/fronkongames/steam-games-dataset
677,Disco Elysium - The Final Cut,2019,2010s,Role-playing,role-playing game,PC,72,ZA/UM,platform_sales,Steam-verified mainstream title with 2000000 - 5000000 estimated owners.,https://www.kaggle.com/datasets/fronkongames/steam-games-dataset
678,Rise of the Tomb Raider™,2016,2010s,Action-adventure,action-adventure game,PC,281,"Crystal Dynamics,Eidos-Montréal,Feral Interactive (Mac),Feral Interactive (Linux),Nixxes",platform_sales,Steam-verified mainstream title with 2000000 - 5000000 estimated owners.,https://www.kaggle.com/datasets/fronkongames/steam-games-dataset
679,Hitman: Absolution™,2012,2010s,Action,action game,PC,1184,Io-Interactive A/S,platform_sales,Steam-verified mainstream title with 2000000 - 5000000 estimated owners.,https://www.kaggle.com/datasets/fronkongames/steam-games-dataset
680,Toribash,2014,2010s,Strategy,strategy game,PC,26,Nabi Studios,platform_sales,Steam-verified mainstream title with 2000000 - 5000000 estimated owners.,https://www.kaggle.com/datasets/fronkongames/steam-games-dataset
681,"Warhammer 40,000: Space Marine - Anniversary Edition",2011,2010s,Action,action game,PC,39,Relic Entertainment,platform_sales,Steam-verified mainstream title with 2000000 - 5000000 estimated owners.,https://www.kaggle.com/datasets/fronkongames/steam-games-dataset
682,Escape the Backrooms,2025,2020s,Action,action game,PC,215,"Fancy Games,Blackbird Interactive",platform_sales,Steam-verified mainstream title with 2000000 - 5000000 estimated owners.,https://www.kaggle.com/datasets/fronkongames/steam-games-dataset
683,Party Jousting,2016,2010s,Sports,sports game,PC,0,vikingfabian,platform_sales,Steam-verified mainstream title with 2000000 - 5000000 estimated owners.,https://www.kaggle.com/datasets/fronkongames/steam-games-dataset
